name,percent
John,0.075517
William,0.069377
James,0.044632
George,0.040312
Charles,0.039665
Frank,0.026452
Joseph,0.021907
Henry,0.020751
Robert,0.020018
Thomas,0.019543
Edward,0.019147
Harry,0.018957
Walter,0.015593
Fred,0.013472
Arthur,0.013075
Albert,0.012325
Clarence,0.007814
Samuel,0.007659
Louis,0.006977
Grover,0.006624
Ernest,0.006192
David,0.006141
Charlie,0.00608
Roy,0.00596
Joe,0.005873
Richard,0.005796
Will,0.00539
Oscar,0.005373
Willie,0.005296
Andrew,0.005166
Jesse,0.004795
Daniel,0.004614
Peter,0.00445
Carl,0.004261
Sam,0.004243
Earl,0.004148
Frederick,0.004019
Benjamin,0.004002
Alfred,0.003847
Elmer,0.003821
Howard,0.003778
Lewis,0.003769
Paul,0.003691
Ralph,0.00364
Herbert,0.003346
Jim,0.003191
Michael,0.003191
Tom,0.003113
Martin,0.003079
Lee,0.003001
Eugene,0.002975
Claude,0.002958
Jacob,0.002958
Ed,0.002829
Herman,0.002812
Francis,0.00276
Clyde,0.002743
Raymond,0.002648
Harvey,0.002622
Edgar,0.002613
Jack,0.002544
Ben,0.002518
Edwin,0.002493
Lawrence,0.002484
Charley,0.002458
Bert,0.00238
Chester,0.002355
Guy,0.002294
Otto,0.002268
Floyd,0.002234
Luther,0.002234
Oliver,0.002225
Hugh,0.002217
Ray,0.002044
Ira,0.002027
Homer,0.001966
Patrick,0.001872
Alexander,0.001768
Leonard,0.001768
Isaac,0.001759
Jessie,0.001742
Harold,0.001734
Leo,0.001716
Theodore,0.001716
Archie,0.00169
August,0.001665
Allen,0.001587
Sidney,0.001466
Philip,0.001406
Leroy,0.001397
Bernard,0.00138
Alex,0.001371
Stephen,0.001363
Horace,0.001337
Anthony,0.00132
Warren,0.001302
Julius,0.001294
Cleveland,0.001268
Leon,0.001259
Victor,0.001233
Eddie,0.001216
Lester,0.001216
Marion,0.001216
Clifford,0.001199
Emil,0.00119
Willis,0.001147
Milton,0.001121
Dan,0.001113
Dave,0.001104
Everett,0.001104
Alvin,0.001078
Leslie,0.001052
Earnest,0.001035
Calvin,0.001026
Jess,0.001026
Norman,0.001018
Rufus,0.001018
Franklin,0.001009
Jerry,9.92e-4
Perry,9.92e-4
Amos,9.83e-4
Dennis,9.66e-4
Jose,9.57e-4
Matthew,9.57e-4
Melvin,9.49e-4
Lloyd,9.4e-4
Ross,9.4e-4
Wesley,9.31e-4
Wallace,9.23e-4
Alonzo,8.97e-4
Mack,8.97e-4
Nathan,8.88e-4
Adolph,8.8e-4
Emmett,8.71e-4
Jake,8.62e-4
Morris,8.54e-4
Percy,8.45e-4
Roscoe,8.45e-4
Claud,8.37e-4
Stanley,8.37e-4
Adam,8.28e-4
Cornelius,8.28e-4
Maurice,8.28e-4
Willard,8.19e-4
Russell,8.11e-4
Elbert,7.93e-4
Hiram,7.93e-4
Wilbur,7.93e-4
Irvin,7.85e-4
Jay,7.85e-4
Manuel,7.76e-4
Otis,7.68e-4
Aaron,7.59e-4
Cecil,7.5e-4
Gus,7.5e-4
Jasper,7.5e-4
Phillip,7.5e-4
Abraham,7.42e-4
Mike,7.24e-4
Nelson,7.16e-4
Simon,7.16e-4
Clinton,7.07e-4
Elijah,7.07e-4
Sylvester,7.07e-4
Virgil,7.07e-4
Felix,6.9e-4
Levi,6.81e-4
Orville,6.81e-4
Ellis,6.73e-4
Irving,6.73e-4
Marshall,6.73e-4
Gilbert,6.64e-4
Ollie,6.64e-4
Noah,6.55e-4
Wiley,6.55e-4
Anton,6.38e-4
Lonnie,6.38e-4
Mark,6.38e-4
Moses,6.38e-4
Silas,6.3e-4
Hubert,6.21e-4
Reuben,6.21e-4
Christopher,6.12e-4
Johnnie,6.12e-4
Max,6.12e-4
Vernon,6.12e-4
Curtis,6.04e-4
Owen,6.04e-4
Rudolph,6.04e-4
Augustus,5.95e-4
Cleve,5.95e-4
Clayton,5.86e-4
Edmund,5.86e-4
Glenn,5.86e-4
Bill,5.69e-4
Nicholas,5.69e-4
Marvin,5.61e-4
Sherman,5.61e-4
Timothy,5.52e-4
Jeff,5.43e-4
Millard,5.43e-4
Fredrick,5.35e-4
Newton,5.26e-4
Elias,5.17e-4
Steve,5.17e-4
Dock,5.09e-4
Grant,5.09e-4
Wilson,5.09e-4
Ora,5e-4
Riley,5e-4
Solomon,5e-4
Pearl,4.92e-4
Bruce,4.83e-4
Eli,4.83e-4
Joel,4.83e-4
Pete,4.83e-4
Andy,4.74e-4
Christian,4.74e-4
Gustave,4.74e-4
Austin,4.66e-4
Clifton,4.66e-4
Juan,4.66e-4
Monroe,4.66e-4
Nathaniel,4.66e-4
Wade,4.66e-4
Jerome,4.57e-4
Bob,4.48e-4
Miles,4.48e-4
Scott,4.48e-4
Bennie,4.4e-4
Edd,4.4e-4
Harley,4.4e-4
Chris,4.31e-4
Luke,4.31e-4
Mose,4.31e-4
Julian,4.23e-4
Gordon,4.14e-4
Preston,4.14e-4
Roland,4.14e-4
Vincent,4.14e-4
Abe,4.05e-4
Donald,4.05e-4
Alva,3.97e-4
Byron,3.97e-4
Clark,3.88e-4
Glen,3.88e-4
Harrison,3.88e-4
Bud,3.79e-4
Karl,3.79e-4
Marcus,3.79e-4
Asa,3.71e-4
Barney,3.71e-4
Enoch,3.71e-4
Joshua,3.71e-4
Louie,3.71e-4
Anderson,3.62e-4
Delbert,3.62e-4
Columbus,3.54e-4
Emery,3.54e-4
Ike,3.54e-4
Kenneth,3.54e-4
Matt,3.54e-4
Boyd,3.45e-4
Cyrus,3.45e-4
Jeremiah,3.45e-4
Conrad,3.36e-4
Lucius,3.36e-4
Elisha,3.28e-4
Jefferson,3.28e-4
Lon,3.28e-4
Mary,3.28e-4
Nick,3.28e-4
Van,3.28e-4
Chas,3.19e-4
Major,3.19e-4
Wilfred,3.19e-4
Edmond,3.1e-4
Ferdinand,3.1e-4
Forrest,3.1e-4
General,3.1e-4
Porter,3.1e-4
Don,3.02e-4
Ervin,3.02e-4
Clem,2.93e-4
Emory,2.93e-4
Garfield,2.93e-4
Hugo,2.93e-4
Mathew,2.93e-4
Seth,2.93e-4
Arnold,2.85e-4
Hans,2.85e-4
Johnie,2.85e-4
Laurence,2.85e-4
Neal,2.85e-4
Tony,2.85e-4
Ulysses,2.85e-4
Winfield,2.85e-4
Abner,2.76e-4
Ambrose,2.76e-4
Burton,2.76e-4
Emanuel,2.76e-4
Frederic,2.76e-4
Green,2.76e-4
Logan,2.76e-4
Lemuel,2.67e-4
Ole,2.67e-4
Arch,2.59e-4
Douglas,2.59e-4
Dwight,2.59e-4
Forest,2.59e-4
Jonathan,2.59e-4
Alton,2.5e-4
Isaiah,2.5e-4
Jackson,2.5e-4
Lyman,2.5e-4
Mitchell,2.5e-4
Vern,2.5e-4
Carlos,2.41e-4
Dee,2.41e-4
Dudley,2.41e-4
Elwood,2.41e-4
Francisco,2.41e-4
Gustav,2.41e-4
Royal,2.41e-4
Ruben,2.41e-4
Smith,2.41e-4
Antonio,2.33e-4
Dick,2.33e-4
Freeman,2.33e-4
Lorenzo,2.33e-4
Roger,2.33e-4
Benjiman,2.24e-4
Carroll,2.24e-4
Erwin,2.24e-4
Isiah,2.24e-4
Ivan,2.24e-4
Merle,2.24e-4
Morgan,2.24e-4
Napoleon,2.24e-4
Ned,2.24e-4
Neil,2.24e-4
Sol,2.24e-4
Taylor,2.24e-4
Alphonse,2.16e-4
Archibald,2.16e-4
Chauncey,2.16e-4
Dale,2.16e-4
Foster,2.16e-4
Jimmie,2.16e-4
King,2.16e-4
Lucian,2.16e-4
Lynn,2.16e-4
Pink,2.16e-4
Sydney,2.16e-4
Adolphus,2.07e-4
Berry,2.07e-4
Enos,2.07e-4
Ezra,2.07e-4
Fletcher,2.07e-4
Hosea,2.07e-4
Loyd,2.07e-4
Wayne,2.07e-4
Wilbert,2.07e-4
Alvah,1.98e-4
Christ,1.98e-4
Earle,1.98e-4
Evan,1.98e-4
Gerald,1.98e-4
Granville,1.98e-4
Jonas,1.98e-4
Josh,1.98e-4
Lafayette,1.98e-4
Leland,1.98e-4
Pat,1.98e-4
Pedro,1.98e-4
Spencer,1.98e-4
Walker,1.98e-4
Ward,1.98e-4
Wm,1.98e-4
Arther,1.9e-4
Casper,1.9e-4
Israel,1.9e-4
Raleigh,1.9e-4
Sanford,1.9e-4
Sim,1.9e-4
Stewart,1.9e-4
Wilber,1.9e-4
Davis,1.81e-4
Johnny,1.81e-4
Milo,1.81e-4
Murray,1.81e-4
Myron,1.81e-4
Olaf,1.81e-4
Prince,1.81e-4
Randolph,1.81e-4
Rollie,1.81e-4
Steven,1.81e-4
Washington,1.81e-4
Anna,1.72e-4
Blaine,1.72e-4
Burt,1.72e-4
Dallas,1.72e-4
Emmet,1.72e-4
Gene,1.72e-4
Loren,1.72e-4
Madison,1.72e-4
Nels,1.72e-4
Orin,1.72e-4
Wilford,1.72e-4
Zack,1.72e-4
Allan,1.64e-4
Allie,1.64e-4
Bertram,1.64e-4
Clint,1.64e-4
Dewitt,1.64e-4
Emile,1.64e-4
Ernst,1.64e-4
Harmon,1.64e-4
Larry,1.64e-4
Merritt,1.64e-4
Sandy,1.64e-4
Bryant,1.55e-4
Buck,1.55e-4
Carlton,1.55e-4
Clay,1.55e-4
Elmore,1.55e-4
Fay,1.55e-4
Guss,1.55e-4
Judson,1.55e-4
Lem,1.55e-4
Lew,1.55e-4
Olin,1.55e-4
Omer,1.55e-4
Otho,1.55e-4
Ramon,1.55e-4
Sterling,1.55e-4
Troy,1.55e-4
Wash,1.55e-4
Abram,1.47e-4
Addison,1.47e-4
Al,1.47e-4
Burl,1.47e-4
Cary,1.47e-4
Coleman,1.47e-4
Elzie,1.47e-4
Emerson,1.47e-4
Fritz,1.47e-4
Gerhard,1.47e-4
Isom,1.47e-4
Issac,1.47e-4
Jean,1.47e-4
Jordan,1.47e-4
Josiah,1.47e-4
Noble,1.47e-4
Orval,1.47e-4
Rex,1.47e-4
Shirley,1.47e-4
Tomas,1.47e-4
Truman,1.47e-4
Waldo,1.47e-4
Warner,1.47e-4
Adelbert,1.38e-4
Albin,1.38e-4
Axel,1.38e-4
Caleb,1.38e-4
Ellsworth,1.38e-4
Eric,1.38e-4
Jason,1.38e-4
Jonah,1.38e-4
Judge,1.38e-4
Leander,1.38e-4
Lenard,1.38e-4
Lige,1.38e-4
Orlando,1.38e-4
Pablo,1.38e-4
Reginald,1.38e-4
Tim,1.38e-4
Valentine,1.38e-4
Wilmer,1.38e-4
Aloysius,1.29e-4
Bartholomew,1.29e-4
Benjaman,1.29e-4
Billie,1.29e-4
Cicero,1.29e-4
Early,1.29e-4
Elza,1.29e-4
Erastus,1.29e-4
Giles,1.29e-4
Gust,1.29e-4
Hal,1.29e-4
Hardy,1.29e-4
Kelly,1.29e-4
Mason,1.29e-4
Nat,1.29e-4
Omar,1.29e-4
Pierce,1.29e-4
Verne,1.29e-4
Angus,1.21e-4
Antone,1.21e-4
Basil,1.21e-4
Bennett,1.21e-4
Buster,1.21e-4
Clair,1.21e-4
Cliff,1.21e-4
Dell,1.21e-4
Dolphus,1.21e-4
Duncan,1.21e-4
Elmo,1.21e-4
Emma,1.21e-4
Harris,1.21e-4
Jesus,1.21e-4
Kirby,1.21e-4
Lamar,1.21e-4
Len,1.21e-4
Lucien,1.21e-4
Malcolm,1.21e-4
Oren,1.21e-4
Phil,1.21e-4
Thaddeus,1.21e-4
Webster,1.21e-4
Ashley,1.12e-4
Bertha,1.12e-4
Beverly,1.12e-4
Carey,1.12e-4
Elliott,1.12e-4
Ethel,1.12e-4
Everette,1.12e-4
Evert,1.12e-4
Gideon,1.12e-4
Hayes,1.12e-4
Henderson,1.12e-4
Henery,1.12e-4
Houston,1.12e-4
Johnson,1.12e-4
Jones,1.12e-4
Jules,1.12e-4
Lou,1.12e-4
Lyle,1.12e-4
Mat,1.12e-4
Mathias,1.12e-4
Pleasant,1.12e-4
Rodney,1.12e-4
Stuart,1.12e-4
Turner,1.12e-4
Wilburn,1.12e-4
Wylie,1.12e-4
Adrian,1.03e-4
Alpha,1.03e-4
Augustine,1.03e-4
Avery,1.03e-4
Benedict,1.03e-4
Bishop,1.03e-4
Brown,1.03e-4
Butler,1.03e-4
Cyril,1.03e-4
Doc,1.03e-4
Elvin,1.03e-4
Florence,1.03e-4
Frances,1.03e-4
Garland,1.03e-4
Heber,1.03e-4
Helmer,1.03e-4
Irwin,1.03e-4
Lacy,1.03e-4
Lawson,1.03e-4
Lonzo,1.03e-4
Merton,1.03e-4
Mervin,1.03e-4
Mont,1.03e-4
Norris,1.03e-4
Perley,1.03e-4
Ransom,1.03e-4
Santiago,1.03e-4
Tommie,1.03e-4
Tracy,1.03e-4
Vance,1.03e-4
Alan,9.5e-5
Alford,9.5e-5
Aron,9.5e-5
Artie,9.5e-5
Aubrey,9.5e-5
Bertie,9.5e-5
Brooks,9.5e-5
Colonel,9.5e-5
Dean,9.5e-5
Emmitt,9.5e-5
Ephraim,9.5e-5
Freddie,9.5e-5
Gabriel,9.5e-5
Junius,9.5e-5
Lincoln,9.5e-5
Lucious,9.5e-5
Luis,9.5e-5
Marcellus,9.5e-5
Margaret,9.5e-5
Micheal,9.5e-5
Mortimer,9.5e-5
Price,9.5e-5
Rolla,9.5e-5
Rowland,9.5e-5
Rupert,9.5e-5
Saul,9.5e-5
Travis,9.5e-5
Wellington,9.5e-5
Williams,9.5e-5
Allison,8.6e-5
Alma,8.6e-5
Almon,8.6e-5
Ashby,8.6e-5
Bart,8.6e-5
Benton,8.6e-5
Birt,8.6e-5
Byrd,8.6e-5
Carter,8.6e-5
Ewing,8.6e-5
Ezekiel,8.6e-5
Godfrey,8.6e-5
Harlan,8.6e-5
Haywood,8.6e-5
Herschel,8.6e-5
Hunter,8.6e-5
Isadore,8.6e-5
Lafe,8.6e-5
Larkin,8.6e-5
Melville,8.6e-5
Merrill,8.6e-5
Miguel,8.6e-5
Octave,8.6e-5
Olen,8.6e-5
Orrin,8.6e-5
Quincy,8.6e-5
Seymour,8.6e-5
Shelby,8.6e-5
Simeon,8.6e-5
Ted,8.6e-5
Thad,8.6e-5
Tobe,8.6e-5
West,8.6e-5
Worley,8.6e-5
Young,8.6e-5
Alec,7.8e-5
Alice,7.8e-5
Angelo,7.8e-5
Annie,7.8e-5
Anson,7.8e-5
Arley,7.8e-5
Arlie,7.8e-5
Art,7.8e-5
Benny,7.8e-5
Bradley,7.8e-5
Budd,7.8e-5
Cap,7.8e-5
Carleton,7.8e-5
Carson,7.8e-5
Clement,7.8e-5
Dana,7.8e-5
Dayton,7.8e-5
Denis,7.8e-5
Eldon,7.8e-5
Elige,7.8e-5
Elizabeth,7.8e-5
Fernando,7.8e-5
Finis,7.8e-5
Ford,7.8e-5
Garrett,7.8e-5
Hampton,7.8e-5
Harper,7.8e-5
Harvy,7.8e-5
Hector,7.8e-5
Hezekiah,7.8e-5
Hollis,7.8e-5
Jodie,7.8e-5
Jule,7.8e-5
Justin,7.8e-5
Kirk,7.8e-5
Leopold,7.8e-5
Lowell,7.8e-5
Manley,7.8e-5
Milford,7.8e-5
Minor,7.8e-5
Nicolas,7.8e-5
Okey,7.8e-5
Pierre,7.8e-5
Pleas,7.8e-5
Reece,7.8e-5
Richmond,7.8e-5
Rome,7.8e-5
Rose,7.8e-5
Rubin,7.8e-5
Terence,7.8e-5
Terry,7.8e-5
Tillman,7.8e-5
Tolbert,7.8e-5
Toney,7.8e-5
Wendell,7.8e-5
Willam,7.8e-5
Winfred,7.8e-5
Wright,7.8e-5
Wyatt,7.8e-5
Alonza,6.9e-5
Alvie,6.9e-5
Andres,6.9e-5
Barry,6.9e-5
Barton,6.9e-5
Baxter,6.9e-5
Billy,6.9e-5
Brice,6.9e-5
Burley,6.9e-5
Burr,6.9e-5
Campbell,6.9e-5
Claire,6.9e-5
Clare,6.9e-5
Cleo,6.9e-5
Cooper,6.9e-5
Coy,6.9e-5
Crawford,6.9e-5
Dalton,6.9e-5
Danial,6.9e-5
Dorsey,6.9e-5
Earley,6.9e-5
Egbert,6.9e-5
Eldridge,6.9e-5
Elzy,6.9e-5
Fate,6.9e-5
Ferd,6.9e-5
Fielding,6.9e-5
Finley,6.9e-5
Gaston,6.9e-5
Gertrude,6.9e-5
Guadalupe,6.9e-5
Hamilton,6.9e-5
Harve,6.9e-5
Hermon,6.9e-5
Howell,6.9e-5
Ivory,6.9e-5
June,6.9e-5
Lemon,6.9e-5
Levy,6.9e-5
Llewellyn,6.9e-5
Ludwig,6.9e-5
Matthias,6.9e-5
Maxwell,6.9e-5
Miller,6.9e-5
Morton,6.9e-5
Noel,6.9e-5
Nora,6.9e-5
Norton,6.9e-5
Orange,6.9e-5
Palmer,6.9e-5
Park,6.9e-5
Reese,6.9e-5
Roderick,6.9e-5
Rolland,6.9e-5
Sampson,6.9e-5
Sanders,6.9e-5
Shelton,6.9e-5
Spurgeon,6.9e-5
Sumner,6.9e-5
Theo,6.9e-5
Thurman,6.9e-5
Verner,6.9e-5
Wayman,6.9e-5
Webb,6.9e-5
Wilton,6.9e-5
Adolf,6e-5
Alois,6e-5
Bailey,6e-5
Bascom,6e-5
Benjamine,6e-5
Bessie,6e-5
Bonnie,6e-5
Brady,6e-5
Bruno,6e-5
Burney,6e-5
Burrell,6e-5
Cassius,6e-5
Clemens,6e-5
Cloyd,6e-5
Connie,6e-5
Cornelious,6e-5
Davie,6e-5
Dillard,6e-5
Earlie,6e-5
Elie,6e-5
Ellen,6e-5
Enrique,6e-5
Ephriam,6e-5
Epifanio,6e-5
Erick,6e-5
Essie,6e-5
Eustace,6e-5
Fayette,6e-5
Garner,6e-5
Gary,6e-5
Gee,6e-5
Geo,6e-5
Glover,6e-5
Hallie,6e-5
Hamp,6e-5
Hosteen,6e-5
Hyrum,6e-5
Isidor,6e-5
Julia,6e-5
Junior,6e-5
Junious,6e-5
Lark,6e-5
Laurance,6e-5
Leigh,6e-5
Lindsey,6e-5
Love,6e-5
Lum,6e-5
Mabel,6e-5
Malachi,6e-5
Marshal,6e-5
Newell,6e-5
Newt,6e-5
Obie,6e-5
Odie,6e-5
Orley,6e-5
Ossie,6e-5
Percival,6e-5
Purl,6e-5
Roman,6e-5
Sarah,6e-5
Shade,6e-5
Soloman,6e-5
Squire,6e-5
Starling,6e-5
Tommy,6e-5
Unknown,6e-5
Vernie,6e-5
Watt,6e-5
Wilhelm,6e-5
Wong,6e-5
Woodie,6e-5
Ab,5.2e-5
Abel,5.2e-5
Algie,5.2e-5
Almond,5.2e-5
Alpheus,5.2e-5
Antoine,5.2e-5
Asbury,5.2e-5
Asher,5.2e-5
Authur,5.2e-5
Berton,5.2e-5
Braxton,5.2e-5
Burnett,5.2e-5
Chancy,5.2e-5
Chesley,5.2e-5
Clara,5.2e-5
Cleave,5.2e-5
Clell,5.2e-5
Colin,5.2e-5
Colon,5.2e-5
Constantine,5.2e-5
Curt,5.2e-5
Delmar,5.2e-5
Dempsey,5.2e-5
Dennie,5.2e-5
Dominic,5.2e-5
Dominick,5.2e-5
Eben,5.2e-5
Eber,5.2e-5
Eliga,5.2e-5
Ella,5.2e-5
Ellie,5.2e-5
Emiliano,5.2e-5
Ernie,5.2e-5
Fleet,5.2e-5
Fleming,5.2e-5
Franklyn,5.2e-5
Garnett,5.2e-5
Hayden,5.2e-5
Helen,5.2e-5
Hervey,5.2e-5
Hobart,5.2e-5
Holly,5.2e-5
Hoyt,5.2e-5
Ida,5.2e-5
Ivey,5.2e-5
Josephine,5.2e-5
Josephus,5.2e-5
Justus,5.2e-5
Lambert,5.2e-5
Laverne,5.2e-5
Lillard,5.2e-5
Lillie,5.2e-5
Lim,5.2e-5
Lindsay,5.2e-5
Linton,5.2e-5
Lonie,5.2e-5
Lucas,5.2e-5
Mahlon,5.2e-5
Mannie,5.2e-5
Mart,5.2e-5
Math,5.2e-5
Maude,5.2e-5
Merlin,5.2e-5
Milan,5.2e-5
Mills,5.2e-5
Minnie,5.2e-5
Nellie,5.2e-5
Newman,5.2e-5
Nim,5.2e-5
Norbert,5.2e-5
North,5.2e-5
Orla,5.2e-5
Orland,5.2e-5
Orlo,5.2e-5
Orson,5.2e-5
Orvis,5.2e-5
Osborne,5.2e-5
Ottis,5.2e-5
Paris,5.2e-5
Parker,5.2e-5
Ples,5.2e-5
Rafael,5.2e-5
Reason,5.2e-5
Reed,5.2e-5
Rob,5.2e-5
Roe,5.2e-5
Rogers,5.2e-5
Rube,5.2e-5
Shannon,5.2e-5
Stacy,5.2e-5
Stonewall,5.2e-5
Sylvanus,5.2e-5
Theophile,5.2e-5
Thos,5.2e-5
Virge,5.2e-5
Vivian,5.2e-5
Watson,5.2e-5
Wheeler,5.2e-5
Zenas,5.2e-5
Zollie,5.2e-5
Ada,4.3e-5
Albion,4.3e-5
Alcide,4.3e-5
Alden,4.3e-5
Alejandro,4.3e-5
Alf,4.3e-5
Ammon,4.3e-5
Ancel,4.3e-5
Archer,4.3e-5
Armand,4.3e-5
Atha,4.3e-5
Audie,4.3e-5
Ballard,4.3e-5
Bee,4.3e-5
Bernie,4.3e-5
Bertrand,4.3e-5
Blair,4.3e-5
Boyce,4.3e-5
Bradford,4.3e-5
Brent,4.3e-5
Burdette,4.3e-5
Cal,4.3e-5
Cameron,4.3e-5
Carrie,4.3e-5
Cash,4.3e-5
Chancey,4.3e-5
Chase,4.3e-5
Clarance,4.3e-5
Claus,4.3e-5
Cleon,4.3e-5
Clive,4.3e-5
Collins,4.3e-5
Conley,4.3e-5
Cora,4.3e-5
Courtney,4.3e-5
Cris,4.3e-5
Dawson,4.3e-5
Delmer,4.3e-5
Dexter,4.3e-5
Doctor,4.3e-5
Domingo,4.3e-5
Drury,4.3e-5
Duane,4.3e-5
Ebb,4.3e-5
Edith,4.3e-5
Elon,4.3e-5
Elsie,4.3e-5
Erle,4.3e-5
Estevan,4.3e-5
Evans,4.3e-5
Ewell,4.3e-5
Festus,4.3e-5
Fitzhugh,4.3e-5
Fount,4.3e-5
Fredric,4.3e-5
French,4.3e-5
Gabe,4.3e-5
Gaines,4.3e-5
Garry,4.3e-5
Gaylord,4.3e-5
Grace,4.3e-5
Graham,4.3e-5
Gray,4.3e-5
Gregory,4.3e-5
Griffin,4.3e-5
