name,percent
John,0.07582
William,0.069318
James,0.044983
George,0.039229
Charles,0.038078
Frank,0.026267
Joseph,0.02179
Robert,0.020538
Henry,0.020194
Thomas,0.019631
Edward,0.019421
Harry,0.018959
Walter,0.015792
Arthur,0.013911
Fred,0.013432
Albert,0.012499
Clarence,0.008358
Samuel,0.007308
Louis,0.007107
Roy,0.006443
Joe,0.006376
Charlie,0.006073
Richard,0.006048
David,0.005662
Ernest,0.005611
Oscar,0.005418
Will,0.005393
Willie,0.005385
Andrew,0.005158
Jesse,0.005158
Earl,0.004788
Carl,0.004671
Daniel,0.004662
Sam,0.00436
Elmer,0.004074
Alfred,0.004032
Howard,0.003923
Paul,0.003914
Benjamin,0.003889
Frederick,0.003872
Ralph,0.003696
Peter,0.003671
Lewis,0.00362
Herman,0.003503
Grover,0.003419
Herbert,0.00336
Lee,0.003352
Claude,0.003284
Jim,0.003268
Tom,0.003217
Eugene,0.003041
Raymond,0.002965
Michael,0.002923
Jacob,0.002906
Francis,0.00289
Ben,0.002814
Lawrence,0.00278
Martin,0.002764
Edwin,0.002629
Harvey,0.002604
Edgar,0.0025959999999999998
Clyde,0.002579
Ed,0.002545
Jack,0.002512
Chester,0.002411
Floyd,0.00231
Ray,0.002276
Otto,0.002268
Theodore,0.002167
Guy,0.002142
Luther,0.002125
Patrick,0.002092
Leo,0.002016
Leonard,0.001982
Oliver,0.001932
Bert,0.001915
Hugh,0.001907
Harold,0.001882
Isaac,0.001882
Homer,0.001873
Charley,0.001798
Allen,0.001772
Alexander,0.00173
August,0.001705
Ira,0.001663
Eddie,0.001655
Philip,0.001562
Marion,0.001529
Jessie,0.00152
Stephen,0.00152
Bernard,0.001512
Archie,0.00147
Anthony,0.001462
Julius,0.001453
Clifford,0.001445
Alex,0.001352
Norman,0.001352
Lester,0.001344
Horace,0.00131
Leroy,0.001302
Sidney,0.001302
Dan,0.001294
Everett,0.00126
Willis,0.00126
Victor,0.001226
Milton,0.001218
Lloyd,0.00121
Warren,0.00121
Leon,0.001193
Perry,0.001184
Jess,0.001176
Dave,0.001168
Rufus,0.001168
Leslie,0.001142
Nathan,0.001142
Emil,0.001067
Franklin,0.001067
Jerry,0.00105
Percy,0.001025
Amos,0.001016
Wesley,0.001016
Russell,9.66e-4
Alvin,9.41e-4
Matthew,9.41e-4
Calvin,9.16e-4
Jay,8.99e-4
Ross,8.99e-4
Alonzo,8.9e-4
Mark,8.9e-4
Wilbur,8.9e-4
Earnest,8.82e-4
Marshall,8.82e-4
Wallace,8.74e-4
Adam,8.65e-4
Gus,8.57e-4
Glenn,8.32e-4
Otis,8.32e-4
Dennis,8.23e-4
Levi,8.15e-4
Mack,8.15e-4
Maurice,8.15e-4
Simon,8.15e-4
Claud,8.06e-4
Morris,8.06e-4
Adolph,7.98e-4
Cornelius,7.98e-4
Jake,7.98e-4
Stanley,7.98e-4
Elbert,7.9e-4
Emmett,7.9e-4
Phillip,7.9e-4
Elijah,7.81e-4
Felix,7.73e-4
Gilbert,7.64e-4
Marvin,7.56e-4
Noah,7.56e-4
Jasper,7.39e-4
Lonnie,7.39e-4
Roscoe,7.39e-4
Cleveland,7.31e-4
Aaron,7.22e-4
Clinton,7.14e-4
Ellis,7.14e-4
Jose,7.14e-4
Nicholas,7.14e-4
Mike,7.06e-4
Moses,7.06e-4
Cecil,6.97e-4
Melvin,6.97e-4
Owen,6.97e-4
Reuben,6.89e-4
Ollie,6.8e-4
Edmund,6.72e-4
Willard,6.72e-4
Virgil,6.64e-4
Nelson,6.55e-4
Abraham,6.47e-4
Harrison,6.47e-4
Silas,6.47e-4
Fredrick,6.3e-4
Timothy,6.22e-4
Clayton,6.13e-4
Harley,6.13e-4
Max,6.13e-4
Monroe,6.13e-4
Pearl,6.13e-4
Sylvester,6.13e-4
Vernon,6.13e-4
Curtis,6.05e-4
Irvin,5.96e-4
Wilson,5.96e-4
Manuel,5.88e-4
Steve,5.88e-4
Dock,5.8e-4
Grant,5.8e-4
Juan,5.8e-4
Mose,5.8e-4
Rudolph,5.8e-4
Johnnie,5.63e-4
Bob,5.54e-4
Christopher,5.54e-4
Eli,5.54e-4
Newton,5.54e-4
Sherman,5.54e-4
Barney,5.46e-4
Alva,5.38e-4
Austin,5.38e-4
Bill,5.38e-4
Gordon,5.38e-4
Jeff,5.29e-4
Ora,5.29e-4
Orville,5.29e-4
Anton,5.21e-4
Chris,5.21e-4
Don,5.21e-4
Edd,5.21e-4
Hubert,5.12e-4
Wade,5.12e-4
Irving,5.04e-4
Cyrus,4.96e-4
Nathaniel,4.96e-4
Augustus,4.87e-4
Lon,4.87e-4
Donald,4.79e-4
Millard,4.79e-4
Columbus,4.7e-4
Forrest,4.7e-4
Bruce,4.62e-4
Joshua,4.62e-4
Roland,4.62e-4
Pete,4.54e-4
Hiram,4.45e-4
Asa,4.37e-4
Byron,4.37e-4
Abe,4.2e-4
Conrad,4.2e-4
Edmond,4.2e-4
Enoch,4.2e-4
Jerome,4.2e-4
Julian,4.2e-4
Luke,4.2e-4
Vincent,4.2e-4
Andy,4.12e-4
Clark,4.12e-4
Glen,4.12e-4
Joel,4.12e-4
Wiley,4.12e-4
Ike,4.03e-4
Karl,4.03e-4
Mathew,4.03e-4
Nick,3.95e-4
Earle,3.86e-4
Emanuel,3.86e-4
Green,3.78e-4
Solomon,3.78e-4
Emery,3.7e-4
Forest,3.7e-4
Jackson,3.7e-4
Bennie,3.61e-4
Boyd,3.61e-4
Laurence,3.61e-4
Clifton,3.53e-4
Scott,3.53e-4
Arnold,3.44e-4
Elias,3.44e-4
Van,3.44e-4
Chas,3.36e-4
Ferdinand,3.36e-4
Jeremiah,3.36e-4
Neal,3.36e-4
Ruben,3.36e-4
Ezra,3.28e-4
Kenneth,3.28e-4
Marcus,3.28e-4
Riley,3.28e-4
Fletcher,3.19e-4
Garfield,3.19e-4
Gustave,3.19e-4
Ulysses,3.19e-4
Emory,3.11e-4
Jimmie,3.11e-4
Lemuel,3.11e-4
Cleve,3.02e-4
Louie,3.02e-4
Miles,3.02e-4
Omer,3.02e-4
Preston,3.02e-4
Burton,2.94e-4
Dewitt,2.94e-4
Douglas,2.94e-4
Elisha,2.94e-4
Isaiah,2.94e-4
Ned,2.94e-4
Anderson,2.86e-4
Ivan,2.86e-4
Jefferson,2.86e-4
Lyman,2.86e-4
Bud,2.77e-4
Christian,2.77e-4
Tommie,2.77e-4
Antonio,2.69e-4
Arch,2.69e-4
Ervin,2.69e-4
Gustav,2.69e-4
Mary,2.69e-4
Morgan,2.69e-4
Napoleon,2.69e-4
Roger,2.69e-4
Elwood,2.6e-4
Major,2.6e-4
Ambrose,2.52e-4
Archibald,2.52e-4
Delbert,2.52e-4
Johnie,2.52e-4
Logan,2.52e-4
Lucius,2.52e-4
Josh,2.44e-4
Spencer,2.44e-4
Tony,2.44e-4
Walker,2.44e-4
Clay,2.35e-4
Gerald,2.35e-4
Myron,2.35e-4
Ole,2.35e-4
Al,2.27e-4
Lafayette,2.27e-4
Leland,2.27e-4
Matt,2.27e-4
Sandy,2.27e-4
Stewart,2.27e-4
Wilfred,2.27e-4
Clement,2.18e-4
Dee,2.18e-4
Hardy,2.18e-4
Rex,2.18e-4
Allan,2.1e-4
Axel,2.1e-4
Carroll,2.1e-4
Clem,2.1e-4
Dallas,2.1e-4
Emile,2.1e-4
Fay,2.1e-4
Lorenzo,2.1e-4
Lynn,2.1e-4
Malcolm,2.1e-4
Ward,2.1e-4
Winfield,2.1e-4
Dudley,2.02e-4
Emmet,2.02e-4
Gust,2.02e-4
Houston,2.02e-4
Milo,2.02e-4
Mitchell,2.02e-4
Neil,2.02e-4
Pedro,2.02e-4
Porter,2.02e-4
Benjiman,1.93e-4
Cliff,1.93e-4
Dick,1.93e-4
General,1.93e-4
Johnny,1.93e-4
King,1.93e-4
Larry,1.93e-4
Oren,1.93e-4
Pat,1.93e-4
Raleigh,1.93e-4
Seth,1.93e-4
Wayne,1.93e-4
Carlton,1.85e-4
Casper,1.85e-4
Elliott,1.85e-4
Erwin,1.85e-4
Foster,1.85e-4
Isiah,1.85e-4
Loren,1.85e-4
Merle,1.85e-4
Pink,1.85e-4
Prince,1.85e-4
Randolph,1.85e-4
Sim,1.85e-4
Taylor,1.85e-4
Vern,1.85e-4
Allie,1.76e-4
Burl,1.76e-4
Chauncey,1.76e-4
Freeman,1.76e-4
Isom,1.76e-4
Jason,1.76e-4
Josiah,1.76e-4
Judson,1.76e-4
Lem,1.76e-4
Loyd,1.76e-4
Otho,1.76e-4
Pierce,1.76e-4
Washington,1.76e-4
West,1.76e-4
Clair,1.68e-4
Hans,1.68e-4
Jonas,1.68e-4
Judge,1.68e-4
Steven,1.68e-4
Tomas,1.68e-4
Adolphus,1.6e-4
Burt,1.6e-4
Elza,1.6e-4
Garland,1.6e-4
Granville,1.6e-4
Harris,1.6e-4
Herschel,1.6e-4
Hugo,1.6e-4
Jonathan,1.6e-4
Lawson,1.6e-4
Murray,1.6e-4
Royal,1.6e-4
Troy,1.6e-4
Wilmer,1.6e-4
Abner,1.51e-4
Abram,1.51e-4
Davis,1.51e-4
Hal,1.51e-4
Harmon,1.51e-4
Irwin,1.51e-4
Lucian,1.51e-4
Mason,1.51e-4
Minor,1.51e-4
Phil,1.51e-4
Rolla,1.51e-4
Rollie,1.51e-4
Verne,1.51e-4
Warner,1.51e-4
Adrian,1.43e-4
Alford,1.43e-4
Buster,1.43e-4
Dale,1.43e-4
Dwight,1.43e-4
Early,1.43e-4
Emerson,1.43e-4
Ezekiel,1.43e-4
Hamilton,1.43e-4
Hosea,1.43e-4
Israel,1.43e-4
Leander,1.43e-4
Lucious,1.43e-4
Madison,1.43e-4
Olaf,1.43e-4
Shirley,1.43e-4
Stuart,1.43e-4
Thornton,1.43e-4
Webster,1.43e-4
Wilbert,1.43e-4
Abel,1.34e-4
Addison,1.34e-4
Alphonse,1.34e-4
Alton,1.34e-4
Arther,1.34e-4
Carlos,1.34e-4
Christ,1.34e-4
Emmitt,1.34e-4
Garrett,1.34e-4
Geo,1.34e-4
Henderson,1.34e-4
Kelly,1.34e-4
Lindsey,1.34e-4
Milford,1.34e-4
Oswald,1.34e-4
Sanford,1.34e-4
Smith,1.34e-4
Thad,1.34e-4
Valentine,1.34e-4
Alonza,1.26e-4
Angus,1.26e-4
Anna,1.26e-4
Berry,1.26e-4
Carter,1.26e-4
Clara,1.26e-4
Clint,1.26e-4
Crawford,1.26e-4
Dean,1.26e-4
Elvin,1.26e-4
Emmit,1.26e-4
Enos,1.26e-4
Florence,1.26e-4
Francisco,1.26e-4
Ivy,1.26e-4
Nels,1.26e-4
Orval,1.26e-4
Reginald,1.26e-4
Turner,1.26e-4
Wm,1.26e-4
Zack,1.26e-4
Ashley,1.18e-4
Caleb,1.18e-4
Cornelious,1.18e-4
Dell,1.18e-4
Elie,1.18e-4
Elzie,1.18e-4
Ephraim,1.18e-4
Evans,1.18e-4
Freddie,1.18e-4
Issac,1.18e-4
Mortimer,1.18e-4
Omar,1.18e-4
Orrin,1.18e-4
Rodney,1.18e-4
Sid,1.18e-4
Simeon,1.18e-4
Sol,1.18e-4
Tim,1.18e-4
Tracy,1.18e-4
Truman,1.18e-4
Wilber,1.18e-4
Angelo,1.09e-4
Aron,1.09e-4
Augustine,1.09e-4
Baxter,1.09e-4
Benny,1.09e-4
Brady,1.09e-4
Butler,1.09e-4
Cary,1.09e-4
Frederic,1.09e-4
Fritz,1.09e-4
Gabriel,1.09e-4
Gene,1.09e-4
Giles,1.09e-4
Hampton,1.09e-4
Haywood,1.09e-4
Junius,1.09e-4
Lige,1.09e-4
Lonzo,1.09e-4
Micheal,1.09e-4
Miguel,1.09e-4
Orlando,1.09e-4
Ransom,1.09e-4
Ronald,1.09e-4
Thurman,1.09e-4
Tommy,1.09e-4
Willam,1.09e-4
Williams,1.09e-4
Wylie,1.09e-4
Albin,1.01e-4
Antone,1.01e-4
Artie,1.01e-4
Bartholomew,1.01e-4
Benjamine,1.01e-4
Bertha,1.01e-4
Billie,1.01e-4
Blaine,1.01e-4
Buck,1.01e-4
Doc,1.01e-4
Dorsey,1.01e-4
Drew,1.01e-4
Duncan,1.01e-4
Ellsworth,1.01e-4
Elmo,1.01e-4
Elton,1.01e-4
Felipe,1.01e-4
Frances,1.01e-4
Grace,1.01e-4
Harlan,1.01e-4
Henery,1.01e-4
Jesus,1.01e-4
Lawyer,1.01e-4
Luis,1.01e-4
Lyle,1.01e-4
Miller,1.01e-4
Palmer,1.01e-4
Perley,1.01e-4
Pleasant,1.01e-4
Price,1.01e-4
Ramon,1.01e-4
Terry,1.01e-4
Tillman,1.01e-4
Walton,1.01e-4
Wendell,1.01e-4
Wilford,1.01e-4
Winfred,1.01e-4
Wyatt,1.01e-4
Coleman,9.2e-5
Dennie,9.2e-5
Elizabeth,9.2e-5
Elmore,9.2e-5
Emma,9.2e-5
Evan,9.2e-5
Hamp,9.2e-5
Jean,9.2e-5
Johnson,9.2e-5
June,9.2e-5
Lionel,9.2e-5
Lowell,9.2e-5
Ludwig,9.2e-5
Mat,9.2e-5
Mathias,9.2e-5
Melville,9.2e-5
Parker,9.2e-5
Rollin,9.2e-5
Rupert,9.2e-5
Simpson,9.2e-5
Toney,9.2e-5
Travis,9.2e-5
Urban,9.2e-5
Wash,9.2e-5
Wilburn,9.2e-5
Willian,9.2e-5
Woodie,9.2e-5
Ace,8.4e-5
Alice,8.4e-5
Aloysius,8.4e-5
Andres,8.4e-5
Asbury,8.4e-5
Aubrey,8.4e-5
Auther,8.4e-5
Barton,8.4e-5
Basil,8.4e-5
Elbridge,8.4e-5
Eldridge,8.4e-5
Erastus,8.4e-5
Eric,8.4e-5
Ferd,8.4e-5
Gideon,8.4e-5
Godfrey,8.4e-5
Hermon,8.4e-5
Isadore,8.4e-5
Jones,8.4e-5
Kirby,8.4e-5
Lacy,8.4e-5
Lonie,8.4e-5
Mannie,8.4e-5
Maynard,8.4e-5
Merritt,8.4e-5
Merton,8.4e-5
Noble,8.4e-5
Obie,8.4e-5
Odie,8.4e-5
Otha,8.4e-5
Paris,8.4e-5
Pierre,8.4e-5
Reese,8.4e-5
Saul,8.4e-5
Seymour,8.4e-5
Sterling,8.4e-5
Sumner,8.4e-5
Sydney,8.4e-5
Ted,8.4e-5
Terrence,8.4e-5
Whit,8.4e-5
Young,8.4e-5
Alf,7.6e-5
Alois,7.6e-5
Alphonso,7.6e-5
Alvis,7.6e-5
Bartley,7.6e-5
Benton,7.6e-5
Beverly,7.6e-5
Blake,7.6e-5
Bryant,7.6e-5
Clare,7.6e-5
Eben,7.6e-5
Edith,7.6e-5
Ellie,7.6e-5
Fernando,7.6e-5
Fitzhugh,7.6e-5
Gardner,7.6e-5
Guss,7.6e-5
Hallie,7.6e-5
Heber,7.6e-5
Hollis,7.6e-5
Isham,7.6e-5
Jordan,7.6e-5
Lemon,7.6e-5
Lenard,7.6e-5
Levy,7.6e-5
Linwood,7.6e-5
Llewellyn,7.6e-5
Lou,7.6e-5
Love,7.6e-5
Mahlon,7.6e-5
Marcellus,7.6e-5
Nat,7.6e-5
Norris,7.6e-5
Olin,7.6e-5
Oral,7.6e-5
Orin,7.6e-5
Quincy,7.6e-5
Roman,7.6e-5
Roswell,7.6e-5
Russel,7.6e-5
Shedrick,7.6e-5
Shelby,7.6e-5
Tobe,7.6e-5
Vance,7.6e-5
Verner,7.6e-5
Wheeler,7.6e-5
Woodson,7.6e-5
Addie,6.7e-5
Alcide,6.7e-5
Alden,6.7e-5
Alfonso,6.7e-5
Alpha,6.7e-5
Alvah,6.7e-5
Anson,6.7e-5
Art,6.7e-5
Bernie,6.7e-5
Bertie,6.7e-5
Berton,6.7e-5
Bertram,6.7e-5
Bishop,6.7e-5
Burley,6.7e-5
Caesar,6.7e-5
Carson,6.7e-5
Cicero,6.7e-5
Cleo,6.7e-5
Cloyd,6.7e-5
Constantine,6.7e-5
Dana,6.7e-5
Dillard,6.7e-5
Ebb,6.7e-5
Egbert,6.7e-5
Elige,6.7e-5
Ernst,6.7e-5
Fate,6.7e-5
Golden,6.7e-5
Hayes,6.7e-5
Helmer,6.7e-5
Hilliard,6.7e-5
Howell,6.7e-5
Ida,6.7e-5
Jodie,6.7e-5
Julious,6.7e-5
Justin,6.7e-5
Larkin,6.7e-5
Leigh,6.7e-5
Lucas,6.7e-5
Lucien,6.7e-5
Lum,6.7e-5
Malachi,6.7e-5
Margaret,6.7e-5
May,6.7e-5
Melton,6.7e-5
Mervin,6.7e-5
Minnie,6.7e-5
Myrtle,6.7e-5
Newell,6.7e-5
Newt,6.7e-5
Nora,6.7e-5
Percival,6.7e-5
Richmond,6.7e-5
Rolland,6.7e-5
Rube,6.7e-5
Rubin,6.7e-5
Sampson,6.7e-5
Thaddeus,6.7e-5
Theo,6.7e-5
Tollie,6.7e-5
Vernie,6.7e-5
Waldo,6.7e-5
Wellington,6.7e-5
Winston,6.7e-5
Zeb,6.7e-5
Aleck,5.9e-5
Alvia,5.9e-5
Ansel,5.9e-5
Antoine,5.9e-5
Arlie,5.9e-5
Arlington,5.9e-5
Armand,5.9e-5
Arvid,5.9e-5
Asher,5.9e-5
Author,5.9e-5
Bailey,5.9e-5
Bart,5.9e-5
Benedict,5.9e-5
Billy,5.9e-5
Budd,5.9e-5
Buford,5.9e-5
Byrd,5.9e-5
Cal,5.9e-5
Callie,5.9e-5
Carrie,5.9e-5
Clarance,5.9e-5
Clemens,5.9e-5
Colin,5.9e-5
Denis,5.9e-5
Dixie,5.9e-5
Doctor,5.9e-5
Dolphus,5.9e-5
Edna,5.9e-5
Elder,5.9e-5
Eldon,5.9e-5
Elvis,5.9e-5
Finis,5.9e-5
Flem,5.9e-5
Garnett,5.9e-5
Gary,5.9e-5
Gertrude,5.9e-5
Graham,5.9e-5
Gregory,5.9e-5
Guadalupe,5.9e-5
Hardie,5.9e-5
Harper,5.9e-5
Harvy,5.9e-5
Hezekiah,5.9e-5
Hollie,5.9e-5
Hoyt,5.9e-5
Hubbard,5.9e-5
Hunter,5.9e-5
Ignacio,5.9e-5
Jarvis,5.9e-5
Jule,5.9e-5
Jules,5.9e-5
Julia,5.9e-5
Leopold,5.9e-5
Lew,5.9e-5
Marshal,5.9e-5
Martha,5.9e-5
Merl,5.9e-5
Mont,5.9e-5
Murphy,5.9e-5
Nehemiah,5.9e-5
Nicolas,5.9e-5
Norbert,5.9e-5
Norwood,5.9e-5
Ocie,5.9e-5
Ola,5.9e-5
Orange,5.9e-5
Orland,5.9e-5
Pablo,5.9e-5
Parley,5.9e-5
Pleas,5.9e-5
Randall,5.9e-5
Raphael,5.9e-5
Rene,5.9e-5
Reno,5.9e-5
Rudy,5.9e-5
Rueben,5.9e-5
Rush,5.9e-5
Sebastian,5.9e-5
Solon,5.9e-5
Sylvan,5.9e-5
Theadore,5.9e-5
Tolbert,5.9e-5
Virgle,5.9e-5
Waverly,5.9e-5
Wirt,5.9e-5
Wong,5.9e-5
Woody,5.9e-5
Ada,5e-5
Algie,5e-5
Almon,5e-5
Alto,5e-5
Alvy,5e-5
Augustin,5e-5
Avery,5e-5
Ballard,5e-5
Bennett,5e-5
Birt,5e-5
Burr,5e-5
Cash,5e-5
Charls,5e-5
Chesley,5e-5
Cole,5e-5
Colon,5e-5
Colonel,5e-5
Commodore,5e-5
Conley,5e-5
Connie,5e-5
Cooper,5e-5
Cora,5e-5
Coy,5e-5
Danial,5e-5
Darius,5e-5
Dayton,5e-5
Delmer,5e-5
Dolph,5e-5
Doss,5e-5
Elby,5e-5
Ella,5e-5
Elsie,5e-5
Elva,5e-5
Ephriam,5e-5
Ethan,5e-5
Ethel,5e-5
Evert,5e-5
Ewald,5e-5
Ferman,5e-5
Fern,5e-5
Finley,5e-5
Florian,5e-5
Ford,5e-5
Fuller,5e-5
Gail,5e-5
Gaston,5e-5
Gay,5e-5
Gorden,5e-5
Gussie,5e-5
Ham,5e-5
Harve,5e-5
Hazel,5e-5
Hector,5e-5
Horatio,5e-5
Hyrum,5e-5
Ignatius,5e-5
Jens,5e-5
Joaquin,5e-5
Johnathan,5e-5
Josephus,5e-5
Junious,5e-5
Kelley,5e-5
Knute,5e-5
Lacey,5e-5
Lafe,5e-5
Laurie,5e-5
Len,5e-5
Lilburn,5e-5
Lillie,5e-5
Lincoln,5e-5
Linton,5e-5
Loney,5e-5
Lorenza,5e-5
Lovell,5e-5
Lovett,5e-5
Loy,5e-5
Mabel,5e-5
Malvin,5e-5
Manford,5e-5
Manson,5e-5
Maxwell,5e-5
Mills,5e-5
Morton,5e-5
Noel,5e-5
Odis,5e-5
Okey,5e-5
Oran,5e-5
Orie,5e-5
Orren,5e-5
Orrie,5e-5
Osborne,5e-5
Pinkney,5e-5
Pratt,5e-5
Press,5e-5
Reid,5e-5
Rich,5e-5
Roby,5e-5
Rollo,5e-5
Rosco,5e-5
Rose,5e-5
Rowland,5e-5
Ruffin,5e-5
Rutherford,5e-5
Samual,5e-5
Sanders,5e-5
Sarah,5e-5
Shelton,5e-5
Squire,5e-5
Tomie,5e-5
Vince,5e-5
Vivian,5e-5
Wayland,5e-5
Wells,5e-5
Acey,4.2e-5
Adelbert,4.2e-5
Alan,4.2e-5
Alberto,4.2e-5
Alec,4.2e-5
Alger,4.2e-5
Algernon,4.2e-5
Allison,4.2e-5
Alma,4.2e-5
Alpheus,4.2e-5
Alvie,4.2e-5
Amasa,4.2e-5
Amil,4.2e-5
Annie,4.2e-5
Arden,4.2e-5
Arley,4.2e-5
Augusta,4.2e-5
Barrett,4.2e-5
Bedford,4.2e-5
Beecher,4.2e-5
Bernhard,4.2e-5
Bertrand,4.2e-5
Bessie,4.2e-5
Boston,4.2e-5
Britt,4.2e-5
Brooks,4.2e-5
Bruno,4.2e-5
Bryan,4.2e-5
Burns,4.2e-5
Calhoun,4.2e-5
Carey,4.2e-5
Chalmer,4.2e-5
Chin,4.2e-5
Christy,4.2e-5
Claire,4.2e-5
Cletus,4.2e-5
Colbert,4.2e-5
Collins,4.2e-5
Courtland,4.2e-5
Craig,4.2e-5
Curt,4.2e-5
Daisy,4.2e-5
