name,percent
John,0.071804
William,0.065286
James,0.042185
George,0.037213
Charles,0.035272
Frank,0.02499
Joseph,0.022924
Harry,0.021496
Robert,0.021118
Edward,0.019312
Henry,0.019203
Thomas,0.018757
Walter,0.016095
Arthur,0.014011
Fred,0.013054
Albert,0.011365
Clarence,0.008266
Roy,0.007459
Louis,0.007031
Samuel,0.006804
Benjamin,0.006384
David,0.006359
Ernest,0.006182
Richard,0.005981
Joe,0.005947
Willie,0.005947
Carl,0.005914
Earl,0.005779
Charlie,0.0057539999999999996
Will,0.0053
Jesse,0.004838
Oscar,0.004805
Andrew,0.004712
Elmer,0.004679
Paul,0.00467
Daniel,0.004326
Raymond,0.004301
Howard,0.004225
Ralph,0.004158
Sam,0.004082
Alfred,0.003965
Herbert,0.003965
Ben,0.003805
Frederick,0.003788
Peter,0.00357
Lee,0.003486
Lewis,0.003478
Herman,0.003402
Claude,0.003242
Tom,0.003184
Michael,0.003175
Eugene,0.0031
Martin,0.003083
Ray,0.002982
Francis,0.002906
Lawrence,0.002881
Harold,0.002856
Jim,0.002755
Leo,0.00273
Edgar,0.002705
Jack,0.002705
Clyde,0.002671
Floyd,0.002629
Harvey,0.002612
Otto,0.0025959999999999998
Edwin,0.00257
Jacob,0.002478
Harrison,0.002419
Chester,0.00231
Guy,0.002276
Ed,0.002268
Luther,0.002268
Homer,0.002142
Patrick,0.001982
Bert,0.00194
Theodore,0.00194
Leonard,0.001924
Hugh,0.00189
Allen,0.001865
Anthony,0.00184
Bernard,0.001806
Lester,0.001798
Grover,0.001764
Oliver,0.001764
Ira,0.001739
Jessie,0.001739
Clifford,0.001697
Charley,0.001672
Russell,0.001663
Archie,0.001638
Isaac,0.0015790000000000001
Leroy,0.001562
Alexander,0.001554
Leon,0.001546
Philip,0.001537
August,0.001436
Milton,0.001436
Lloyd,0.001403
Warren,0.001403
Horace,0.001394
Stephen,0.001378
Everett,0.001369
Julius,0.001336
Victor,0.001327
Eddie,0.001302
Leslie,0.001302
Marion,0.001285
Stanley,0.001268
Emil,0.001226
Percy,0.00121
Sidney,0.00121
Norman,0.001184
Alvin,0.001151
Alex,0.001067
Willis,0.001042
Jess,0.001016
Nathan,0.001016
Matthew,9.91e-4
Dan,9.74e-4
Dave,9.74e-4
Otis,9.74e-4
Ross,9.66e-4
Wallace,9.66e-4
Amos,9.58e-4
Gus,9.58e-4
Morris,9.41e-4
Sylvester,9.41e-4
Dennis,9.32e-4
Jerry,9.32e-4
Mack,9.24e-4
Maurice,9.16e-4
Emmett,9.07e-4
Rufus,9.07e-4
Calvin,8.99e-4
Jake,8.99e-4
Lonnie,8.9e-4
Gilbert,8.82e-4
Perry,8.82e-4
Jay,8.74e-4
Glenn,8.65e-4
Alonzo,8.57e-4
Cecil,8.57e-4
Wilbur,8.57e-4
Adolph,8.48e-4
Earnest,8.48e-4
Mark,8.48e-4
Wesley,8.48e-4
Franklin,8.4e-4
Willard,8.4e-4
Melvin,8.15e-4
Clinton,7.98e-4
Elbert,7.98e-4
Adam,7.81e-4
Virgil,7.81e-4
Edmund,7.48e-4
Claud,7.39e-4
Levi,7.39e-4
Aaron,7.14e-4
Noah,7.14e-4
Abraham,6.97e-4
Felix,6.97e-4
Hubert,6.97e-4
Max,6.97e-4
Roscoe,6.97e-4
Rudolph,6.97e-4
Timothy,6.89e-4
Manuel,6.8e-4
Ellis,6.72e-4
Jose,6.72e-4
Nelson,6.72e-4
Moses,6.55e-4
Phillip,6.55e-4
Cornelius,6.47e-4
Marshall,6.47e-4
Marvin,6.47e-4
Clayton,6.38e-4
Irvin,6.38e-4
Jasper,6.38e-4
Ollie,6.38e-4
Donald,6.3e-4
Owen,6.3e-4
Anton,6.22e-4
Reuben,6.13e-4
Vernon,6.13e-4
Wiley,6.13e-4
Mike,6.05e-4
Christopher,5.96e-4
Johnnie,5.96e-4
Jeff,5.88e-4
Simon,5.8e-4
Austin,5.71e-4
Fredrick,5.71e-4
Monroe,5.71e-4
Nicholas,5.71e-4
Curtis,5.63e-4
Silas,5.63e-4
Bennie,5.54e-4
Hiram,5.54e-4
Kenneth,5.54e-4
Forrest,5.46e-4
Irving,5.46e-4
Steve,5.46e-4
Vincent,5.46e-4
Orville,5.38e-4
Alva,5.21e-4
Bruce,5.21e-4
Don,5.21e-4
Bill,5.12e-4
Elijah,5.12e-4
Juan,5.12e-4
Cleveland,5.04e-4
Eli,5.04e-4
Gordon,5.04e-4
Harley,5.04e-4
Pete,5.04e-4
Roland,5.04e-4
Clifton,4.96e-4
Sherman,4.96e-4
Glen,4.87e-4
Dock,4.79e-4
Mose,4.79e-4
Barney,4.54e-4
Bob,4.37e-4
Edd,4.37e-4
Ervin,4.37e-4
Ike,4.37e-4
Christian,4.28e-4
Clark,4.28e-4
Karl,4.2e-4
Pearl,4.2e-4
Julian,4.12e-4
Roger,4.12e-4
Bud,4.03e-4
Gerald,4.03e-4
Jerome,4.03e-4
Nathaniel,4.03e-4
Boyd,3.95e-4
Earle,3.95e-4
Ivan,3.95e-4
Ora,3.95e-4
Scott,3.86e-4
Andy,3.78e-4
Tony,3.78e-4
Edmond,3.7e-4
Luke,3.7e-4
Lynn,3.7e-4
Major,3.7e-4
Riley,3.7e-4
Wilson,3.7e-4
Lon,3.61e-4
Anderson,3.53e-4
Arnold,3.53e-4
Chris,3.53e-4
Emery,3.53e-4
Jackson,3.53e-4
Jeremiah,3.53e-4
Mathew,3.53e-4
Millard,3.53e-4
Wade,3.53e-4
Clem,3.44e-4
Emanuel,3.44e-4
Mary,3.44e-4
Columbus,3.36e-4
Louie,3.36e-4
Solomon,3.36e-4
Abe,3.28e-4
Douglas,3.28e-4
Grant,3.28e-4
Jefferson,3.28e-4
Preston,3.28e-4
Johnie,3.19e-4
Marcus,3.19e-4
Neal,3.19e-4
Asa,3.11e-4
Byron,3.11e-4
Conrad,3.11e-4
Emory,3.11e-4
Joel,3.11e-4
Royal,3.11e-4
Wilfred,3.11e-4
Elias,3.02e-4
Morton,3.02e-4
Newton,3.02e-4
Augustus,2.94e-4
Cyrus,2.94e-4
Freeman,2.94e-4
Merle,2.94e-4
Dewitt,2.86e-4
Ferdinand,2.86e-4
General,2.86e-4
Myron,2.86e-4
Nick,2.86e-4
Van,2.86e-4
Carroll,2.77e-4
Dallas,2.77e-4
Enoch,2.77e-4
Ezra,2.77e-4
Grady,2.77e-4
Hugo,2.77e-4
Joshua,2.77e-4
Matt,2.77e-4
Miles,2.77e-4
Ruben,2.77e-4
Walker,2.77e-4
Chas,2.69e-4
Delbert,2.69e-4
Fletcher,2.69e-4
Laurence,2.69e-4
Logan,2.69e-4
Tommie,2.69e-4
Ward,2.69e-4
Wayne,2.69e-4
Allan,2.6e-4
Antonio,2.6e-4
Arch,2.6e-4
Harris,2.6e-4
Loyd,2.6e-4
Benjiman,2.52e-4
Dudley,2.52e-4
Jimmie,2.52e-4
Thurman,2.52e-4
Carlton,2.44e-4
Chauncey,2.44e-4
Clay,2.44e-4
Elisha,2.44e-4
Elwood,2.44e-4
Erwin,2.44e-4
Garfield,2.44e-4
Leland,2.44e-4
Lemuel,2.44e-4
Vern,2.44e-4
Casper,2.35e-4
Gustave,2.35e-4
Ned,2.35e-4
Neil,2.35e-4
Spencer,2.35e-4
Taylor,2.35e-4
Ambrose,2.27e-4
Clement,2.27e-4
Emile,2.27e-4
Foster,2.27e-4
Gust,2.27e-4
Gustav,2.27e-4
Malcolm,2.27e-4
Omer,2.27e-4
Randolph,2.27e-4
Seth,2.27e-4
Alton,2.18e-4
Lucius,2.18e-4
Pedro,2.18e-4
Carlos,2.1e-4
Dorsey,2.1e-4
Hans,2.1e-4
Hardy,2.1e-4
Harmon,2.1e-4
Jonas,2.1e-4
Sanford,2.1e-4
Ted,2.1e-4
Wilbert,2.1e-4
Burton,2.02e-4
Dee,2.02e-4
Emmet,2.02e-4
Forest,2.02e-4
Lorenzo,2.02e-4
Morgan,2.02e-4
Murray,2.02e-4
Noble,2.02e-4
Winfield,2.02e-4
Abram,1.93e-4
Al,1.93e-4
Anna,1.93e-4
Archibald,1.93e-4
Berry,1.93e-4
Frederic,1.93e-4
Madison,1.93e-4
Ramon,1.93e-4
Rex,1.93e-4
Warner,1.93e-4
Abner,1.85e-4
Cleve,1.85e-4
Dick,1.85e-4
Elza,1.85e-4
Emerson,1.85e-4
Irwin,1.85e-4
Josh,1.85e-4
Leander,1.85e-4
Loren,1.85e-4
Adolphus,1.76e-4
Davis,1.76e-4
Dean,1.76e-4
Elvin,1.76e-4
Eric,1.76e-4
Fritz,1.76e-4
Green,1.76e-4
Judson,1.76e-4
King,1.76e-4
Lem,1.76e-4
Lucian,1.76e-4
Lyman,1.76e-4
Mason,1.76e-4
Mitchell,1.76e-4
Raleigh,1.76e-4
Sol,1.76e-4
Stuart,1.76e-4
Christ,1.68e-4
Clair,1.68e-4
Early,1.68e-4
Henderson,1.68e-4
Israel,1.68e-4
Johnny,1.68e-4
Judge,1.68e-4
Napoleon,1.68e-4
Ole,1.68e-4
Porter,1.68e-4
Blaine,1.6e-4
Caleb,1.6e-4
Clint,1.6e-4
Dale,1.6e-4
Elton,1.6e-4
Fay,1.6e-4
Francisco,1.6e-4
Geo,1.6e-4
Herschel,1.6e-4
Lowell,1.6e-4
Oren,1.6e-4
Orval,1.6e-4
Pat,1.6e-4
Phil,1.6e-4
Sandy,1.6e-4
Stewart,1.6e-4
Ulysses,1.6e-4
Washington,1.6e-4
Zack,1.6e-4
Axel,1.51e-4
Bertram,1.51e-4
Hamilton,1.51e-4
Jason,1.51e-4
Lyle,1.51e-4
Olin,1.51e-4
Pink,1.51e-4
Rollie,1.51e-4
Sydney,1.51e-4
Turner,1.51e-4
Verne,1.51e-4
Waldo,1.51e-4
Alphonse,1.43e-4
Burt,1.43e-4
Ellsworth,1.43e-4
Evan,1.43e-4
Granville,1.43e-4
Kelly,1.43e-4
Lige,1.43e-4
Lou,1.43e-4
Miller,1.43e-4
Milo,1.43e-4
Nels,1.43e-4
Odie,1.43e-4
Olaf,1.43e-4
Otho,1.43e-4
Rolla,1.43e-4
Rolland,1.43e-4
Thornton,1.43e-4
Wash,1.43e-4
Adrian,1.34e-4
Alvie,1.34e-4
Basil,1.34e-4
Bertie,1.34e-4
Duncan,1.34e-4
Dwight,1.34e-4
Elizabeth,1.34e-4
Evans,1.34e-4
Garrett,1.34e-4
Hezekiah,1.34e-4
Isiah,1.34e-4
Junius,1.34e-4
Lafayette,1.34e-4
Lindsey,1.34e-4
Orin,1.34e-4
Reese,1.34e-4
Troy,1.34e-4
Webster,1.34e-4
Aubrey,1.26e-4
Buster,1.26e-4
Carey,1.26e-4
Cliff,1.26e-4
Evert,1.26e-4
Ford,1.26e-4
Frances,1.26e-4
Hosea,1.26e-4
Mathias,1.26e-4
Melville,1.26e-4
Orrin,1.26e-4
Smith,1.26e-4
Sterling,1.26e-4
Tracy,1.26e-4
Valentine,1.26e-4
Wyatt,1.26e-4
Adelbert,1.18e-4
Albin,1.18e-4
Angus,1.18e-4
Annie,1.18e-4
Beverly,1.18e-4
Billie,1.18e-4
Dominick,1.18e-4
Elmore,1.18e-4
Emmitt,1.18e-4
Ethel,1.18e-4
Ezekiel,1.18e-4
Finis,1.18e-4
Harlan,1.18e-4
Henery,1.18e-4
Josiah,1.18e-4
Lincoln,1.18e-4
Lonie,1.18e-4
Prince,1.18e-4
Reginald,1.18e-4
Sammie,1.18e-4
Sim,1.18e-4
Simeon,1.18e-4
Steven,1.18e-4
Tim,1.18e-4
Verner,1.18e-4
Wilber,1.18e-4
Wilmer,1.18e-4
Alma,1.09e-4
Angelo,1.09e-4
Antone,1.09e-4
Benjamine,1.09e-4
Benton,1.09e-4
Cal,1.09e-4
Connie,1.09e-4
Dewey,1.09e-4
Doc,1.09e-4
Elmo,1.09e-4
Isaiah,1.09e-4
Johnson,1.09e-4
Larry,1.09e-4
Lucious,1.09e-4
Margaret,1.09e-4
Minnie,1.09e-4
Noel,1.09e-4
Parker,1.09e-4
Randall,1.09e-4
Ransom,1.09e-4
Rollin,1.09e-4
Roman,1.09e-4
Shirley,1.09e-4
Truman,1.09e-4
Alf,1.01e-4
Allie,1.01e-4
Alois,1.01e-4
Ballard,1.01e-4
Benjaman,1.01e-4
Bennett,1.01e-4
Bertha,1.01e-4
Brady,1.01e-4
Burl,1.01e-4
Butler,1.01e-4
Cloyd,1.01e-4
Coleman,1.01e-4
Cyril,1.01e-4
Freddie,1.01e-4
Giles,1.01e-4
Hal,1.01e-4
Hamp,1.01e-4
Jean,1.01e-4
Jonathan,1.01e-4
Jules,1.01e-4
Lawson,1.01e-4
Lucien,1.01e-4
Marcellus,1.01e-4
Merritt,1.01e-4
Norris,1.01e-4
Orlando,1.01e-4
Oswald,1.01e-4
Reed,1.01e-4
Vance,1.01e-4
Walton,1.01e-4
Winfred,1.01e-4
Wm,1.01e-4
Addison,9.2e-5
Aloysius,9.2e-5
Alvah,9.2e-5
Arlie,9.2e-5
Artie,9.2e-5
Bart,9.2e-5
Bee,9.2e-5
Bernie,9.2e-5
Bryant,9.2e-5
Burr,9.2e-5
Carter,9.2e-5
Cary,9.2e-5
Clare,9.2e-5
Courtney,9.2e-5
Crawford,9.2e-5
Eldon,9.2e-5
Elliott,9.2e-5
Essie,9.2e-5
Ferd,9.2e-5
Gene,9.2e-5
Guss,9.2e-5
Haywood,9.2e-5
Houston,9.2e-5
Hunter,9.2e-5
Irl,9.2e-5
Linton,9.2e-5
Lonzo,9.2e-5
Luis,9.2e-5
Mattie,9.2e-5
Maxwell,9.2e-5
Maynard,9.2e-5
Mont,9.2e-5
Omar,9.2e-5
Otha,9.2e-5
Pablo,9.2e-5
Pierce,9.2e-5
Price,9.2e-5
Raphael,9.2e-5
Ronald,9.2e-5
Rose,9.2e-5
Rupert,9.2e-5
Russel,9.2e-5
Shelby,9.2e-5
Theron,9.2e-5
Tobe,9.2e-5
Wilburn,9.2e-5
Wilford,9.2e-5
Wylie,9.2e-5
Addie,8.4e-5
Alan,8.4e-5
Alden,8.4e-5
Alford,8.4e-5
Bailey,8.4e-5
Bartholomew,8.4e-5
Bernhard,8.4e-5
Bishop,8.4e-5
Dolphus,8.4e-5
Egbert,8.4e-5
Elwin,8.4e-5
Emma,8.4e-5
Ernst,8.4e-5
Everette,8.4e-5
Florence,8.4e-5
Gustaf,8.4e-5
Harve,8.4e-5
Hollie,8.4e-5
Hollis,8.4e-5
Isadore,8.4e-5
Isom,8.4e-5
Ivory,8.4e-5
Ivy,8.4e-5
Lacy,8.4e-5
Larkin,8.4e-5
Lenard,8.4e-5
Lindsay,8.4e-5
Manley,8.4e-5
Myrtle,8.4e-5
Newt,8.4e-5
Octave,8.4e-5
Ola,8.4e-5
Orange,8.4e-5
Pierre,8.4e-5
Quincy,8.4e-5
Rowland,8.4e-5
Seymour,8.4e-5
Sullivan,8.4e-5
Thaddeus,8.4e-5
Tillman,8.4e-5
Tobias,8.4e-5
Urban,8.4e-5
Vivian,8.4e-5
Young,8.4e-5
Abel,7.6e-5
Alice,7.6e-5
Alonza,7.6e-5
Aron,7.6e-5
Arvid,7.6e-5
Avery,7.6e-5
Benson,7.6e-5
Bonnie,7.6e-5
Brown,7.6e-5
Buck,7.6e-5
Burley,7.6e-5
Clara,7.6e-5
Colonel,7.6e-5
Dora,7.6e-5
Doyle,7.6e-5
Eber,7.6e-5
Elden,7.6e-5
Gabriel,7.6e-5
Garland,7.6e-5
Gerard,7.6e-5
Golden,7.6e-5
Helmer,7.6e-5
Hershel,7.6e-5
Hubbard,7.6e-5
Ignatius,7.6e-5
Jennie,7.6e-5
Jesus,7.6e-5
Jodie,7.6e-5
Lennie,7.6e-5
Lew,7.6e-5
Lionel,7.6e-5
Maude,7.6e-5
May,7.6e-5
Merrill,7.6e-5
Mervin,7.6e-5
Mitchel,7.6e-5
Oral,7.6e-5
Orie,7.6e-5
Park,7.6e-5
Rene,7.6e-5
Richmond,7.6e-5
Roderick,7.6e-5
Rodney,7.6e-5
Rube,7.6e-5
Terry,7.6e-5
Tomas,7.6e-5
Tommy,7.6e-5
Willam,7.6e-5
Wilton,7.6e-5
Ace,6.7e-5
Acie,6.7e-5
Alfonzo,6.7e-5
Algie,6.7e-5
Andres,6.7e-5
Arther,6.7e-5
Augusta,6.7e-5
Augustine,6.7e-5
Barton,6.7e-5
Carlie,6.7e-5
Cicero,6.7e-5
Dana,6.7e-5
Darwin,6.7e-5
Edna,6.7e-5
Effie,6.7e-5
Eldridge,6.7e-5
Elzie,6.7e-5
Ennis,6.7e-5
Erick,6.7e-5
Fredric,6.7e-5
Gerhard,6.7e-5
Hallie,6.7e-5
Hazel,6.7e-5
Heber,6.7e-5
Helen,6.7e-5
Hermon,6.7e-5
Hilliard,6.7e-5
Howell,6.7e-5
Humphrey,6.7e-5
Hyman,6.7e-5
Ida,6.7e-5
Isham,6.7e-5
Issac,6.7e-5
Jones,6.7e-5
Justin,6.7e-5
Lambert,6.7e-5
Levy,6.7e-5
Loy,6.7e-5
Mahlon,6.7e-5
Mannie,6.7e-5
Marie,6.7e-5
Mell,6.7e-5
Micheal,6.7e-5
Miguel,6.7e-5
Milford,6.7e-5
Nat,6.7e-5
Nellie,6.7e-5
Norbert,6.7e-5
Oakley,6.7e-5
Olen,6.7e-5
Oran,6.7e-5
Palmer,6.7e-5
Press,6.7e-5
Rafael,6.7e-5
Rubin,6.7e-5
Sampson,6.7e-5
Sanders,6.7e-5
Shelly,6.7e-5
Sid,6.7e-5
Son,6.7e-5
Thad,6.7e-5
Theo,6.7e-5
Vernie,6.7e-5
Watson,6.7e-5
Whitney,6.7e-5
Willian,6.7e-5
Zeb,6.7e-5
Ada,5.9e-5
Adelard,5.9e-5
Adolfo,5.9e-5
Aleck,5.9e-5
Alfonso,5.9e-5
Alfredo,5.9e-5
Allison,5.9e-5
Alpha,5.9e-5
Auther,5.9e-5
Barry,5.9e-5
Bartley,5.9e-5
Baxter,5.9e-5
Benedict,5.9e-5
Bernice,5.9e-5
Bertrand,5.9e-5
Bessie,5.9e-5
Blair,5.9e-5
Branch,5.9e-5
Brice,5.9e-5
Bruno,5.9e-5
Bush,5.9e-5
Carson,5.9e-5
Clarance,5.9e-5
Cleo,5.9e-5
Collins,5.9e-5
Commodore,5.9e-5
Cora,5.9e-5
Dell,5.9e-5
Denver,5.9e-5
Dexter,5.9e-5
Doss,5.9e-5
Eben,5.9e-5
Edith,5.9e-5
Edmon,5.9e-5
Elgin,5.9e-5
Emmit,5.9e-5
Ephraim,5.9e-5
Ernie,5.9e-5
Ewald,5.9e-5
Ewell,5.9e-5
Fannie,5.9e-5
Fate,5.9e-5
Federico,5.9e-5
Florencio,5.9e-5
Franz,5.9e-5
Garnet,5.9e-5
Gertrude,5.9e-5
Governor,5.9e-5
Graham,5.9e-5
Gray,5.9e-5
Griffin,5.9e-5
Hayward,5.9e-5
Hector,5.9e-5
Isidore,5.9e-5
Iva,5.9e-5
Jewel,5.9e-5
Jewell,5.9e-5
Jonah,5.9e-5
Jordan,5.9e-5
Josephus,5.9e-5
Jule,5.9e-5
June,5.9e-5
Laverne,5.9e-5
Lillian,5.9e-5
Linwood,5.9e-5
Ludwig,5.9e-5
Lum,5.9e-5
Mabel,5.9e-5
Maury,5.9e-5
Merton,5.9e-5
Nancy,5.9e-5
Newman,5.9e-5
Obie,5.9e-5
Ocie,5.9e-5
Odell,5.9e-5
Orion,5.9e-5
Paris,5.9e-5
Pinkney,5.9e-5
Pleas,5.9e-5
Rice,5.9e-5
Rollo,5.9e-5
Salvatore,5.9e-5
Theadore,5.9e-5
Travis,5.9e-5
Tyler,5.9e-5
Wayland,5.9e-5
Werner,5.9e-5
West,5.9e-5
Winston,5.9e-5
Alcide,5e-5
Alger,5e-5
Almon,5e-5
Alto,5e-5
Ammon,5e-5
Ansel,5e-5
Anson,5e-5
Barrett,5e-5
Bedford,5e-5
Blanche,5e-5
Boss,5e-5
Burrel,5e-5
Callie,5e-5
Carrie,5e-5
Cassius,5e-5
Chalmer,5e-5
Cody,5e-5
Coley,5e-5
Colin,5e-5
Coy,5e-5
Curley,5e-5
Dalton,5e-5
Denis,5e-5
Dixie,5e-5
Donnie,5e-5
Dow,5e-5
Earley,5e-5
Edw,5e-5
Elder,5e-5
Eldred,5e-5
Elie,5e-5
Enos,5e-5
Ernesto,5e-5
Fayette,5e-5
Fed,5e-5
Fitzhugh,5e-5
Foy,5e-5
Gabe,5e-5
Gail,5e-5
Galen,5e-5
Gaylord,5e-5
Genie,5e-5
Godfrey,5e-5
Gregorio,5e-5
Gregory,5e-5
Harland,5e-5
Hayden,5e-5
Hjalmar,5e-5
Hjalmer,5e-5
Jarvis,5e-5
Jens,5e-5
Joesph,5e-5
Josephine,5e-5
Keith,5e-5
Knute,5e-5
Lawton,5e-5
Len,5e-5
Leonce,5e-5
Levin,5e-5
Lillie,5e-5
Lish,5e-5
Lorenz,5e-5
Lorenza,5e-5
Louise,5e-5
Love,5e-5
Malachi,5e-5
Manford,5e-5
Marshal,5e-5
Mat,5e-5
Minor,5e-5
Montgomery,5e-5
Okey,5e-5
Ossie,5e-5
Pascal,5e-5
Percival,5e-5
Posey,5e-5
Redmond,5e-5
Robin,5e-5
Rosco,5e-5
Rosendo,5e-5
Rush,5e-5
Sebastian,5e-5
Sheldon,5e-5
Stafford,5e-5
Starling,5e-5
Steward,5e-5
Talmadge,5e-5
Thos,5e-5
Unknown,5e-5
Vester,5e-5
Virgle,5e-5
Waverly,5e-5
Wellington,5e-5
Williams,5e-5
Winford,5e-5
Wright,5e-5
Abie,4.2e-5
Alphonsus,4.2e-5
Alta,4.2e-5
Alver,4.2e-5
Ananias,4.2e-5
Anatole,4.2e-5
Archer,4.2e-5
Armand,4.2e-5
Art,4.2e-5
Benjamen,4.2e-5
Benny,4.2e-5
Billy,4.2e-5
Bird,4.2e-5
Bobbie,4.2e-5
Booker,4.2e-5
Boone,4.2e-5
Bradford,4.2e-5
Brooks,4.2e-5
Buell,4.2e-5
Byrd,4.2e-5
Chesley,4.2e-5
Chin,4.2e-5
Claiborne,4.2e-5
Cleave,4.2e-5
Clemens,4.2e-5
Collie,4.2e-5
Cooper,4.2e-5
