name,percent
John,0.068759
William,0.059197
James,0.041062
George,0.036209
Charles,0.032846
Frank,0.023962
Joseph,0.023307
Robert,0.020622
Harry,0.018713
Henry,0.018652
Edward,0.018378
Thomas,0.018355
Walter,0.016956
Arthur,0.013449
Fred,0.012384
Albert,0.01141
Clarence,0.009706
Roy,0.007972
Willie,0.007219
Samuel,0.006861
Earl,0.006755
Louis,0.00658
Joe,0.00623
David,0.006184
Carl,0.006146
Ernest,0.006124
Richard,0.006101
Charlie,0.005789
Paul,0.005682
Ralph,0.005515
Raymond,0.00518
Andrew,0.004853
Oscar,0.004823
Will,0.004617
Jesse,0.004579
Elmer,0.004503
Harold,0.004435
Sam,0.004191
Howard,0.004169
Alfred,0.004123
Daniel,0.004062
Benjamin,0.003994
Herbert,0.003902
Lawrence,0.00356
Peter,0.003537
Lee,0.003499
Grover,0.003454
Frederick,0.003446
Leo,0.003377
Francis,0.003263
Herman,0.003202
Floyd,0.003195
Eugene,0.003149
Jack,0.00305
Lewis,0.003035
Clyde,0.002967
Ray,0.002929
Tom,0.002898
Michael,0.002891
Ben,0.002746
Martin,0.002731
Claude,0.002685
Edwin,0.002571
Jim,0.002541
Guy,0.002396
Ed,0.002328
Edgar,0.002305
Homer,0.00229
Harvey,0.002267
Luther,0.002244
Leonard,0.002236
Chester,0.002168
Jacob,0.002153
Otto,0.002092
Russell,0.002046
Lloyd,0.002039
Hugh,0.002016
Anthony,0.00194
Jessie,0.001909
Clifford,0.001826
Lester,0.001826
Philip,0.001818
Theodore,0.001818
Oliver,0.00181
Bernard,0.001803
Patrick,0.00178
Leroy,0.001772
Ira,0.001757
Allen,0.001704
Eddie,0.001658
Archie,0.001628
Charley,0.001597
Leslie,0.001575
Isaac,0.001544
Alexander,0.001537
Bert,0.001521
Victor,0.001521
Norman,0.001453
Julius,0.001445
Horace,0.001422
Leon,0.001422
August,0.001377
Stanley,0.001377
Stephen,0.001354
Everett,0.001339
Sidney,0.001324
Milton,0.001316
Marion,0.001263
Alvin,0.001248
Alex,0.00124
Harrison,0.001202
Emil,0.001194
Warren,0.001194
Dan,0.001187
Cecil,0.001149
Earnest,0.001133
Percy,0.001133
Nathan,0.001095
Willis,0.001088
Wesley,0.00108
Glenn,0.001057
Dave,0.00105
Donald,0.001042
Maurice,0.001042
Rufus,0.001042
Morris,0.001035
Mack,0.001027
Matthew,0.001004
Virgil,9.89e-4
Otis,9.58e-4
Calvin,9.43e-4
Willard,9.2e-4
Gilbert,9.13e-4
Lonnie,9.13e-4
Wallace,9.05e-4
Amos,8.9e-4
Emmett,8.9e-4
Gus,8.9e-4
Jerry,8.9e-4
Jake,8.82e-4
Wilbur,8.82e-4
Adolph,8.75e-4
Ollie,8.75e-4
Melvin,8.67e-4
Jay,8.44e-4
Perry,8.37e-4
Franklin,8.29e-4
Jess,8.22e-4
Vernon,8.22e-4
Johnnie,8.14e-4
Adam,8.06e-4
Glen,8.06e-4
Jose,8.06e-4
Alonzo,7.91e-4
Phillip,7.91e-4
Cornelius,7.84e-4
Kenneth,7.76e-4
Owen,7.76e-4
Christopher,7.68e-4
Abraham,7.53e-4
Nelson,7.45e-4
Sylvester,7.45e-4
Felix,7.3e-4
Manuel,7.3e-4
Roscoe,7.3e-4
Aaron,7.23e-4
Max,7.23e-4
Nicholas,7.23e-4
Rudolph,7.23e-4
Edmund,7.07e-4
Elbert,7.07e-4
Marshall,7.07e-4
Vincent,7.07e-4
Harley,6.92e-4
Bennie,6.85e-4
Ross,6.85e-4
Ellis,6.77e-4
Reuben,6.77e-4
Silas,6.77e-4
Marvin,6.69e-4
Hubert,6.54e-4
Mark,6.54e-4
Moses,6.54e-4
Elijah,6.47e-4
Irvin,6.47e-4
Clinton,6.39e-4
Orville,6.39e-4
Curtis,6.31e-4
Gordon,6.31e-4
Cleveland,6.24e-4
Dennis,6.24e-4
Arnold,6.09e-4
Roland,6.09e-4
Simon,6.09e-4
Noah,6.01e-4
Claud,5.93e-4
Nathaniel,5.93e-4
Levi,5.86e-4
Mike,5.78e-4
Sherman,5.78e-4
Bill,5.71e-4
Alva,5.63e-4
Pete,5.63e-4
Andy,5.55e-4
Anton,5.4e-4
Austin,5.4e-4
Timothy,5.4e-4
Barney,5.32e-4
Jasper,5.32e-4
Byron,5.25e-4
Fredrick,5.25e-4
Wiley,5.25e-4
Clifton,5.17e-4
Don,5.17e-4
Mose,5.17e-4
Steve,5.17e-4
Dock,4.94e-4
Edd,4.94e-4
Grant,4.87e-4
Hiram,4.87e-4
Gerald,4.72e-4
Jeff,4.72e-4
Bob,4.64e-4
Clark,4.64e-4
Emanuel,4.64e-4
Bruce,4.56e-4
Eli,4.56e-4
Clayton,4.49e-4
Irving,4.49e-4
Johnie,4.49e-4
Karl,4.49e-4
Millard,4.49e-4
Asa,4.41e-4
Monroe,4.41e-4
Douglas,4.34e-4
Gustave,4.34e-4
Leland,4.34e-4
Wilson,4.26e-4
Juan,4.18e-4
Mathew,4.18e-4
Roger,4.18e-4
Ivan,4.11e-4
Wade,4.11e-4
Abe,4.03e-4
Ora,4.03e-4
Ervin,3.96e-4
Forrest,3.96e-4
Julian,3.96e-4
Earle,3.88e-4
Ike,3.88e-4
Mary,3.8e-4
Ward,3.8e-4
Chris,3.73e-4
Forest,3.73e-4
Preston,3.73e-4
Scott,3.73e-4
Augustus,3.65e-4
Carroll,3.65e-4
Emery,3.65e-4
Louie,3.65e-4
Columbus,3.58e-4
Cyrus,3.58e-4
Miles,3.58e-4
Tony,3.58e-4
Newton,3.5e-4
Fletcher,3.42e-4
Jerome,3.42e-4
Laurence,3.42e-4
Wilfred,3.42e-4
Anderson,3.35e-4
Ezra,3.35e-4
Marcus,3.35e-4
Ruben,3.35e-4
Conrad,3.27e-4
Dee,3.27e-4
Delbert,3.27e-4
Solomon,3.27e-4
Wilbert,3.27e-4
Christian,3.19e-4
Dewitt,3.19e-4
Lon,3.19e-4
Luke,3.19e-4
Royal,3.19e-4
Foster,3.12e-4
Joshua,3.12e-4
Loyd,3.12e-4
Major,3.12e-4
Vern,3.12e-4
Edmond,3.04e-4
Elwood,3.04e-4
Jefferson,3.04e-4
Bud,2.97e-4
Clem,2.97e-4
Joel,2.97e-4
Lynn,2.97e-4
Pearl,2.97e-4
Riley,2.97e-4
Chauncey,2.89e-4
Elias,2.89e-4
Emory,2.89e-4
Jimmie,2.89e-4
Merle,2.89e-4
Archibald,2.81e-4
Boyd,2.81e-4
Grady,2.81e-4
Hugo,2.81e-4
Isiah,2.81e-4
Nick,2.81e-4
Mitchell,2.74e-4
Neil,2.74e-4
Randolph,2.74e-4
Aubrey,2.66e-4
Cleve,2.66e-4
Milo,2.66e-4
Neal,2.66e-4
Porter,2.66e-4
Van,2.66e-4
Wayne,2.66e-4
Lucius,2.59e-4
Allan,2.51e-4
Ferdinand,2.51e-4
General,2.51e-4
Jeremiah,2.51e-4
Johnny,2.51e-4
Lemuel,2.51e-4
Myron,2.51e-4
Olin,2.51e-4
Spencer,2.51e-4
Alton,2.43e-4
Arch,2.43e-4
Burton,2.43e-4
Erwin,2.43e-4
Jackson,2.43e-4
Walker,2.43e-4
Ambrose,2.36e-4
Antonio,2.36e-4
Benjiman,2.36e-4
Cyril,2.36e-4
Gust,2.36e-4
Orval,2.36e-4
Clement,2.28e-4
Dallas,2.28e-4
Granville,2.28e-4
Malcolm,2.28e-4
Matt,2.28e-4
Noble,2.28e-4
Winfield,2.28e-4
Allie,2.21e-4
Elliott,2.21e-4
Junius,2.21e-4
Loren,2.21e-4
Lorenzo,2.21e-4
Lyle,2.21e-4
Seth,2.21e-4
Taylor,2.21e-4
Troy,2.21e-4
Abner,2.13e-4
Clair,2.13e-4
Dwight,2.13e-4
Elisha,2.13e-4
Ellsworth,2.13e-4
Emile,2.13e-4
Green,2.13e-4
Hans,2.13e-4
Harris,2.13e-4
Lyman,2.13e-4
Pedro,2.13e-4
Rex,2.13e-4
Stewart,2.13e-4
Wilmer,2.13e-4
Dudley,2.05e-4
Enoch,2.05e-4
Morton,2.05e-4
Ulysses,2.05e-4
Aloysius,1.98e-4
Chas,1.98e-4
Garfield,1.98e-4
King,1.98e-4
Sanford,1.98e-4
Abram,1.9e-4
Gustav,1.9e-4
Ned,1.9e-4
Sandy,1.9e-4
Berry,1.83e-4
Carlos,1.83e-4
Dick,1.83e-4
Elvin,1.83e-4
Isaiah,1.83e-4
Jonas,1.83e-4
Murray,1.83e-4
Pat,1.83e-4
Reginald,1.83e-4
Warner,1.83e-4
Clay,1.75e-4
Corbett,1.75e-4
Dean,1.75e-4
Fritz,1.75e-4
Gene,1.75e-4
Herschel,1.75e-4
Irwin,1.75e-4
Lem,1.75e-4
Omer,1.75e-4
Sterling,1.75e-4
Al,1.67e-4
Alphonse,1.67e-4
Basil,1.67e-4
Dale,1.67e-4
Josh,1.67e-4
Lawson,1.67e-4
Napoleon,1.67e-4
Otho,1.67e-4
Pierce,1.67e-4
Smith,1.67e-4
Waldo,1.67e-4
Carlton,1.6e-4
Coleman,1.6e-4
Henderson,1.6e-4
Morgan,1.6e-4
Steven,1.6e-4
Tommie,1.6e-4
Wendell,1.6e-4
Alford,1.52e-4
Anna,1.52e-4
Arther,1.52e-4
Casper,1.52e-4
Christ,1.52e-4
Davis,1.52e-4
Evan,1.52e-4
Fay,1.52e-4
Hardy,1.52e-4
Israel,1.52e-4
Johnson,1.52e-4
Judge,1.52e-4
Judson,1.52e-4
Jules,1.52e-4
Madison,1.52e-4
Mason,1.52e-4
Perley,1.52e-4
Phil,1.52e-4
Raleigh,1.52e-4
Russel,1.52e-4
Sol,1.52e-4
Thurman,1.52e-4
Verne,1.52e-4
Adolphus,1.45e-4
Carey,1.45e-4
Cloyd,1.45e-4
Duncan,1.45e-4
Emerson,1.45e-4
Emmet,1.45e-4
Eric,1.45e-4
Freeman,1.45e-4
Jean,1.45e-4
Larry,1.45e-4
Merton,1.45e-4
Nels,1.45e-4
Prince,1.45e-4
Shelby,1.45e-4
Adrian,1.37e-4
Arlie,1.37e-4
Avery,1.37e-4
Bertram,1.37e-4
Blaine,1.37e-4
Bryant,1.37e-4
Carter,1.37e-4
Elton,1.37e-4
Ezekiel,1.37e-4
Garland,1.37e-4
Ivy,1.37e-4
Kelly,1.37e-4
Lacy,1.37e-4
Lafayette,1.37e-4
Milford,1.37e-4
Oral,1.37e-4
Rollie,1.37e-4
Ronald,1.37e-4
Valentine,1.37e-4
Vance,1.37e-4
Walton,1.37e-4
Wilber,1.37e-4
Adlai,1.29e-4
Alan,1.29e-4
Buck,1.29e-4
Elza,1.29e-4
Ethel,1.29e-4
Francisco,1.29e-4
Garrett,1.29e-4
Hal,1.29e-4
Isadore,1.29e-4
Lincoln,1.29e-4
Lucian,1.29e-4
Merritt,1.29e-4
Minor,1.29e-4
Stuart,1.29e-4
Washington,1.29e-4
Wm,1.29e-4
Burl,1.22e-4
Cleo,1.22e-4
Doc,1.22e-4
Early,1.22e-4
Elzie,1.22e-4
Emmitt,1.22e-4
Florence,1.22e-4
Hamp,1.22e-4
Harmon,1.22e-4
Jason,1.22e-4
Leander,1.22e-4
Lige,1.22e-4
Miguel,1.22e-4
Murphy,1.22e-4
Nat,1.22e-4
Noel,1.22e-4
Ole,1.22e-4
Omar,1.22e-4
Oren,1.22e-4
Rodney,1.22e-4
Rose,1.22e-4
Rupert,1.22e-4
Sim,1.22e-4
Tommy,1.22e-4
Truman,1.22e-4
Wash,1.22e-4
Watson,1.22e-4
Williams,1.22e-4
Artie,1.14e-4
Barton,1.14e-4
Bertie,1.14e-4
Beverly,1.14e-4
Gary,1.14e-4
Hector,1.14e-4
Hoyt,1.14e-4
Josiah,1.14e-4
Lonzo,1.14e-4
Orlando,1.14e-4
Reed,1.14e-4
Rolland,1.14e-4
Shirley,1.14e-4
Sydney,1.14e-4
Ted,1.14e-4
Tomas,1.14e-4
Tracy,1.14e-4
Turner,1.14e-4
Vernie,1.14e-4
Wilford,1.14e-4
Zack,1.14e-4
Alberto,1.06e-4
Albin,1.06e-4
Angus,1.06e-4
Bruno,1.06e-4
Buford,1.06e-4
Burt,1.06e-4
Cicero,1.06e-4
Clarance,1.06e-4
Elmo,1.06e-4
Elmore,1.06e-4
Enos,1.06e-4
Evans,1.06e-4
Geo,1.06e-4
Haywood,1.06e-4
Hollis,1.06e-4
Houston,1.06e-4
Levy,1.06e-4
Logan,1.06e-4
Melville,1.06e-4
Norris,1.06e-4
Orin,1.06e-4
Pink,1.06e-4
Ransom,1.06e-4
Rolla,1.06e-4
Roswell,1.06e-4
Unknown,1.06e-4
Angelo,9.9e-5
Axel,9.9e-5
Bernie,9.9e-5
Butler,9.9e-5
Cliff,9.9e-5
Clint,9.9e-5
Crawford,9.9e-5
Dell,9.9e-5
Everette,9.9e-5
Evert,9.9e-5
Grace,9.9e-5
Graham,9.9e-5
Heber,9.9e-5
Hezekiah,9.9e-5
Isom,9.9e-5
Issac,9.9e-5
Jonathan,9.9e-5
Otha,9.9e-5
Pierre,9.9e-5
Raphael,9.9e-5
Sid,9.9e-5
Simeon,9.9e-5
Travis,9.9e-5
Willam,9.9e-5
Wright,9.9e-5
Addison,9.1e-5
Alma,9.1e-5
Alois,9.1e-5
Antone,9.1e-5
Ashley,9.1e-5
Bart,9.1e-5
Benjaman,9.1e-5
Bertha,9.1e-5
Bessie,9.1e-5
Bonnie,9.1e-5
Burley,9.1e-5
Carson,9.1e-5
Clara,9.1e-5
Dillard,9.1e-5
Doctor,9.1e-5
Eldridge,9.1e-5
Emma,9.1e-5
Felipe,9.1e-5
Ford,9.1e-5
Guss,9.1e-5
Harlan,9.1e-5
Harve,9.1e-5
Hazel,9.1e-5
Hollie,9.1e-5
Jordan,9.1e-5
Kirk,9.1e-5
Lonie,9.1e-5
Ludwig,9.1e-5
Mannie,9.1e-5
Margaret,9.1e-5
Maynard,9.1e-5
Ocie,9.1e-5
Octave,9.1e-5
Olaf,9.1e-5
Ramon,9.1e-5
Ruth,9.1e-5
Sammie,9.1e-5
Spurgeon,9.1e-5
Terry,9.1e-5
Tim,9.1e-5
Verner,9.1e-5
Vivian,9.1e-5
Webster,9.1e-5
West,9.1e-5
Alonza,8.4e-5
Alvah,8.4e-5
Aron,8.4e-5
Bishop,8.4e-5
Brown,8.4e-5
Caleb,8.4e-5
Carleton,8.4e-5
Cary,8.4e-5
Connie,8.4e-5
Coy,8.4e-5
Damon,8.4e-5
Dana,8.4e-5
Dominick,8.4e-5
Edna,8.4e-5
Ennis,8.4e-5
Gail,8.4e-5
Helmer,8.4e-5
Hosea,8.4e-5
Hunter,8.4e-5
Irl,8.4e-5
Jesus,8.4e-5
Joesph,8.4e-5
Junior,8.4e-5
Lew,8.4e-5
Lindsey,8.4e-5
Lowell,8.4e-5
Loyal,8.4e-5
Lum,8.4e-5
Mckinley,8.4e-5
Merrill,8.4e-5
Micheal,8.4e-5
Mitchel,8.4e-5
Norbert,8.4e-5
Orrin,8.4e-5
Oswald,8.4e-5
Paris,8.4e-5
Reese,8.4e-5
Romeo,8.4e-5
Rubin,8.4e-5
Saul,8.4e-5
Sebastian,8.4e-5
Seymour,8.4e-5
Sullivan,8.4e-5
Thaddeus,8.4e-5
Thornton,8.4e-5
Tillman,8.4e-5
Wilburn,8.4e-5
Wyatt,8.4e-5
Alf,7.6e-5
Alfonso,7.6e-5
Alpha,7.6e-5
Bailey,7.6e-5
Bartholomew,7.6e-5
Billy,7.6e-5
Bryan,7.6e-5
Cal,7.6e-5
Clare,7.6e-5
Colonel,7.6e-5
Denis,7.6e-5
Dominic,7.6e-5
Dorsey,7.6e-5
Doss,7.6e-5
Edmon,7.6e-5
Edson,7.6e-5
Elliot,7.6e-5
Frances,7.6e-5
Frederic,7.6e-5
Gabriel,7.6e-5
Hampton,7.6e-5
Handy,7.6e-5
Hermon,7.6e-5
Hillard,7.6e-5
Hilliard,7.6e-5
Ida,7.6e-5
Irven,7.6e-5
Jewel,7.6e-5
Jewell,7.6e-5
Jodie,7.6e-5
June,7.6e-5
Kirby,7.6e-5
Lamar,7.6e-5
Lemon,7.6e-5
Leopold,7.6e-5
Lillian,7.6e-5
Lucas,7.6e-5
Lucien,7.6e-5
Lucious,7.6e-5
Luis,7.6e-5
Mahlon,7.6e-5
Mathias,7.6e-5
Mattie,7.6e-5
Maxwell,7.6e-5
May,7.6e-5
Mervin,7.6e-5
Miller,7.6e-5
Nolan,7.6e-5
Odie,7.6e-5
Oran,7.6e-5
Ottis,7.6e-5
Pablo,7.6e-5
Palmer,7.6e-5
Parker,7.6e-5
Pleas,7.6e-5
Price,7.6e-5
Selmer,7.6e-5
Tobe,7.6e-5
Tomie,7.6e-5
Weldon,7.6e-5
Alden,6.8e-5
Alphonso,6.8e-5
Alphonsus,6.8e-5
Alvis,6.8e-5
Arley,6.8e-5
Benedict,6.8e-5
Benjamine,6.8e-5
Benny,6.8e-5
Benton,6.8e-5
Bertrand,6.8e-5
Billie,6.8e-5
Boss,6.8e-5
Brooks,6.8e-5
Burr,6.8e-5
Buster,6.8e-5
Eber,6.8e-5
Elsie,6.8e-5
Gregory,6.8e-5
Howell,6.8e-5
Hurley,6.8e-5
Ivey,6.8e-5
Ivory,6.8e-5
Jimmy,6.8e-5
Landon,6.8e-5
Leigh,6.8e-5
Lenard,6.8e-5
Lillie,6.8e-5
Lionel,6.8e-5
Lora,6.8e-5
Lou,6.8e-5
Mart,6.8e-5
Nellie,6.8e-5
Page,6.8e-5
Percival,6.8e-5
Reid,6.8e-5
Richmond,6.8e-5
Rollin,6.8e-5
Rube,6.8e-5
Rush,6.8e-5
Sheldon,6.8e-5
Theo,6.8e-5
Tolbert,6.8e-5
Weaver,6.8e-5
Abel,6.1e-5
Ace,6.1e-5
Adelbert,6.1e-5
Adolfo,6.1e-5
Alcide,6.1e-5
Alice,6.1e-5
Allison,6.1e-5
Alvie,6.1e-5
Asberry,6.1e-5
Ballard,6.1e-5
Baxter,6.1e-5
Bennett,6.1e-5
Blair,6.1e-5
Blake,6.1e-5
Brady,6.1e-5
Brice,6.1e-5
Burney,6.1e-5
Callie,6.1e-5
Cassius,6.1e-5
Clell,6.1e-5
Creed,6.1e-5
Dempsey,6.1e-5
Dewey,6.1e-5
Edison,6.1e-5
Eldred,6.1e-5
Elizabeth,6.1e-5
Ephraim,6.1e-5
Fidel,6.1e-5
Finley,6.1e-5
Freddie,6.1e-5
Garnett,6.1e-5
Gaston,6.1e-5
Gerhard,6.1e-5
Guillermo,6.1e-5
Hayden,6.1e-5
Hershel,6.1e-5
Humphrey,6.1e-5
Ignatius,6.1e-5
Isidor,6.1e-5
Isidore,6.1e-5
Jonah,6.1e-5
Jones,6.1e-5
Lambert,6.1e-5
Leonidas,6.1e-5
Manley,6.1e-5
Manson,6.1e-5
Minnie,6.1e-5
Mont,6.1e-5
Murry,6.1e-5
Newell,6.1e-5
Newman,6.1e-5
Ossie,6.1e-5
Park,6.1e-5
Peyton,6.1e-5
Reubin,6.1e-5
Rocco,6.1e-5
Rogers,6.1e-5
Ruby,6.1e-5
Rudy,6.1e-5
Sampson,6.1e-5
Samson,6.1e-5
Santiago,6.1e-5
Seaborn,6.1e-5
Squire,6.1e-5
Stacy,6.1e-5
Theron,6.1e-5
Westley,6.1e-5
Winfred,6.1e-5
Winston,6.1e-5
Alba,5.3e-5
Annie,5.3e-5
Armand,5.3e-5
Arno,5.3e-5
Art,5.3e-5
Arvid,5.3e-5
Asbury,5.3e-5
Augustin,5.3e-5
Barry,5.3e-5
Bedford,5.3e-5
Bernhard,5.3e-5
Byrd,5.3e-5
Casey,5.3e-5
Conley,5.3e-5
Danial,5.3e-5
Delmar,5.3e-5
Donnie,5.3e-5
Eldon,5.3e-5
Ellie,5.3e-5
Elvis,5.3e-5
Emmit,5.3e-5
Enrique,5.3e-5
Ernst,5.3e-5
Ewell,5.3e-5
Fate,5.3e-5
Fernando,5.3e-5
Franklyn,5.3e-5
French,5.3e-5
Furman,5.3e-5
Gabe,5.3e-5
Garry,5.3e-5
Gertrude,5.3e-5
Giles,5.3e-5
Godfrey,5.3e-5
Hallie,5.3e-5
Hamilton,5.3e-5
Haskell,5.3e-5
Hattie,5.3e-5
Hayes,5.3e-5
Helen,5.3e-5
Henery,5.3e-5
Hubbard,5.3e-5
Hudson,5.3e-5
Irene,5.3e-5
Iver,5.3e-5
Jarvis,5.3e-5
Jennie,5.3e-5
Jere,5.3e-5
Justin,5.3e-5
Keith,5.3e-5
Larkin,5.3e-5
Lavern,5.3e-5
Len,5.3e-5
Little,5.3e-5
Louise,5.3e-5
Mae,5.3e-5
Marcel,5.3e-5
Marcellus,5.3e-5
Marshal,5.3e-5
Mat,5.3e-5
Meyer,5.3e-5
Michel,5.3e-5
Miner,5.3e-5
Murdock,5.3e-5
Nolen,5.3e-5
Nora,5.3e-5
Oakley,5.3e-5
Okey,5.3e-5
Olen,5.3e-5
Olive,5.3e-5
Orange,5.3e-5
Orson,5.3e-5
Quincy,5.3e-5
Rafael,5.3e-5
Reinhold,5.3e-5
Rene,5.3e-5
Roderick,5.3e-5
Roe,5.3e-5
Rollo,5.3e-5
Royce,5.3e-5
Ruel,5.3e-5
Seldon,5.3e-5
Shade,5.3e-5
Steward,5.3e-5
Talmadge,5.3e-5
Talmage,5.3e-5
Toney,5.3e-5
Vester,5.3e-5
Wayman,5.3e-5
Webb,5.3e-5
Willaim,5.3e-5
Woodie,5.3e-5
Wylie,5.3e-5
Young,5.3e-5
Zeb,5.3e-5
Ada,4.6e-5
Add,4.6e-5
Albion,4.6e-5
Alto,4.6e-5
Andres,4.6e-5
Anson,4.6e-5
Arden,4.6e-5
Ashton,4.6e-5
Audie,4.6e-5
Augustine,4.6e-5
Bee,4.6e-5
Benito,4.6e-5
Benson,4.6e-5
Berton,4.6e-5
Beryl,4.6e-5
Beulah,4.6e-5
Bluford,4.6e-5
Buell,4.6e-5
Burleigh,4.6e-5
Carol,4.6e-5
Carrol,4.6e-5
Charls,4.6e-5
Cleave,4.6e-5
Cleon,4.6e-5
Clive,4.6e-5
Clovis,4.6e-5
Con,4.6e-5
Dayton,4.6e-5
Dexter,4.6e-5
Dillon,4.6e-5
Dink,4.6e-5
Doyle,4.6e-5
Dozier,4.6e-5
Drew,4.6e-5
Duke,4.6e-5
Eben,4.6e-5
Ebert,4.6e-5
Edith,4.6e-5
Elden,4.6e-5
Elige,4.6e-5
Ella,4.6e-5
Elwin,4.6e-5
Elzy,4.6e-5
Encarnacion,4.6e-5
Erick,4.6e-5
