name,percent
John,0.066495
William,0.059672
James,0.041538
George,0.035689
Charles,0.030757
Joseph,0.024759
Frank,0.024098
Robert,0.021166
Edward,0.019084
Harry,0.018547
Henry,0.017861
Thomas,0.01782
Walter,0.016564
Arthur,0.013507
Fred,0.012334
Albert,0.011178
Clarence,0.009657
Roy,0.0076
Willie,0.007286
Samuel,0.00703
Earl,0.006766
Louis,0.006741
Ernest,0.006576
Carl,0.006493
Paul,0.006138
Richard,0.006047
David,0.005981
Joe,0.005956
Raymond,0.005808
Charlie,0.005709
Ralph,0.005254
Elmer,0.004742
Oscar,0.004742
Harold,0.004676
Howard,0.004593
Jesse,0.004469
Will,0.004445
Alfred,0.004379
Daniel,0.004312
Andrew,0.004296
Herbert,0.004288
Benjamin,0.003974
Sam,0.003974
Herman,0.003759
Leo,0.003701
Lee,0.003676
Frederick,0.003569
Francis,0.003453
Michael,0.003362
Jack,0.003346
Lawrence,0.003263
Claude,0.003255
Peter,0.003247
Eugene,0.003238
Clyde,0.00323
Ray,0.003123
Lewis,0.003007
Edwin,0.002925
Floyd,0.0029
Tom,0.002883
Martin,0.002867
Ben,0.002652
Edgar,0.002561
Homer,0.002421
Jacob,0.002412
Chester,0.002404
Grover,0.002388
Harvey,0.002346
Leonard,0.002272
Luther,0.002239
Clifford,0.002222
Guy,0.002206
Otto,0.002123
Jim,0.002107
Russell,0.002032
Leroy,0.002016
Lester,0.002008
Hugh,0.001991
Patrick,0.001933
Ed,0.001859
Anthony,0.001817
Eddie,0.001817
Alexander,0.001801
Bernard,0.001801
Jessie,0.001768
Oliver,0.001768
Stanley,0.00176
Leon,0.001743
Lloyd,0.001743
Theodore,0.001727
Philip,0.001718
Julius,0.001611
Archie,0.001603
Charley,0.001578
Leslie,0.001528
Bert,0.00152
Isaac,0.001504
Ira,0.001495
Allen,0.001487
Percy,0.001462
Stephen,0.001446
Milton,0.001437
Victor,0.001421
Horace,0.001413
Donald,0.001371
Norman,0.001371
Alvin,0.001347
Sidney,0.001347
Everett,0.001322
Emil,0.001314
August,0.001281
Maurice,0.001231
Willis,0.001231
Cecil,0.001214
Dan,0.001181
Warren,0.001157
Marion,0.001148
Rufus,0.001148
Wesley,0.001124
Alex,0.001099
Earnest,0.00109
Glenn,0.001082
Otis,0.001024
Gilbert,0.001008
Harrison,9.91e-4
Adolph,9.83e-4
Virgil,9.83e-4
Jerry,9.75e-4
Willard,9.75e-4
Mack,9.5e-4
Lonnie,9.42e-4
Nathan,9.42e-4
Wallace,9.42e-4
Dave,9.34e-4
Morris,9.34e-4
Vernon,9.25e-4
Melvin,9.17e-4
Matthew,8.92e-4
Hubert,8.84e-4
Jess,8.84e-4
Max,8.84e-4
Amos,8.67e-4
Jay,8.67e-4
Wilbur,8.59e-4
Abraham,8.51e-4
Calvin,8.51e-4
Emmett,8.51e-4
Marvin,8.43e-4
Rudolph,8.34e-4
Franklin,8.18e-4
Ollie,8.18e-4
Marshall,8.1e-4
Claud,7.93e-4
Manuel,7.93e-4
Irving,7.85e-4
Johnnie,7.85e-4
Christopher,7.68e-4
Gus,7.68e-4
Mark,7.6e-4
Perry,7.52e-4
Roland,7.52e-4
Elbert,7.35e-4
Nicholas,7.35e-4
Irvin,7.27e-4
Roscoe,7.27e-4
Adam,7.19e-4
Jeff,7.19e-4
Felix,7.1e-4
Reuben,7.1e-4
Sylvester,7.02e-4
Jose,6.94e-4
Dennis,6.86e-4
Gordon,6.86e-4
Kenneth,6.86e-4
Vincent,6.77e-4
Aaron,6.69e-4
Cornelius,6.69e-4
Moses,6.69e-4
Phillip,6.69e-4
Arnold,6.61e-4
Clinton,6.61e-4
Curtis,6.61e-4
Edmund,6.61e-4
Owen,6.61e-4
Ellis,6.53e-4
Bennie,6.44e-4
Clayton,6.44e-4
Orville,6.44e-4
Elijah,6.36e-4
Glen,6.36e-4
Harley,6.28e-4
Ross,6.28e-4
Anton,6.2e-4
Clifton,6.2e-4
Levi,6.2e-4
Forrest,6.11e-4
Fredrick,6.03e-4
Steve,6.03e-4
Jasper,5.95e-4
Nelson,5.95e-4
Alonzo,5.87e-4
Bill,5.87e-4
Sherman,5.87e-4
Simon,5.87e-4
Noah,5.7e-4
Julian,5.62e-4
Mike,5.54e-4
Alva,5.45e-4
Cleveland,5.45e-4
Jake,5.45e-4
Wilson,5.45e-4
Bruce,5.29e-4
Don,5.29e-4
Pete,5.29e-4
Barney,5.2e-4
Karl,5.2e-4
Monroe,5.2e-4
Mose,5.2e-4
Pearl,5.12e-4
Timothy,5.12e-4
Leland,4.96e-4
Bob,4.87e-4
Forest,4.87e-4
Nathaniel,4.79e-4
Douglas,4.71e-4
Silas,4.71e-4
Augustus,4.63e-4
Edd,4.63e-4
Dock,4.54e-4
Gerald,4.54e-4
Grant,4.54e-4
Mary,4.54e-4
Millard,4.54e-4
Wayne,4.54e-4
Earle,4.46e-4
Eli,4.38e-4
Laurence,4.38e-4
Wade,4.38e-4
Ambrose,4.3e-4
Joel,4.3e-4
Andy,4.21e-4
Emery,4.21e-4
Hiram,4.21e-4
Juan,4.21e-4
Marcus,4.21e-4
Carroll,4.13e-4
Clark,4.13e-4
Edmond,4.13e-4
Ivan,4.13e-4
Jerome,4.13e-4
Wiley,4.13e-4
Wilfred,4.13e-4
Loyd,4.05e-4
Roger,4.05e-4
Luke,3.97e-4
Byron,3.88e-4
Newton,3.88e-4
Anderson,3.8e-4
Dewitt,3.8e-4
Jimmie,3.8e-4
Preston,3.8e-4
Ferdinand,3.72e-4
Gustave,3.72e-4
Grady,3.63e-4
Solomon,3.63e-4
Abe,3.55e-4
Asa,3.55e-4
Columbus,3.55e-4
Ervin,3.47e-4
Johnie,3.47e-4
Tony,3.47e-4
Van,3.47e-4
Major,3.39e-4
Ruben,3.39e-4
Austin,3.3e-4
Chris,3.3e-4
Louie,3.3e-4
Vern,3.3e-4
Christian,3.22e-4
Conrad,3.22e-4
Emanuel,3.22e-4
Mathew,3.22e-4
Ezra,3.14e-4
Mitchell,3.14e-4
Royal,3.14e-4
Bud,3.06e-4
Foster,2.97e-4
Hugo,2.97e-4
Riley,2.97e-4
Scott,2.97e-4
Ulysses,2.97e-4
Boyd,2.89e-4
Elias,2.89e-4
Fay,2.89e-4
Lynn,2.89e-4
Miles,2.89e-4
Myron,2.89e-4
Ora,2.89e-4
Ned,2.81e-4
Clay,2.73e-4
Cyrus,2.73e-4
Erwin,2.73e-4
Ike,2.73e-4
Lon,2.73e-4
Neal,2.73e-4
Verne,2.73e-4
Antonio,2.64e-4
Aubrey,2.64e-4
Fletcher,2.64e-4
Wilbert,2.64e-4
Aloysius,2.56e-4
Delbert,2.56e-4
Isiah,2.56e-4
Nels,2.56e-4
Omer,2.56e-4
Pedro,2.56e-4
Arch,2.48e-4
Burton,2.48e-4
Enoch,2.48e-4
Matt,2.48e-4
Sterling,2.48e-4
Ward,2.48e-4
Dee,2.4e-4
Elwood,2.4e-4
General,2.4e-4
Jeremiah,2.4e-4
Lucius,2.4e-4
Lyle,2.4e-4
Lyman,2.4e-4
Adolphus,2.31e-4
Allan,2.31e-4
Clem,2.31e-4
Clement,2.31e-4
Cleve,2.31e-4
Cyril,2.31e-4
Herschel,2.31e-4
Jackson,2.31e-4
Neil,2.31e-4
Wilford,2.31e-4
Wilmer,2.31e-4
Emory,2.23e-4
Hardy,2.23e-4
Malcolm,2.23e-4
Merle,2.23e-4
Orval,2.23e-4
Pat,2.23e-4
Stewart,2.23e-4
Tommie,2.23e-4
Allie,2.15e-4
Carlos,2.15e-4
Dallas,2.15e-4
Francisco,2.15e-4
Hal,2.15e-4
Jonas,2.15e-4
Merrill,2.15e-4
Randolph,2.15e-4
Taylor,2.15e-4
Walker,2.15e-4
Al,2.07e-4
Clair,2.07e-4
Dudley,2.07e-4
Emile,2.07e-4
Garland,2.07e-4
Jefferson,2.07e-4
Porter,2.07e-4
Rex,2.07e-4
Troy,2.07e-4
Alton,1.98e-4
Dwight,1.98e-4
Freeman,1.98e-4
Axel,1.9e-4
Chauncey,1.9e-4
Elton,1.9e-4
Granville,1.9e-4
Green,1.9e-4
Isadore,1.9e-4
Joshua,1.9e-4
Junius,1.9e-4
King,1.9e-4
Napoleon,1.9e-4
Reginald,1.9e-4
Sydney,1.9e-4
Basil,1.82e-4
Berry,1.82e-4
Burt,1.82e-4
Gene,1.82e-4
Larry,1.82e-4
Morgan,1.82e-4
Nick,1.82e-4
Rollie,1.82e-4
Abner,1.73e-4
Carlton,1.73e-4
Cleo,1.73e-4
Gustav,1.73e-4
Johnny,1.73e-4
Kelly,1.73e-4
Lindsay,1.73e-4
Lorenzo,1.73e-4
Spencer,1.73e-4
Zack,1.73e-4
Alphonse,1.65e-4
Archibald,1.65e-4
Chas,1.65e-4
Coleman,1.65e-4
Dick,1.65e-4
Elvin,1.65e-4
Emerson,1.65e-4
Frances,1.65e-4
Haywood,1.65e-4
Henderson,1.65e-4
Irwin,1.65e-4
Jules,1.65e-4
Loren,1.65e-4
Milo,1.65e-4
Morton,1.65e-4
Sanford,1.65e-4
Steven,1.65e-4
Turner,1.65e-4
Avery,1.57e-4
Elzie,1.57e-4
Emmet,1.57e-4
Isaiah,1.57e-4
Judge,1.57e-4
Lemuel,1.57e-4
Lionel,1.57e-4
Lucian,1.57e-4
Oren,1.57e-4
Otho,1.57e-4
Rodney,1.57e-4
Russel,1.57e-4
Tim,1.57e-4
Vance,1.57e-4
Waldo,1.57e-4
Winfield,1.57e-4
Arlie,1.49e-4
Dale,1.49e-4
Elza,1.49e-4
Freddie,1.49e-4
Harmon,1.49e-4
Harris,1.49e-4
Josiah,1.49e-4
Minnie,1.49e-4
Murray,1.49e-4
Olin,1.49e-4
Raleigh,1.49e-4
Truman,1.49e-4
Wm,1.49e-4
Albin,1.4e-4
Anna,1.4e-4
Benjiman,1.4e-4
Cliff,1.4e-4
Elisha,1.4e-4
Elliott,1.4e-4
Evan,1.4e-4
Giles,1.4e-4
Houston,1.4e-4
Ramon,1.4e-4
Stuart,1.4e-4
Angelo,1.32e-4
Artie,1.32e-4
Bailey,1.32e-4
Cary,1.32e-4
Casper,1.32e-4
Clare,1.32e-4
Davis,1.32e-4
Ellsworth,1.32e-4
Elmo,1.32e-4
Gabriel,1.32e-4
Hollis,1.32e-4
Jordan,1.32e-4
Josh,1.32e-4
Judson,1.32e-4
Lige,1.32e-4
Minor,1.32e-4
Nellie,1.32e-4
Richmond,1.32e-4
Sol,1.32e-4
Tommy,1.32e-4
Alonza,1.24e-4
Art,1.24e-4
Corbett,1.24e-4
Dean,1.24e-4
Dominick,1.24e-4
Dorsey,1.24e-4
Fritz,1.24e-4
Garrett,1.24e-4
Hosea,1.24e-4
Jean,1.24e-4
Jodie,1.24e-4
Logan,1.24e-4
Lowell,1.24e-4
Lucious,1.24e-4
Ludwig,1.24e-4
Maynard,1.24e-4
Mckinley,1.24e-4
Merritt,1.24e-4
Noble,1.24e-4
Norris,1.24e-4
Palmer,1.24e-4
Phil,1.24e-4
Rupert,1.24e-4
Seth,1.24e-4
Shirley,1.24e-4
Tracy,1.24e-4
Valentine,1.24e-4
Warner,1.24e-4
Wilber,1.24e-4
Wilburn,1.24e-4
Abram,1.16e-4
Bertie,1.16e-4
Beverly,1.16e-4
Bryant,1.16e-4
Buck,1.16e-4
Christ,1.16e-4
Early,1.16e-4
Emma,1.16e-4
Enos,1.16e-4
Ezekiel,1.16e-4
Hans,1.16e-4
Israel,1.16e-4
Issac,1.16e-4
June,1.16e-4
Justin,1.16e-4
Margaret,1.16e-4
Merton,1.16e-4
Odie,1.16e-4
Ole,1.16e-4
Omar,1.16e-4
Ottis,1.16e-4
Prince,1.16e-4
Salvatore,1.16e-4
Sid,1.16e-4
Smith,1.16e-4
Thurman,1.16e-4
Walton,1.16e-4
Willam,1.16e-4
Wyatt,1.16e-4
Abel,1.07e-4
Adrian,1.07e-4
Ansel,1.07e-4
Aron,1.07e-4
Bertram,1.07e-4
Buster,1.07e-4
Carrie,1.07e-4
Carter,1.07e-4
Cicero,1.07e-4
Clint,1.07e-4
Emmit,1.07e-4
Emmitt,1.07e-4
Eric,1.07e-4
Ford,1.07e-4
Gail,1.07e-4
Geo,1.07e-4
Hazel,1.07e-4
Hudson,1.07e-4
Johnson,1.07e-4
Jule,1.07e-4
Keith,1.07e-4
Lucien,1.07e-4
Maxwell,1.07e-4
Milford,1.07e-4
Murphy,1.07e-4
Olen,1.07e-4
Orin,1.07e-4
Parker,1.07e-4
Pink,1.07e-4
Sanders,1.07e-4
Sim,1.07e-4
Washington,1.07e-4
Webster,1.07e-4
Wellington,1.07e-4
Alan,9.9e-5
Arther,9.9e-5
Billie,9.9e-5
Buford,9.9e-5
Burl,9.9e-5
Cletus,9.9e-5
Cloyd,9.9e-5
Connie,9.9e-5
Crawford,9.9e-5
Dexter,9.9e-5
Edison,9.9e-5
Elie,9.9e-5
Elizabeth,9.9e-5
Ernst,9.9e-5
Ethel,9.9e-5
Garfield,9.9e-5
Gust,9.9e-5
Hezekiah,9.9e-5
Hunter,9.9e-5
Ivy,9.9e-5
Lem,9.9e-5
Louise,9.9e-5
Loy,9.9e-5
Madison,9.9e-5
Mason,9.9e-5
Mathias,9.9e-5
Miguel,9.9e-5
Miller,9.9e-5
Pierce,9.9e-5
Pleasant,9.9e-5
Ransom,9.9e-5
Reese,9.9e-5
Rolland,9.9e-5
Rollin,9.9e-5
Ruth,9.9e-5
Ted,9.9e-5
Thad,9.9e-5
Thornton,9.9e-5
Tillman,9.9e-5
Urban,9.9e-5
Weaver,9.9e-5
Webb,9.9e-5
Winfred,9.9e-5
Adelbert,9.1e-5
Alf,9.1e-5
Alice,9.1e-5
Alvah,9.1e-5
Bishop,9.1e-5
Cal,9.1e-5
Caleb,9.1e-5
Carey,9.1e-5
Carlisle,9.1e-5
Coley,9.1e-5
Ernie,9.1e-5
Evans,9.1e-5
Florence,9.1e-5
Gale,9.1e-5
Guss,9.1e-5
Hallie,9.1e-5
Hattie,9.1e-5
Hyman,9.1e-5
Jesus,9.1e-5
Julia,9.1e-5
Leander,9.1e-5
Lincoln,9.1e-5
Micheal,9.1e-5
Noel,9.1e-5
Norbert,9.1e-5
Orlando,9.1e-5
Perley,9.1e-5
Randall,9.1e-5
Raphael,9.1e-5
Reed,9.1e-5
Shelby,9.1e-5
Theo,9.1e-5
Vernie,9.1e-5
Wendell,9.1e-5
West,9.1e-5
Alford,8.3e-5
Alma,8.3e-5
Angus,8.3e-5
Annie,8.3e-5
Ashley,8.3e-5
Augustine,8.3e-5
Benjamine,8.3e-5
Bernie,8.3e-5
Bertha,8.3e-5
Blaine,8.3e-5
Boss,8.3e-5
Bruno,8.3e-5
Burley,8.3e-5
Butler,8.3e-5
Clarance,8.3e-5
Cornelious,8.3e-5
Dana,8.3e-5
Dow,8.3e-5
Duncan,8.3e-5
Edna,8.3e-5
Eldon,8.3e-5
Elsie,8.3e-5
Evert,8.3e-5
Golden,8.3e-5
Grace,8.3e-5
Harlan,8.3e-5
Henery,8.3e-5
Hermon,8.3e-5
Humphrey,8.3e-5
Isom,8.3e-5
Jewel,8.3e-5
Lacy,8.3e-5
Lamar,8.3e-5
Lou,8.3e-5
Lucas,8.3e-5
Luis,8.3e-5
Mabel,8.3e-5
Marie,8.3e-5
Melville,8.3e-5
Mervin,8.3e-5
Meyer,8.3e-5
Mitchel,8.3e-5
Moody,8.3e-5
Mortimer,8.3e-5
Oral,8.3e-5
Rene,8.3e-5
Romie,8.3e-5
Ruel,8.3e-5
Sammie,8.3e-5
Sandy,8.3e-5
Son,8.3e-5
Stanislaus,8.3e-5
Talmadge,8.3e-5
Tobe,8.3e-5
Weldon,8.3e-5
Wright,8.3e-5
Addison,7.4e-5
Adlai,7.4e-5
Barry,7.4e-5
Benny,7.4e-5
Bernhard,7.4e-5
Billy,7.4e-5
Blair,7.4e-5
Cedric,7.4e-5
Clara,7.4e-5
Clovis,7.4e-5
Dillard,7.4e-5
Eldridge,7.4e-5
Elmore,7.4e-5
Ephraim,7.4e-5
Ethan,7.4e-5
Everette,7.4e-5
Fate,7.4e-5
Felipe,7.4e-5
Frederic,7.4e-5
Gabe,7.4e-5
Godfrey,7.4e-5
Gregory,7.4e-5
Guadalupe,7.4e-5
Heber,7.4e-5
Holland,7.4e-5
Huey,7.4e-5
Ida,7.4e-5
Ignatius,7.4e-5
Jimmy,7.4e-5
Jonathan,7.4e-5
Jones,7.4e-5
Kirby,7.4e-5
Lafayette,7.4e-5
Laurie,7.4e-5
Lillian,7.4e-5
Lonie,7.4e-5
Marcellus,7.4e-5
Marlin,7.4e-5
Nat,7.4e-5
Nolan,7.4e-5
Obie,7.4e-5
Ocie,7.4e-5
Oran,7.4e-5
Oswald,7.4e-5
Otha,7.4e-5
Park,7.4e-5
Pleas,7.4e-5
Ples,7.4e-5
Price,7.4e-5
Rolla,7.4e-5
Roman,7.4e-5
Rome,7.4e-5
Ruby,7.4e-5
Rudy,7.4e-5
Saul,7.4e-5
Selmer,7.4e-5
Seymour,7.4e-5
Shelly,7.4e-5
Tomie,7.4e-5
Vivian,7.4e-5
Wilton,7.4e-5
Wylie,7.4e-5
Alfonso,6.6e-5
Andres,6.6e-5
Anson,6.6e-5
Arvid,6.6e-5
Ashby,6.6e-5
Barton,6.6e-5
Baxter,6.6e-5
Bessie,6.6e-5
Boyce,6.6e-5
Carleton,6.6e-5
Cash,6.6e-5
Cassius,6.6e-5
Claudius,6.6e-5
Curley,6.6e-5
Dalton,6.6e-5
Dayton,6.6e-5
Dell,6.6e-5
Delmer,6.6e-5
Dewey,6.6e-5
Duane,6.6e-5
Ellie,6.6e-5
Estel,6.6e-5
Hampton,6.6e-5
Harland,6.6e-5
Hayes,6.6e-5
Hayward,6.6e-5
Helen,6.6e-5
Hershel,6.6e-5
Isham,6.6e-5
Isidore,6.6e-5
Iva,6.6e-5
Jason,6.6e-5
Kent,6.6e-5
Lambert,6.6e-5
Lawson,6.6e-5
Lenard,6.6e-5
Lennie,6.6e-5
Lew,6.6e-5
Linwood,6.6e-5
Mannie,6.6e-5
Martha,6.6e-5
Mayo,6.6e-5
Murry,6.6e-5
Myrtle,6.6e-5
Newell,6.6e-5
Olaf,6.6e-5
Olie,6.6e-5
Paris,6.6e-5
Pierre,6.6e-5
Robin,6.6e-5
Ronald,6.6e-5
Rose,6.6e-5
Rubin,6.6e-5
Rush,6.6e-5
Santiago,6.6e-5
Shelley,6.6e-5
Simeon,6.6e-5
Stanton,6.6e-5
Terry,6.6e-5
Theophile,6.6e-5
Theron,6.6e-5
Thorwald,6.6e-5
Tomas,6.6e-5
Toney,6.6e-5
Travis,6.6e-5
Vaughn,6.6e-5
Winston,6.6e-5
Woodson,6.6e-5
Acie,5.8e-5
Alberto,5.8e-5
Alcide,5.8e-5
Alvis,5.8e-5
Arley,5.8e-5
Augusta,5.8e-5
Bart,5.8e-5
Bee,5.8e-5
Bennett,5.8e-5
Bradford,5.8e-5
Brady,5.8e-5
Brown,5.8e-5
Chalmer,5.8e-5
Colonel,5.8e-5
Damon,5.8e-5
Denis,5.8e-5
Doc,5.8e-5
Durward,5.8e-5
Edith,5.8e-5
Eduardo,5.8e-5
Eligah,5.8e-5
Elroy,5.8e-5
Elvis,5.8e-5
Estes,5.8e-5
Fidel,5.8e-5
Finis,5.8e-5
Florian,5.8e-5
Garnett,5.8e-5
Gary,5.8e-5
Gustaf,5.8e-5
Hamp,5.8e-5
Haskell,5.8e-5
Hillard,5.8e-5
Hughie,5.8e-5
Ishmael,5.8e-5
Ivey,5.8e-5
Jonah,5.8e-5
Junior,5.8e-5
Knute,5.8e-5
Kyle,5.8e-5
Landon,5.8e-5
Laura,5.8e-5
Leeroy,5.8e-5
Leopold,5.8e-5
Lillie,5.8e-5
Lindsey,5.8e-5
Linus,5.8e-5
Llewellyn,5.8e-5
Lonzo,5.8e-5
Luster,5.8e-5
Mat,5.8e-5
Maxie,5.8e-5
Murl,5.8e-5
Myles,5.8e-5
Norton,5.8e-5
Percival,5.8e-5
Peyton,5.8e-5
Reinhold,5.8e-5
Rexford,5.8e-5
Shelton,5.8e-5
Stacy,5.8e-5
Terrence,5.8e-5
Thaddeus,5.8e-5
Unknown,5.8e-5
Werner,5.8e-5
Westley,5.8e-5
Wilfrid,5.8e-5
Williams,5.8e-5
Willian,5.8e-5
Worth,5.8e-5
Yee,5.8e-5
Agnes,5e-5
Albion,5e-5
Alfredo,5e-5
Almon,5e-5
Alpheus,5e-5
Alvie,5e-5
Ammon,5e-5
Antoine,5e-5
Antone,5e-5
Arnett,5e-5
Aubra,5e-5
Audie,5e-5
Augustin,5e-5
Avon,5e-5
Benjaman,5e-5
Benton,5e-5
Beryl,5e-5
Blake,5e-5
Bolden,5e-5
Bradley,5e-5
Caesar,5e-5
Callie,5e-5
Campbell,5e-5
Cap,5e-5
Carlie,5e-5
Claudie,5e-5
Cleon,5e-5
Curt,5e-5
Daisy,5e-5
Dannie,5e-5
Darrell,5e-5
Doctor,5e-5
Duke,5e-5
Elex,5e-5
Ennis,5e-5
Erastus,5e-5
Evertt,5e-5
Ewing,5e-5
Ferd,5e-5
Ferman,5e-5
Ferris,5e-5
Finley,5e-5
Franklyn,5e-5
Franz,5e-5
French,5e-5
Fulton,5e-5
Gaston,5e-5
Gerrit,5e-5
Graham,5e-5
Hall,5e-5
Hamilton,5e-5
Harve,5e-5
Harvie,5e-5
Hector,5e-5
Hobart,5e-5
Horatio,5e-5
Hosteen,5e-5
Hoyt,5e-5
Huston,5e-5
Irene,5e-5
Ivory,5e-5
Jeffie,5e-5
Jens,5e-5
Jewell,5e-5
Joesph,5e-5
Julien,5e-5
Juluis,5e-5
Kelley,5e-5
Kirk,5e-5
Larkin,5e-5
Lemon,5e-5
Len,5e-5
Leonidas,5e-5
Lexie,5e-5
Link,5e-5
Lish,5e-5
Lovell,5e-5
Mae,5e-5
Manford,5e-5
Mart,5e-5
Maude,5e-5
May,5e-5
Melton,5e-5
Meredith,5e-5
Merl,5e-5
Moises,5e-5
Monte,5e-5
Montgomery,5e-5
Myer,5e-5
Needham,5e-5
Newt,5e-5
Nora,5e-5
Odis,5e-5
Orange,5e-5
