name,percent
John,0.065699
William,0.057464
James,0.042131
George,0.033864
Charles,0.028684
Frank,0.023781
Joseph,0.023623
Robert,0.020813
Henry,0.017536
Edward,0.017386
Thomas,0.017007
Harry,0.01681
Walter,0.015909
Arthur,0.013154
Fred,0.011709
Albert,0.010983
Clarence,0.010462
Willie,0.008456
Roy,0.008117
Paul,0.007367
Louis,0.007209
Earl,0.006727
Carl,0.006719
Ernest,0.006585
Samuel,0.006427
Raymond,0.006364
Charlie,0.006056
Joe,0.006024
Harold,0.005945
Ralph,0.005811
Richard,0.00574
David,0.005582
Howard,0.005061
Elmer,0.004816
Jesse,0.004556
Herbert,0.004493
Andrew,0.004437
Alfred,0.00435
Oscar,0.004335
Daniel,0.004074
Lawrence,0.004019
Leo,0.004019
Sam,0.003845
Will,0.003829
Francis,0.00379
Jack,0.00379
Lee,0.003774
Benjamin,0.003569
Herman,0.003466
Eugene,0.003395
Floyd,0.003371
Michael,0.003261
Peter,0.003253
Frederick,0.003206
Claude,0.003071
Ray,0.003
Chester,0.002985
Lewis,0.002977
Clyde,0.002921
Edwin,0.002732
Leonard,0.0027
Tom,0.002645
Ben,0.002558
Edgar,0.00255
Martin,0.002503
Russell,0.002377
Homer,0.002337
Lester,0.002329
Otto,0.002234
Harvey,0.002227
Jim,0.002203
Clifford,0.002148
Luther,0.002124
Jacob,0.0021
Lloyd,0.002077
Guy,0.002061
Bernard,0.002045
Leroy,0.001966
Jessie,0.001934
Hugh,0.001919
Leslie,0.001855
Patrick,0.00184
Stanley,0.00184
Ed,0.001808
Eddie,0.0018
Anthony,0.001745
Leon,0.001729
Oliver,0.001705
Archie,0.001674
Horace,0.001666
Norman,0.001666
Philip,0.001666
Theodore,0.001642
Everett,0.001634
Ira,0.001634
Donald,0.001603
Alexander,0.001571
Allen,0.001548
Victor,0.001548
Cecil,0.001516
August,0.0015
Milton,0.001484
Alvin,0.001413
Stephen,0.001413
Charley,0.001405
Sidney,0.001405
Isaac,0.001358
Julius,0.001303
Percy,0.001295
Warren,0.001263
Melvin,0.001247
Wesley,0.001232
Glenn,0.001184
Bert,0.001176
Marion,0.001169
Virgil,0.001153
Alex,0.001129
Earnest,0.001129
Mack,0.001105
Dave,0.001097
Emmett,0.00109
Emil,0.001074
Maurice,0.001074
Rufus,0.001066
Willis,0.001066
Vincent,0.001058
Otis,0.00105
Gilbert,0.001042
Vernon,0.001034
Calvin,0.001026
Kenneth,0.001003
Morris,9.87e-4
Wilbur,9.87e-4
Johnnie,9.47e-4
Lonnie,9.47e-4
Nathan,9.4e-4
Wallace,9.4e-4
Willard,8.92e-4
Matthew,8.84e-4
Irving,8.69e-4
Felix,8.61e-4
Dennis,8.53e-4
Nelson,8.53e-4
Marvin,8.45e-4
Elbert,8.37e-4
Hubert,8.37e-4
Rudolph,8.37e-4
Gordon,8.21e-4
Jose,8.21e-4
Franklin,8.13e-4
Glen,8.05e-4
Jerry,8.05e-4
Jess,8.05e-4
Mark,8.05e-4
Reuben,8.05e-4
Ellis,7.9e-4
Marshall,7.9e-4
Sylvester,7.82e-4
Manuel,7.74e-4
Perry,7.66e-4
Roland,7.66e-4
Amos,7.58e-4
Arnold,7.58e-4
Dan,7.58e-4
Max,7.5e-4
Aaron,7.42e-4
Abraham,7.42e-4
Grover,7.34e-4
Clifton,7.26e-4
Orville,7.26e-4
Clinton,7.18e-4
Jake,7.18e-4
Jay,7.18e-4
Roscoe,7.18e-4
Bill,7.11e-4
Edmund,7.11e-4
Ollie,7.11e-4
Phillip,7.11e-4
Curtis,7.03e-4
Claud,6.95e-4
Forrest,6.95e-4
Adolph,6.79e-4
Clayton,6.79e-4
Cornelius,6.79e-4
Alonzo,6.71e-4
Mike,6.71e-4
Nicholas,6.63e-4
Bennie,6.47e-4
Harrison,6.4e-4
Adam,6.16e-4
Don,6.16e-4
Grant,6.08e-4
Gerald,6e-4
Elijah,5.92e-4
Owen,5.92e-4
Sherman,5.92e-4
Alva,5.84e-4
Ross,5.76e-4
Gus,5.68e-4
Levi,5.68e-4
Nathaniel,5.68e-4
Noah,5.68e-4
Jasper,5.61e-4
Steve,5.61e-4
Wilson,5.61e-4
Moses,5.53e-4
Roger,5.45e-4
Dock,5.37e-4
Harley,5.37e-4
Silas,5.37e-4
Karl,5.29e-4
Bruce,5.21e-4
Pete,5.21e-4
Irvin,5.13e-4
Jeff,5.13e-4
Jimmie,5.13e-4
Emanuel,5.05e-4
Anton,4.97e-4
Monroe,4.97e-4
Fredrick,4.9e-4
Hiram,4.9e-4
Mose,4.9e-4
Carroll,4.82e-4
Douglas,4.82e-4
Juan,4.82e-4
Wiley,4.82e-4
Christopher,4.74e-4
Timothy,4.74e-4
Grady,4.66e-4
Jerome,4.58e-4
Johnie,4.58e-4
Laurence,4.58e-4
Preston,4.58e-4
Simon,4.5e-4
Byron,4.42e-4
Wayne,4.42e-4
Austin,4.34e-4
Barney,4.34e-4
Eli,4.34e-4
Julian,4.34e-4
Loyd,4.34e-4
Abe,4.26e-4
Bob,4.26e-4
Leland,4.26e-4
Christian,4.18e-4
Clark,4.18e-4
Earle,4.18e-4
Luke,4.18e-4
Forest,4.11e-4
Ora,4.11e-4
Cleveland,4.03e-4
Ervin,4.03e-4
Solomon,4.03e-4
Augustus,3.95e-4
Edmond,3.95e-4
Millard,3.95e-4
Gustave,3.87e-4
Ivan,3.87e-4
Riley,3.87e-4
Ward,3.79e-4
Mary,3.71e-4
Erwin,3.63e-4
Louie,3.63e-4
Lynn,3.63e-4
Merle,3.63e-4
Ezra,3.55e-4
Pearl,3.55e-4
Ike,3.47e-4
Elwood,3.4e-4
Scott,3.4e-4
Tony,3.4e-4
Ulysses,3.4e-4
Vern,3.4e-4
Columbus,3.32e-4
Emory,3.32e-4
Chris,3.24e-4
Edd,3.24e-4
Wilfred,3.24e-4
Asa,3.16e-4
Dewitt,3.16e-4
Lyle,3.16e-4
Andy,3.08e-4
Enoch,3.08e-4
Hugo,3.08e-4
Irwin,3.08e-4
Murray,3.08e-4
Stewart,3.08e-4
Wade,3.08e-4
Ambrose,3e-4
Ferdinand,3e-4
Fletcher,3e-4
Neal,3e-4
Ned,3e-4
Tommie,3e-4
Aubrey,2.92e-4
Ellsworth,2.92e-4
Emery,2.92e-4
Joel,2.92e-4
Larry,2.92e-4
Ruben,2.92e-4
Antonio,2.84e-4
Marcus,2.84e-4
Pat,2.84e-4
Walker,2.84e-4
Isiah,2.76e-4
Johnny,2.76e-4
Spencer,2.76e-4
Sterling,2.76e-4
Wilbert,2.76e-4
Conrad,2.68e-4
Major,2.68e-4
Mckinley,2.68e-4
Myron,2.68e-4
Rex,2.68e-4
Van,2.68e-4
Allie,2.61e-4
Bud,2.61e-4
Clay,2.61e-4
Dallas,2.61e-4
Delbert,2.61e-4
Elisha,2.61e-4
Malcolm,2.61e-4
Mathew,2.61e-4
Miles,2.61e-4
Newton,2.61e-4
Dee,2.53e-4
Jackson,2.53e-4
Royal,2.53e-4
Anderson,2.45e-4
Boyd,2.45e-4
Clair,2.45e-4
Elliott,2.45e-4
Emmet,2.45e-4
Lon,2.45e-4
Mitchell,2.45e-4
Neil,2.45e-4
Bertram,2.37e-4
Garland,2.37e-4
Loren,2.37e-4
Chauncey,2.29e-4
Elias,2.29e-4
Granville,2.29e-4
Joshua,2.29e-4
Nick,2.29e-4
Randolph,2.29e-4
Troy,2.29e-4
Clem,2.21e-4
Clement,2.21e-4
Dewey,2.21e-4
Gene,2.21e-4
Jefferson,2.21e-4
Jeremiah,2.21e-4
Lowell,2.21e-4
Lucius,2.21e-4
Noble,2.21e-4
Oren,2.21e-4
Shirley,2.21e-4
Aloysius,2.13e-4
Bryan,2.13e-4
Burton,2.13e-4
Carlton,2.13e-4
Foster,2.13e-4
Freeman,2.13e-4
Josh,2.13e-4
Napoleon,2.13e-4
Ramon,2.13e-4
Wilmer,2.13e-4
Alton,2.05e-4
Archibald,2.05e-4
Bradley,2.05e-4
Dale,2.05e-4
Elmo,2.05e-4
Jonas,2.05e-4
Jordan,2.05e-4
Lincoln,2.05e-4
Lorenzo,2.05e-4
Matt,2.05e-4
Morgan,2.05e-4
Omer,2.05e-4
Reginald,2.05e-4
Taylor,2.05e-4
Vance,2.05e-4
Alphonse,1.97e-4
Cyrus,1.97e-4
Elvin,1.97e-4
Henderson,1.97e-4
Merrill,1.97e-4
Porter,1.97e-4
Ronald,1.97e-4
Arther,1.89e-4
Early,1.89e-4
Freddie,1.89e-4
Hollis,1.89e-4
Isaiah,1.89e-4
King,1.89e-4
Sol,1.89e-4
Sydney,1.89e-4
Ted,1.89e-4
Al,1.82e-4
Dudley,1.82e-4
Fay,1.82e-4
Herschel,1.82e-4
Jason,1.82e-4
Judson,1.82e-4
Junius,1.82e-4
Kelly,1.82e-4
Lafayette,1.82e-4
Lemuel,1.82e-4
Morton,1.82e-4
Pedro,1.82e-4
Sanford,1.82e-4
Valentine,1.82e-4
Wendell,1.82e-4
Adolphus,1.74e-4
Allan,1.74e-4
Basil,1.74e-4
Burt,1.74e-4
Dick,1.74e-4
Dwight,1.74e-4
Hans,1.74e-4
Harris,1.74e-4
Houston,1.74e-4
Judge,1.74e-4
Omar,1.74e-4
Winfield,1.74e-4
Alan,1.66e-4
Arlie,1.66e-4
Cliff,1.66e-4
Cyril,1.66e-4
Emerson,1.66e-4
Emile,1.66e-4
Haywood,1.66e-4
Lyman,1.66e-4
Rollie,1.66e-4
Wilber,1.66e-4
Zack,1.66e-4
Avery,1.58e-4
Axel,1.58e-4
Buford,1.58e-4
Carlos,1.58e-4
Dean,1.58e-4
Eric,1.58e-4
Francisco,1.58e-4
General,1.58e-4
Gust,1.58e-4
Hal,1.58e-4
Lenard,1.58e-4
Lucious,1.58e-4
Nels,1.58e-4
Ole,1.58e-4
Sandy,1.58e-4
Stuart,1.58e-4
Tommy,1.58e-4
Verne,1.58e-4
Waldo,1.58e-4
Addison,1.5e-4
Cleo,1.5e-4
Coy,1.5e-4
Elmore,1.5e-4
Elza,1.5e-4
Florence,1.5e-4
Garrett,1.5e-4
Gustav,1.5e-4
Isadore,1.5e-4
Jean,1.5e-4
Lionel,1.5e-4
Mason,1.5e-4
Maynard,1.5e-4
Melville,1.5e-4
Olin,1.5e-4
Reed,1.5e-4
Rodney,1.5e-4
Roman,1.5e-4
Ruby,1.5e-4
Washington,1.5e-4
Abram,1.42e-4
Adrian,1.42e-4
Anna,1.42e-4
Benjiman,1.42e-4
Berry,1.42e-4
Hardy,1.42e-4
Ivy,1.42e-4
Lige,1.42e-4
Milo,1.42e-4
Norbert,1.42e-4
Prince,1.42e-4
Russel,1.42e-4
Seth,1.42e-4
Wilford,1.42e-4
Wylie,1.42e-4
Carey,1.34e-4
Christ,1.34e-4
Delmar,1.34e-4
Elizabeth,1.34e-4
Green,1.34e-4
Helen,1.34e-4
Jesus,1.34e-4
Jules,1.34e-4
Noel,1.34e-4
Thurman,1.34e-4
Abner,1.26e-4
Adelard,1.26e-4
Alma,1.26e-4
Artie,1.26e-4
Buster,1.26e-4
Chas,1.26e-4
Cleve,1.26e-4
Connie,1.26e-4
Dorsey,1.26e-4
Elton,1.26e-4
Emmitt,1.26e-4
Esther,1.26e-4
Frances,1.26e-4
Hezekiah,1.26e-4
Hobart,1.26e-4
Howell,1.26e-4
Ivory,1.26e-4
Lonzo,1.26e-4
Miguel,1.26e-4
Obie,1.26e-4
Pablo,1.26e-4
Raleigh,1.26e-4
Sammie,1.26e-4
Shelby,1.26e-4
Smith,1.26e-4
Steven,1.26e-4
Vivian,1.26e-4
Webster,1.26e-4
Angus,1.18e-4
Annie,1.18e-4
Arch,1.18e-4
Clint,1.18e-4
Dominick,1.18e-4
Ethel,1.18e-4
Evert,1.18e-4
Fritz,1.18e-4
Garfield,1.18e-4
Guss,1.18e-4
Hamilton,1.18e-4
Harmon,1.18e-4
Israel,1.18e-4
Levy,1.18e-4
Logan,1.18e-4
Lucian,1.18e-4
Ludwig,1.18e-4
Madison,1.18e-4
Milford,1.18e-4
Otho,1.18e-4
Parker,1.18e-4
Phil,1.18e-4
Pink,1.18e-4
Rupert,1.18e-4
Talmage,1.18e-4
Tim,1.18e-4
Truman,1.18e-4
Albin,1.11e-4
Alvah,1.11e-4
Bernie,1.11e-4
Bruno,1.11e-4
Casper,1.11e-4
Davis,1.11e-4
Duncan,1.11e-4
Eldridge,1.11e-4
Evans,1.11e-4
Frederic,1.11e-4
Gabriel,1.11e-4
Gerard,1.11e-4
Graham,1.11e-4
Jule,1.11e-4
Mathias,1.11e-4
Merritt,1.11e-4
Mervin,1.11e-4
Norris,1.11e-4
Odie,1.11e-4
Orval,1.11e-4
Otha,1.11e-4
Pierce,1.11e-4
Theo,1.11e-4
Wm,1.11e-4
Alvis,1.03e-4
Angelo,1.03e-4
Bertha,1.03e-4
Billie,1.03e-4
Ernst,1.03e-4
Evan,1.03e-4
Gail,1.03e-4
Hazel,1.03e-4
Heber,1.03e-4
Johnson,1.03e-4
Lem,1.03e-4
Leopold,1.03e-4
Linwood,1.03e-4
Lucien,1.03e-4
Maxwell,1.03e-4
Newman,1.03e-4
Oral,1.03e-4
Orlando,1.03e-4
Oswald,1.03e-4
Palmer,1.03e-4
Paris,1.03e-4
Ransom,1.03e-4
Rogers,1.03e-4
Santiago,1.03e-4
Saul,1.03e-4
Terry,1.03e-4
Turner,1.03e-4
Warner,1.03e-4
Winfred,1.03e-4
Bonnie,9.5e-5
Buck,9.5e-5
Cal,9.5e-5
Coleman,9.5e-5
Dana,9.5e-5
Denis,9.5e-5
Denver,9.5e-5
Emma,9.5e-5
Gary,9.5e-5
Gaston,9.5e-5
Gertrude,9.5e-5
Hallie,9.5e-5
Harlan,9.5e-5
Harper,9.5e-5
Hosea,9.5e-5
Hoyt,9.5e-5
Hyman,9.5e-5
Jimmy,9.5e-5
Lacy,9.5e-5
Lillian,9.5e-5
Lonie,9.5e-5
Mahlon,9.5e-5
Merton,9.5e-5
Meyer,9.5e-5
Myrtle,9.5e-5
Olen,9.5e-5
Oran,9.5e-5
Roosevelt,9.5e-5
Thornton,9.5e-5
Tillman,9.5e-5
Watson,9.5e-5
Benton,8.7e-5
Billy,8.7e-5
Bradford,8.7e-5
Brady,8.7e-5
Cary,8.7e-5
Clara,8.7e-5
Colonel,8.7e-5
Corbett,8.7e-5
Crawford,8.7e-5
Dalton,8.7e-5
Egbert,8.7e-5
Fate,8.7e-5
Golden,8.7e-5
Isom,8.7e-5
Issac,8.7e-5
Jewel,8.7e-5
Jewell,8.7e-5
Lambert,8.7e-5
Lindsay,8.7e-5
Lindsey,8.7e-5
Mattie,8.7e-5
Murphy,8.7e-5
Murry,8.7e-5
Nat,8.7e-5
Olaf,8.7e-5
Orrin,8.7e-5
Ottis,8.7e-5
Quincy,8.7e-5
Rafael,8.7e-5
Reid,8.7e-5
Roe,8.7e-5
Seymour,8.7e-5
Sim,8.7e-5
Simeon,8.7e-5
Son,8.7e-5
Talmadge,8.7e-5
Thad,8.7e-5
Theron,8.7e-5
Tracy,8.7e-5
Vernie,8.7e-5
Walton,8.7e-5
West,8.7e-5
Wyatt,8.7e-5
Zeb,8.7e-5
Zollie,8.7e-5
Alfonso,7.9e-5
Alfredo,7.9e-5
Armand,7.9e-5
Aron,7.9e-5
Ashley,7.9e-5
Bailey,7.9e-5
Bart,7.9e-5
Benny,7.9e-5
Bishop,7.9e-5
Brooks,7.9e-5
Byrd,7.9e-5
Caleb,7.9e-5
Carleton,7.9e-5
Carlyle,7.9e-5
Carson,7.9e-5
Cletus,7.9e-5
Cloyd,7.9e-5
Collie,7.9e-5
Dayton,7.9e-5
Dominic,7.9e-5
Earlie,7.9e-5
Elie,7.9e-5
Ely,7.9e-5
Elzie,7.9e-5
Enos,7.9e-5
Enrique,7.9e-5
Ephraim,7.9e-5
Ewing,7.9e-5
Finis,7.9e-5
Geo,7.9e-5
Godfrey,7.9e-5
Harland,7.9e-5
Hartley,7.9e-5
Hayward,7.9e-5
Helmer,7.9e-5
Henery,7.9e-5
Ida,7.9e-5
Isham,7.9e-5
Jodie,7.9e-5
Jonathan,7.9e-5
June,7.9e-5
Lamar,7.9e-5
Larkin,7.9e-5
Llewellyn,7.9e-5
Louise,7.9e-5
Mat,7.9e-5
Merlin,7.9e-5
Miller,7.9e-5
Mitchel,7.9e-5
Richmond,7.9e-5
Sampson,7.9e-5
Travis,7.9e-5
Virgle,7.9e-5
Williams,7.9e-5
Acie,7.1e-5
Ada,7.1e-5
Alta,7.1e-5
Ansel,7.1e-5
Bennett,7.1e-5
Bertie,7.1e-5
Burley,7.1e-5
Butler,7.1e-5
Carter,7.1e-5
Clarance,7.1e-5
Clare,7.1e-5
Cora,7.1e-5
Doc,7.1e-5
Eldon,7.1e-5
Ellwood,7.1e-5
Elsie,7.1e-5
Emmit,7.1e-5
Essie,7.1e-5
Everette,7.1e-5
Ezekiel,7.1e-5
Fenton,7.1e-5
Grace,7.1e-5
Gregory,7.1e-5
Hamp,7.1e-5
Hershel,7.1e-5
Hubbard,7.1e-5
Isreal,7.1e-5
Ivey,7.1e-5
Jennings,7.1e-5
Joesph,7.1e-5
Jonnie,7.1e-5
Lawerence,7.1e-5
Lawson,7.1e-5
Leander,7.1e-5
Lew,7.1e-5
Lou,7.1e-5
Loy,7.1e-5
Luis,7.1e-5
Margaret,7.1e-5
Marie,7.1e-5
Martha,7.1e-5
Minnie,7.1e-5
Nellie,7.1e-5
Orie,7.1e-5
Orlo,7.1e-5
Pleas,7.1e-5
Raphael,7.1e-5
Rolla,7.1e-5
Rolland,7.1e-5
Rollin,7.1e-5
Tobe,7.1e-5
Unknown,7.1e-5
Wash,7.1e-5
Waverly,7.1e-5
Wilburn,7.1e-5
Wilton,7.1e-5
Alden,6.3e-5
Alice,6.3e-5
Allison,6.3e-5
Alpheus,6.3e-5
Alphonsus,6.3e-5
Alto,6.3e-5
Andres,6.3e-5
Antone,6.3e-5
Augusta,6.3e-5
Belton,6.3e-5
Benedict,6.3e-5
Blaine,6.3e-5
Burl,6.3e-5
Curley,6.3e-5
Damon,6.3e-5
Dell,6.3e-5
Delos,6.3e-5
Dexter,6.3e-5
Einar,6.3e-5
Elder,6.3e-5
Eliga,6.3e-5
Elwin,6.3e-5
Ephriam,6.3e-5
Felipe,6.3e-5
Ferd,6.3e-5
Ford,6.3e-5
French,6.3e-5
Gabe,6.3e-5
Galen,6.3e-5
Garnett,6.3e-5
Giles,6.3e-5
Hattie,6.3e-5
Hayes,6.3e-5
Hilton,6.3e-5
Hobert,6.3e-5
Hosie,6.3e-5
Hurley,6.3e-5
Ignatius,6.3e-5
Irl,6.3e-5
Isidore,6.3e-5
Jones,6.3e-5
Junious,6.3e-5
Kirby,6.3e-5
Leigh,6.3e-5
Lillie,6.3e-5
Maxie,6.3e-5
Mayo,6.3e-5
Melton,6.3e-5
Micheal,6.3e-5
Mont,6.3e-5
Montie,6.3e-5
Mortimer,6.3e-5
Myles,6.3e-5
Newell,6.3e-5
Nolan,6.3e-5
Ocie,6.3e-5
Okey,6.3e-5
Orion,6.3e-5
Osie,6.3e-5
Rae,6.3e-5
Randall,6.3e-5
Reese,6.3e-5
Rocco,6.3e-5
Rose,6.3e-5
Salvatore,6.3e-5
Sarah,6.3e-5
Sebastian,6.3e-5
Shellie,6.3e-5
Sheridan,6.3e-5
Sid,6.3e-5
Sigurd,6.3e-5
Spurgeon,6.3e-5
Thompson,6.3e-5
Vester,6.3e-5
Vicente,6.3e-5
Worth,6.3e-5
Young,6.3e-5
Addie,5.5e-5
Adelbert,5.5e-5
Alford,5.5e-5
Alonza,5.5e-5
Alvie,5.5e-5
Arley,5.5e-5
Art,5.5e-5
Arvil,5.5e-5
Augustine,5.5e-5
Bartholomew,5.5e-5
Baxter,5.5e-5
Bee,5.5e-5
Benjaman,5.5e-5
Bessie,5.5e-5
Blair,5.5e-5
Brown,5.5e-5
Bryant,5.5e-5
Burrell,5.5e-5
Cameron,5.5e-5
Casimer,5.5e-5
Chalmers,5.5e-5
Christy,5.5e-5
Clemens,5.5e-5
Clive,5.5e-5
Coley,5.5e-5
Collins,5.5e-5
Courtney,5.5e-5
Cullen,5.5e-5
Danial,5.5e-5
Dannie,5.5e-5
Doctor,5.5e-5
Doyle,5.5e-5
Duke,5.5e-5
Eben,5.5e-5
Edmon,5.5e-5
Effie,5.5e-5
Eldred,5.5e-5
Eligah,5.5e-5
Ellie,5.5e-5
Elliot,5.5e-5
Elroy,5.5e-5
Elwyn,5.5e-5
Elzy,5.5e-5
Emilio,5.5e-5
Encarnacion,5.5e-5
Ernie,5.5e-5
Estel,5.5e-5
Evander,5.5e-5
Ewell,5.5e-5
Gaither,5.5e-5
Gerhard,5.5e-5
Gottlieb,5.5e-5
Grafton,5.5e-5
Guthrie,5.5e-5
Hampton,5.5e-5
Harlow,5.5e-5
Hayden,5.5e-5
Hector,5.5e-5
Horton,5.5e-5
Hosteen,5.5e-5
Hunter,5.5e-5
Huston,5.5e-5
Jacques,5.5e-5
Jettie,5.5e-5
Jonah,5.5e-5
Josiah,5.5e-5
Kyle,5.5e-5
Lannie,5.5e-5
Lea,5.5e-5
Lennie,5.5e-5
Leonce,5.5e-5
Loran,5.5e-5
Lucy,5.5e-5
Lum,5.5e-5
Mamie,5.5e-5
Minor,5.5e-5
Moe,5.5e-5
Nestor,5.5e-5
Norval,5.5e-5
Norwood,5.5e-5
Oakley,5.5e-5
Odell,5.5e-5
Odis,5.5e-5
Orin,5.5e-5
Orland,5.5e-5
Orson,5.5e-5
Ovila,5.5e-5
Park,5.5e-5
Pierre,5.5e-5
Pinkney,5.5e-5
Price,5.5e-5
Reynold,5.5e-5
Reynolds,5.5e-5
Royce,5.5e-5
Rubin,5.5e-5
Ruth,5.5e-5
Shelley,5.5e-5
Susie,5.5e-5
Toy,5.5e-5
True,5.5e-5
Urban,5.5e-5
Vaughn,5.5e-5
Willam,5.5e-5
Winford,5.5e-5
Winston,5.5e-5
Woodie,5.5e-5
Zeke,5.5e-5
Abel,4.7e-5
Alf,4.7e-5
Alois,4.7e-5
Alwin,4.7e-5
Anson,4.7e-5
Arvel,4.7e-5
Ashby,4.7e-5
Asher,4.7e-5
Audie,4.7e-5
Barnie,4.7e-5
Bedford,4.7e-5
Benson,4.7e-5
Bernardo,4.7e-5
Bernice,4.7e-5
Burnie,4.7e-5
Burns,4.7e-5
Carlie,4.7e-5
Carol,4.7e-5
Casimir,4.7e-5
Cassius,4.7e-5
Cephus,4.7e-5
Chalmer,4.7e-5
