name,percent
John,0.063051
William,0.060022
James,0.040337
George,0.033203
Charles,0.028198
Joseph,0.023643
Frank,0.02204
Robert,0.021063
Edward,0.017787
Henry,0.016911
Harry,0.016199
Thomas,0.016183
Walter,0.015625
Arthur,0.014107
Albert,0.011109
Fred,0.010791
Clarence,0.009714
Willie,0.008459
Roy,0.007956
Paul,0.007468
Earl,0.00691
Louis,0.006747
Harold,0.006678
Raymond,0.006662
Carl,0.0066
Richard,0.006453
Joe,0.005942
David,0.005926
Ernest,0.005919
Ralph,0.005779
Samuel,0.005686
Charlie,0.005531
Howard,0.005245
Herbert,0.004919
Jesse,0.00454
Elmer,0.004462
Andrew,0.004385
Daniel,0.004346
Francis,0.004268
Jack,0.004176
Oscar,0.004176
Alfred,0.004083
Sam,0.004013
Will,0.003935
Eugene,0.003928
Lawrence,0.003866
Leo,0.00385
Lee,0.003525
Herman,0.003308
Ray,0.0033
Benjamin,0.003223
Michael,0.003122
Peter,0.003114
Claude,0.003083
Floyd,0.003068
Lewis,0.00299
Frederick,0.002952
Clyde,0.002882
Leonard,0.002727
Edwin,0.002719
Martin,0.002657
Tom,0.002626
Chester,0.002549
Russell,0.002533
Lester,0.002463
Clifford,0.002409
Lloyd,0.002386
Edgar,0.002371
Ben,0.002316
Harvey,0.002262
Jim,0.002177
Leroy,0.002154
Anthony,0.002138
Luther,0.002053
Hugh,0.002037
Eddie,0.00203
Guy,0.00203
Stanley,0.002006
Homer,0.001999
Otto,0.001937
Ed,0.001906
Bernard,0.001867
Jacob,0.001867
Theodore,0.001867
Leslie,0.001836
Leon,0.00182
Alexander,0.001797
Archie,0.001782
Jessie,0.001774
Everett,0.001735
Allen,0.001697
Philip,0.001689
Patrick,0.001658
Donald,0.001635
Horace,0.00158
Victor,0.001557
Cecil,0.001549
Milton,0.001503
Oliver,0.001503
Isaac,0.00148
Ira,0.001472
Alvin,0.001418
August,0.001394
Norman,0.001379
Sidney,0.001363
Kenneth,0.001356
Glenn,0.001348
Julius,0.001348
Bert,0.00134
Marion,0.001332
Charley,0.001301
Alex,0.001278
Stephen,0.00127
Lonnie,0.001232
Melvin,0.001232
Bryan,0.001216
Percy,0.001216
Willard,0.001178
Mack,0.001147
Max,0.001123
Rufus,0.001123
Wesley,0.001123
Willis,0.001123
Earnest,0.001116
Emil,0.001108
Virgil,0.001069
Morris,0.001054
Hobart,0.001046
Dan,0.00103
Wallace,0.001007
Gilbert,9.99e-4
Vernon,9.99e-4
Maurice,9.84e-4
Warren,9.68e-4
Otis,9.61e-4
Matthew,9.53e-4
Mckinley,9.37e-4
Mark,0.00093000000000000005
Wilbur,0.00093000000000000005
Hubert,9.22e-4
Dave,9.14e-4
Marshall,9.14e-4
Gordon,9.06e-4
Johnnie,8.99e-4
Emmett,8.75e-4
Glen,8.75e-4
Vincent,8.68e-4
Perry,8.6e-4
Amos,8.52e-4
Edmund,8.52e-4
Nathan,8.52e-4
Sylvester,8.52e-4
Abraham,8.44e-4
Rudolph,8.37e-4
Curtis,8.29e-4
Ellis,8.21e-4
Nicholas,8.21e-4
Jose,8.06e-4
Manuel,8.06e-4
Arnold,7.9e-4
Clayton,7.9e-4
Sherman,7.75e-4
Calvin,7.59e-4
Adam,7.44e-4
Bennie,7.44e-4
Elbert,7.44e-4
Franklin,7.44e-4
Clifton,7.36e-4
Gerald,7.36e-4
Gus,7.36e-4
Jerry,7.28e-4
Steve,7.28e-4
Adolph,7.2e-4
Clinton,7.2e-4
Marvin,7.2e-4
Ollie,7.2e-4
Roland,7.13e-4
Claud,6.97e-4
Dennis,6.97e-4
Jasper,6.97e-4
Reuben,6.97e-4
Alonzo,6.89e-4
Orville,6.89e-4
Phillip,6.89e-4
Jake,6.82e-4
Elijah,6.74e-4
Forrest,6.74e-4
Irving,6.74e-4
Jess,6.74e-4
Bill,6.66e-4
Nelson,6.66e-4
Cornelius,6.58e-4
Mike,6.58e-4
Simon,6.58e-4
Roscoe,6.51e-4
Felix,6.43e-4
Owen,6.43e-4
Ross,6.43e-4
Moses,6.27e-4
Harrison,6.12e-4
Irvin,6.12e-4
Jay,6.04e-4
Jerome,5.89e-4
Johnie,5.81e-4
Grover,5.73e-4
Christopher,5.66e-4
Nathaniel,5.66e-4
Wilson,5.66e-4
Douglas,5.58e-4
Ivan,5.58e-4
Timothy,5.58e-4
Dock,5.5e-4
Grant,5.5e-4
Wilfred,5.5e-4
Roger,5.42e-4
Aaron,5.35e-4
Bruce,5.35e-4
Noah,5.35e-4
Alva,5.27e-4
Levi,5.27e-4
Don,5.11e-4
Harley,4.96e-4
Millard,4.96e-4
Dewey,4.88e-4
Juan,4.88e-4
Monroe,4.88e-4
Pete,4.88e-4
Silas,4.88e-4
Wade,4.88e-4
Austin,4.8e-4
Jeff,4.8e-4
Wiley,4.8e-4
Leland,4.73e-4
Karl,4.65e-4
Byron,4.57e-4
Laurence,4.57e-4
Barney,4.49e-4
Clark,4.49e-4
Edmond,4.49e-4
Grady,4.42e-4
Julian,4.42e-4
Mary,4.42e-4
Cleveland,4.34e-4
Loyd,4.34e-4
Tony,4.34e-4
Ervin,4.26e-4
Wayne,4.26e-4
Ike,4.18e-4
Augustus,4.11e-4
Chris,4.11e-4
Earle,4.11e-4
Preston,4.11e-4
Emanuel,4.03e-4
Abe,3.95e-4
Aubrey,3.87e-4
Carroll,3.87e-4
Erwin,3.87e-4
Forest,3.87e-4
Ruben,3.8e-4
Fredrick,3.72e-4
Malcolm,3.72e-4
Hobert,3.64e-4
Neil,3.64e-4
Anton,3.56e-4
Delbert,3.56e-4
Emory,3.56e-4
Garrett,3.56e-4
Hiram,3.56e-4
Jimmie,3.56e-4
Andy,3.49e-4
Bob,3.49e-4
Ezra,3.49e-4
Louie,3.49e-4
Luke,3.49e-4
Mose,3.49e-4
Tommie,3.49e-4
Merle,3.41e-4
Solomon,3.41e-4
Eli,3.33e-4
Foster,3.33e-4
Jeremiah,3.33e-4
Ambrose,3.25e-4
Burton,3.25e-4
Conrad,3.25e-4
Major,3.25e-4
Miles,3.25e-4
Ora,3.25e-4
Emery,3.18e-4
Ward,3.18e-4
Ferdinand,3.1e-4
Jennings,3.1e-4
Mathew,3.1e-4
Pedro,3.1e-4
Walker,3.1e-4
Wilbert,3.1e-4
Anderson,3.02e-4
Edd,3.02e-4
Gustave,3.02e-4
Marcus,3.02e-4
Riley,3.02e-4
Columbus,2.94e-4
Johnny,2.94e-4
Larry,2.94e-4
Lon,2.94e-4
Omer,2.94e-4
Cyril,2.87e-4
Joel,2.87e-4
Lynn,2.87e-4
Mitchell,2.87e-4
Pearl,2.87e-4
Van,2.87e-4
Christian,2.79e-4
Dale,2.79e-4
Vern,2.79e-4
Antonio,2.71e-4
Bud,2.71e-4
Elwood,2.71e-4
General,2.71e-4
Lorenzo,2.71e-4
Lyle,2.71e-4
Neal,2.71e-4
Rex,2.71e-4
Allan,2.63e-4
Basil,2.63e-4
Boyd,2.63e-4
Emile,2.63e-4
Ned,2.63e-4
Newton,2.63e-4
Clair,2.56e-4
Gustav,2.56e-4
Asa,2.48e-4
Clement,2.48e-4
Jackson,2.48e-4
Loren,2.48e-4
Taylor,2.48e-4
Troy,2.48e-4
Ulysses,2.48e-4
Allie,2.4e-4
Alton,2.4e-4
Carlton,2.4e-4
Dewitt,2.4e-4
Ellsworth,2.4e-4
Fletcher,2.4e-4
Hugo,2.4e-4
Isiah,2.4e-4
Junius,2.4e-4
Milo,2.4e-4
Murray,2.4e-4
Myron,2.4e-4
Nick,2.4e-4
Scott,2.4e-4
Carlos,2.32e-4
Clay,2.32e-4
Joshua,2.32e-4
Reginald,2.32e-4
Ted,2.32e-4
Dallas,2.25e-4
Enoch,2.25e-4
Gene,2.25e-4
Herschel,2.25e-4
Houston,2.25e-4
Lowell,2.25e-4
Dwight,2.17e-4
Elias,2.17e-4
Matt,2.17e-4
Spencer,2.17e-4
Al,2.09e-4
Clem,2.09e-4
Cleo,2.09e-4
Dick,2.09e-4
Dudley,2.09e-4
Francisco,2.09e-4
Harris,2.09e-4
Irwin,2.09e-4
Israel,2.09e-4
Jean,2.09e-4
Lucius,2.09e-4
Pat,2.09e-4
Stewart,2.09e-4
Alphonse,2.01e-4
Bryant,2.01e-4
Clint,2.01e-4
Olin,2.01e-4
Porter,2.01e-4
Prince,2.01e-4
Royal,2.01e-4
Russel,2.01e-4
Aloysius,1.94e-4
Elliott,1.94e-4
Eric,1.94e-4
Freeman,1.94e-4
Green,1.94e-4
Isadore,1.94e-4
Morgan,1.94e-4
Sanford,1.94e-4
Sol,1.94e-4
Verne,1.94e-4
Warner,1.94e-4
Wm,1.94e-4
Bradley,1.86e-4
Dee,1.86e-4
Elmore,1.86e-4
King,1.86e-4
Noble,1.86e-4
Randolph,1.86e-4
Ronald,1.86e-4
Watson,1.86e-4
Casper,1.78e-4
Elisha,1.78e-4
Elmo,1.78e-4
Garland,1.78e-4
Jefferson,1.78e-4
Josh,1.78e-4
Lyman,1.78e-4
Merrill,1.78e-4
Otho,1.78e-4
Adrian,1.7e-4
Benjiman,1.7e-4
Cyrus,1.7e-4
Isaiah,1.7e-4
Napoleon,1.7e-4
Turner,1.7e-4
Wilmer,1.7e-4
Adolphus,1.63e-4
Buster,1.63e-4
Cary,1.63e-4
Davis,1.63e-4
Elvin,1.63e-4
Emmet,1.63e-4
Fay,1.63e-4
Gust,1.63e-4
Jesus,1.63e-4
Jonas,1.63e-4
Nels,1.63e-4
Otha,1.63e-4
Sterling,1.63e-4
Winfield,1.63e-4
Arlie,1.55e-4
Avery,1.55e-4
Berry,1.55e-4
Bishop,1.55e-4
Chauncey,1.55e-4
Crawford,1.55e-4
Dorsey,1.55e-4
Emerson,1.55e-4
Evans,1.55e-4
Garfield,1.55e-4
Granville,1.55e-4
Hardy,1.55e-4
Johnson,1.55e-4
Lemuel,1.55e-4
Lige,1.55e-4
Lionel,1.55e-4
Price,1.55e-4
Rolland,1.55e-4
Rupert,1.55e-4
Stuart,1.55e-4
Terry,1.55e-4
Truman,1.55e-4
Wilber,1.55e-4
Wyatt,1.55e-4
Abram,1.47e-4
Arch,1.47e-4
Arther,1.47e-4
Benton,1.47e-4
Buck,1.47e-4
Clare,1.47e-4
Early,1.47e-4
Elza,1.47e-4
Frances,1.47e-4
Freddie,1.47e-4
Hal,1.47e-4
Lucian,1.47e-4
Maynard,1.47e-4
Milford,1.47e-4
Ole,1.47e-4
Orval,1.47e-4
Ramon,1.47e-4
Tomas,1.47e-4
Valentine,1.47e-4
Albin,1.39e-4
Allison,1.39e-4
Alma,1.39e-4
Bennett,1.39e-4
Chas,1.39e-4
Clarance,1.39e-4
Coleman,1.39e-4
Gabriel,1.39e-4
Hallie,1.39e-4
Jonathan,1.39e-4
Mahlon,1.39e-4
Mason,1.39e-4
Morton,1.39e-4
Ruby,1.39e-4
Sim,1.39e-4
Vance,1.39e-4
Vivian,1.39e-4
Wendell,1.39e-4
Wilford,1.39e-4
Abner,1.32e-4
Alvah,1.32e-4
Anna,1.32e-4
Archibald,1.32e-4
Aron,1.32e-4
Buford,1.32e-4
Cleve,1.32e-4
Dean,1.32e-4
Elton,1.32e-4
Frederic,1.32e-4
Haywood,1.32e-4
Justin,1.32e-4
Lacy,1.32e-4
Merton,1.32e-4
Phil,1.32e-4
Raleigh,1.32e-4
Steven,1.32e-4
Tommy,1.32e-4
Adelbert,1.24e-4
Benny,1.24e-4
Bertrand,1.24e-4
Ezekiel,1.24e-4
Hans,1.24e-4
Henderson,1.24e-4
Hilliard,1.24e-4
Jules,1.24e-4
Lem,1.24e-4
Maxwell,1.24e-4
Odie,1.24e-4
Olen,1.24e-4
Orion,1.24e-4
Parker,1.24e-4
Reed,1.24e-4
Sydney,1.24e-4
Abel,1.16e-4
Alvie,1.16e-4
Axel,1.16e-4
Blaine,1.16e-4
Burl,1.16e-4
Carey,1.16e-4
Dominick,1.16e-4
Florence,1.16e-4
Fritz,1.16e-4
Hunter,1.16e-4
Jewell,1.16e-4
Judson,1.16e-4
Linwood,1.16e-4
Logan,1.16e-4
Rolla,1.16e-4
Roman,1.16e-4
Webster,1.16e-4
Addison,1.08e-4
Alfonso,1.08e-4
Angus,1.08e-4
Bertram,1.08e-4
Billie,1.08e-4
Cicero,1.08e-4
Clara,1.08e-4
Dominic,1.08e-4
Duncan,1.08e-4
Earley,1.08e-4
Eldon,1.08e-4
Elzie,1.08e-4
Emmitt,1.08e-4
Ernie,1.08e-4
Evan,1.08e-4
Hayes,1.08e-4
Henery,1.08e-4
Hosea,1.08e-4
Jimmy,1.08e-4
Judge,1.08e-4
June,1.08e-4
Keith,1.08e-4
Kelly,1.08e-4
Lafayette,1.08e-4
Lonzo,1.08e-4
Lucien,1.08e-4
Luis,1.08e-4
Madison,1.08e-4
Merritt,1.08e-4
Meyer,1.08e-4
Minnie,1.08e-4
Ransom,1.08e-4
Rodney,1.08e-4
Rollie,1.08e-4
Rowland,1.08e-4
Shelby,1.08e-4
Tim,1.08e-4
Waldo,1.08e-4
Washington,1.08e-4
Wilburn,1.08e-4
Zack,1.08e-4
Addie,1.01e-4
Alan,1.01e-4
Alice,1.01e-4
Alphonso,1.01e-4
Angelo,1.01e-4
Antone,1.01e-4
Bradford,1.01e-4
Brady,1.01e-4
Bruno,1.01e-4
Caleb,1.01e-4
Carter,1.01e-4
Cliff,1.01e-4
Coy,1.01e-4
Everette,1.01e-4
Gary,1.01e-4
Geo,1.01e-4
Hezekiah,1.01e-4
Jewel,1.01e-4
Jodie,1.01e-4
Leander,1.01e-4
Len,1.01e-4
Lenard,1.01e-4
Lincoln,1.01e-4
Lindsey,1.01e-4
Louise,1.01e-4
Lucious,1.01e-4
Mortimer,1.01e-4
Murry,1.01e-4
Myrtle,1.01e-4
Norris,1.01e-4
Obie,1.01e-4
Olaf,1.01e-4
Oren,1.01e-4
Orin,1.01e-4
Oswald,1.01e-4
Park,1.01e-4
Pink,1.01e-4
Rocco,1.01e-4
Rube,1.01e-4
Rubin,1.01e-4
Sandy,1.01e-4
Seymour,1.01e-4
Smith,1.01e-4
Thad,1.01e-4
Tillman,1.01e-4
Vernie,1.01e-4
Weldon,1.01e-4
Wylie,1.01e-4
Zeb,1.01e-4
Alec,9.3e-5
Alvis,9.3e-5
Art,9.3e-5
Arvid,9.3e-5
Benedict,9.3e-5
Bertha,9.3e-5
Bessie,9.3e-5
Brown,9.3e-5
Burt,9.3e-5
Erastus,9.3e-5
Ethel,9.3e-5
Fate,9.3e-5
Harlan,9.3e-5
Heber,9.3e-5
Hector,9.3e-5
Hyman,9.3e-5
Josiah,9.3e-5
Lawson,9.3e-5
Ludwig,9.3e-5
Mac,9.3e-5
Maxie,9.3e-5
Noel,9.3e-5
Norbert,9.3e-5
Okey,9.3e-5
Ottis,9.3e-5
Palmer,9.3e-5
Ruth,9.3e-5
Sammie,9.3e-5
Shirley,9.3e-5
Theo,9.3e-5
Vergil,9.3e-5
Vester,9.3e-5
Winston,9.3e-5
Augustine,8.5e-5
Bart,8.5e-5
Blair,8.5e-5
Bonnie,8.5e-5
Buddy,8.5e-5
Butler,8.5e-5
Claire,8.5e-5
Cletus,8.5e-5
Curley,8.5e-5
Dell,8.5e-5
Donnie,8.5e-5
Eldridge,8.5e-5
Elie,8.5e-5
Elizabeth,8.5e-5
Emma,8.5e-5
Evert,8.5e-5
Ford,8.5e-5
Grace,8.5e-5
Guss,8.5e-5
Harmon,8.5e-5
Hazel,8.5e-5
Hazen,8.5e-5
Hershel,8.5e-5
Hollis,8.5e-5
Hoyt,8.5e-5
Hurley,8.5e-5
Ignatius,8.5e-5
Isom,8.5e-5
Jones,8.5e-5
Junior,8.5e-5
Levy,8.5e-5
Lew,8.5e-5
Lillian,8.5e-5
Melville,8.5e-5
Minor,8.5e-5
Oakley,8.5e-5
Omar,8.5e-5
Oran,8.5e-5
Orie,8.5e-5
Pablo,8.5e-5
Rene,8.5e-5
Rollin,8.5e-5
Saul,8.5e-5
Seth,8.5e-5
Sigmund,8.5e-5
Simpson,8.5e-5
Tracy,8.5e-5
West,8.5e-5
Alden,7.7e-5
Alfredo,7.7e-5
Alonza,7.7e-5
Antoine,7.7e-5
Armand,7.7e-5
Ashby,7.7e-5
Ashley,7.7e-5
Authur,7.7e-5
Bascom,7.7e-5
Baxter,7.7e-5
Connie,7.7e-5
Corbett,7.7e-5
Cornelious,7.7e-5
Dana,7.7e-5
Denis,7.7e-5
Dolphus,7.7e-5
Earlie,7.7e-5
Edith,7.7e-5
Ennis,7.7e-5
Enrique,7.7e-5
Erick,7.7e-5
Felipe,7.7e-5
Fleming,7.7e-5
Furman,7.7e-5
Gaston,7.7e-5
Gerard,7.7e-5
Gregory,7.7e-5
Helen,7.7e-5
Ignacio,7.7e-5
Isidore,7.7e-5
Issac,7.7e-5
Ivory,7.7e-5
Ivy,7.7e-5
Jordan,7.7e-5
Kirby,7.7e-5
Llewellyn,7.7e-5
Lonie,7.7e-5
Lou,7.7e-5
Micheal,7.7e-5
Mont,7.7e-5
Ocie,7.7e-5
Odis,7.7e-5
Pierce,7.7e-5
Randall,7.7e-5
Reinhold,7.7e-5
Richmond,7.7e-5
Rose,7.7e-5
Royce,7.7e-5
Saint,7.7e-5
Sanders,7.7e-5
Silver,7.7e-5
Soloman,7.7e-5
Thurman,7.7e-5
Travis,7.7e-5
Westley,7.7e-5
Willam,7.7e-5
Alf,7e-5
Arley,7e-5
Artie,7e-5
Bee,7e-5
Bernice,7e-5
Billy,7e-5
Burrell,7e-5
Christ,7e-5
Delmar,7e-5
Eldred,7e-5
Ellie,7e-5
Ely,7e-5
Ephriam,7e-5
Ernst,7e-5
Ethan,7e-5
Eugenio,7e-5
Gail,7e-5
Garnett,7e-5
Godfrey,7e-5
Gregorio,7e-5
Hampton,7e-5
Howell,7e-5
Jason,7e-5
Kurt,7e-5
Laverne,7e-5
Lemon,7e-5
Lisle,7e-5
Manley,7e-5
Martha,7e-5
Merl,7e-5
Milburn,7e-5
Mildred,7e-5
Miller,7e-5
Nolan,7e-5
Ola,7e-5
Oral,7e-5
Orrin,7e-5
Raphael,7e-5
Roderick,7e-5
Sigurd,7e-5
Thaddeus,7e-5
Unknown,7e-5
Urban,7e-5
Wayman,7e-5
Webb,7e-5
Weston,7e-5
Williams,7e-5
Winfred,7e-5
Algie,6.2e-5
Arlington,6.2e-5
Asbury,6.2e-5
Bailey,6.2e-5
Bartholomew,6.2e-5
Bertie,6.2e-5
Booker,6.2e-5
Boyce,6.2e-5
Brooks,6.2e-5
Carmen,6.2e-5
Carrie,6.2e-5
Carson,6.2e-5
Casimir,6.2e-5
Chesley,6.2e-5
Courtney,6.2e-5
Doyle,6.2e-5
Edson,6.2e-5
Effie,6.2e-5
Eliga,6.2e-5
Elroy,6.2e-5
Emmit,6.2e-5
Enos,6.2e-5
Finis,6.2e-5
Foy,6.2e-5
Giles,6.2e-5
Glover,6.2e-5
Golden,6.2e-5
Gustaf,6.2e-5
Hall,6.2e-5
Hayden,6.2e-5
Hayward,6.2e-5
Henri,6.2e-5
Hilton,6.2e-5
Hudson,6.2e-5
Huey,6.2e-5
Ivey,6.2e-5
Layton,6.2e-5
Lena,6.2e-5
Leopold,6.2e-5
Little,6.2e-5
Littleton,6.2e-5
Loring,6.2e-5
Loyal,6.2e-5
Lum,6.2e-5
Marcellus,6.2e-5
Margaret,6.2e-5
Mitchel,6.2e-5
Moe,6.2e-5
Newman,6.2e-5
Orlo,6.2e-5
Orris,6.2e-5
Orson,6.2e-5
Ottie,6.2e-5
Pierre,6.2e-5
Press,6.2e-5
Quincy,6.2e-5
Rayford,6.2e-5
Raymon,6.2e-5
Reese,6.2e-5
Roby,6.2e-5
Sheldon,6.2e-5
Sid,6.2e-5
Son,6.2e-5
Terrence,6.2e-5
Thornton,6.2e-5
Tobe,6.2e-5
Verner,6.2e-5
Virgel,6.2e-5
Walton,6.2e-5
Wash,6.2e-5
Waverly,6.2e-5
Wellington,6.2e-5
Wilton,6.2e-5
Wong,6.2e-5
Agnes,5.4e-5
Alford,5.4e-5
Aloys,5.4e-5
Andre,5.4e-5
Ashton,5.4e-5
Audie,5.4e-5
Barton,5.4e-5
Cam,5.4e-5
Cameron,5.4e-5
Carrol,5.4e-5
Cedric,5.4e-5
Chalmer,5.4e-5
Champ,5.4e-5
Clovis,5.4e-5
Cloyd,5.4e-5
Dalton,5.4e-5
Dayton,5.4e-5
Dillard,5.4e-5
Doc,5.4e-5
Eber,5.4e-5
Edison,5.4e-5
Eduardo,5.4e-5
Elden,5.4e-5
Elder,5.4e-5
Ellwood,5.4e-5
Essie,5.4e-5
Estel,5.4e-5
Ferris,5.4e-5
Florian,5.4e-5
Gay,5.4e-5
Hale,5.4e-5
Hamilton,5.4e-5
Haskell,5.4e-5
Hervey,5.4e-5
Hjalmer,5.4e-5
Irven,5.4e-5
Jarvis,5.4e-5
Josephine,5.4e-5
Lamar,5.4e-5
Lawerence,5.4e-5
Leigh,5.4e-5
Linton,5.4e-5
Linus,5.4e-5
Loy,5.4e-5
Lucas,5.4e-5
Marie,5.4e-5
Mattie,5.4e-5
Mervin,5.4e-5
Miguel,5.4e-5
Myles,5.4e-5
Nile,5.4e-5
Norval,5.4e-5
Octave,5.4e-5
Offie,5.4e-5
Olie,5.4e-5
Opal,5.4e-5
Owens,5.4e-5
Paris,5.4e-5
Perley,5.4e-5
Pinkney,5.4e-5
Pleasant,5.4e-5
Posey,5.4e-5
Rafael,5.4e-5
Reid,5.4e-5
Rollo,5.4e-5
Roosevelt,5.4e-5
Rosa,5.4e-5
Rudy,5.4e-5
Sampson,5.4e-5
Seaborn,5.4e-5
Severt,5.4e-5
Shellie,5.4e-5
Solon,5.4e-5
Theadore,5.4e-5
Thompson,5.4e-5
Toney,5.4e-5
Toy,5.4e-5
Wardell,5.4e-5
Wheeler,5.4e-5
Wilfrid,5.4e-5
Willy,5.4e-5
Worth,5.4e-5
Acy,4.6e-5
Almer,4.6e-5
Alpha,4.6e-5
Annie,4.6e-5
Armstead,4.6e-5
Arno,4.6e-5
Arthor,4.6e-5
Bartley,4.6e-5
Benito,4.6e-5
Bernhard,4.6e-5
Boysie,4.6e-5
Brice,4.6e-5
Britton,4.6e-5
Budd,4.6e-5
Buell,4.6e-5
Burnie,4.6e-5
Burr,4.6e-5
Byrd,4.6e-5
Cal,4.6e-5
