name,percent
John,0.061907
William,0.059029
James,0.041925
George,0.033438
Charles,0.027395
Joseph,0.02318
Frank,0.022352
Robert,0.022155
Edward,0.017391
Henry,0.01635
Thomas,0.016243
Walter,0.015538
Harry,0.015415
Arthur,0.013513
Albert,0.011299
Fred,0.010668
Clarence,0.009848
Willie,0.009438
Roy,0.008191
Paul,0.007568
Harold,0.007052
Raymond,0.006863
Louis,0.006814
Earl,0.006797
Carl,0.006789
Joe,0.006543
Ernest,0.006437
Samuel,0.006224
David,0.005986
Charlie,0.005855
Richard,0.005756
Ralph,0.005715
Howard,0.005199
Elmer,0.004813
Herbert,0.004633
Andrew,0.004551
Oscar,0.004452
Jesse,0.004338
Daniel,0.004264
Alfred,0.004206
Lawrence,0.004149
Jack,0.004075
Francis,0.004067
Will,0.004026
Sam,0.003919
Leo,0.003788
Lee,0.003714
Floyd,0.003698
Eugene,0.003665
Herman,0.003378
Peter,0.003255
Ray,0.003247
Edwin,0.003124
Benjamin,0.003099
Lewis,0.003099
Frederick,0.003026
Michael,0.003017
Clyde,0.002944
Claude,0.002829
Martin,0.002558
Leonard,0.002542
Lester,0.002542
Tom,0.002443
Russell,0.002419
Ben,0.002386
Leroy,0.002386
Chester,0.002378
Clifford,0.002337
Edgar,0.002279
Homer,0.002279
Luther,0.002222
Harvey,0.002197
Eddie,0.002156
Lloyd,0.002115
Jim,0.002066
Anthony,0.002042
Stanley,0.001968
Bernard,0.001919
Jessie,0.001919
Otto,0.001919
Leon,0.001878
Allen,0.001853
Leslie,0.00182
Cecil,0.001771
Theodore,0.001763
Hugh,0.001747
Patrick,0.001722
Jacob,0.001673
Philip,0.00164
Ed,0.001624
Norman,0.001615
Donald,0.001599
Guy,0.001599
Stephen,0.001591
Archie,0.001558
Victor,0.001558
Alvin,0.001525
Percy,0.001501
Ira,0.001476
Everett,0.001468
Isaac,0.001435
Oliver,0.001427
Alexander,0.00141
Glenn,0.001402
Kenneth,0.001345
Milton,0.00132
Horace,0.001312
Julius,0.001304
Mack,0.001304
Virgil,0.001304
Dewey,0.001296
Charley,0.001279
Marion,0.001255
Vernon,0.001246
Sidney,0.001222
Earnest,0.001214
Bert,0.001173
Willard,0.001173
Nathan,0.00114
August,0.001123
Warren,0.001123
Marvin,0.001099
Otis,0.001091
Morris,0.001082
Willis,0.001082
Emil,0.001074
Wallace,0.001074
Alex,0.001066
Melvin,0.00105
Johnnie,0.001025
Rufus,0.001017
Hubert,0.001009
Max,0.001
Dave,9.92e-4
Gilbert,9.92e-4
Wesley,9.92e-4
Emmett,9.68e-4
Jerry,9.68e-4
Maurice,9.59e-4
Dan,9.43e-4
Mckinley,9.43e-4
Lonnie,9.35e-4
Vincent,9.18e-4
Sylvester,9.1e-4
Wilbur,9.1e-4
Jess,9.02e-4
Rudolph,8.94e-4
Hobart,8.61e-4
Mark,8.53e-4
Nelson,8.53e-4
Arnold,8.45e-4
Calvin,8.45e-4
Perry,8.45e-4
Curtis,8.36e-4
Jake,8.36e-4
Matthew,8.2e-4
Ellis,8.04e-4
Irving,8.04e-4
Bryan,7.95e-4
Felix,7.95e-4
Bennie,7.87e-4
Dennis,7.87e-4
Edmund,7.87e-4
Elbert,7.79e-4
Amos,7.71e-4
Gerald,7.63e-4
Adolph,7.54e-4
Mike,7.54e-4
Ollie,7.54e-4
Roland,7.54e-4
Cornelius,7.46e-4
Clinton,7.38e-4
Gordon,7.3e-4
Gus,7.3e-4
Adam,7.22e-4
Glen,7.22e-4
Aaron,7.13e-4
Nicholas,7.13e-4
Manuel,7.05e-4
Jose,6.97e-4
Alonzo,6.89e-4
Bill,6.89e-4
Claud,6.89e-4
Jasper,6.81e-4
Orville,6.81e-4
Harley,6.72e-4
Jay,6.72e-4
Marshall,6.72e-4
Phillip,6.72e-4
Reuben,6.72e-4
Forrest,6.64e-4
Simon,6.48e-4
Steve,6.48e-4
Clifton,6.4e-4
Pete,6.23e-4
Clayton,6.15e-4
Irvin,6.15e-4
Roscoe,6.07e-4
Grant,5.9e-4
Johnie,5.82e-4
Ivan,5.74e-4
Moses,5.74e-4
Owen,5.74e-4
Alva,5.66e-4
Harrison,5.66e-4
Laurence,5.66e-4
Dock,5.58e-4
Franklin,5.58e-4
Elijah,5.33e-4
Fredrick,5.33e-4
Mary,5.17e-4
Abraham,5.08e-4
Ross,5.08e-4
Loyd,5e-4
Sherman,5e-4
Hobert,4.92e-4
Jerome,4.92e-4
Leland,4.92e-4
Bruce,4.84e-4
Jeff,4.84e-4
Levi,4.84e-4
Wiley,4.84e-4
Abe,4.76e-4
Barney,4.76e-4
Carroll,4.76e-4
Christopher,4.76e-4
Clark,4.76e-4
Douglas,4.76e-4
Karl,4.76e-4
Monroe,4.76e-4
Noah,4.76e-4
Roger,4.76e-4
Timothy,4.76e-4
Grover,4.59e-4
Ervin,4.51e-4
Austin,4.43e-4
Tony,4.43e-4
Bob,4.35e-4
Juan,4.35e-4
Julian,4.35e-4
Silas,4.35e-4
Wade,4.35e-4
Wayne,4.18e-4
Andy,4.1e-4
Byron,4.1e-4
Forest,4.1e-4
Jennings,4.1e-4
Mathew,4.1e-4
Don,4.02e-4
Elwood,4.02e-4
Jimmie,4.02e-4
Louie,4.02e-4
Asa,3.85e-4
Augustus,3.85e-4
Edd,3.85e-4
Edmond,3.85e-4
Millard,3.85e-4
Anderson,3.77e-4
Aubrey,3.77e-4
Erwin,3.77e-4
Wilfred,3.77e-4
Emery,3.69e-4
Hiram,3.61e-4
Luke,3.61e-4
Miles,3.61e-4
Ora,3.61e-4
Pearl,3.61e-4
Riley,3.61e-4
Scott,3.61e-4
Solomon,3.61e-4
Wilson,3.61e-4
Anton,3.53e-4
Bud,3.53e-4
Ezra,3.53e-4
Mose,3.53e-4
Nathaniel,3.53e-4
Neal,3.53e-4
Tommie,3.53e-4
Delbert,3.44e-4
Jackson,3.44e-4
Myron,3.44e-4
Ruben,3.44e-4
Clement,3.36e-4
Murray,3.36e-4
Dean,3.28e-4
Ike,3.28e-4
Wilbert,3.28e-4
Christian,3.2e-4
Cleveland,3.2e-4
Dale,3.2e-4
Eli,3.2e-4
Emory,3.2e-4
Lyle,3.2e-4
Major,3.2e-4
Mitchell,3.2e-4
Nick,3.2e-4
Marcus,3.12e-4
Van,3.12e-4
Ambrose,3.03e-4
Boyd,3.03e-4
Earle,3.03e-4
Emanuel,3.03e-4
Foster,3.03e-4
Lucius,3.03e-4
Preston,3.03e-4
Cyril,2.95e-4
Dallas,2.95e-4
Fletcher,2.95e-4
Grady,2.95e-4
Loren,2.95e-4
Chris,2.87e-4
Garrett,2.87e-4
Gustave,2.87e-4
Lyman,2.87e-4
Newton,2.87e-4
Alton,2.79e-4
Columbus,2.79e-4
Merle,2.79e-4
Ronald,2.79e-4
Walker,2.79e-4
Antonio,2.71e-4
Basil,2.71e-4
Early,2.71e-4
Irwin,2.71e-4
Larry,2.71e-4
Lon,2.71e-4
Herschel,2.62e-4
King,2.62e-4
Pat,2.62e-4
Taylor,2.62e-4
Conrad,2.54e-4
Cyrus,2.54e-4
Jeremiah,2.54e-4
Joel,2.54e-4
Johnny,2.54e-4
Lorenzo,2.54e-4
Rex,2.54e-4
Troy,2.54e-4
Allan,2.46e-4
Dewitt,2.46e-4
Eric,2.46e-4
Freddie,2.46e-4
Freeman,2.46e-4
Lemuel,2.46e-4
Malcolm,2.46e-4
Abner,2.38e-4
Frederic,2.38e-4
Joshua,2.38e-4
Morgan,2.38e-4
Ned,2.38e-4
Randolph,2.38e-4
Verne,2.38e-4
Carlos,2.3e-4
Carlton,2.3e-4
Clem,2.3e-4
Ellsworth,2.3e-4
Ferdinand,2.3e-4
Ted,2.3e-4
Ward,2.3e-4
Adrian,2.21e-4
Clair,2.21e-4
Garland,2.21e-4
Isiah,2.21e-4
Lynn,2.21e-4
Porter,2.21e-4
Vern,2.21e-4
Aloysius,2.13e-4
Arch,2.13e-4
Burton,2.13e-4
Francisco,2.13e-4
Harris,2.13e-4
Neil,2.13e-4
Orval,2.13e-4
Sol,2.13e-4
Clay,2.05e-4
Cleve,2.05e-4
Coleman,2.05e-4
Dee,2.05e-4
Dwight,2.05e-4
Lowell,2.05e-4
Sanford,2.05e-4
Sterling,2.05e-4
Ulysses,2.05e-4
Cleo,1.97e-4
Dudley,1.97e-4
Elias,1.97e-4
Emile,1.97e-4
Enoch,1.97e-4
Isaiah,1.97e-4
Maynard,1.97e-4
Wendell,1.97e-4
Bryant,1.89e-4
Dick,1.89e-4
Dominick,1.89e-4
Elliott,1.89e-4
Hugo,1.89e-4
Mason,1.89e-4
Napoleon,1.89e-4
Olin,1.89e-4
Palmer,1.89e-4
Phil,1.89e-4
Spencer,1.89e-4
Stuart,1.89e-4
Alphonse,1.8e-4
Granville,1.8e-4
Omer,1.8e-4
Raleigh,1.8e-4
Stewart,1.8e-4
Waldo,1.8e-4
Wilford,1.8e-4
Angelo,1.72e-4
Arlie,1.72e-4
Avery,1.72e-4
Chas,1.72e-4
Elmo,1.72e-4
Hans,1.72e-4
Harlan,1.72e-4
Josh,1.72e-4
Maxwell,1.72e-4
Merrill,1.72e-4
Pedro,1.72e-4
Al,1.64e-4
Carey,1.64e-4
Chauncey,1.64e-4
Clarance,1.64e-4
Florence,1.64e-4
Hal,1.64e-4
Houston,1.64e-4
Jean,1.64e-4
Matt,1.64e-4
Milo,1.64e-4
Pablo,1.64e-4
Royal,1.64e-4
Russel,1.64e-4
Ruth,1.64e-4
Shirley,1.64e-4
Wm,1.64e-4
Abram,1.56e-4
Alan,1.56e-4
Allie,1.56e-4
Anna,1.56e-4
Benjiman,1.56e-4
Buster,1.56e-4
Fate,1.56e-4
Gene,1.56e-4
Jonas,1.56e-4
Lacy,1.56e-4
Lionel,1.56e-4
Noble,1.56e-4
Norris,1.56e-4
Omar,1.56e-4
Orin,1.56e-4
Pink,1.56e-4
Prince,1.56e-4
Ramon,1.56e-4
Roman,1.56e-4
Seth,1.56e-4
Washington,1.56e-4
Elisha,1.48e-4
Elvin,1.48e-4
Frances,1.48e-4
Garfield,1.48e-4
General,1.48e-4
Haywood,1.48e-4
Hollis,1.48e-4
Junius,1.48e-4
Lafayette,1.48e-4
Oswald,1.48e-4
Otho,1.48e-4
Pierre,1.48e-4
Reginald,1.48e-4
Rodney,1.48e-4
Winfield,1.48e-4
Albin,1.39e-4
Alice,1.39e-4
Arther,1.39e-4
Ashley,1.39e-4
Axel,1.39e-4
Berry,1.39e-4
Burt,1.39e-4
Casper,1.39e-4
Christ,1.39e-4
Coy,1.39e-4
Ethel,1.39e-4
Evan,1.39e-4
Gust,1.39e-4
Jefferson,1.39e-4
Merritt,1.39e-4
Micheal,1.39e-4
Roswell,1.39e-4
Rupert,1.39e-4
Steven,1.39e-4
Tillman,1.39e-4
Urban,1.39e-4
Alford,1.31e-4
Archibald,1.31e-4
Bernice,1.31e-4
Billie,1.31e-4
Bradley,1.31e-4
Buck,1.31e-4
Carter,1.31e-4
Cliff,1.31e-4
Elton,1.31e-4
Gustav,1.31e-4
Helen,1.31e-4
Jonathan,1.31e-4
Jules,1.31e-4
Logan,1.31e-4
Ludwig,1.31e-4
Minnie,1.31e-4
Norbert,1.31e-4
Oren,1.31e-4
Rene,1.31e-4
Theron,1.31e-4
Weldon,1.31e-4
Adolphus,1.23e-4
Angus,1.23e-4
Booker,1.23e-4
Buford,1.23e-4
Burl,1.23e-4
Connie,1.23e-4
Delmar,1.23e-4
Doyle,1.23e-4
Eldon,1.23e-4
Elzie,1.23e-4
Emmitt,1.23e-4
Everette,1.23e-4
Hazel,1.23e-4
Helmer,1.23e-4
Hezekiah,1.23e-4
Hyman,1.23e-4
Isadore,1.23e-4
Ivy,1.23e-4
Jesus,1.23e-4
Judge,1.23e-4
Judson,1.23e-4
Kelly,1.23e-4
Lamar,1.23e-4
Leander,1.23e-4
Manley,1.23e-4
Ole,1.23e-4
Orrin,1.23e-4
Price,1.23e-4
Reese,1.23e-4
Rolland,1.23e-4
Sim,1.23e-4
Son,1.23e-4
Sydney,1.23e-4
Terry,1.23e-4
Tommy,1.23e-4
Turner,1.23e-4
Warner,1.23e-4
Watson,1.23e-4
Wilburn,1.23e-4
Wilmer,1.23e-4
Alfonso,1.15e-4
Brooks,1.15e-4
Corbett,1.15e-4
Dominic,1.15e-4
Elmore,1.15e-4
Essie,1.15e-4
Fritz,1.15e-4
Hallie,1.15e-4
Harmon,1.15e-4
Hector,1.15e-4
Jodie,1.15e-4
Lem,1.15e-4
Lenard,1.15e-4
Levy,1.15e-4
Lincoln,1.15e-4
Merton,1.15e-4
Mervin,1.15e-4
Miguel,1.15e-4
Morton,1.15e-4
Murphy,1.15e-4
Nels,1.15e-4
Odis,1.15e-4
Rubin,1.15e-4
Shelby,1.15e-4
Thaddeus,1.15e-4
Truman,1.15e-4
Wash,1.15e-4
Williams,1.15e-4
Antone,1.07e-4
Bailey,1.07e-4
Bertram,1.07e-4
Dorsey,1.07e-4
Emerson,1.07e-4
Emmet,1.07e-4
Fay,1.07e-4
Gale,1.07e-4
Gary,1.07e-4
Giles,1.07e-4
Hamilton,1.07e-4
Harve,1.07e-4
Jewell,1.07e-4
Justin,1.07e-4
Kirby,1.07e-4
Lillian,1.07e-4
Linwood,1.07e-4
Lou,1.07e-4
Lucian,1.07e-4
Lucien,1.07e-4
Madison,1.07e-4
Noel,1.07e-4
Obie,1.07e-4
Odell,1.07e-4
Odie,1.07e-4
Olaf,1.07e-4
Oran,1.07e-4
Orion,1.07e-4
Pierce,1.07e-4
Randall,1.07e-4
Raphael,1.07e-4
Abel,9.8e-5
Alois,9.8e-5
Alphonso,9.8e-5
Artie,9.8e-5
Augustine,9.8e-5
Benny,9.8e-5
Bishop,9.8e-5
Bruno,9.8e-5
Crawford,9.8e-5
Edison,9.8e-5
Elizabeth,9.8e-5
Green,9.8e-5
Hardy,9.8e-5
Jason,9.8e-5
June,9.8e-5
Lige,9.8e-5
Lucious,9.8e-5
Marie,9.8e-5
Meyer,9.8e-5
Nolan,9.8e-5
Olen,9.8e-5
Orie,9.8e-5
Otha,9.8e-5
Rafael,9.8e-5
Reed,9.8e-5
Rocco,9.8e-5
Rollie,9.8e-5
Rose,9.8e-5
Rush,9.8e-5
Sammie,9.8e-5
Thurman,9.8e-5
Travis,9.8e-5
Valentine,9.8e-5
Vance,9.8e-5
Vernie,9.8e-5
Wilber,9.8e-5
Wylie,9.8e-5
Alpha,9e-5
Arnett,9e-5
Art,9e-5
Carleton,9e-5
Cary,9e-5
Cicero,9e-5
Davis,9e-5
Eldridge,9e-5
Elwin,9e-5
Ennis,9e-5
Gussie,9e-5
Hosea,9e-5
Isom,9e-5
Israel,9e-5
Johnson,9e-5
Jordan,9e-5
Loy,9e-5
Miller,9e-5
Richmond,9e-5
Rogers,9e-5
Ruby,9e-5
Sampson,9e-5
Saul,9e-5
Terrence,9e-5
Theo,9e-5
Tomas,9e-5
Verner,9e-5
Winston,9e-5
Zack,9e-5
Ada,8.2e-5
Alf,8.2e-5
Alvah,8.2e-5
Alvie,8.2e-5
Arley,8.2e-5
Barton,8.2e-5
Baxter,8.2e-5
Bertrand,8.2e-5
Brady,8.2e-5
Darrell,8.2e-5
Edna,8.2e-5
Ellwood,8.2e-5
Elza,8.2e-5
Evert,8.2e-5
Ezekiel,8.2e-5
Felipe,8.2e-5
Finis,8.2e-5
Ford,8.2e-5
Gabriel,8.2e-5
Gaston,8.2e-5
Gaylord,8.2e-5
Grace,8.2e-5
Henderson,8.2e-5
Irene,8.2e-5
Jimmy,8.2e-5
Lonzo,8.2e-5
Mabel,8.2e-5
Milford,8.2e-5
Minor,8.2e-5
Newt,8.2e-5
Norton,8.2e-5
Orange,8.2e-5
Oris,8.2e-5
Orlando,8.2e-5
Parker,8.2e-5
Rolla,8.2e-5
Rollin,8.2e-5
Rube,8.2e-5
Tobe,8.2e-5
Vivian,8.2e-5
Webb,8.2e-5
Webster,8.2e-5
Wright,8.2e-5
Wyatt,8.2e-5
Adelbert,7.4e-5
Alden,7.4e-5
Alonza,7.4e-5
Arno,7.4e-5
Bennett,7.4e-5
Bertha,7.4e-5
Bonnie,7.4e-5
Buddie,7.4e-5
Cal,7.4e-5
Caleb,7.4e-5
Cletus,7.4e-5
Clint,7.4e-5
Curley,7.4e-5
Dell,7.4e-5
Denton,7.4e-5
Dillard,7.4e-5
Doc,7.4e-5
Doctor,7.4e-5
Duke,7.4e-5
Ellery,7.4e-5
Ephraim,7.4e-5
Finley,7.4e-5
Geo,7.4e-5
Gibson,7.4e-5
Gladys,7.4e-5
Godfrey,7.4e-5
Gustaf,7.4e-5
Hermon,7.4e-5
Hershel,7.4e-5
Howell,7.4e-5
Hoyt,7.4e-5
Hurley,7.4e-5
Isidore,7.4e-5
Ivory,7.4e-5
Jule,7.4e-5
Kelley,7.4e-5
Lawson,7.4e-5
Llewellyn,7.4e-5
Lonie,7.4e-5
Mahlon,7.4e-5
Marcellus,7.4e-5
Margaret,7.4e-5
Mathias,7.4e-5
Newell,7.4e-5
Ocie,7.4e-5
Oral,7.4e-5
Ossie,7.4e-5
Ottis,7.4e-5
Quincy,7.4e-5
Raoul,7.4e-5
Reinhold,7.4e-5
Roderick,7.4e-5
Salvatore,7.4e-5
Sandy,7.4e-5
Sarah,7.4e-5
Selmer,7.4e-5
Seymour,7.4e-5
Talmadge,7.4e-5
Unknown,7.4e-5
Vaughn,7.4e-5
Walton,7.4e-5
Young,7.4e-5
Addison,6.6e-5
Adolf,6.6e-5
Alto,6.6e-5
Andres,6.6e-5
Armstead,6.6e-5
Aron,6.6e-5
Bee,6.6e-5
Benjamine,6.6e-5
Bernie,6.6e-5
Beverly,6.6e-5
Burney,6.6e-5
Cedric,6.6e-5
Chesley,6.6e-5
Claire,6.6e-5
Clive,6.6e-5
Colin,6.6e-5
Delos,6.6e-5
Dow,6.6e-5
Duncan,6.6e-5
Einar,6.6e-5
Eligah,6.6e-5
Elroy,6.6e-5
Elvis,6.6e-5
Evans,6.6e-5
Ewell,6.6e-5
Felton,6.6e-5
Fern,6.6e-5
Fernando,6.6e-5
Frazier,6.6e-5
French,6.6e-5
Garnett,6.6e-5
Georgia,6.6e-5
Gregory,6.6e-5
Guss,6.6e-5
Hayden,6.6e-5
Hayes,6.6e-5
Hayward,6.6e-5
Hughie,6.6e-5
Hunter,6.6e-5
Josephus,6.6e-5
Julious,6.6e-5
Junior,6.6e-5
Laverne,6.6e-5
Leigh,6.6e-5
Lemon,6.6e-5
Lindsey,6.6e-5
Lorin,6.6e-5
Luis,6.6e-5
May,6.6e-5
Merl,6.6e-5
Nat,6.6e-5
Norval,6.6e-5
Percival,6.6e-5
Reid,6.6e-5
Rexford,6.6e-5
Romeo,6.6e-5
Shelly,6.6e-5
Smith,6.6e-5
Thad,6.6e-5
Titus,6.6e-5
Tracy,6.6e-5
Val,6.6e-5
Wayman,6.6e-5
Wellington,6.6e-5
West,6.6e-5
Wilton,6.6e-5
Alma,5.7e-5
Antoine,5.7e-5
Arvid,5.7e-5
Ashton,5.7e-5
Authur,5.7e-5
Benjaman,5.7e-5
Bryon,5.7e-5
Butler,5.7e-5
Carol,5.7e-5
Clare,5.7e-5
Clovis,5.7e-5
Colonel,5.7e-5
Creed,5.7e-5
Dalton,5.7e-5
Dana,5.7e-5
Darwin,5.7e-5
Delmer,5.7e-5
Earlie,5.7e-5
Edith,5.7e-5
Elden,5.7e-5
Elie,5.7e-5
Eliga,5.7e-5
Elsie,5.7e-5
Elvie,5.7e-5
Erich,5.7e-5
Ernie,5.7e-5
Esther,5.7e-5
Eva,5.7e-5
Ferd,5.7e-5
Frankie,5.7e-5
Furman,5.7e-5
Glover,5.7e-5
Golden,5.7e-5
Graham,5.7e-5
Guadalupe,5.7e-5
Haskell,5.7e-5
Ignatius,5.7e-5
Jewel,5.7e-5
Jones,5.7e-5
Josephine,5.7e-5
Keith,5.7e-5
Lambert,5.7e-5
Laura,5.7e-5
Lawerence,5.7e-5
Lawton,5.7e-5
Lindsay,5.7e-5
Linton,5.7e-5
Loring,5.7e-5
Lum,5.7e-5
Mac,5.7e-5
Mario,5.7e-5
Marlin,5.7e-5
Mattie,5.7e-5
Melton,5.7e-5
Melville,5.7e-5
Mitchel,5.7e-5
Moody,5.7e-5
Mortimer,5.7e-5
Nora,5.7e-5
Okey,5.7e-5
Orlo,5.7e-5
Paris,5.7e-5
Pasquale,5.7e-5
Pleas,5.7e-5
Press,5.7e-5
Ransom,5.7e-5
Rhoda,5.7e-5
Robbie,5.7e-5
Roosevelt,5.7e-5
Rosco,5.7e-5
Rossie,5.7e-5
Royce,5.7e-5
Rutherford,5.7e-5
Saint,5.7e-5
Seldon,5.7e-5
Sheldon,5.7e-5
Sherwood,5.7e-5
Sid,5.7e-5
Sigurd,5.7e-5
Starling,5.7e-5
Sylvan,5.7e-5
Teddy,5.7e-5
Tim,5.7e-5
Toney,5.7e-5
Vester,5.7e-5
Whitney,5.7e-5
Wilfrid,5.7e-5
Willam,5.7e-5
Yee,5.7e-5
Agnes,4.9e-5
Alec,4.9e-5
Allison,4.9e-5
Armand,4.9e-5
Barnett,4.9e-5
Bart,4.9e-5
Bartholomew,4.9e-5
Benedict,4.9e-5
Benton,4.9e-5
Bertie,4.9e-5
Bessie,4.9e-5
Billy,4.9e-5
Birt,4.9e-5
Blake,4.9e-5
Boss,4.9e-5
Boyce,4.9e-5
Brice,4.9e-5
Brown,4.9e-5
Buel,4.9e-5
Callie,4.9e-5
Carrie,4.9e-5
Cass,4.9e-5
Champ,4.9e-5
Clearence,4.9e-5
Cloyd,4.9e-5
Courtney,4.9e-5
Dabney,4.9e-5
Dennie,4.9e-5
Denver,4.9e-5
Dexter,4.9e-5
Diamond,4.9e-5
Donnie,4.9e-5
Dorothy,4.9e-5
Dorris,4.9e-5
Drew,4.9e-5
Egbert,4.9e-5
Elgin,4.9e-5
Elige,4.9e-5
Elihu,4.9e-5
Ellie,4.9e-5
Enos,4.9e-5
Erick,4.9e-5
Esau,4.9e-5
Ester,4.9e-5
Everet,4.9e-5
Ewing,4.9e-5
Ezell,4.9e-5
Fitzhugh,4.9e-5
Foy,4.9e-5
Fredric,4.9e-5
Gail,4.9e-5
Gertrude,4.9e-5
Gregorio,4.9e-5
Griffin,4.9e-5
Harl,4.9e-5
Harper,4.9e-5
Harvie,4.9e-5
Hazen,4.9e-5
Heber,4.9e-5
