name,percent
John,0.06177
William,0.05601
James,0.040274
George,0.036739
Charles,0.026922
Joseph,0.024001
Robert,0.022207
Frank,0.022139
Edward,0.017688
Thomas,0.016364
Henry,0.016235
Harry,0.016114
Walter,0.015153
Arthur,0.012254
Fred,0.010952
Albert,0.010725
Clarence,0.010036
Willie,0.008583
Dewey,0.008439
Roy,0.00794
Paul,0.007501
Harold,0.007289
Raymond,0.007031
Carl,0.006956
Earl,0.006683
Richard,0.006608
Louis,0.006524
Ernest,0.00635
Joe,0.006259
David,0.006169
Ralph,0.006078
Samuel,0.005669
Charlie,0.00551
Herbert,0.005419
Howard,0.005344
Alfred,0.004882
Jack,0.004791
Andrew,0.004625
Leo,0.00445
Elmer,0.004413
Oscar,0.004133
Sam,0.00411
Francis,0.004095
Lawrence,0.004034
Daniel,0.003959
Lee,0.003769
Jesse,0.003603
Will,0.003595
Eugene,0.003588
Herman,0.003535
Floyd,0.003285
Michael,0.003285
Leonard,0.003186
Peter,0.003096
Benjamin,0.003065
Ray,0.002982
Edwin,0.002967
Clyde,0.002899
Claude,0.002808
Frederick,0.002785
Russell,0.002717
Lewis,0.002664
Martin,0.002566
Tom,0.002551
Anthony,0.00246
Chester,0.00243
Clifford,0.002399
Leroy,0.002384
Ben,0.002354
Lester,0.002256
Stanley,0.002233
Edgar,0.002157
Bernard,0.00215
Harvey,0.00215
Theodore,0.002127
Luther,0.002081
Jim,0.002036
Jessie,0.002021
Lloyd,0.002006
Otto,0.00196
Eddie,0.001938
Jacob,0.001938
Leon,0.001907
Hugh,0.001892
Homer,0.001862
Philip,0.001847
Cecil,0.001839
Donald,0.001809
Ed,0.001726
Leslie,0.001726
Milton,0.001703
Archie,0.00168
Patrick,0.001658
Guy,0.001627
Everett,0.001605
Norman,0.001567
Victor,0.001552
Ira,0.001476
Stephen,0.001476
Kenneth,0.001446
Horace,0.001431
Allen,0.001408
Oliver,0.001408
Alvin,0.001393
Julius,0.00137
Alexander,0.001362
Otis,0.001355
Glenn,0.001347
Sidney,0.001294
Charley,0.001287
Marion,0.001256
August,0.001241
Morris,0.001241
Earnest,0.001219
Melvin,0.001203
Emil,0.001196
Isaac,0.001181
Wilbur,0.001181
Percy,0.001173
Virgil,0.001173
Johnnie,0.001158
Mack,0.001158
Warren,0.001143
Wesley,0.001143
Alex,0.001128
Bert,0.001082
Gilbert,0.001082
Jerry,0.001082
Maurice,0.001082
Vernon,0.001082
Rufus,0.001067
Vincent,0.00106
Wallace,0.001045
Willard,0.001037
Matthew,0.001007
Max,9.99e-4
Emmett,9.92e-4
Lonnie,9.76e-4
Curtis,9.69e-4
Dave,9.61e-4
Marvin,9.61e-4
Dan,9.46e-4
Calvin,9.16e-4
Willis,9.16e-4
Jake,8.86e-4
Bennie,8.78e-4
Rudolph,8.7e-4
Sylvester,8.7e-4
Hubert,8.63e-4
Irving,8.55e-4
Arnold,8.48e-4
Franklin,8.48e-4
Nelson,8.48e-4
Glen,8.4e-4
Gordon,8.33e-4
Jose,8.33e-4
Marshall,8.25e-4
Jess,8.17e-4
Mark,8.17e-4
Mike,8.02e-4
Alonzo,7.87e-4
Felix,7.8e-4
Edmund,7.64e-4
Orville,7.64e-4
Gerald,7.57e-4
Dennis,7.49e-4
Nathan,7.49e-4
Roland,7.34e-4
Amos,7.27e-4
Ellis,7.27e-4
Manuel,7.19e-4
Nicholas,7.11e-4
Clinton,7.04e-4
Abraham,6.96e-4
Bill,6.81e-4
Nathaniel,6.81e-4
Aaron,6.74e-4
Ollie,6.66e-4
Adam,6.58e-4
Clayton,6.58e-4
Elbert,6.58e-4
Steve,6.58e-4
Phillip,6.51e-4
Jay,6.43e-4
Adolph,6.36e-4
Clifton,6.28e-4
Harrison,6.28e-4
Perry,6.28e-4
Forrest,6.06e-4
Ivan,6.06e-4
Irvin,5.98e-4
Mckinley,5.98e-4
Cornelius,5.9e-4
Gus,5.9e-4
Reuben,5.9e-4
Johnie,5.83e-4
Elijah,5.75e-4
Wilfred,5.75e-4
Ross,5.68e-4
Timothy,5.68e-4
Laurence,5.6e-4
Roger,5.6e-4
Sherman,5.6e-4
Barney,5.53e-4
Roscoe,5.53e-4
Fredrick,5.45e-4
Douglas,5.37e-4
Harley,5.37e-4
Julian,5.22e-4
Moses,5.22e-4
Ervin,5.15e-4
Noah,5.15e-4
Simon,5.15e-4
Wayne,5.15e-4
Abe,5.07e-4
Alva,5.07e-4
Austin,4.92e-4
Millard,4.92e-4
Bruce,4.84e-4
Jimmie,4.84e-4
Owen,4.84e-4
Wade,4.77e-4
Forest,4.69e-4
Bob,4.62e-4
Claud,4.62e-4
Levi,4.62e-4
Jasper,4.54e-4
Jeff,4.54e-4
Wilson,4.54e-4
Miles,4.47e-4
Monroe,4.39e-4
Bryan,4.31e-4
Lyle,4.24e-4
Byron,4.16e-4
Grady,4.16e-4
Hiram,4.16e-4
Louie,4.16e-4
Loyd,4.16e-4
Dock,4.01e-4
Juan,4.01e-4
Karl,4.01e-4
Pete,4.01e-4
Preston,4.01e-4
Grant,3.94e-4
Tony,3.94e-4
Anton,3.86e-4
Carroll,3.86e-4
Wiley,3.86e-4
Jerome,3.78e-4
Leland,3.78e-4
Mary,3.78e-4
Don,3.71e-4
Earle,3.71e-4
Merle,3.71e-4
Augustus,3.63e-4
Delbert,3.63e-4
Emanuel,3.63e-4
Emery,3.63e-4
Erwin,3.63e-4
Joel,3.63e-4
Silas,3.63e-4
Ike,3.56e-4
Edd,3.48e-4
Eli,3.48e-4
Wilbert,3.48e-4
Aubrey,3.41e-4
Ruben,3.41e-4
Columbus,3.33e-4
Dewitt,3.33e-4
Lynn,3.33e-4
Marcus,3.33e-4
Mose,3.33e-4
Stewart,3.33e-4
Ambrose,3.25e-4
Anderson,3.25e-4
Antonio,3.25e-4
Christopher,3.25e-4
Tommie,3.25e-4
Clark,3.18e-4
Edmond,3.18e-4
Hobart,3.18e-4
Hobert,3.18e-4
Major,3.18e-4
Mathew,3.18e-4
Conrad,3.1e-4
Grover,3.1e-4
Gustave,3.1e-4
Andy,3.03e-4
Clay,3.03e-4
Dale,3.03e-4
Ezra,3.03e-4
Lorenzo,3.03e-4
Malcolm,3.03e-4
Myron,3.03e-4
Neal,3.03e-4
Solomon,3.03e-4
Spencer,3.03e-4
Johnny,2.95e-4
Joshua,2.95e-4
Larry,2.95e-4
Mitchell,2.95e-4
Ora,2.95e-4
Pearl,2.95e-4
Rex,2.95e-4
Riley,2.95e-4
Ted,2.95e-4
Burton,2.88e-4
Freeman,2.88e-4
General,2.88e-4
Herschel,2.88e-4
Hobson,2.88e-4
Irwin,2.88e-4
Jefferson,2.88e-4
Luke,2.88e-4
Van,2.88e-4
Clair,2.8e-4
Emory,2.8e-4
Foster,2.8e-4
Nick,2.8e-4
Allan,2.72e-4
Aloysius,2.72e-4
Bud,2.72e-4
Troy,2.72e-4
Cleveland,2.65e-4
Dwight,2.65e-4
Elwood,2.65e-4
Ned,2.65e-4
Neil,2.65e-4
Boyd,2.57e-4
Garland,2.57e-4
Noble,2.57e-4
Omer,2.57e-4
Porter,2.57e-4
Vern,2.57e-4
Chris,2.5e-4
Fletcher,2.5e-4
Randolph,2.5e-4
Ulysses,2.5e-4
Elias,2.42e-4
Elisha,2.42e-4
Elliott,2.42e-4
Elmo,2.42e-4
Lyman,2.42e-4
Murray,2.42e-4
Alphonse,2.35e-4
Anna,2.35e-4
Asa,2.35e-4
Carlton,2.35e-4
Emile,2.35e-4
Carlos,2.27e-4
Christian,2.27e-4
Clement,2.27e-4
Dee,2.27e-4
Enoch,2.27e-4
Eric,2.27e-4
Ferdinand,2.27e-4
Jeremiah,2.27e-4
Olin,2.27e-4
Scott,2.27e-4
Dick,2.19e-4
Isiah,2.19e-4
Newton,2.19e-4
Russel,2.19e-4
Dallas,2.12e-4
Dean,2.12e-4
Fitzhugh,2.12e-4
Green,2.12e-4
Hal,2.12e-4
Jennings,2.12e-4
Lowell,2.12e-4
Lucius,2.12e-4
Morgan,2.12e-4
Sanford,2.12e-4
Walker,2.12e-4
Ward,2.12e-4
Winfield,2.12e-4
Allie,2.04e-4
Alton,2.04e-4
Basil,2.04e-4
Cyril,2.04e-4
Hans,2.04e-4
King,2.04e-4
Merrill,2.04e-4
Pedro,2.04e-4
Early,1.97e-4
Frederic,1.97e-4
Jackson,1.97e-4
Ronald,1.97e-4
Royal,1.97e-4
Sterling,1.97e-4
Steven,1.97e-4
Taylor,1.97e-4
Wilmer,1.97e-4
Admiral,1.89e-4
Cyrus,1.89e-4
Dudley,1.89e-4
Emerson,1.89e-4
Fay,1.89e-4
Gene,1.89e-4
Harris,1.89e-4
Hugo,1.89e-4
Rollie,1.89e-4
Arch,1.82e-4
Chas,1.82e-4
Clem,1.82e-4
Ethel,1.82e-4
Evan,1.82e-4
Matt,1.82e-4
Garrett,1.74e-4
Gustav,1.74e-4
Hardy,1.74e-4
Isaiah,1.74e-4
Lon,1.74e-4
Noel,1.74e-4
Sampson,1.74e-4
Wendell,1.74e-4
Wm,1.74e-4
Adolphus,1.67e-4
Al,1.67e-4
Berry,1.67e-4
Bryant,1.67e-4
Carey,1.67e-4
Garfield,1.67e-4
Josh,1.67e-4
Lemuel,1.67e-4
Merritt,1.67e-4
Milo,1.67e-4
Norbert,1.67e-4
Ramon,1.67e-4
Reginald,1.67e-4
Roman,1.67e-4
Rupert,1.67e-4
Shelby,1.67e-4
Webster,1.67e-4
Abner,1.59e-4
Angelo,1.59e-4
Archibald,1.59e-4
Chauncey,1.59e-4
Ellsworth,1.59e-4
Frances,1.59e-4
Granville,1.59e-4
Hyman,1.59e-4
Jean,1.59e-4
Judge,1.59e-4
Lem,1.59e-4
Lionel,1.59e-4
Salvatore,1.59e-4
Vernie,1.59e-4
Waldo,1.59e-4
Warner,1.59e-4
Wilber,1.59e-4
Art,1.51e-4
Axel,1.51e-4
Casper,1.51e-4
Dorsey,1.51e-4
Elmore,1.51e-4
Elton,1.51e-4
Enos,1.51e-4
Francisco,1.51e-4
Freddie,1.51e-4
Hollis,1.51e-4
Jesus,1.51e-4
Junius,1.51e-4
Lucian,1.51e-4
Oren,1.51e-4
Orval,1.51e-4
Pat,1.51e-4
Reed,1.51e-4
Rodney,1.51e-4
Stuart,1.51e-4
Verne,1.51e-4
Vivian,1.51e-4
Alfonso,1.44e-4
Coleman,1.44e-4
Elvin,1.44e-4
Florence,1.44e-4
Harmon,1.44e-4
Isom,1.44e-4
Loren,1.44e-4
Napoleon,1.44e-4
Nels,1.44e-4
Phil,1.44e-4
Pink,1.44e-4
Washington,1.44e-4
Addison,1.36e-4
Arther,1.36e-4
Benny,1.36e-4
Buford,1.36e-4
Cliff,1.36e-4
Coy,1.36e-4
Evans,1.36e-4
Everette,1.36e-4
Golden,1.36e-4
Henderson,1.36e-4
Hosea,1.36e-4
Houston,1.36e-4
Jason,1.36e-4
Jonas,1.36e-4
Logan,1.36e-4
Lucious,1.36e-4
Richmond,1.36e-4
Rolland,1.36e-4
Tommy,1.36e-4
Zack,1.36e-4
Abram,1.29e-4
Adrian,1.29e-4
Alden,1.29e-4
Bennett,1.29e-4
Bruno,1.29e-4
Buck,1.29e-4
Dominick,1.29e-4
Gabriel,1.29e-4
Helen,1.29e-4
Israel,1.29e-4
Jimmy,1.29e-4
Judson,1.29e-4
Raleigh,1.29e-4
Rubin,1.29e-4
Sandy,1.29e-4
Sol,1.29e-4
Vance,1.29e-4
Winston,1.29e-4
Benjiman,1.21e-4
Booker,1.21e-4
Carson,1.21e-4
Cicero,1.21e-4
Cleve,1.21e-4
Gust,1.21e-4
Haywood,1.21e-4
Justin,1.21e-4
Lige,1.21e-4
Linwood,1.21e-4
Margaret,1.21e-4
Maxwell,1.21e-4
Oakley,1.21e-4
Oral,1.21e-4
Palmer,1.21e-4
Theo,1.21e-4
Theron,1.21e-4
Thurman,1.21e-4
Truman,1.21e-4
Unknown,1.21e-4
West,1.21e-4
Wilburn,1.21e-4
Alvie,1.14e-4
Avery,1.14e-4
Bonnie,1.14e-4
Bradley,1.14e-4
Clarance,1.14e-4
Cleo,1.14e-4
Elizabeth,1.14e-4
Emmitt,1.14e-4
Fritz,1.14e-4
Grace,1.14e-4
Jewell,1.14e-4
June,1.14e-4
Lafayette,1.14e-4
Lawson,1.14e-4
Lillian,1.14e-4
Lonzo,1.14e-4
Mason,1.14e-4
Nat,1.14e-4
Oran,1.14e-4
Orin,1.14e-4
Otho,1.14e-4
Ruby,1.14e-4
Ruth,1.14e-4
Shirley,1.14e-4
Smith,1.14e-4
Turner,1.14e-4
Walton,1.14e-4
Wilford,1.14e-4
Alan,1.06e-4
Annie,1.06e-4
Augustine,1.06e-4
Bailey,1.06e-4
Bertram,1.06e-4
Billy,1.06e-4
Bishop,1.06e-4
Carter,1.06e-4
Crawford,1.06e-4
Darrell,1.06e-4
Davis,1.06e-4
Dillard,1.06e-4
Doyle,1.06e-4
Ernst,1.06e-4
Gertrude,1.06e-4
Gregory,1.06e-4
Hampton,1.06e-4
Ignatius,1.06e-4
Isadore,1.06e-4
Laura,1.06e-4
Maynard,1.06e-4
Myles,1.06e-4
Norris,1.06e-4
Odis,1.06e-4
Orrin,1.06e-4
Otha,1.06e-4
Parker,1.06e-4
Prince,1.06e-4
Romeo,1.06e-4
Sammie,1.06e-4
Seth,1.06e-4
Shafter,1.06e-4
Terry,1.06e-4
Tomas,1.06e-4
Valentine,1.06e-4
Wheeler,1.06e-4
Worth,1.06e-4
Wylie,1.06e-4
Angus,9.8e-5
Arlie,9.8e-5
Burt,9.8e-5
Christ,9.8e-5
Clint,9.8e-5
Duncan,9.8e-5
Emmet,9.8e-5
Hezekiah,9.8e-5
Hoyt,9.8e-5
Jonathan,9.8e-5
Maceo,9.8e-5
Mervin,9.8e-5
Miguel,9.8e-5
Morton,9.8e-5
Obie,9.8e-5
Odie,9.8e-5
Olaf,9.8e-5
Ole,9.8e-5
Olen,9.8e-5
Pierce,9.8e-5
Raphael,9.8e-5
Sim,9.8e-5
Watson,9.8e-5
Wyatt,9.8e-5
Adelbert,9.1e-5
Albin,9.1e-5
Alford,9.1e-5
Alice,9.1e-5
Aron,9.1e-5
Benjaman,9.1e-5
Burl,9.1e-5
Dell,9.1e-5
Delmar,9.1e-5
Elliot,9.1e-5
Elzie,9.1e-5
Hazel,9.1e-5
Hermon,9.1e-5
Lenard,9.1e-5
Lillie,9.1e-5
Luis,9.1e-5
Mattie,9.1e-5
Milford,9.1e-5
Omar,9.1e-5
Orange,9.1e-5
Randall,9.1e-5
Roderick,9.1e-5
Rolla,9.1e-5
Sid,9.1e-5
Tim,9.1e-5
Urban,9.1e-5
Williams,9.1e-5
Winfred,9.1e-5
Alfredo,8.3e-5
Alger,8.3e-5
Alphonso,8.3e-5
Artie,8.3e-5
Arvid,8.3e-5
Author,8.3e-5
Billie,8.3e-5
Buster,8.3e-5
Denis,8.3e-5
Eldon,8.3e-5
Ella,8.3e-5
Ellwood,8.3e-5
Elwin,8.3e-5
Felton,8.3e-5
Gail,8.3e-5
Geo,8.3e-5
Godfrey,8.3e-5
Hamilton,8.3e-5
Harlan,8.3e-5
Hayden,8.3e-5
Hilton,8.3e-5
Hurley,8.3e-5
Ivy,8.3e-5
Jules,8.3e-5
Lemon,8.3e-5
Lindsey,8.3e-5
Lonie,8.3e-5
Lula,8.3e-5
Merton,8.3e-5
Meyer,8.3e-5
Mortimer,8.3e-5
Newell,8.3e-5
Newt,8.3e-5
Pinkney,8.3e-5
Santiago,8.3e-5
Saul,8.3e-5
Sydney,8.3e-5
Tillman,8.3e-5
Abel,7.6e-5
Alma,7.6e-5
Alonza,7.6e-5
Andres,7.6e-5
Bertha,7.6e-5
Cary,7.6e-5
Cloyd,7.6e-5
Connie,7.6e-5
Elder,7.6e-5
Ernie,7.6e-5
Finley,7.6e-5
Franklyn,7.6e-5
French,7.6e-5
Goldie,7.6e-5
Graham,7.6e-5
Hayes,7.6e-5
Hector,7.6e-5
Hershel,7.6e-5
Hunter,7.6e-5
Jewel,7.6e-5
Johnson,7.6e-5
Kelly,7.6e-5
Lamar,7.6e-5
Laverne,7.6e-5
Levy,7.6e-5
Lou,7.6e-5
Marie,7.6e-5
Melville,7.6e-5
Micheal,7.6e-5
Murry,7.6e-5
Odell,7.6e-5
Oswald,7.6e-5
Plummer,7.6e-5
Quincy,7.6e-5
Rollin,7.6e-5
Rube,7.6e-5
Schley,7.6e-5
Theadore,7.6e-5
Tobe,7.6e-5
Toy,7.6e-5
Waymon,7.6e-5
Weldon,7.6e-5
Willam,7.6e-5
Alois,6.8e-5
Authur,6.8e-5
Bee,6.8e-5
Bernice,6.8e-5
Bertie,6.8e-5
Bethel,6.8e-5
Boyce,6.8e-5
Bradford,6.8e-5
Chesley,6.8e-5
Claire,6.8e-5
Colonel,6.8e-5
Commodore,6.8e-5
Dana,6.8e-5
Dayton,6.8e-5
Dominic,6.8e-5
Dora,6.8e-5
Dow,6.8e-5
Duke,6.8e-5
Elam,6.8e-5
Eldred,6.8e-5
Eldridge,6.8e-5
Ellie,6.8e-5
Elvis,6.8e-5
Elza,6.8e-5
Ennis,6.8e-5
Essie,6.8e-5
Ewart,6.8e-5
Ewing,6.8e-5
Ford,6.8e-5
Garnett,6.8e-5
Gladys,6.8e-5
Hattie,6.8e-5
Henery,6.8e-5
Hillard,6.8e-5
Hillary,6.8e-5
Irene,6.8e-5
Jodie,6.8e-5
Josiah,6.8e-5
Kirby,6.8e-5
Leander,6.8e-5
Leopold,6.8e-5
Llewellyn,6.8e-5
Lucien,6.8e-5
Mat,6.8e-5
Murl,6.8e-5
Norwood,6.8e-5
Orlando,6.8e-5
Patsy,6.8e-5
Reese,6.8e-5
Rowland,6.8e-5
Seymour,6.8e-5
Son,6.8e-5
Stacy,6.8e-5
Thornton,6.8e-5
Thurston,6.8e-5
Tomie,6.8e-5
Toney,6.8e-5
Tracy,6.8e-5
Verner,6.8e-5
Wash,6.8e-5
Alphonsus,6.1e-5
Antone,6.1e-5
Arba,6.1e-5
Arden,6.1e-5
Benedict,6.1e-5
Blaine,6.1e-5
Brady,6.1e-5
Brice,6.1e-5
Brooks,6.1e-5
Buel,6.1e-5
Cal,6.1e-5
Carleton,6.1e-5
Carmen,6.1e-5
Clare,6.1e-5
Claudie,6.1e-5
Claus,6.1e-5
Cletus,6.1e-5
Clovis,6.1e-5
Corbett,6.1e-5
Darwin,6.1e-5
Denver,6.1e-5
Doc,6.1e-5
Earley,6.1e-5
Edith,6.1e-5
Elden,6.1e-5
Ely,6.1e-5
Emma,6.1e-5
Ephraim,6.1e-5
Gaston,6.1e-5
Gaylord,6.1e-5
Georgia,6.1e-5
Gifford,6.1e-5
Guadalupe,6.1e-5
Guss,6.1e-5
Hamp,6.1e-5
Hardie,6.1e-5
Hazen,6.1e-5
Heber,6.1e-5
Helmer,6.1e-5
Hilliard,6.1e-5
Howell,6.1e-5
Hudson,6.1e-5
Ida,6.1e-5
Iva,6.1e-5
Jonah,6.1e-5
Juluis,6.1e-5
Lacy,6.1e-5
Lesley,6.1e-5
Lincoln,6.1e-5
Lois,6.1e-5
Loran,6.1e-5
Louise,6.1e-5
Lucas,6.1e-5
Mamie,6.1e-5
Manley,6.1e-5
Marlin,6.1e-5
Mart,6.1e-5
Mildred,6.1e-5
Minnie,6.1e-5
Montgomery,6.1e-5
Okey,6.1e-5
Orie,6.1e-5
Orvil,6.1e-5
Ossie,6.1e-5
Ottis,6.1e-5
Pasquale,6.1e-5
Pearlie,6.1e-5
Rafael,6.1e-5
Ransom,6.1e-5
Reid,6.1e-5
Roby,6.1e-5
Rollo,6.1e-5
Roosevelt,6.1e-5
Rose,6.1e-5
Rush,6.1e-5
Samual,6.1e-5
Sebastian,6.1e-5
Shelton,6.1e-5
Simeon,6.1e-5
Wright,6.1e-5
Zeke,6.1e-5
Adams,5.3e-5
Addie,5.3e-5
Adolfo,5.3e-5
Allison,5.3e-5
Alvis,5.3e-5
Arnie,5.3e-5
Asbury,5.3e-5
Auther,5.3e-5
Bartholomew,5.3e-5
Baxter,5.3e-5
Blanche,5.3e-5
Boss,5.3e-5
Brown,5.3e-5
Buell,5.3e-5
Burley,5.3e-5
Caleb,5.3e-5
Collier,5.3e-5
Courtney,5.3e-5
Curt,5.3e-5
Dalton,5.3e-5
Damon,5.3e-5
Dixie,5.3e-5
Duane,5.3e-5
Earlie,5.3e-5
Egbert,5.3e-5
Elwyn,5.3e-5
Enrique,5.3e-5
Ephriam,5.3e-5
Esther,5.3e-5
Ethan,5.3e-5
Eva,5.3e-5
Ewald,5.3e-5
Fenton,5.3e-5
Ferd,5.3e-5
Frazier,5.3e-5
Gardner,5.3e-5
Gary,5.3e-5
Gayle,5.3e-5
Gladstone,5.3e-5
Glover,5.3e-5
Gussie,5.3e-5
Gustaf,5.3e-5
Hallie,5.3e-5
Harlow,5.3e-5
Harper,5.3e-5
Harvie,5.3e-5
Hilario,5.3e-5
Hubbard,5.3e-5
Hughie,5.3e-5
Isidore,5.3e-5
Issac,5.3e-5
Iver,5.3e-5
Jacques,5.3e-5
Jarvis,5.3e-5
Jens,5.3e-5
Joesph,5.3e-5
Jordan,5.3e-5
Julia,5.3e-5
Junior,5.3e-5
Kathryn,5.3e-5
Keith,5.3e-5
Kirk,5.3e-5
Lambert,5.3e-5
Landon,5.3e-5
Lawton,5.3e-5
Len,5.3e-5
Leonidas,5.3e-5
Loyal,5.3e-5
Mabel,5.3e-5
Maggie,5.3e-5
Malcom,5.3e-5
Mannie,5.3e-5
Martha,5.3e-5
Merlin,5.3e-5
Mickey,5.3e-5
Miller,5.3e-5
Montie,5.3e-5
Myer,5.3e-5
Myrtle,5.3e-5
Newman,5.3e-5
Odus,5.3e-5
Orion,5.3e-5
Orson,5.3e-5
Pablo,5.3e-5
Page,5.3e-5
Paris,5.3e-5
Pascal,5.3e-5
Peyton,5.3e-5
Pleasant,5.3e-5
Reubin,5.3e-5
Rocco,5.3e-5
Romie,5.3e-5
Roswell,5.3e-5
Royce,5.3e-5
Rudolf,5.3e-5
Ruel,5.3e-5
Rutherford,5.3e-5
Sanders,5.3e-5
Shelly,5.3e-5
Sheridan,5.3e-5
Soloman,5.3e-5
Spurgeon,5.3e-5
Stanford,5.3e-5
Sullivan,5.3e-5
Sumner,5.3e-5
Terrence,5.3e-5
Thaddeus,5.3e-5
Travis,5.3e-5
Vernal,5.3e-5
Vicente,5.3e-5
Von,5.3e-5
Waverly,5.3e-5
Weston,5.3e-5
Wilton,5.3e-5
Winnie,5.3e-5
Young,5.3e-5
