name,percent
John,0.059677
William,0.051823
James,0.040958
George,0.031218
Charles,0.026374
Joseph,0.023935
Robert,0.021997
Frank,0.020778
Edward,0.016582
Henry,0.016176
Thomas,0.015743
Walter,0.01487
Harry,0.013788
Arthur,0.011496
Albert,0.011401
Willie,0.011193
Clarence,0.010346
Fred,0.009801
Paul,0.007993
Roy,0.007932
Harold,0.007924
Raymond,0.007681
Earl,0.007076
Carl,0.007067
Louis,0.006894
Richard,0.006782
Joe,0.00654
Ernest,0.005977
Ralph,0.005899
David,0.005813
Charlie,0.005657
Jack,0.005579
Samuel,0.005432
Howard,0.005052
Herbert,0.004957
Francis,0.004697
Lawrence,0.004636
Elmer,0.004498
Alfred,0.004377
Andrew,0.004152
Sam,0.004143
Leo,0.003944
Theodore,0.003893
Eugene,0.003849
Lee,0.003668
Floyd,0.003659
Oscar,0.00365
Daniel,0.003607
Jesse,0.003555
Russell,0.003417
Herman,0.0034
Michael,0.003322
Will,0.003149
Leonard,0.003131
Clyde,0.003079
Benjamin,0.002967
Peter,0.002967
Claude,0.00295
Ray,0.002924
Frederick,0.002906
Lester,0.002872
Anthony,0.002794
Lewis,0.002673
Martin,0.00263
Edwin,0.002586
Eddie,0.00256
Tom,0.002517
Lloyd,0.002465
Clifford,0.002448
Cecil,0.002405
Edgar,0.002344
Leroy,0.002318
Ben,0.00224
Homer,0.002223
Chester,0.002188
Harvey,0.002188
Donald,0.002163
Kenneth,0.002128
Luther,0.002111
Bernard,0.002093
Jim,0.002067
Stanley,0.002067
Norman,0.002059
Philip,0.002007
Jessie,0.001998
Everett,0.001886
Leon,0.001799
Allen,0.001721
Leslie,0.001713
Milton,0.001704
Hugh,0.001661
Oliver,0.001618
Patrick,0.001574
Glenn,0.001557
Alvin,0.001548
Horace,0.00154
Melvin,0.001522
Jacob,0.001488
Guy,0.001471
Victor,0.001462
Julius,0.001453
Alexander,0.001401
Ed,0.001401
Johnnie,0.001401
Archie,0.001393
Maurice,0.001384
Marion,0.001375
Charley,0.001367
Stephen,0.001367
Virgil,0.001367
Otto,0.001349
Manuel,0.0012979999999999999
Warren,0.001289
Lonnie,0.00128
Morris,0.001263
Wesley,0.001263
Marvin,0.001254
Ira,0.001228
Hubert,0.001211
Alex,0.001194
Dewey,0.001185
Willard,0.001176
Sidney,0.001159
Gerald,0.00115
Isaac,0.00115
Wallace,0.001142
Earnest,0.001133
Nathan,0.001133
Vincent,0.001133
Wilbur,0.001125
Gilbert,0.001116
Vernon,0.001116
Bert,0.001107
Jose,0.001099
Otis,0.001099
Emil,0.001055
Rufus,0.001047
Percy,0.001038
Sylvester,0.001038
Dan,0.001012
August,0.001003
Jerry,0.001003
Curtis,9.86e-4
Mack,9.86e-4
Roland,9.77e-4
Arnold,9.52e-4
Emmett,9.52e-4
Max,9.52e-4
Willis,9.17e-4
Dave,9.08e-4
Glen,9.08e-4
Bill,9e-4
Gordon,8.91e-4
Clifton,8.74e-4
Bennie,8.65e-4
Jimmie,8.56e-4
Calvin,8.48e-4
Mike,8.48e-4
Nelson,8.39e-4
Jay,8.3e-4
Edmund,8.22e-4
Orville,8.13e-4
Franklin,7.96e-4
Mark,7.96e-4
Nathaniel,7.96e-4
Matthew,7.79e-4
Roosevelt,7.79e-4
Irvin,7.61e-4
Nicholas,7.61e-4
Perry,7.53e-4
Roscoe,7.53e-4
Rudolph,7.53e-4
Wayne,7.53e-4
Johnie,7.44e-4
Jess,7.35e-4
Amos,7.18e-4
Douglas,7.18e-4
Ollie,7.01e-4
Aaron,6.92e-4
Adolph,6.92e-4
Irving,6.92e-4
Owen,6.92e-4
Dennis,6.83e-4
Elijah,6.83e-4
Jake,6.83e-4
Pete,6.83e-4
Elbert,6.75e-4
Juan,6.75e-4
Phillip,6.75e-4
Preston,6.75e-4
Mckinley,6.66e-4
Clinton,6.57e-4
Cornelius,6.57e-4
Steve,6.57e-4
Ellis,6.4e-4
Forrest,6.31e-4
Claud,6.23e-4
Clayton,6.23e-4
Ross,6.23e-4
Simon,6.23e-4
Adam,6.14e-4
Felix,6.06e-4
Gus,6.06e-4
Austin,5.88e-4
Jerome,5.88e-4
Leland,5.88e-4
Reuben,5.88e-4
Alonzo,5.8e-4
Marshall,5.8e-4
Julian,5.71e-4
Bruce,5.62e-4
Sherman,5.54e-4
Ted,5.54e-4
Wiley,5.54e-4
Ervin,5.45e-4
Erwin,5.45e-4
Harley,5.45e-4
Abraham,5.36e-4
Monroe,5.36e-4
Timothy,5.36e-4
Tony,5.36e-4
Wade,5.36e-4
Ivan,5.19e-4
Laurence,5.19e-4
Loyd,5.19e-4
Lyle,5.19e-4
Roger,5.19e-4
Alva,5.1e-4
Jasper,5.02e-4
Louie,5.02e-4
Mary,5.02e-4
Noah,4.84e-4
Grady,4.76e-4
Tommie,4.76e-4
Karl,4.67e-4
Millard,4.67e-4
Antonio,4.5e-4
Clark,4.5e-4
Merle,4.5e-4
Moses,4.5e-4
Wilbert,4.5e-4
Byron,4.41e-4
Wilson,4.41e-4
Anton,4.33e-4
Bob,4.24e-4
Elwood,4.24e-4
Fredrick,4.24e-4
Grover,4.24e-4
Mose,4.24e-4
Abe,4.15e-4
Don,4.15e-4
Johnny,4.15e-4
Wilfred,4.07e-4
Carroll,3.98e-4
Eli,3.89e-4
Forest,3.89e-4
Grant,3.89e-4
Jeff,3.89e-4
Emory,3.81e-4
Harrison,3.81e-4
Loren,3.81e-4
Marcus,3.81e-4
Myron,3.81e-4
Aubrey,3.72e-4
Ronald,3.72e-4
Boyd,3.63e-4
Carlton,3.55e-4
Edmond,3.55e-4
Levi,3.55e-4
Murray,3.55e-4
Troy,3.55e-4
Dale,3.46e-4
Dock,3.46e-4
Nick,3.46e-4
Allan,3.37e-4
Mathew,3.37e-4
Carlos,3.29e-4
Christian,3.29e-4
Delbert,3.29e-4
Gustave,3.29e-4
Herschel,3.29e-4
Hiram,3.29e-4
Pearl,3.29e-4
Dwight,3.2e-4
Edd,3.2e-4
Emanuel,3.2e-4
Luke,3.2e-4
Miles,3.2e-4
Silas,3.2e-4
Solomon,3.2e-4
Conrad,3.11e-4
Foster,3.11e-4
Pedro,3.11e-4
Ambrose,3.03e-4
Augustus,3.03e-4
Burton,3.03e-4
Christopher,3.03e-4
Earle,3.03e-4
Emery,3.03e-4
Francisco,3.03e-4
Larry,3.03e-4
Malcolm,3.03e-4
Ruben,3.03e-4
Andy,2.94e-4
Barney,2.94e-4
Cyril,2.94e-4
Joel,2.94e-4
Ora,2.94e-4
Van,2.94e-4
Angelo,2.85e-4
Fletcher,2.85e-4
Noble,2.85e-4
Ramon,2.85e-4
Dean,2.77e-4
Neil,2.77e-4
Pat,2.77e-4
Vern,2.77e-4
Gene,2.68e-4
Houston,2.68e-4
Jean,2.68e-4
Mitchell,2.68e-4
Reginald,2.68e-4
Stewart,2.68e-4
Tommy,2.68e-4
Bud,2.6e-4
Cleveland,2.6e-4
Garland,2.6e-4
Hugo,2.6e-4
Lorenzo,2.6e-4
Lucius,2.6e-4
Newton,2.6e-4
Riley,2.6e-4
Spencer,2.6e-4
Adrian,2.51e-4
Alphonse,2.51e-4
Booker,2.51e-4
Dallas,2.51e-4
Davis,2.51e-4
Dominick,2.51e-4
Elmo,2.51e-4
Ferdinand,2.51e-4
Freddie,2.51e-4
Neal,2.51e-4
Orval,2.51e-4
Prince,2.51e-4
Rex,2.51e-4
Basil,2.42e-4
Clement,2.42e-4
Columbus,2.42e-4
Russel,2.42e-4
Scott,2.42e-4
Sterling,2.42e-4
Dewitt,2.34e-4
Jefferson,2.34e-4
Jesus,2.34e-4
Lynn,2.34e-4
Milo,2.34e-4
Sol,2.34e-4
Alton,2.25e-4
Anderson,2.25e-4
Chris,2.25e-4
Cleo,2.25e-4
Cyrus,2.25e-4
Dudley,2.25e-4
Fay,2.25e-4
Ike,2.25e-4
Lyman,2.25e-4
Merrill,2.25e-4
Salvatore,2.25e-4
Sanford,2.25e-4
Abner,2.16e-4
Asa,2.16e-4
Elvin,2.16e-4
Emerson,2.16e-4
Eric,2.16e-4
Frances,2.16e-4
Porter,2.16e-4
Taylor,2.16e-4
Ulysses,2.16e-4
Verne,2.16e-4
Walker,2.16e-4
Ward,2.16e-4
Evan,2.08e-4
Garfield,2.08e-4
Granville,2.08e-4
Hollis,2.08e-4
Irwin,2.08e-4
Jackson,2.08e-4
Lowell,2.08e-4
Napoleon,2.08e-4
Otho,2.08e-4
Randolph,2.08e-4
Steven,2.08e-4
Alfonso,1.99e-4
Isadore,1.99e-4
Maynard,1.99e-4
Oren,1.99e-4
Royal,1.99e-4
Ellsworth,1.9e-4
Joshua,1.9e-4
Junius,1.9e-4
Lawson,1.9e-4
Major,1.9e-4
Ned,1.9e-4
Stuart,1.9e-4
Wilmer,1.9e-4
Al,1.82e-4
Clair,1.82e-4
Clay,1.82e-4
Dick,1.82e-4
Early,1.82e-4
Evert,1.82e-4
Florence,1.82e-4
Gabriel,1.82e-4
Hobart,1.82e-4
Jeremiah,1.82e-4
Margaret,1.82e-4
Matt,1.82e-4
Omer,1.82e-4
Phil,1.82e-4
Wm,1.82e-4
Alan,1.73e-4
Berry,1.73e-4
Chas,1.73e-4
Emile,1.73e-4
Enoch,1.73e-4
Ezra,1.73e-4
Freeman,1.73e-4
Harlan,1.73e-4
Lemuel,1.73e-4
Lionel,1.73e-4
Palmer,1.73e-4
Avery,1.64e-4
Bryan,1.64e-4
Coleman,1.64e-4
Eldon,1.64e-4
Elisha,1.64e-4
Elton,1.64e-4
Guadalupe,1.64e-4
Hal,1.64e-4
Harmon,1.64e-4
Hazel,1.64e-4
Hoyt,1.64e-4
Hyman,1.64e-4
Isiah,1.64e-4
Lucious,1.64e-4
Odell,1.64e-4
Pablo,1.64e-4
Raleigh,1.64e-4
Sammie,1.64e-4
Valentine,1.64e-4
Washington,1.64e-4
Allie,1.56e-4
Anna,1.56e-4
Billy,1.56e-4
Buster,1.56e-4
Elzie,1.56e-4
Jimmy,1.56e-4
Johnson,1.56e-4
Josh,1.56e-4
Maxwell,1.56e-4
Olin,1.56e-4
Roman,1.56e-4
Theo,1.56e-4
Wendell,1.56e-4
Annie,1.47e-4
Arch,1.47e-4
Arlie,1.47e-4
Arther,1.47e-4
Benny,1.47e-4
Buford,1.47e-4
Clarance,1.47e-4
Clem,1.47e-4
Coy,1.47e-4
Elias,1.47e-4
Elliott,1.47e-4
Haywood,1.47e-4
Helen,1.47e-4
Isaiah,1.47e-4
Jonas,1.47e-4
Kermit,1.47e-4
Lillian,1.47e-4
Linwood,1.47e-4
Norris,1.47e-4
Ole,1.47e-4
Oran,1.47e-4
Alfredo,1.38e-4
Armand,1.38e-4
Brooks,1.38e-4
Clara,1.38e-4
Dee,1.38e-4
Emmitt,1.38e-4
Ethel,1.38e-4
Everette,1.38e-4
Frederic,1.38e-4
Gregory,1.38e-4
Julia,1.38e-4
Lacy,1.38e-4
Luis,1.38e-4
Morgan,1.38e-4
Noel,1.38e-4
Odis,1.38e-4
Rafael,1.38e-4
Son,1.38e-4
Vernie,1.38e-4
Antone,1.3e-4
Archibald,1.3e-4
Benjiman,1.3e-4
Benton,1.3e-4
Burl,1.3e-4
Claudie,1.3e-4
Cliff,1.3e-4
General,1.3e-4
Gerard,1.3e-4
Gust,1.3e-4
Gustav,1.3e-4
Hardy,1.3e-4
Hershel,1.3e-4
Jules,1.3e-4
Keith,1.3e-4
King,1.3e-4
Mason,1.3e-4
Meyer,1.3e-4
Norbert,1.3e-4
Oswald,1.3e-4
Otha,1.3e-4
Rolland,1.3e-4
Ruth,1.3e-4
Seth,1.3e-4
Teddy,1.3e-4
Tomas,1.3e-4
Truman,1.3e-4
Verner,1.3e-4
Waldo,1.3e-4
Wilford,1.3e-4
Alvie,1.21e-4
Billie,1.21e-4
Brady,1.21e-4
Crawford,1.21e-4
Delmar,1.21e-4
Elza,1.21e-4
Hans,1.21e-4
Irene,1.21e-4
Israel,1.21e-4
Ivy,1.21e-4
Jewell,1.21e-4
Jones,1.21e-4
Judson,1.21e-4
Lamar,1.21e-4
Lenard,1.21e-4
Micheal,1.21e-4
Rocco,1.21e-4
Rubin,1.21e-4
Shelby,1.21e-4
Turner,1.21e-4
Watson,1.21e-4
Webster,1.21e-4
Winfield,1.21e-4
Abel,1.12e-4
Alma,1.12e-4
Aloysius,1.12e-4
Alvis,1.12e-4
Andres,1.12e-4
Augusta,1.12e-4
Augustine,1.12e-4
Bertram,1.12e-4
Bruno,1.12e-4
Burt,1.12e-4
Carter,1.12e-4
Dominic,1.12e-4
Emmet,1.12e-4
Felipe,1.12e-4
Hamilton,1.12e-4
Hermon,1.12e-4
Jewel,1.12e-4
Junior,1.12e-4
Lon,1.12e-4
Merton,1.12e-4
Miguel,1.12e-4
Newell,1.12e-4
Odie,1.12e-4
Patsy,1.12e-4
Raphael,1.12e-4
Rosevelt,1.12e-4
Ruby,1.12e-4
Rupert,1.12e-4
Sandy,1.12e-4
Saul,1.12e-4
Sydney,1.12e-4
Terry,1.12e-4
Thurman,1.12e-4
Vance,1.12e-4
Warner,1.12e-4
Wilber,1.12e-4
Wilburn,1.12e-4
Alf,1.04e-4
Alonza,1.04e-4
Alpha,1.04e-4
Alphonso,1.04e-4
Aron,1.04e-4
Bailey,1.04e-4
Bennett,1.04e-4
Bernie,1.04e-4
Buck,1.04e-4
Burley,1.04e-4
Carmen,1.04e-4
Chauncey,1.04e-4
Clare,1.04e-4
Cletus,1.04e-4
Cleve,1.04e-4
Eldridge,1.04e-4
Ellwood,1.04e-4
Ennis,1.04e-4
Ernie,1.04e-4
Finis,1.04e-4
Gail,1.04e-4
Hallie,1.04e-4
Isom,1.04e-4
Ivory,1.04e-4
Jordan,1.04e-4
June,1.04e-4
Kelly,1.04e-4
Lindsey,1.04e-4
Lucian,1.04e-4
Mabel,1.04e-4
Marie,1.04e-4
Miller,1.04e-4
Monte,1.04e-4
Orrin,1.04e-4
Pink,1.04e-4
Rollin,1.04e-4
Santiago,1.04e-4
Vivian,1.04e-4
Wash,1.04e-4
Winston,1.04e-4
Wyatt,1.04e-4
Adolphus,9.5e-5
Bessie,9.5e-5
Bradley,9.5e-5
Bryant,9.5e-5
Carey,9.5e-5
Carson,9.5e-5
Casper,9.5e-5
Curley,9.5e-5
Dana,9.5e-5
Delmer,9.5e-5
Denver,9.5e-5
Dillard,9.5e-5
Dorsey,9.5e-5
Ernesto,9.5e-5
Eva,9.5e-5
Fate,9.5e-5
Gale,9.5e-5
Garrett,9.5e-5
Giles,9.5e-5
Green,9.5e-5
Harris,9.5e-5
Heber,9.5e-5
Henderson,9.5e-5
Hobert,9.5e-5
Hollie,9.5e-5
Hosea,9.5e-5
Jennings,9.5e-5
Kirk,9.5e-5
Marlin,9.5e-5
Milford,9.5e-5
Nat,9.5e-5
Nolan,9.5e-5
Obie,9.5e-5
Olen,9.5e-5
Pasquale,9.5e-5
Pierce,9.5e-5
Pierre,9.5e-5
Reed,9.5e-5
Santos,9.5e-5
Sheldon,9.5e-5
Thaddeus,9.5e-5
Tracy,9.5e-5
Urban,9.5e-5
West,9.5e-5
Williams,9.5e-5
Wong,9.5e-5
Alden,8.7e-5
Alice,8.7e-5
Ashley,8.7e-5
Bertie,8.7e-5
Cary,8.7e-5
Christ,8.7e-5
Clint,8.7e-5
Connie,8.7e-5
Doyle,8.7e-5
Earlie,8.7e-5
Eduardo,8.7e-5
Elie,8.7e-5
Elsie,8.7e-5
Emilio,8.7e-5
Esther,8.7e-5
Evans,8.7e-5
Gary,8.7e-5
Geo,8.7e-5
Gladys,8.7e-5
Guss,8.7e-5
Harland,8.7e-5
Hosie,8.7e-5
Howell,8.7e-5
Jason,8.7e-5
Leopold,8.7e-5
Levy,8.7e-5
Lincoln,8.7e-5
Loyal,8.7e-5
Mahlon,8.7e-5
Mervin,8.7e-5
Minnie,8.7e-5
Mortimer,8.7e-5
Morton,8.7e-5
Orin,8.7e-5
Perley,8.7e-5
Ransom,8.7e-5
Rodney,8.7e-5
Sampson,8.7e-5
Shirley,8.7e-5
Smith,8.7e-5
Theadore,8.7e-5
Theron,8.7e-5
Toney,8.7e-5
Walton,8.7e-5
Addison,7.8e-5
Agnes,7.8e-5
Albin,7.8e-5
Alford,7.8e-5
Angus,7.8e-5
Artie,7.8e-5
Arvid,7.8e-5
Benito,7.8e-5
Boyce,7.8e-5
Collie,7.8e-5
Colonel,7.8e-5
Courtney,7.8e-5
Dexter,7.8e-5
Edna,7.8e-5
Eino,7.8e-5
Elizabeth,7.8e-5
Elmore,7.8e-5
Emmit,7.8e-5
Enos,7.8e-5
Enrique,7.8e-5
Felton,7.8e-5
Foy,7.8e-5
Fulton,7.8e-5
Golden,7.8e-5
Hayes,7.8e-5
Jonathan,7.8e-5
Jonnie,7.8e-5
Lawton,7.8e-5
Lige,7.8e-5
Lorenza,7.8e-5
Mac,7.8e-5
Marcellus,7.8e-5
Milburn,7.8e-5
Murphy,7.8e-5
Myrtle,7.8e-5
Nellie,7.8e-5
Olaf,7.8e-5
Olan,7.8e-5
Orange,7.8e-5
Orlando,7.8e-5
Paris,7.8e-5
Parker,7.8e-5
Price,7.8e-5
Reese,7.8e-5
Rene,7.8e-5
Romie,7.8e-5
Seymour,7.8e-5
Spurgeon,7.8e-5
Thornton,7.8e-5
Toy,7.8e-5
Unknown,7.8e-5
Winford,7.8e-5
Abram,6.9e-5
Acie,6.9e-5
Algie,6.9e-5
Alois,6.9e-5
Antoine,6.9e-5
Bee,6.9e-5
Brown,6.9e-5
Buddy,6.9e-5
Caleb,6.9e-5
Carleton,6.9e-5
Chalmer,6.9e-5
Cloyd,6.9e-5
Danny,6.9e-5
Darwin,6.9e-5
Elgin,6.9e-5
Elva,6.9e-5
Elwin,6.9e-5
Emma,6.9e-5
Estel,6.9e-5
Ezekiel,6.9e-5
Finley,6.9e-5
Fitzhugh,6.9e-5
Frazier,6.9e-5
Gaston,6.9e-5
Griffin,6.9e-5
Hampton,6.9e-5
Hazen,6.9e-5
Henery,6.9e-5
Hilton,6.9e-5
Hudson,6.9e-5
Hunter,6.9e-5
Jodie,6.9e-5
Josephine,6.9e-5
Justin,6.9e-5
Justus,6.9e-5
Kelley,6.9e-5
Kirby,6.9e-5
Lars,6.9e-5
Laverne,6.9e-5
Lemon,6.9e-5
Logan,6.9e-5
Lola,6.9e-5
Loran,6.9e-5
Lucien,6.9e-5
Lucy,6.9e-5
Luster,6.9e-5
Marian,6.9e-5
Martha,6.9e-5
Melville,6.9e-5
Meredith,6.9e-5
Merritt,6.9e-5
Murl,6.9e-5
Myles,6.9e-5
Nels,6.9e-5
Oakley,6.9e-5
Okey,6.9e-5
Omar,6.9e-5
Oris,6.9e-5
Orris,6.9e-5
Randall,6.9e-5
Raymon,6.9e-5
Reid,6.9e-5
Roby,6.9e-5
Roderick,6.9e-5
Rollie,6.9e-5
Romeo,6.9e-5
Rose,6.9e-5
Sebastian,6.9e-5
Shelly,6.9e-5
Sim,6.9e-5
Stanton,6.9e-5
Talmadge,6.9e-5
Tillman,6.9e-5
Tim,6.9e-5
Tobias,6.9e-5
Vaughn,6.9e-5
Weldon,6.9e-5
Werner,6.9e-5
Wright,6.9e-5
Addie,6.1e-5
Allison,6.1e-5
Almon,6.1e-5
Alvah,6.1e-5
Ballard,6.1e-5
Baxter,6.1e-5
Benedict,6.1e-5
Bertrand,6.1e-5
Burrell,6.1e-5
Casey,6.1e-5
Casimer,6.1e-5
Casimir,6.1e-5
Cephus,6.1e-5
Chesley,6.1e-5
Cleon,6.1e-5
Collins,6.1e-5
Cornelious,6.1e-5
Darrell,6.1e-5
Dennie,6.1e-5
Dolphus,6.1e-5
Donnie,6.1e-5
Donovan,6.1e-5
Doris,6.1e-5
Duncan,6.1e-5
Edison,6.1e-5
Elden,6.1e-5
Ella,6.1e-5
Elvis,6.1e-5
Erich,6.1e-5
Esco,6.1e-5
Ewell,6.1e-5
Ford,6.1e-5
Frankie,6.1e-5
Franklyn,6.1e-5
Fritz,6.1e-5
Glover,6.1e-5
Gregorio,6.1e-5
Hayden,6.1e-5
Huston,6.1e-5
Ignacio,6.1e-5
Ignatius,6.1e-5
Issac,6.1e-5
Josef,6.1e-5
Lance,6.1e-5
Lawerence,6.1e-5
Lem,6.1e-5
Leona,6.1e-5
Lessie,6.1e-5
Lou,6.1e-5
Lum,6.1e-5
Madison,6.1e-5
Marcel,6.1e-5
Mathews,6.1e-5
Mattie,6.1e-5
Maxie,6.1e-5
Mearl,6.1e-5
Merl,6.1e-5
Merlin,6.1e-5
Mildred,6.1e-5
Moody,6.1e-5
Ola,6.1e-5
Opal,6.1e-5
Oral,6.1e-5
Orson,6.1e-5
Orvil,6.1e-5
Ova,6.1e-5
Pate,6.1e-5
Percival,6.1e-5
Regis,6.1e-5
Reynolds,6.1e-5
Rolla,6.1e-5
Rosario,6.1e-5
Rudy,6.1e-5
Salvador,6.1e-5
Samual,6.1e-5
Schuyler,6.1e-5
Sid,6.1e-5
Sigurd,6.1e-5
Stafford,6.1e-5
Talmage,6.1e-5
Thad,6.1e-5
Vester,6.1e-5
Vicente,6.1e-5
Vito,6.1e-5
Zack,6.1e-5
Adelbert,5.2e-5
Adolf,5.2e-5
Adolfo,5.2e-5
Adron,5.2e-5
Alberto,5.2e-5
Alphonsus,5.2e-5
Ammon,5.2e-5
Ancil,5.2e-5
Arland,5.2e-5
Arley,5.2e-5
Arnie,5.2e-5
Artis,5.2e-5
Asbury,5.2e-5
Audie,5.2e-5
Auther,5.2e-5
Author,5.2e-5
Axel,5.2e-5
Barry,5.2e-5
Bart,5.2e-5
Bedford,5.2e-5
Bertha,5.2e-5
Blair,5.2e-5
Boston,5.2e-5
Budd,5.2e-5
Buren,5.2e-5
Cap,5.2e-5
Carmine,5.2e-5
Carrol,5.2e-5
Cicero,5.2e-5
Clide,5.2e-5
Courtland,5.2e-5
Craig,5.2e-5
Damon,5.2e-5
Dawson,5.2e-5
Dayton,5.2e-5
Dempsey,5.2e-5
Dow,5.2e-5
Effie,5.2e-5
Elder,5.2e-5
Eligah,5.2e-5
Ely,5.2e-5
Erland,5.2e-5
Ethan,5.2e-5
Ewing,5.2e-5
Fenton,5.2e-5
Fernando,5.2e-5
Gaylord,5.2e-5
Gray,5.2e-5
Gussie,5.2e-5
Harlie,5.2e-5
Haskell,5.2e-5
Hayward,5.2e-5
Hester,5.2e-5
Ida,5.2e-5
Ishmael,5.2e-5
Ivey,5.2e-5
Joesph,5.2e-5
Johney,5.2e-5
