name,percent
Mary,0.051672
Helen,0.020638
Anna,0.019364
Margaret,0.017401
Ruth,0.015631
Elizabeth,0.012649
Marie,0.012417
Florence,0.012311
Ethel,0.012067
Lillian,0.010545
Gladys,0.010525
Alice,0.010077
Edna,0.009786
Mildred,0.009534
Grace,0.009432
Annie,0.009424
Emma,0.009338
Clara,0.009121
Bertha,0.008877
Rose,0.0087
Bessie,0.008586
Dorothy,0.008547
Hazel,0.008248
Mabel,0.008248
Frances,0.008146
Minnie,0.007969
Gertrude,0.007725
Myrtle,0.007442
Martha,0.007418
Irene,0.007391
Pearl,0.00734
Edith,0.007332
Esther,0.007253
Ida,0.007218
Elsie,0.006871
Louise,0.006451
Eva,0.00636
Catherine,0.006289
Agnes,0.006002
Sarah,0.005955
Nellie,0.005719
Ella,0.005644
Josephine,0.00564
Laura,0.005514
Lillie,0.005436
Julia,0.005357
Viola,0.005235
Carrie,0.004905
Mattie,0.004818
Ruby,0.004818
Lena,0.004783
Alma,0.0047
Beatrice,0.004653
Mae,0.004484
Jessie,0.00439
Hattie,0.00435
Thelma,0.004287
Cora,0.004039
Blanche,0.004032
Mamie,0.003902
Lucy,0.003851
Evelyn,0.0038
Marion,0.003788
Pauline,0.003689
Stella,0.00365
Ada,0.003591
Lula,0.00356
Willie,0.003544
Jennie,0.003532
Lucille,0.003516
Katherine,0.003501
Fannie,0.003434
Vera,0.003383
Beulah,0.003379
Rosa,0.003324
Virginia,0.003245
Maude,0.003221
Leona,0.003064
Dora,0.003021
Maggie,0.002934
Nora,0.00286
Ellen,0.002797
Marguerite,0.002749
Eleanor,0.002698
Sadie,0.002659
Bernice,0.0025959999999999998
Daisy,0.002568
Susie,0.002557
Ann,0.002494
Kathryn,0.002439
Violet,0.002403
Hilda,0.002258
Nettie,0.002211
Theresa,0.002179
May,0.002163
Georgia,0.002159
Effie,0.002144
Olive,0.00212
Emily,0.002112
Della,0.0021
Doris,0.002089
Nancy,0.002041
Lydia,0.001994
Anne,0.001982
Charlotte,0.001978
Lottie,0.001959
Flora,0.001939
Lola,0.001939
Lois,0.001919
Sallie,0.001919
Marjorie,0.001888
Betty,0.001864
Ollie,0.001817
Inez,0.001805
Lizzie,0.001801
Katie,0.001782
Lela,0.001742
Loretta,0.001723
Goldie,0.001691
Iva,0.00168
Mable,0.001672
Eunice,0.001668
Harriet,0.001628
Eula,0.001605
Caroline,0.001597
Opal,0.001597
Ora,0.001573
Addie,0.001569
Sylvia,0.001534
Velma,0.001526
Alberta,0.001518
Henrietta,0.001506
Estelle,0.001499
Etta,0.001499
Rachel,0.001451
Essie,0.001447
Genevieve,0.001447
Verna,0.00142
Nannie,0.001408
Amelia,0.001377
Maria,0.001377
Lucile,0.001361
Victoria,0.001361
Rebecca,0.001345
Susan,0.001345
Vivian,0.001345
Madeline,0.001341
Jean,0.0012979999999999999
Rosie,0.0012979999999999999
Jane,0.001278
Mollie,0.001274
Ola,0.001274
Sophie,0.001274
Frieda,0.00127
Amanda,0.001247
Sara,0.001239
Irma,0.001196
Flossie,0.001184
Marian,0.001164
Nina,0.00116
Elva,0.001113
Estella,0.001105
Janie,0.001093
Barbara,0.00109
Alta,0.001082
Christine,0.001082
Matilda,0.001082
Olga,0.001074
Kathleen,0.00107
Hannah,0.001046
Norma,0.001038
Naomi,0.001007
Freda,0.001003
Celia,9.87e-4
Juanita,9.87e-4
Cecelia,9.79e-4
Ina,9.79e-4
Wilma,9.64e-4
Amy,9.6e-4
Geneva,9.6e-4
Selma,9.52e-4
Luella,9.4e-4
Erma,9.28e-4
Winifred,9.13e-4
Augusta,8.85e-4
Maud,8.69e-4
Sophia,8.69e-4
Regina,8.61e-4
Miriam,8.57e-4
Winnie,8.57e-4
Fern,8.54e-4
Rena,8.46e-4
Virgie,8.46e-4
Allie,8.42e-4
Isabel,8.42e-4
Sally,8.42e-4
Belle,8.18e-4
Eliza,8.14e-4
Josie,8.06e-4
Nell,8.06e-4
Veronica,7.83e-4
Bertie,7.71e-4
Cecilia,7.71e-4
Kate,7.71e-4
Millie,7.71e-4
Muriel,7.67e-4
Isabelle,7.63e-4
Adeline,7.55e-4
Elma,7.43e-4
Anita,7.24e-4
Leah,7.24e-4
Callie,7.2e-4
Mayme,7.2e-4
Lila,7.12e-4
Bonnie,7.04e-4
Roxie,7.04e-4
Leola,6.92e-4
Birdie,6.69e-4
Dollie,6.65e-4
Gussie,6.57e-4
Jeannette,6.57e-4
Margie,0.00064899999999999995
Roberta,0.00064899999999999995
Delia,6.45e-4
Teresa,6.45e-4
Faye,6.33e-4
Jeanette,6.33e-4
Jewel,6.33e-4
Cleo,6.29e-4
Hester,6.29e-4
Jewell,6.25e-4
Lora,6.25e-4
Adele,6.18e-4
Tillie,6.14e-4
Fay,5.94e-4
Carolyn,5.86e-4
Maudie,5.86e-4
Adelaide,5.78e-4
Letha,5.78e-4
Leila,5.7e-4
Madge,5.62e-4
Antoinette,5.59e-4
Geraldine,5.55e-4
Ila,5.43e-4
Lelia,5.43e-4
Cornelia,5.39e-4
Hallie,5.31e-4
Lulu,5.31e-4
Rita,5.31e-4
Sue,5.31e-4
Audrey,5.27e-4
Cecile,5.23e-4
Lessie,5.19e-4
Lorena,5.11e-4
Cecil,5.03e-4
Zelma,5e-4
Corinne,4.96e-4
Francis,4.96e-4
Olivia,4.96e-4
Rhoda,4.92e-4
Phyllis,4.88e-4
Reba,4.88e-4
Edythe,4.84e-4
Marcella,4.84e-4
Angelina,4.8e-4
Claire,4.8e-4
Helene,4.8e-4
Zella,4.8e-4
Gracie,4.76e-4
Neva,4.72e-4
Helena,4.68e-4
Johanna,4.68e-4
Lenora,4.64e-4
Rosalie,4.64e-4
Hettie,4.6e-4
Oma,4.6e-4
Elnora,4.56e-4
Myra,4.52e-4
June,4.44e-4
Pearlie,4.44e-4
Bettie,4.37e-4
Angeline,4.33e-4
Christina,4.33e-4
Johnnie,4.33e-4
Dorothea,4.29e-4
Gertie,4.29e-4
Mathilda,4.29e-4
Janet,4.25e-4
Wilhelmina,4.25e-4
Bess,4.21e-4
Clarice,4.21e-4
Dessie,4.21e-4
Annette,4.17e-4
Katharine,4.17e-4
Lorene,4.17e-4
Meta,4.17e-4
Elvira,4.13e-4
Lilly,4.13e-4
Hulda,4.09e-4
Harriett,3.97e-4
Lorraine,3.97e-4
Louisa,3.89e-4
Ophelia,3.89e-4
Lou,3.78e-4
Lee,3.74e-4
Lettie,3.74e-4
Lucinda,3.74e-4
Shirley,3.74e-4
Constance,3.7e-4
Dovie,3.7e-4
Elsa,3.7e-4
Rosetta,3.7e-4
Nola,3.66e-4
Yvonne,3.66e-4
Isabella,3.62e-4
Merle,3.58e-4
Angela,3.5e-4
Corine,3.5e-4
Lily,3.5e-4
Catharine,3.46e-4
Eloise,3.46e-4
Abbie,3.42e-4
Eileen,3.42e-4
Erna,3.42e-4
Eugenia,3.42e-4
Golda,3.42e-4
Linda,3.38e-4
Alvina,3.34e-4
Lona,3.34e-4
Odessa,3.34e-4
Claudia,3.3e-4
Minerva,3.3e-4
Mittie,3.3e-4
Vada,3.3e-4
Vesta,3.3e-4
Vida,3.3e-4
Leone,3.26e-4
Mina,3.26e-4
Lura,3.23e-4
Orpha,3.23e-4
Wanda,3.19e-4
Dolly,3.15e-4
Rosella,3.15e-4
Linnie,3.11e-4
Ona,3.11e-4
Ione,3.07e-4
Artie,3.03e-4
Nelle,3.03e-4
Carmen,2.99e-4
Jimmie,2.99e-4
Pansy,2.99e-4
Ernestine,2.91e-4
Leota,2.91e-4
Leta,2.91e-4
Verda,2.91e-4
Aileen,2.87e-4
Floy,2.87e-4
Maybelle,2.87e-4
Priscilla,2.83e-4
Alpha,2.79e-4
Isabell,2.75e-4
Leora,2.75e-4
Nona,2.71e-4
Dolores,2.67e-4
Georgie,2.67e-4
Ivy,2.67e-4
Patricia,2.67e-4
Cynthia,2.64e-4
Tessie,2.64e-4
Blanch,2.6e-4
Era,2.56e-4
Iona,2.52e-4
Peggy,2.52e-4
Cassie,2.48e-4
Jeanne,2.48e-4
Clyde,2.44e-4
Polly,2.44e-4
Carol,2.4e-4
Myrtie,2.4e-4
Ellie,2.36e-4
Evie,2.36e-4
Fanny,2.36e-4
Beryl,2.32e-4
Frankie,2.32e-4
Aline,2.28e-4
Antonia,2.28e-4
Rhea,2.28e-4
Zora,2.28e-4
Lyda,2.24e-4
Rae,2.24e-4
Zula,2.24e-4
Iola,2.2e-4
Jannie,2.2e-4
Lenore,2.2e-4
Mazie,2.2e-4
Zola,2.2e-4
Eddie,2.16e-4
Evangeline,2.16e-4
Lina,2.16e-4
Louella,2.16e-4
Molly,2.16e-4
Tressie,2.16e-4
Willa,2.16e-4
Agatha,2.12e-4
Angie,2.12e-4
Annabelle,2.12e-4
Lauretta,2.12e-4
Mandy,2.12e-4
Phoebe,2.12e-4
Sudie,2.12e-4
Aurelia,2.08e-4
Donna,2.08e-4
Lovie,2.08e-4
Bell,2.05e-4
Berta,2.05e-4
Billie,2.05e-4
Elda,2.05e-4
Joan,2.05e-4
Sybil,2.05e-4
Veda,2.05e-4
Cordelia,2.01e-4
Elisabeth,2.01e-4
Hilma,2.01e-4
Hortense,2.01e-4
Ester,1.97e-4
Paula,1.97e-4
Una,1.97e-4
Alva,1.93e-4
Marietta,1.93e-4
Reva,1.93e-4
Retha,1.89e-4
Clare,1.85e-4
Elise,1.85e-4
Tina,1.85e-4
Ava,1.81e-4
Iris,1.81e-4
Maxine,1.81e-4
Rubye,1.81e-4
Tommie,1.81e-4
Vergie,1.81e-4
Bernadette,1.77e-4
Dona,1.77e-4
Emilie,1.77e-4
Garnet,1.77e-4
Madeleine,1.77e-4
Savannah,1.77e-4
Ursula,1.77e-4
Alda,1.73e-4
Carmela,1.73e-4
Monica,1.73e-4
Queen,1.73e-4
Elaine,1.69e-4
Eleanore,1.69e-4
Joyce,1.69e-4
Lennie,1.69e-4
Lilla,1.69e-4
Ocie,1.69e-4
Zelda,1.69e-4
Connie,1.65e-4
Laverne,1.65e-4
Mabelle,1.65e-4
Macie,1.65e-4
Maurine,1.65e-4
Mona,1.65e-4
Pinkie,1.65e-4
Vina,1.65e-4
Belva,1.61e-4
Dena,1.61e-4
Elinor,1.61e-4
Florine,1.61e-4
Gretchen,1.61e-4
Lucia,1.61e-4
Nan,1.61e-4
Pearle,1.61e-4
Berniece,1.57e-4
Delphia,1.57e-4
Donnie,1.57e-4
Easter,1.57e-4
Lida,1.57e-4
Philomena,1.57e-4
Adelia,1.53e-4
Albina,1.53e-4
Avis,1.53e-4
Gwendolyn,1.53e-4
John,1.53e-4
Margery,1.53e-4
Anastasia,1.49e-4
Arlene,1.49e-4
Celeste,1.49e-4
Emmie,1.49e-4
Guadalupe,1.49e-4
Idella,1.49e-4
Leatha,1.49e-4
Malinda,1.49e-4
Octavia,1.49e-4
Reta,1.49e-4
Tennie,1.49e-4
Wilda,1.49e-4
Althea,1.46e-4
Carolina,1.46e-4
Chloe,1.46e-4
Estell,1.46e-4
Loraine,1.46e-4
Magdalena,1.46e-4
Petra,1.46e-4
Roma,1.46e-4
Rowena,1.46e-4
Vernie,1.46e-4
Bella,1.42e-4
Claudie,1.42e-4
Ferne,1.42e-4
Melba,1.42e-4
Adela,1.38e-4
Alyce,1.38e-4
Harriette,1.38e-4
Leonora,1.38e-4
Lue,1.38e-4
Madie,1.38e-4
Marvel,1.38e-4
Allene,1.34e-4
Bridget,1.34e-4
Charity,1.34e-4
Corrine,1.34e-4
Elmira,1.34e-4
Janice,1.34e-4
Lavina,1.34e-4
Melissa,1.34e-4
Melvina,1.34e-4
Vallie,1.34e-4
Altha,1.3e-4
Bernadine,1.3e-4
Bulah,1.3e-4
Camille,1.3e-4
Clarissa,1.3e-4
Esta,1.3e-4
Julie,1.3e-4
Retta,1.3e-4
Annabel,1.26e-4
Arline,1.26e-4
Dixie,1.26e-4
Glenna,1.26e-4
Kitty,1.26e-4
Margret,1.26e-4
Tena,1.26e-4
William,1.26e-4
Winnifred,1.26e-4
Adella,1.22e-4
Almeda,1.22e-4
Edwina,1.22e-4
Georgiana,1.22e-4
Hope,1.22e-4
Joanna,1.22e-4
Ludie,1.22e-4
Maybell,1.22e-4
Mertie,1.22e-4
Queenie,1.22e-4
Sadye,1.22e-4
Zona,1.22e-4
Ara,1.18e-4
Bobbie,1.18e-4
Clementine,1.18e-4
Clemmie,1.18e-4
Elenora,1.18e-4
Francisca,1.18e-4
Hildegarde,1.18e-4
Ima,1.18e-4
James,1.18e-4
Juana,1.18e-4
Kittie,1.18e-4
Lucretia,1.18e-4
Magdalen,1.18e-4
Margarita,1.18e-4
Mozelle,1.18e-4
Pattie,1.18e-4
Rilla,1.18e-4
Robbie,1.18e-4
Berenice,1.14e-4
Crystal,1.14e-4
Elena,1.14e-4
Faith,1.14e-4
Imogene,1.14e-4
Inga,1.14e-4
Ira,1.14e-4
Lavinia,1.14e-4
Leslie,1.14e-4
Myrtis,1.14e-4
Nadine,1.14e-4
Patsy,1.14e-4
Rosemary,1.14e-4
Yetta,1.14e-4
Charlie,1.1e-4
Enid,1.1e-4
Georgianna,1.1e-4
Gloria,1.1e-4
Lonie,1.1e-4
Magdalene,1.1e-4
Mallie,1.1e-4
Natalie,1.1e-4
Novella,1.1e-4
Susanna,1.1e-4
Viva,1.1e-4
Winona,1.1e-4
Bennie,1.06e-4
Emelia,1.06e-4
Ethyl,1.06e-4
Florida,1.06e-4
George,1.06e-4
Hedwig,1.06e-4
Jettie,1.06e-4
Mammie,1.06e-4
Mellie,1.06e-4
Onie,1.06e-4
Rubie,1.06e-4
Vinnie,1.06e-4
Annetta,1.02e-4
Camilla,1.02e-4
Elvera,1.02e-4
Eulah,1.02e-4
Eve,1.02e-4
Jenny,1.02e-4
Justine,1.02e-4
Kathrine,1.02e-4
Lorna,1.02e-4
Ramona,1.02e-4
Rosalind,1.02e-4
Rosia,1.02e-4
Ruthie,1.02e-4
Valeria,1.02e-4
Zoe,1.02e-4
Adaline,9.8e-5
Aletha,9.8e-5
Aurora,9.8e-5
Concetta,9.8e-5
Exie,9.8e-5
Filomena,9.8e-5
Freddie,9.8e-5
Freida,9.8e-5
Gail,9.8e-5
Joy,9.8e-5
Judith,9.8e-5
Leda,9.8e-5
Melva,9.8e-5
Mercedes,9.8e-5
Nita,9.8e-5
Vena,9.8e-5
Adah,9.4e-5
Albertha,9.4e-5
Audie,9.4e-5
Eda,9.4e-5
Emilia,9.4e-5
Ethelyn,9.4e-5
Ettie,9.4e-5
Hassie,9.4e-5
Juliette,9.4e-5
Loma,9.4e-5
Louvenia,9.4e-5
Ressie,9.4e-5
Verdie,9.4e-5
Amie,9e-5
Arvilla,9e-5
Audra,9e-5
Beth,9e-5
Cathryn,9e-5
Celestine,9e-5
Charles,9e-5
Delma,9e-5
Diana,9e-5
Dorris,9e-5
Eleanora,9e-5
Evalyn,9e-5
Gene,9e-5
Johnie,9e-5
Lilian,9e-5
Luna,9e-5
Luvenia,9e-5
Manuela,9e-5
Margarette,9e-5
Minna,9e-5
Nova,9e-5
Odie,9e-5
Tilda,9e-5
Treva,9e-5
Verona,9e-5
Ardella,8.7e-5
Arlie,8.7e-5
Cordie,8.7e-5
Donie,8.7e-5
Elizebeth,8.7e-5
Eugenie,8.7e-5
Florrie,8.7e-5
Hildred,8.7e-5
Idell,8.7e-5
Katheryn,8.7e-5
Kay,8.7e-5
Myrna,8.7e-5
Myrtice,8.7e-5
Oda,8.7e-5
Rosalia,8.7e-5
Albertine,8.3e-5
Alverta,8.3e-5
Arrie,8.3e-5
Corene,8.3e-5
Deborah,8.3e-5
Delphine,8.3e-5
Dorthy,8.3e-5
Felicia,8.3e-5
Flo,8.3e-5
Frank,8.3e-5
Hildegard,8.3e-5
Kathryne,8.3e-5
Lacy,8.3e-5
Liza,8.3e-5
Lonnie,8.3e-5
Madelyn,8.3e-5
Mathilde,8.3e-5
Mavis,8.3e-5
Mettie,8.3e-5
Myrle,8.3e-5
Ossie,8.3e-5
Pollie,8.3e-5
Rosamond,8.3e-5
Sena,8.3e-5
Bethel,7.9e-5
Carmella,7.9e-5
Docia,7.9e-5
Eldora,7.9e-5
Etha,7.9e-5
Frona,7.9e-5
Greta,7.9e-5
Hessie,7.9e-5
Ivory,7.9e-5
Jamie,7.9e-5
Lenna,7.9e-5
Leva,7.9e-5
Lexie,7.9e-5
Lilah,7.9e-5
Marcia,7.9e-5
Maye,7.9e-5
Minta,7.9e-5
Ottie,7.9e-5
Sammie,7.9e-5
Sibyl,7.9e-5
Signe,7.9e-5
Tressa,7.9e-5
Velda,7.9e-5
Vernice,7.9e-5
Adell,7.5e-5
Cordia,7.5e-5
Dortha,7.5e-5
Dottie,7.5e-5
Ebba,7.5e-5
Jacqueline,7.5e-5
Janette,7.5e-5
Jo,7.5e-5
Josefa,7.5e-5
Lelah,7.5e-5
Lorine,7.5e-5
Lucie,7.5e-5
Magnolia,7.5e-5
Manda,7.5e-5
Nelda,7.5e-5
Rachael,7.5e-5
Rosina,7.5e-5
Sula,7.5e-5
Theo,7.5e-5
Theodora,7.5e-5
Valerie,7.5e-5
Verla,7.5e-5
Veva,7.5e-5
Zetta,7.5e-5
Adelina,7.1e-5
Alene,7.1e-5
Cleora,7.1e-5
Clora,7.1e-5
Corda,7.1e-5
Drucilla,7.1e-5
Edyth,7.1e-5
Electa,7.1e-5
Eulalia,7.1e-5
Freeda,7.1e-5
Grayce,7.1e-5
Hellen,7.1e-5
Icie,7.1e-5
Icy,7.1e-5
Ivah,7.1e-5
Letitia,7.1e-5
Malvina,7.1e-5
Martina,7.1e-5
Missouri,7.1e-5
Ouida,7.1e-5
Ova,7.1e-5
Prudence,7.1e-5
Serena,7.1e-5
Suzanne,7.1e-5
Aimee,6.7e-5
Alida,6.7e-5
Alvera,6.7e-5
Amalia,6.7e-5
Beaulah,6.7e-5
Berneice,6.7e-5
Carmel,6.7e-5
Corrie,6.7e-5
Dee,6.7e-5
Elisa,6.7e-5
Eura,6.7e-5
Garnett,6.7e-5
Helga,6.7e-5
Henry,6.7e-5
Isa,6.7e-5
Juliet,6.7e-5
Kattie,6.7e-5
Libby,6.7e-5
Madaline,6.7e-5
Marjory,6.7e-5
Maymie,6.7e-5
Melinda,6.7e-5
Monnie,6.7e-5
Myrl,6.7e-5
Norine,6.7e-5
Ray,6.7e-5
Rossie,6.7e-5
Selena,6.7e-5
Selina,6.7e-5
Sidney,6.7e-5
Stephanie,6.7e-5
Violette,6.7e-5
Walter,6.7e-5
Zita,6.7e-5
Alfreda,6.3e-5
Alverda,6.3e-5
Annis,6.3e-5
Betsy,6.3e-5
Birtha,6.3e-5
Claribel,6.3e-5
Delilah,6.3e-5
Gertha,6.3e-5
Gwen,6.3e-5
Hildur,6.3e-5
Huldah,6.3e-5
India,6.3e-5
Jossie,6.3e-5
Katy,6.3e-5
Lavada,6.3e-5
Lissie,6.3e-5
Lurline,6.3e-5
Mabell,6.3e-5
Neta,6.3e-5
Odelia,6.3e-5
Odell,6.3e-5
Robert,6.3e-5
Rosanna,6.3e-5
Samantha,6.3e-5
Tempie,6.3e-5
Ula,6.3e-5
Verlie,6.3e-5
Zadie,6.3e-5
Alvena,5.9e-5
Annabell,5.9e-5
Berdie,5.9e-5
Beula,5.9e-5
Dorcas,5.9e-5
Elvie,5.9e-5
Emmer,5.9e-5
Euna,5.9e-5
Glennie,5.9e-5
Hanna,5.9e-5
Hazle,5.9e-5
Imelda,5.9e-5
Laurel,5.9e-5
Lea,5.9e-5
Lelar,5.9e-5
Leonie,5.9e-5
Lupe,5.9e-5
Maxie,5.9e-5
Mossie,5.9e-5
Osie,5.9e-5
Salome,5.9e-5
Thea,5.9e-5
Vertie,5.9e-5
Zada,5.9e-5
Arizona,5.5e-5
Augustine,5.5e-5
Claudine,5.5e-5
Clemence,5.5e-5
Dell,5.5e-5
Dellie,5.5e-5
Earl,5.5e-5
Earlie,5.5e-5
Elberta,5.5e-5
Elfrieda,5.5e-5
Elna,5.5e-5
Elvina,5.5e-5
Eveline,5.5e-5
Fairy,5.5e-5
Fred,5.5e-5
Goldia,5.5e-5
Hermina,5.5e-5
Hertha,5.5e-5
Jeffie,5.5e-5
Joseph,5.5e-5
Lassie,5.5e-5
Leonia,5.5e-5
Leontine,5.5e-5
Libbie,5.5e-5
Malissa,5.5e-5
Mariah,5.5e-5
Metta,5.5e-5
Neoma,5.5e-5
Rozella,5.5e-5
Sigrid,5.5e-5
Sofia,5.5e-5
Theresia,5.5e-5
Thora,5.5e-5
Tiny,5.5e-5
Twila,5.5e-5
Vassie,5.5e-5
Zettie,5.5e-5
Abigail,5.1e-5
Alla,5.1e-5
Allean,5.1e-5
Amber,5.1e-5
Aura,5.1e-5
Buelah,5.1e-5
Cathrine,5.1e-5
Dagny,5.1e-5
Daphne,5.1e-5
Delores,5.1e-5
Delpha,5.1e-5
Delta,5.1e-5
Dina,5.1e-5
Elta,5.1e-5
Ena,5.1e-5
Enola,5.1e-5
Erie,5.1e-5
Fae,5.1e-5
Gay,5.1e-5
Gena,5.1e-5
Ilah,5.1e-5
Jesse,5.1e-5
Joe,5.1e-5
Lady,5.1e-5
Leoma,5.1e-5
Lera,5.1e-5
Loretto,5.1e-5
Luberta,5.1e-5
Luisa,5.1e-5
Lutie,5.1e-5
Macy,5.1e-5
Margaretta,5.1e-5
Nella,5.1e-5
Nolia,5.1e-5
Noma,5.1e-5
Odile,5.1e-5
Oleta,5.1e-5
Onnie,5.1e-5
Ozella,5.1e-5
Phebe,5.1e-5
Trula,5.1e-5
Vella,5.1e-5
Velva,5.1e-5
Andrea,4.7e-5
Aurore,4.7e-5
Christie,4.7e-5
Clarence,4.7e-5
Clifford,4.7e-5
Dannie,4.7e-5
Delcie,4.7e-5
Dicie,4.7e-5
Dorotha,4.7e-5
Eloisa,4.7e-5
Emeline,4.7e-5
Ethyle,4.7e-5
Ever,4.7e-5
Golden,4.7e-5
Hasel,4.7e-5
Ines,4.7e-5
Ingeborg,4.7e-5
Izetta,4.7e-5
Izora,4.7e-5
Jeane,4.7e-5
Josefina,4.7e-5
Laurine,4.7e-5
Leo,4.7e-5
Liddie,4.7e-5
Lorean,4.7e-5
Lovina,4.7e-5
Marge,4.7e-5
Margueritta,4.7e-5
Meda,4.7e-5
Montie,4.7e-5
Mozell,4.7e-5
Nanie,4.7e-5
Naoma,4.7e-5
Norene,4.7e-5
Omie,4.7e-5
Oneta,4.7e-5
Ottilie,4.7e-5
Rene,4.7e-5
Sister,4.7e-5
Thomas,4.7e-5
