name,percent
Mary,0.051312
Helen,0.022027
Anna,0.018325
Margaret,0.018138
Ruth,0.016244
Elizabeth,0.013382
Florence,0.012466
Marie,0.012466
Ethel,0.011707
Mildred,0.0111
Dorothy,0.011064
Alice,0.010769
Lillian,0.010683
Gladys,0.009608
Edna,0.009587
Grace,0.0094
Annie,0.009162
Rose,0.008904
Frances,0.008501
Clara,0.008418
Bessie,0.008408
Bertha,0.0083
Emma,0.008296
Gertrude,0.008098
Mabel,0.007775
Hazel,0.007689
Pearl,0.007354
Irene,0.007193
Martha,0.007117
Myrtle,0.007117
Louise,0.006955
Catherine,0.006887
Edith,0.006833
Esther,0.006769
Minnie,0.006636
Eva,0.006409
Ida,0.006377
Elsie,0.006183
Agnes,0.005809
Josephine,0.005705
Sarah,0.005582
Ruby,0.005528
Laura,0.005406
Viola,0.005374
Nellie,0.005359
Lillie,0.005338
Thelma,0.005316
Julia,0.005201
Beatrice,0.005173
Ella,0.005101
Mattie,0.004594
Carrie,0.004497
Alma,0.004472
Evelyn,0.004353
Jessie,0.004321
Lena,0.004313
Lucille,0.004288
Mae,0.004285
Blanche,0.00422
Hattie,0.003972
Marion,0.003746
Pauline,0.003746
Virginia,0.00371
Fannie,0.003652
Stella,0.003652
Katherine,0.003648
Willie,0.003648
Mamie,0.003562
Lucy,0.003559
Cora,0.003544
Jennie,0.003364
Beulah,0.003307
Lula,0.003282
Rosa,0.003271
Vera,0.003231
Leona,0.003167
Bernice,0.00312
Ada,0.00303
Eleanor,0.003019
Maggie,0.002804
Dora,0.002797
Daisy,0.002789
Maude,0.002789
Ann,0.002782
Ellen,0.002779
Kathryn,0.00262
Nora,0.002602
Hilda,0.002509
Sadie,0.002455
Susie,0.002444
Marguerite,0.002401
Lois,0.002387
Violet,0.00229
Georgia,0.002272
Doris,0.002261
Della,0.002193
Olive,0.002146
Betty,0.002142
Velma,0.002121
Anne,0.002088
Emily,0.002006
Theresa,0.001988
Effie,0.001984
Lola,0.001966
Nettie,0.001966
Opal,0.001952
May,0.001945
Flora,0.001927
Nancy,0.001894
Sallie,0.00188
Katie,0.00184
Marjorie,0.001837
Lottie,0.00183
Loretta,0.001815
Charlotte,0.001812
Lydia,0.001804
Inez,0.001743
Alberta,0.001736
Eunice,0.001686
Sylvia,0.001668
Jean,0.001661
Mable,0.001657
Ollie,0.001653
Lizzie,0.001646
Eula,0.00161
Addie,0.001585
Henrietta,0.001553
Vivian,0.001553
Goldie,0.001546
Genevieve,0.001535
Verna,0.001524
Rosie,0.00152
Lela,0.00151
Etta,0.001495
Harriet,0.001495
Estelle,0.001445
Madeline,0.001438
Ora,0.001434
Iva,0.001431
Essie,0.001427
Caroline,0.001398
Rachel,0.001377
Jane,0.00137
Maria,0.001362
Lucile,0.00133
Christine,0.001305
Marian,0.001276
Naomi,0.001276
Kathleen,0.001265
Amelia,0.001247
Barbara,0.001244
Irma,0.001244
Nina,0.00124
Rebecca,0.001201
Sara,0.001197
Victoria,0.001186
Nannie,0.001168
Norma,0.001121
Sophie,0.001118
Ola,0.001111
Geneva,0.001107
Estella,0.001096
Susan,0.001096
Juanita,0.001093
Erma,0.001086
Flossie,0.001068
Frieda,0.001057
Wilma,0.001053
Sally,0.001035
Luella,0.001028
Mollie,0.001021
Alta,0.001014
Olga,0.00101
Freda,0.001006
Celia,9.99e-4
Audrey,9.92e-4
Fern,9.92e-4
Winifred,9.78e-4
Janie,9.35e-4
Isabel,9.24e-4
Ina,9.2e-4
Elva,9.17e-4
Hannah,8.99e-4
Allie,8.88e-4
Amanda,8.88e-4
Eliza,8.88e-4
Matilda,8.81e-4
Amy,8.7e-4
Cecelia,8.7e-4
Cleo,7.94e-4
Muriel,7.91e-4
Cecilia,7.84e-4
Miriam,7.84e-4
Selma,7.84e-4
Rena,7.8e-4
Virgie,7.69e-4
Isabelle,7.66e-4
Regina,7.66e-4
Sophia,7.66e-4
Adeline,7.62e-4
Josie,7.55e-4
Winnie,7.48e-4
Lila,7.4e-4
Nell,7.4e-4
Roberta,7.4e-4
Augusta,7.37e-4
Leola,7.33e-4
Anita,7.26e-4
Kate,7.26e-4
Belle,7.19e-4
Bonnie,7.19e-4
Callie,7.15e-4
Margie,7.15e-4
Geraldine,7.12e-4
Jeanette,7.12e-4
Jewel,7.08e-4
Jewell,7.08e-4
Dollie,6.94e-4
Fay,6.83e-4
Faye,6.83e-4
Millie,6.79e-4
Bertie,6.76e-4
Tillie,6.43e-4
Maud,6.33e-4
Zelma,6.33e-4
Leah,6.29e-4
Veronica,6.29e-4
Rita,6.25e-4
Teresa,6.25e-4
Gussie,6.11e-4
Letha,5.97e-4
Adele,5.9e-4
Claire,5.9e-4
Roxie,5.86e-4
Elma,5.82e-4
Jeannette,5.82e-4
Ila,5.75e-4
Antoinette,5.72e-4
Cecile,5.72e-4
Mayme,5.68e-4
Carolyn,5.64e-4
Angeline,5.46e-4
Gracie,5.43e-4
Maudie,5.43e-4
Phyllis,5.39e-4
Angelina,5.36e-4
Lelia,5.36e-4
Marcella,5.36e-4
Cornelia,5.32e-4
Hester,5.28e-4
Madge,5.25e-4
Sue,5.25e-4
Delia,5.21e-4
Lessie,5.21e-4
Lora,5.21e-4
Adelaide,5.18e-4
Constance,5.18e-4
June,5.14e-4
Lorena,5.14e-4
Johnnie,5.07e-4
Birdie,4.96e-4
Leila,4.96e-4
Dorothea,4.89e-4
Eloise,4.82e-4
Lou,4.82e-4
Wanda,4.82e-4
Angela,4.74e-4
Elnora,4.74e-4
Lenora,4.74e-4
Zella,4.74e-4
Nola,4.71e-4
Olivia,4.67e-4
Dovie,4.64e-4
Dessie,4.6e-4
Myra,4.6e-4
Hallie,4.57e-4
Rosalie,4.57e-4
Katharine,4.53e-4
Oma,4.53e-4
Reba,4.53e-4
Lorraine,4.49e-4
Bettie,4.42e-4
Helene,4.42e-4
Lilly,4.42e-4
Lulu,4.39e-4
Ophelia,4.39e-4
Rhoda,4.39e-4
Neva,4.35e-4
Janet,4.28e-4
Corinne,4.24e-4
Lorene,4.17e-4
Dolores,4.1e-4
Merle,4.06e-4
Bess,4.03e-4
Harriett,4.03e-4
Pearlie,4.03e-4
Lee,3.99e-4
Elvira,3.95e-4
Alvina,3.92e-4
Francis,3.92e-4
Yvonne,3.92e-4
Helena,3.88e-4
Hulda,3.88e-4
Hettie,3.85e-4
Ernestine,3.81e-4
Vesta,3.77e-4
Wilhelmina,3.77e-4
Cecil,3.7e-4
Shirley,3.67e-4
Catharine,3.63e-4
Eileen,3.63e-4
Eugenia,3.59e-4
Erna,3.56e-4
Isabell,3.56e-4
Annette,3.52e-4
Claudia,3.52e-4
Isabella,3.45e-4
Louisa,3.45e-4
Lily,3.41e-4
Vida,3.41e-4
Peggy,3.34e-4
Dolly,3.31e-4
Lucinda,3.31e-4
Abbie,3.27e-4
Johanna,3.27e-4
Aline,3.24e-4
Carmen,3.24e-4
Christina,3.24e-4
Edythe,3.24e-4
Linda,3.24e-4
Lona,3.24e-4
Pansy,3.24e-4
Mathilda,3.16e-4
Odessa,3.16e-4
Elsa,3.13e-4
Jeanne,3.13e-4
Lura,3.13e-4
Corine,3.09e-4
Mina,3.09e-4
Rosetta,3.09e-4
Alpha,3.06e-4
Gertie,3.06e-4
Golda,3.06e-4
Linnie,3.06e-4
Rosella,3.02e-4
Billie,2.98e-4
Jimmie,2.98e-4
Leta,2.98e-4
Orpha,2.98e-4
Zora,2.98e-4
Clarice,2.95e-4
Leota,2.95e-4
Frankie,2.91e-4
Leora,2.88e-4
Era,2.84e-4
Fanny,2.84e-4
Lettie,2.84e-4
Patricia,2.84e-4
Priscilla,2.84e-4
Willa,2.84e-4
Connie,2.8e-4
Donna,2.8e-4
Lenore,2.8e-4
Meta,2.8e-4
Mittie,2.77e-4
Nona,2.77e-4
Verda,2.77e-4
Minerva,2.73e-4
Rae,2.73e-4
Molly,2.7e-4
Louella,2.66e-4
Zula,2.66e-4
Iona,2.62e-4
Joyce,2.62e-4
Polly,2.62e-4
Blanch,2.59e-4
Evie,2.59e-4
Hortense,2.59e-4
Vada,2.59e-4
Maxine,2.52e-4
Carmela,2.48e-4
Eddie,2.48e-4
Maybelle,2.48e-4
Iola,2.44e-4
Jannie,2.44e-4
Phoebe,2.44e-4
Tessie,2.44e-4
Arlene,2.41e-4
Carol,2.41e-4
Ivy,2.37e-4
Leone,2.37e-4
Philomena,2.37e-4
Artie,2.34e-4
Cynthia,2.34e-4
Iris,2.34e-4
Agatha,2.3e-4
Angie,2.3e-4
Floy,2.3e-4
Zola,2.3e-4
Aileen,2.26e-4
Ione,2.26e-4
Joan,2.26e-4
Lauretta,2.26e-4
Gwendolyn,2.23e-4
Mazie,2.23e-4
Berniece,2.19e-4
Annabelle,2.16e-4
Elda,2.16e-4
Elisabeth,2.16e-4
Sudie,2.16e-4
Mona,2.12e-4
Myrtie,2.12e-4
Robbie,2.12e-4
Alva,2.08e-4
Cassie,2.08e-4
Emilie,2.08e-4
Malinda,2.08e-4
Rubye,2.08e-4
Antonia,2.05e-4
Beryl,2.05e-4
Clare,2.05e-4
Dixie,2.05e-4
Florine,2.05e-4
Paula,2.05e-4
Bernadette,2.01e-4
Chloe,2.01e-4
Mabelle,2.01e-4
Arline,1.98e-4
Ava,1.98e-4
Georgie,1.98e-4
Loraine,1.98e-4
Elaine,1.94e-4
Imogene,1.94e-4
Ona,1.94e-4
Sybil,1.94e-4
Alyce,1.91e-4
Berta,1.91e-4
Elise,1.91e-4
Maurine,1.91e-4
Natalie,1.91e-4
Nelle,1.91e-4
Clyde,1.87e-4
Cordelia,1.87e-4
Eleanore,1.87e-4
Madeleine,1.87e-4
Mandy,1.87e-4
Queen,1.87e-4
Veda,1.87e-4
Corrine,1.83e-4
Lovie,1.83e-4
Albina,1.8e-4
Bernadine,1.8e-4
Glenna,1.8e-4
Leatha,1.8e-4
Lue,1.8e-4
Tommie,1.8e-4
Althea,1.76e-4
Lennie,1.76e-4
Tressie,1.76e-4
Wilda,1.76e-4
Avis,1.73e-4
Bell,1.73e-4
Ellie,1.73e-4
Rosemary,1.73e-4
Una,1.73e-4
Vina,1.73e-4
Hope,1.69e-4
Idella,1.69e-4
Madelyn,1.69e-4
Aurelia,1.65e-4
Ferne,1.65e-4
Lina,1.65e-4
Ludie,1.65e-4
Magnolia,1.65e-4
Ocie,1.65e-4
Pinkie,1.65e-4
Ursula,1.65e-4
Joanna,1.62e-4
Melba,1.62e-4
Nan,1.62e-4
Zelda,1.62e-4
Bella,1.58e-4
Ester,1.58e-4
Florida,1.58e-4
Garnet,1.58e-4
Luvenia,1.58e-4
Tina,1.58e-4
Vallie,1.58e-4
Melvina,1.55e-4
Pearle,1.55e-4
Vergie,1.55e-4
Camille,1.51e-4
Delphia,1.51e-4
Vernie,1.51e-4
Winona,1.51e-4
Emilia,1.47e-4
Evangeline,1.47e-4
Filomena,1.47e-4
John,1.47e-4
Laverne,1.47e-4
Lyda,1.47e-4
Margery,1.47e-4
Zona,1.47e-4
Clementine,1.44e-4
Elinor,1.44e-4
Georgiana,1.44e-4
Ima,1.44e-4
Lilla,1.44e-4
Magdalena,1.44e-4
Margarita,1.44e-4
Maye,1.44e-4
Octavia,1.44e-4
Rhea,1.44e-4
Adell,1.4e-4
Alda,1.4e-4
Elmira,1.4e-4
Gretchen,1.4e-4
Harriette,1.4e-4
Julie,1.4e-4
Lavina,1.4e-4
Myrtis,1.4e-4
Adah,1.37e-4
Easter,1.37e-4
Marcia,1.37e-4
Rubie,1.37e-4
Almeda,1.33e-4
Belva,1.33e-4
Bennie,1.33e-4
Carmella,1.33e-4
Charlie,1.33e-4
Dona,1.33e-4
Estell,1.33e-4
Georgianna,1.33e-4
Kay,1.33e-4
Lida,1.33e-4
Madie,1.33e-4
Margret,1.33e-4
Reva,1.33e-4
Berenice,1.29e-4
Celeste,1.29e-4
Donnie,1.29e-4
Esta,1.29e-4
Jettie,1.29e-4
Leonora,1.29e-4
Lilian,1.29e-4
Melva,1.29e-4
Monica,1.29e-4
Verdie,1.29e-4
Albertha,1.26e-4
Allene,1.26e-4
Evalyn,1.26e-4
Janice,1.26e-4
Melissa,1.26e-4
Ramona,1.26e-4
Savannah,1.26e-4
Susanna,1.26e-4
William,1.26e-4
Camilla,1.22e-4
Claudie,1.22e-4
Eleanora,1.22e-4
Hilma,1.22e-4
Ira,1.22e-4
Ray,1.22e-4
Ressie,1.22e-4
Clemmie,1.19e-4
Eve,1.19e-4
Judith,1.19e-4
Magdalene,1.19e-4
Marietta,1.19e-4
Mercedes,1.19e-4
Rosina,1.19e-4
Stephanie,1.19e-4
Winnifred,1.19e-4
Beth,1.15e-4
Carolina,1.15e-4
Charity,1.15e-4
Concetta,1.15e-4
Cordie,1.15e-4
Crystal,1.15e-4
Dorthy,1.15e-4
Faith,1.15e-4
Gene,1.15e-4
Idell,1.15e-4
Inga,1.15e-4
Lucretia,1.15e-4
Novella,1.15e-4
Rachael,1.15e-4
Tennie,1.15e-4
Alverta,1.11e-4
Celestine,1.11e-4
Gail,1.11e-4
Guadalupe,1.11e-4
Lorna,1.11e-4
Rosia,1.11e-4
Yetta,1.11e-4
Anastasia,1.08e-4
Audra,1.08e-4
Ethelyn,1.08e-4
Hildred,1.08e-4
Joy,1.08e-4
Lonnie,1.08e-4
Nadine,1.08e-4
Nita,1.08e-4
Rosamond,1.08e-4
Therese,1.08e-4
Viva,1.08e-4
Audie,1.04e-4
Bulah,1.04e-4
Elna,1.04e-4
Emmie,1.04e-4
Ethyl,1.04e-4
Eulalia,1.04e-4
Francisca,1.04e-4
Freida,1.04e-4
Hedwig,1.04e-4
Jenny,1.04e-4
Jo,1.04e-4
Juana,1.04e-4
Kitty,1.04e-4
Lera,1.04e-4
Manuela,1.04e-4
Marvel,1.04e-4
Pattie,1.04e-4
Queenie,1.04e-4
Retta,1.04e-4
Signe,1.04e-4
Theo,1.04e-4
Adela,1.01e-4
Adelia,1.01e-4
Annis,1.01e-4
Aurora,1.01e-4
Bobbie,1.01e-4
Delma,1.01e-4
Elenora,1.01e-4
Ettie,1.01e-4
James,1.01e-4
Luna,1.01e-4
Missouri,1.01e-4
Ossie,1.01e-4
Arizona,9.7e-5
Arvilla,9.7e-5
Eda,9.7e-5
Elvera,9.7e-5
George,9.7e-5
Hertha,9.7e-5
Johnie,9.7e-5
Katheryn,9.7e-5
Macie,9.7e-5
Millicent,9.7e-5
Retha,9.7e-5
Rowena,9.7e-5
Ruthie,9.7e-5
Tena,9.7e-5
Adella,9.3e-5
Alene,9.3e-5
Altha,9.3e-5
Annabel,9.3e-5
Diana,9.3e-5
Golden,9.3e-5
Hellen,9.3e-5
Kattie,9.3e-5
Maybell,9.3e-5
Petra,9.3e-5
Roma,9.3e-5
Rosalind,9.3e-5
Annetta,9e-5
Arrie,9e-5
Berneice,9e-5
Gloria,9e-5
Goldia,9e-5
Grayce,9e-5
Joe,9e-5
Lavinia,9e-5
Lolita,9e-5
Louvenia,9e-5
Lucia,9e-5
Reta,9e-5
Rosalia,9e-5
Treva,9e-5
Annabell,8.6e-5
Dena,8.6e-5
Eldora,8.6e-5
Felicia,8.6e-5
Lelah,8.6e-5
Leslie,8.6e-5
Myrle,8.6e-5
Oda,8.6e-5
Rosanna,8.6e-5
Sophronia,8.6e-5
Theodora,8.6e-5
Valeria,8.6e-5
Velda,8.6e-5
Vinnie,8.6e-5
Zetta,8.6e-5
Ara,8.3e-5
Birtha,8.3e-5
Consuelo,8.3e-5
Dorcas,8.3e-5
Elena,8.3e-5
Eura,8.3e-5
Hassie,8.3e-5
Juliette,8.3e-5
Letitia,8.3e-5
Madaline,8.3e-5
Mammie,8.3e-5
Maxie,8.3e-5
Mellie,8.3e-5
Neta,8.3e-5
Norine,8.3e-5
Salome,8.3e-5
Selena,8.3e-5
Albertine,7.9e-5
Bridget,7.9e-5
Cathrine,7.9e-5
Clora,7.9e-5
Delores,7.9e-5
Emelia,7.9e-5
Eulah,7.9e-5
Exie,7.9e-5
Florrie,7.9e-5
Hildegarde,7.9e-5
Icie,7.9e-5
Kathrine,7.9e-5
Mariah,7.9e-5
Mozelle,7.9e-5
Myrna,7.9e-5
Odelia,7.9e-5
Osie,7.9e-5
Rilla,7.9e-5
Suzanne,7.9e-5
Tressa,7.9e-5
Trudie,7.9e-5
Vertie,7.9e-5
Aletha,7.5e-5
Alida,7.5e-5
Amalia,7.5e-5
Beaulah,7.5e-5
Clarissa,7.5e-5
Coral,7.5e-5
Deborah,7.5e-5
Dorotha,7.5e-5
Elvie,7.5e-5
Elvina,7.5e-5
Etha,7.5e-5
Flo,7.5e-5
Freddie,7.5e-5
Lonie,7.5e-5
Lorine,7.5e-5
Louie,7.5e-5
Margaretta,7.5e-5
Margarette,7.5e-5
Maymie,7.5e-5
Neoma,7.5e-5
Nonie,7.5e-5
Nova,7.5e-5
Rossie,7.5e-5
Sibyl,7.5e-5
Vena,7.5e-5
Zada,7.5e-5
Zettie,7.5e-5
Abigail,7.2e-5
Amie,7.2e-5
Bethel,7.2e-5
Christena,7.2e-5
Corene,7.2e-5
Delphine,7.2e-5
Dortha,7.2e-5
Ebba,7.2e-5
Edwina,7.2e-5
Edyth,7.2e-5
Enid,7.2e-5
Georgina,7.2e-5
Leonia,7.2e-5
Leontine,7.2e-5
Liddie,7.2e-5
Liza,7.2e-5
Loma,7.2e-5
Lucie,7.2e-5
Malvina,7.2e-5
Manda,7.2e-5
Margarete,7.2e-5
Minna,7.2e-5
Nella,7.2e-5
Odie,7.2e-5
Patsy,7.2e-5
Sadye,7.2e-5
Selina,7.2e-5
Verona,7.2e-5
Antonette,6.8e-5
Arlie,6.8e-5
Cathryn,6.8e-5
Charles,6.8e-5
Cordia,6.8e-5
Eudora,6.8e-5
Evelina,6.8e-5
Garnett,6.8e-5
Greta,6.8e-5
Hanna,6.8e-5
Kathryne,6.8e-5
Leda,6.8e-5
Magdalen,6.8e-5
Mallie,6.8e-5
Myrl,6.8e-5
Palma,6.8e-5
Pollie,6.8e-5
Prudence,6.8e-5
Rafaela,6.8e-5
Rosalee,6.8e-5
Sidney,6.8e-5
Vella,6.8e-5
Violette,6.8e-5
Zoe,6.8e-5
Adelina,6.5e-5
Cleora,6.5e-5
Corrie,6.5e-5
Delilah,6.5e-5
Earline,6.5e-5
Emmer,6.5e-5
Frank,6.5e-5
Gay,6.5e-5
Germaine,6.5e-5
Gregoria,6.5e-5
Henriette,6.5e-5
Henry,6.5e-5
Josefa,6.5e-5
Lavada,6.5e-5
Mavis,6.5e-5
Mertie,6.5e-5
Olevia,6.5e-5
Ouida,6.5e-5
Ova,6.5e-5
Sammie,6.5e-5
Tempie,6.5e-5
Twila,6.5e-5
Verlie,6.5e-5
Adrienne,6.1e-5
Arie,6.1e-5
Claudine,6.1e-5
Dorris,6.1e-5
Elberta,6.1e-5
Elisa,6.1e-5
Elizebeth,6.1e-5
Evia,6.1e-5
Genie,6.1e-5
Glennie,6.1e-5
Hildegard,6.1e-5
Janette,6.1e-5
Kittie,6.1e-5
Kizzie,6.1e-5
Louis,6.1e-5
Lupe,6.1e-5
Lurline,6.1e-5
Marjory,6.1e-5
Martina,6.1e-5
Mettie,6.1e-5
Myrtice,6.1e-5
Omie,6.1e-5
Serena,6.1e-5
Thyra,6.1e-5
Valerie,6.1e-5
Zita,6.1e-5
Alline,5.8e-5
Almeta,5.8e-5
America,5.8e-5
Bernardine,5.8e-5
Carmel,5.8e-5
Chrystal,5.8e-5
Cleta,5.8e-5
Docia,5.8e-5
Doshia,5.8e-5
Elouise,5.8e-5
Florance,5.8e-5
Freeda,5.8e-5
Gwen,5.8e-5
Hermine,5.8e-5
Icy,5.8e-5
India,5.8e-5
Izetta,5.8e-5
Jesse,5.8e-5
Jessica,5.8e-5
Laurette,5.8e-5
Lea,5.8e-5
Leonie,5.8e-5
Leonor,5.8e-5
Lorenza,5.8e-5
Lovina,5.8e-5
Loyce,5.8e-5
Nelda,5.8e-5
Norene,5.8e-5
Onie,5.8e-5
Ottie,5.8e-5
Ozie,5.8e-5
Sena,5.8e-5
Sigrid,5.8e-5
Thora,5.8e-5
Adaline,5.4e-5
Alicia,5.4e-5
Alvena,5.4e-5
Ana,5.4e-5
Angelita,5.4e-5
Cleda,5.4e-5
Delcie,5.4e-5
Doshie,5.4e-5
Dottie,5.4e-5
Euna,5.4e-5
Fae,5.4e-5
Fleta,5.4e-5
Flonnie,5.4e-5
Helga,5.4e-5
Jacqueline,5.4e-5
Jennette,5.4e-5
Jossie,5.4e-5
Juliet,5.4e-5
Justine,5.4e-5
Lexie,5.4e-5
Libby,5.4e-5
Lissie,5.4e-5
Marry,5.4e-5
Mathilde,5.4e-5
Matilde,5.4e-5
Meda,5.4e-5
Monnie,5.4e-5
Odile,5.4e-5
Pearline,5.4e-5
Sister,5.4e-5
Tilda,5.4e-5
Vashti,5.4e-5
Velva,5.4e-5
Verla,5.4e-5
Vira,5.4e-5
Virgil,5.4e-5
Andrea,5e-5
Ardella,5e-5
Carmelita,5e-5
Ceola,5e-5
Claribel,5e-5
Coletta,5e-5
Dana,5e-5
Daphne,5e-5
Delpha,5e-5
Delta,5e-5
Drusilla,5e-5
Ela,5e-5
Euphemia,5e-5
Florie,5e-5
Gena,5e-5
Gertha,5e-5
Henretta,5e-5
Larue,5e-5
Lavera,5e-5
Laverna,5e-5
Leanna,5e-5
Lelar,5e-5
Lenna,5e-5
Letty,5e-5
Lilah,5e-5
Mahala,5e-5
Malissa,5e-5
Marcelle,5e-5
Mozell,5e-5
Odell,5e-5
Parthenia,5e-5
Romaine,5e-5
Rosalyn,5e-5
Roxanna,5e-5
Sula,5e-5
Vennie,5e-5
Vernice,5e-5
Aida,4.7e-5
Allean,4.7e-5
Almira,4.7e-5
Alvera,4.7e-5
Anner,4.7e-5
Ardis,4.7e-5
Arlena,4.7e-5
Augustina,4.7e-5
Bert,4.7e-5
Besse,4.7e-5
Blossom,4.7e-5
Bonita,4.7e-5
Buelah,4.7e-5
Capitola,4.7e-5
Carry,4.7e-5
Cathleen,4.7e-5
Creola,4.7e-5
Dee,4.7e-5
Delsie,4.7e-5
Dicie,4.7e-5
Dominga,4.7e-5
Donie,4.7e-5
Drucilla,4.7e-5
Ellar,4.7e-5
Enola,4.7e-5
Eola,4.7e-5
Erie,4.7e-5
Gerda,4.7e-5
Girtha,4.7e-5
Hazle,4.7e-5
Isobel,4.7e-5
Ivah,4.7e-5
