name,percent
John,0.058535
William,0.046327
James,0.042299
George,0.030459
Robert,0.024647
Charles,0.024597
Joseph,0.023766
Frank,0.020207
Edward,0.01685
Henry,0.015067
Thomas,0.01485
Walter,0.013515
Harry,0.012432
Willie,0.012093
Arthur,0.010793
Albert,0.01049
Clarence,0.009457
Fred,0.008829
Paul,0.00862
Harold,0.008562
Roy,0.008107
Raymond,0.007891
Joe,0.006923
Richard,0.006909
Carl,0.00688
Louis,0.006757
Jack,0.006555
Ralph,0.00649
Earl,0.006165
Theodore,0.006028
David,0.005891
Ernest,0.005407
Charlie,0.005335
Samuel,0.005249
Howard,0.005241
Francis,0.004953
Herbert,0.004909
Lawrence,0.004779
Elmer,0.004476
Sam,0.004353
Alfred,0.004339
Leo,0.003992
Andrew,0.003949
Eugene,0.003906
Lee,0.003848
Leonard,0.003667
Herman,0.003588
Russell,0.003415
Daniel,0.003408
Michael,0.003343
Clyde,0.003299
Floyd,0.00322
Jesse,0.003198
Oscar,0.003191
Ray,0.003119
Anthony,0.003047
Kenneth,0.002989
Donald,0.002982
Lewis,0.002902
Leroy,0.002895
Lester,0.002873
Peter,0.002852
Frederick,0.002816
Edwin,0.002801
Stanley,0.002678
Clifford,0.002606
Cecil,0.002592
Benjamin,0.002585
Chester,0.002563
Claude,0.002433
Martin,0.002411
Bernard,0.002354
Lloyd,0.002332
Tom,0.002296
Eddie,0.002274
Jessie,0.00226
Norman,0.002202
Alton,0.00218
Harvey,0.002166
Edgar,0.002159
Will,0.002072
Luther,0.002065
Ben,0.002036
Johnnie,0.001928
Jim,0.00192
Philip,0.00192
Homer,0.001848
Alvin,0.001783
Jacob,0.001754
Leon,0.00174
Leslie,0.001704
Melvin,0.001689
Roosevelt,0.00166
Everett,0.001653
Milton,0.001653
Allen,0.001646
Patrick,0.001632
Victor,0.001574
Glenn,0.001567
Virgil,0.001523
Vincent,0.001487
Horace,0.00148
Alexander,0.001466
Marvin,0.001466
Hugh,0.001458
Gerald,0.001451
Sidney,0.001451
Oliver,0.001444
Marion,0.001429
Earnest,0.001364
Julius,0.001364
Gilbert,0.001357
Archie,0.001336
Ed,0.001328
Otis,0.001307
Willard,0.001299
Stephen,0.001285
Vernon,0.001285
Gordon,0.001278
Jerry,0.001278
Wilbur,0.001278
Guy,0.001263
Morris,0.001263
Hubert,0.001249
Alex,0.00122
Isaac,0.001206
Charley,0.001198
Maurice,0.001198
Wesley,0.001198
Wallace,0.001177
Warren,0.001177
Otto,0.001162
Irving,0.001148
Bennie,0.001141
Mack,0.001141
Dan,0.001126
Arnold,0.001076
Manuel,0.001076
Curtis,0.00104
Ira,0.00104
Jose,0.00104
Roland,0.001004
Rufus,9.96e-4
Willis,9.82e-4
Max,9.67e-4
Orville,9.67e-4
Lonnie,9.6e-4
Nathan,9.46e-4
Bill,9.24e-4
Rudolph,9.24e-4
August,9.17e-4
Phillip,9.17e-4
Percy,9.02e-4
Jimmie,8.95e-4
Sylvester,8.95e-4
Steve,8.88e-4
Bert,8.66e-4
Emmett,8.66e-4
Glen,8.66e-4
Calvin,8.52e-4
Mike,8.52e-4
Aaron,8.45e-4
Marshall,8.37e-4
Clifton,8.3e-4
Mark,8.23e-4
Abraham,8.01e-4
Clinton,7.87e-4
Edmund,7.87e-4
Franklin,7.8e-4
Irvin,7.72e-4
Johnie,7.72e-4
Cornelius,7.65e-4
Ellis,7.65e-4
Nathaniel,7.58e-4
Adam,7.44e-4
Felix,7.44e-4
Dave,7.36e-4
Jerome,7.36e-4
Jess,7.36e-4
Nicholas,7.36e-4
Emil,7.29e-4
Elbert,7.22e-4
Ollie,7.22e-4
Roscoe,7.08e-4
Dewey,7e-4
Matthew,7e-4
Amos,6.93e-4
Clayton,6.93e-4
Jay,6.86e-4
Ted,6.79e-4
Booker,6.71e-4
Perry,6.71e-4
Wayne,6.64e-4
Roger,6.57e-4
Adolph,6.5e-4
Dennis,6.5e-4
Forrest,6.43e-4
Bruce,6.28e-4
Moses,6.28e-4
Tony,6.28e-4
Claud,6.14e-4
Ervin,5.85e-4
Juan,5.85e-4
Nelson,5.85e-4
Sherman,5.85e-4
Wilfred,5.78e-4
Jake,5.63e-4
Wilson,5.63e-4
Johnny,5.56e-4
Millard,5.56e-4
Alonzo,5.49e-4
Simon,5.49e-4
Don,5.41e-4
Gus,5.41e-4
Lyle,5.34e-4
Ivan,5.27e-4
Laurence,5.27e-4
Ross,5.27e-4
Jeff,5.13e-4
Owen,5.13e-4
Pete,5.13e-4
Reuben,5.13e-4
Carroll,5.05e-4
Larry,5.05e-4
Mose,5.05e-4
Leland,4.98e-4
Troy,4.98e-4
Antonio,4.91e-4
Levi,4.91e-4
Karl,4.84e-4
Louie,4.84e-4
Preston,4.84e-4
Austin,4.76e-4
Bob,4.69e-4
Forest,4.69e-4
Julian,4.69e-4
Douglas,4.62e-4
Monroe,4.62e-4
Emanuel,4.48e-4
Byron,4.4e-4
Wiley,4.4e-4
Aubrey,4.33e-4
Elijah,4.33e-4
Mckinley,4.33e-4
Tommie,4.33e-4
Wilbert,4.33e-4
Delbert,4.26e-4
Grady,4.26e-4
Gene,4.19e-4
Grant,4.19e-4
Grover,4.19e-4
Mary,4.19e-4
Timothy,4.19e-4
Loyd,4.12e-4
Nick,4.12e-4
Wade,4.12e-4
Harley,4.04e-4
Myron,4.04e-4
Ike,3.97e-4
Barney,3.83e-4
Dale,3.83e-4
Edmond,3.83e-4
Merle,3.83e-4
Abe,3.75e-4
Elwood,3.75e-4
Erwin,3.75e-4
Jasper,3.75e-4
Salvatore,3.68e-4
Silas,3.68e-4
Earle,3.61e-4
Ronald,3.61e-4
Solomon,3.61e-4
Alva,3.54e-4
Anderson,3.54e-4
Jackson,3.54e-4
Carlton,3.39e-4
Andy,3.32e-4
Boyd,3.32e-4
Clark,3.32e-4
Dwight,3.32e-4
Harrison,3.32e-4
Malcolm,3.32e-4
Murray,3.32e-4
Noah,3.32e-4
Allan,3.25e-4
Anton,3.25e-4
Miles,3.25e-4
Augustus,3.18e-4
Christopher,3.18e-4
Hiram,3.18e-4
Jesus,3.18e-4
Neal,3.18e-4
Ned,3.18e-4
Spencer,3.18e-4
Clement,3.1e-4
Eli,3.1e-4
Fredrick,3.1e-4
Joel,3.1e-4
Pedro,3.1e-4
Clair,3.03e-4
Cleveland,3.03e-4
Emory,3.03e-4
Foster,3.03e-4
Gustave,3.03e-4
Marcus,3.03e-4
Angelo,2.96e-4
Burton,2.96e-4
Francisco,2.96e-4
Garland,2.96e-4
Neil,2.96e-4
Stewart,2.96e-4
Buster,2.89e-4
Cleo,2.89e-4
Cyril,2.89e-4
Freeman,2.89e-4
Irwin,2.89e-4
Luke,2.89e-4
Lynn,2.89e-4
Reginald,2.89e-4
Freddie,2.82e-4
Ward,2.82e-4
Carlos,2.74e-4
Dallas,2.74e-4
Dock,2.74e-4
Ramon,2.74e-4
Ruben,2.74e-4
Stuart,2.74e-4
Basil,2.67e-4
Columbus,2.67e-4
Edd,2.67e-4
Loren,2.67e-4
Mitchell,2.67e-4
Rosevelt,2.67e-4
Wilmer,2.67e-4
Alphonse,2.6e-4
Bud,2.6e-4
Ellsworth,2.6e-4
Ferdinand,2.6e-4
Ora,2.6e-4
Fletcher,2.53e-4
Jeremiah,2.53e-4
Pat,2.53e-4
Scott,2.53e-4
Ambrose,2.45e-4
Ezra,2.45e-4
Merrill,2.45e-4
Odell,2.45e-4
Randolph,2.45e-4
Sammie,2.45e-4
Truman,2.45e-4
Al,2.38e-4
Rex,2.38e-4
Sterling,2.38e-4
Clay,2.31e-4
Lowell,2.31e-4
Riley,2.31e-4
Sanford,2.31e-4
Tommy,2.31e-4
Wendell,2.31e-4
Alfonso,2.24e-4
Dewitt,2.24e-4
Garfield,2.24e-4
Harlan,2.24e-4
Isadore,2.24e-4
Major,2.24e-4
Taylor,2.24e-4
Van,2.24e-4
Adrian,2.17e-4
Arlie,2.17e-4
Christian,2.17e-4
Emerson,2.17e-4
Emery,2.17e-4
Israel,2.17e-4
Lucius,2.17e-4
Milford,2.17e-4
Pearl,2.17e-4
Royal,2.17e-4
Thurman,2.17e-4
Alan,2.09e-4
Buck,2.09e-4
Dudley,2.09e-4
Elvin,2.09e-4
Lorenzo,2.09e-4
Lyman,2.09e-4
Mathew,2.09e-4
Orval,2.09e-4
Prince,2.09e-4
Russel,2.09e-4
Ulysses,2.09e-4
Coleman,2.02e-4
Dean,2.02e-4
Dominick,2.02e-4
Elton,2.02e-4
Emile,2.02e-4
Granville,2.02e-4
Hollis,2.02e-4
Isiah,2.02e-4
Jimmy,2.02e-4
Maynard,2.02e-4
Sydney,2.02e-4
Chris,1.95e-4
Elliott,1.95e-4
Elmo,1.95e-4
Houston,1.95e-4
Meyer,1.95e-4
Porter,1.95e-4
Theo,1.95e-4
Vern,1.95e-4
Chas,1.88e-4
Eldon,1.88e-4
Elias,1.88e-4
Hugo,1.88e-4
Hyman,1.88e-4
Jean,1.88e-4
Saul,1.88e-4
Sol,1.88e-4
Buford,1.8e-4
Carter,1.8e-4
Dominic,1.8e-4
Elisha,1.8e-4
Herschel,1.8e-4
Isaiah,1.8e-4
Jewel,1.8e-4
Luis,1.8e-4
Micheal,1.8e-4
Norris,1.8e-4
Parker,1.8e-4
Steven,1.8e-4
Waldo,1.8e-4
Aloysius,1.73e-4
Arther,1.73e-4
Asa,1.73e-4
Cliff,1.73e-4
Davis,1.73e-4
Dick,1.73e-4
Early,1.73e-4
Hazel,1.73e-4
Jewell,1.73e-4
Junius,1.73e-4
King,1.73e-4
Matt,1.73e-4
Oren,1.73e-4
Shirley,1.73e-4
Conrad,1.66e-4
Frances,1.66e-4
General,1.66e-4
Lawson,1.66e-4
Otho,1.66e-4
Roman,1.66e-4
Verne,1.66e-4
Wilton,1.66e-4
Albin,1.59e-4
Chauncey,1.59e-4
Clarance,1.59e-4
Coy,1.59e-4
Cyrus,1.59e-4
Enoch,1.59e-4
Harmon,1.59e-4
Haywood,1.59e-4
Jonas,1.59e-4
Lacy,1.59e-4
Noel,1.59e-4
Pablo,1.59e-4
Rafael,1.59e-4
Warner,1.59e-4
Alphonso,1.52e-4
Bertram,1.52e-4
Billy,1.52e-4
Dee,1.52e-4
Dorsey,1.52e-4
Emmitt,1.52e-4
Hal,1.52e-4
Jefferson,1.52e-4
Judge,1.52e-4
Milo,1.52e-4
Noble,1.52e-4
Phil,1.52e-4
Ruby,1.52e-4
Tomas,1.52e-4
Wilber,1.52e-4
Winfield,1.52e-4
Hershel,1.44e-4
Lionel,1.44e-4
Margaret,1.44e-4
Mason,1.44e-4
Omer,1.44e-4
Pasquale,1.44e-4
Raleigh,1.44e-4
Rupert,1.44e-4
Sandy,1.44e-4
Abner,1.37e-4
Alfredo,1.37e-4
Antone,1.37e-4
Aron,1.37e-4
Billie,1.37e-4
Delmar,1.37e-4
Elmore,1.37e-4
Emmet,1.37e-4
Fay,1.37e-4
Issac,1.37e-4
Johnson,1.37e-4
Joshua,1.37e-4
Kermit,1.37e-4
Linwood,1.37e-4
Morton,1.37e-4
Newton,1.37e-4
Olin,1.37e-4
Otha,1.37e-4
Palmer,1.37e-4
Thaddeus,1.37e-4
Travis,1.37e-4
Vance,1.37e-4
Vivian,1.37e-4
Washington,1.37e-4
Adelbert,1.3e-4
Alden,1.3e-4
Artie,1.3e-4
Avery,1.3e-4
Benedict,1.3e-4
Benny,1.3e-4
Bruno,1.3e-4
Felton,1.3e-4
Gerard,1.3e-4
Harris,1.3e-4
Henderson,1.3e-4
Ivory,1.3e-4
Josh,1.3e-4
Judson,1.3e-4
Miguel,1.3e-4
Morgan,1.3e-4
Nolan,1.3e-4
Olen,1.3e-4
Randall,1.3e-4
Sim,1.3e-4
Terry,1.3e-4
Valentine,1.3e-4
Wilford,1.3e-4
Abram,1.23e-4
Adolphus,1.23e-4
Angus,1.23e-4
Bonnie,1.23e-4
Carey,1.23e-4
Clem,1.23e-4
Dorothy,1.23e-4
Ethel,1.23e-4
Golden,1.23e-4
Hans,1.23e-4
Hector,1.23e-4
Henery,1.23e-4
Hunter,1.23e-4
Keith,1.23e-4
Lucious,1.23e-4
Maxwell,1.23e-4
Obie,1.23e-4
Odie,1.23e-4
Ottis,1.23e-4
Patsy,1.23e-4
Reed,1.23e-4
Rene,1.23e-4
Santiago,1.23e-4
Smith,1.23e-4
Teddy,1.23e-4
Vaughn,1.23e-4
Walker,1.23e-4
Wilburn,1.23e-4
Anna,1.16e-4
Archibald,1.16e-4
Bernice,1.16e-4
Berry,1.16e-4
Bertha,1.16e-4
Brady,1.16e-4
Duncan,1.16e-4
Fernando,1.16e-4
Frederic,1.16e-4
Gregory,1.16e-4
Guadalupe,1.16e-4
Gustav,1.16e-4
Isidore,1.16e-4
Justin,1.16e-4
Lemuel,1.16e-4
Mac,1.16e-4
Manley,1.16e-4
Marlin,1.16e-4
Merritt,1.16e-4
Rolland,1.16e-4
Tillman,1.16e-4
Andres,1.08e-4
Bradley,1.08e-4
Caesar,1.08e-4
Cletus,1.08e-4
Crawford,1.08e-4
Eric,1.08e-4
Garnet,1.08e-4
Geo,1.08e-4
Giles,1.08e-4
Helen,1.08e-4
Hobert,1.08e-4
Hosea,1.08e-4
Jonnie,1.08e-4
Lige,1.08e-4
Lincoln,1.08e-4
Lon,1.08e-4
Lonzo,1.08e-4
Maxie,1.08e-4
Ocie,1.08e-4
Rogers,1.08e-4
Rubin,1.08e-4
Ruth,1.08e-4
Theadore,1.08e-4
Williams,1.08e-4
Alec,1.01e-4
Allie,1.01e-4
Alvie,1.01e-4
Bryan,1.01e-4
Bryant,1.01e-4
Carmine,1.01e-4
Casper,1.01e-4
Cleve,1.01e-4
Denver,1.01e-4
Edison,1.01e-4
Emilio,1.01e-4
Everette,1.01e-4
Evert,1.01e-4
Florence,1.01e-4
Gabriel,1.01e-4
Gaston,1.01e-4
Hardy,1.01e-4
Hobart,1.01e-4
Hoyt,1.01e-4
Ignacio,1.01e-4
Jonathan,1.01e-4
Jules,1.01e-4
Laverne,1.01e-4
Marcellus,1.01e-4
Merlin,1.01e-4
Moe,1.01e-4
Norbert,1.01e-4
Odis,1.01e-4
Romeo,1.01e-4
Seth,1.01e-4
Theron,1.01e-4
Tim,1.01e-4
Urban,1.01e-4
Webster,1.01e-4
Weldon,1.01e-4
Winston,1.01e-4
Bee,9.4e-5
Bernie,9.4e-5
Burt,9.4e-5
Clara,9.4e-5
Damon,9.4e-5
Doyle,9.4e-5
Edna,9.4e-5
Elizabeth,9.4e-5
Elzie,9.4e-5
Enos,9.4e-5
Ernie,9.4e-5
Estel,9.4e-5
Fate,9.4e-5
Garrett,9.4e-5
Green,9.4e-5
Guss,9.4e-5
Hallie,9.4e-5
Hezekiah,9.4e-5
Jones,9.4e-5
Kelly,9.4e-5
Lafayette,9.4e-5
Lawton,9.4e-5
Lindsay,9.4e-5
Logan,9.4e-5
Lucian,9.4e-5
Mario,9.4e-5
Mildred,9.4e-5
Mortimer,9.4e-5
Oral,9.4e-5
Rodney,9.4e-5
Romie,9.4e-5
Sammy,9.4e-5
Sampson,9.4e-5
Sonny,9.4e-5
Turner,9.4e-5
Vester,9.4e-5
Watson,9.4e-5
West,9.4e-5
Winfred,9.4e-5
Alberto,8.7e-5
Annie,8.7e-5
Antoine,8.7e-5
Blaine,8.7e-5
Carleton,8.7e-5
Carmen,8.7e-5
Cary,8.7e-5
Clare,8.7e-5
Clint,8.7e-5
Clovis,8.7e-5
Duane,8.7e-5
Elsie,8.7e-5
Elza,8.7e-5
Emma,8.7e-5
Evan,8.7e-5
Evans,8.7e-5
Gail,8.7e-5
Gary,8.7e-5
Godfrey,8.7e-5
Graham,8.7e-5
Isom,8.7e-5
Ivy,8.7e-5
Junior,8.7e-5
Lenard,8.7e-5
Luster,8.7e-5
Mabel,8.7e-5
Melville,8.7e-5
Miller,8.7e-5
Orin,8.7e-5
Rollin,8.7e-5
Seymour,8.7e-5
Shelby,8.7e-5
Sheldon,8.7e-5
Son,8.7e-5
Thad,8.7e-5
Verner,8.7e-5
Wash,8.7e-5
Wm,8.7e-5
Alois,7.9e-5
Alvis,7.9e-5
Arch,7.9e-5
Ashley,7.9e-5
Beverly,7.9e-5
Brooks,7.9e-5
Buddie,7.9e-5
Buddy,7.9e-5
Collins,7.9e-5
Connie,7.9e-5
Dana,7.9e-5
Delmer,7.9e-5
Domingo,7.9e-5
Eino,7.9e-5
Frazier,7.9e-5
Gladys,7.9e-5
Hayward,7.9e-5
Hurley,7.9e-5
Jason,7.9e-5
Katherine,7.9e-5
Lillie,7.9e-5
Llewellyn,7.9e-5
Lonie,7.9e-5
Madison,7.9e-5
Mahlon,7.9e-5
Murphy,7.9e-5
Napoleon,7.9e-5
Pink,7.9e-5
Rayfield,7.9e-5
Reese,7.9e-5
Rocco,7.9e-5
Salvador,7.9e-5
Shelton,7.9e-5
Vernie,7.9e-5
Vito,7.9e-5
Zeb,7.9e-5
Abel,7.2e-5
Alf,7.2e-5
Alford,7.2e-5
Author,7.2e-5
Bailey,7.2e-5
Benjiman,7.2e-5
Bertrand,7.2e-5
Burley,7.2e-5
Caleb,7.2e-5
Carson,7.2e-5
Dawson,7.2e-5
Delos,7.2e-5
Earlie,7.2e-5
Edith,7.2e-5
Eligah,7.2e-5
Ellwood,7.2e-5
Ennis,7.2e-5
Eva,7.2e-5
Garnett,7.2e-5
Goldie,7.2e-5
Guillermo,7.2e-5
Hilliard,7.2e-5
Ignatius,7.2e-5
Jodie,7.2e-5
Joesph,7.2e-5
Joy,7.2e-5
Kyle,7.2e-5
Lamar,7.2e-5
Lem,7.2e-5
Lillian,7.2e-5
Lindsey,7.2e-5
Louise,7.2e-5
Loyal,7.2e-5
Lucien,7.2e-5
Merton,7.2e-5
Mervin,7.2e-5
Mitchel,7.2e-5
Newell,7.2e-5
Oran,7.2e-5
Raphael,7.2e-5
Raymon,7.2e-5
Reinhold,7.2e-5
Richmond,7.2e-5
Rose,7.2e-5
Rudy,7.2e-5
Sigmund,7.2e-5
Thornton,7.2e-5
Toney,7.2e-5
Waino,7.2e-5
Zack,7.2e-5
Addison,6.5e-5
Alfonzo,6.5e-5
Alice,6.5e-5
Almon,6.5e-5
Arley,6.5e-5
Armand,6.5e-5
Augusta,6.5e-5
Barton,6.5e-5
Beecher,6.5e-5
Burl,6.5e-5
Catherine,6.5e-5
Clemence,6.5e-5
Darrell,6.5e-5
Dayton,6.5e-5
Dell,6.5e-5
Donovan,6.5e-5
Doris,6.5e-5
Eldred,6.5e-5
Elliot,6.5e-5
Ernst,6.5e-5
Essie,6.5e-5
Fabian,6.5e-5
Finis,6.5e-5
Ford,6.5e-5
Furman,6.5e-5
Gardner,6.5e-5
Grace,6.5e-5
Hamilton,6.5e-5
Harland,6.5e-5
Harm,6.5e-5
Hayden,6.5e-5
Hermon,6.5e-5
Hilbert,6.5e-5
Hilton,6.5e-5
Hudson,6.5e-5
Jamie,6.5e-5
Jordan,6.5e-5
June,6.5e-5
Kirk,6.5e-5
Laurel,6.5e-5
Lemon,6.5e-5
Len,6.5e-5
Lennie,6.5e-5
Marshal,6.5e-5
Melton,6.5e-5
Nicolas,6.5e-5
Ole,6.5e-5
Orlando,6.5e-5
Orrin,6.5e-5
Orvel,6.5e-5
Oswald,6.5e-5
Park,6.5e-5
Pierre,6.5e-5
Ransom,6.5e-5
Roderick,6.5e-5
Rowland,6.5e-5
Santos,6.5e-5
Sebastian,6.5e-5
Sid,6.5e-5
Sumner,6.5e-5
Thelma,6.5e-5
Vincenzo,6.5e-5
Wardell,6.5e-5
Welton,6.5e-5
Willam,6.5e-5
Acie,5.8e-5
Adrain,5.8e-5
Adron,5.8e-5
Alejandro,5.8e-5
Almer,5.8e-5
Arbie,5.8e-5
Arlington,5.8e-5
Art,5.8e-5
Arvid,5.8e-5
Audie,5.8e-5
Augustine,5.8e-5
Bartley,5.8e-5
Benjaman,5.8e-5
Bennett,5.8e-5
Benton,5.8e-5
Bertie,5.8e-5
Betty,5.8e-5
Bobby,5.8e-5
Bradford,5.8e-5
Cedric,5.8e-5
Chalmer,5.8e-5
Chalmers,5.8e-5
Colin,5.8e-5
Dalton,5.8e-5
Darwin,5.8e-5
Denis,5.8e-5
Desmond,5.8e-5
Dillard,5.8e-5
Domenic,5.8e-5
Donnie,5.8e-5
Drew,5.8e-5
Duard,5.8e-5
Duke,5.8e-5
Edson,5.8e-5
Elden,5.8e-5
Elroy,5.8e-5
Elvis,5.8e-5
Elwyn,5.8e-5
Emmit,5.8e-5
Ephraim,5.8e-5
Eula,5.8e-5
Ewell,5.8e-5
Flora,5.8e-5
Florian,5.8e-5
Floy,5.8e-5
Fritz,5.8e-5
Gaylord,5.8e-5
Genie,5.8e-5
Glover,5.8e-5
Hampton,5.8e-5
Heber,5.8e-5
Helmer,5.8e-5
Josiah,5.8e-5
Junious,5.8e-5
Leander,5.8e-5
Levy,5.8e-5
Lois,5.8e-5
Loy,5.8e-5
Malcom,5.8e-5
Marie,5.8e-5
Marty,5.8e-5
Mathias,5.8e-5
Meredith,5.8e-5
Murry,5.8e-5
Nickolas,5.8e-5
Norval,5.8e-5
Olaf,5.8e-5
Omar,5.8e-5
Ossie,5.8e-5
Pierce,5.8e-5
Price,5.8e-5
Raul,5.8e-5
Reid,5.8e-5
Ricardo,5.8e-5
Roberto,5.8e-5
Rolla,5.8e-5
Royce,5.8e-5
Severo,5.8e-5
Shelley,5.8e-5
Shelly,5.8e-5
Stanford,5.8e-5
Sylvan,5.8e-5
Thurston,5.8e-5
Tobie,5.8e-5
Verl,5.8e-5
Virgle,5.8e-5
Walton,5.8e-5
Wayman,5.8e-5
Westley,5.8e-5
Weston,5.8e-5
Wylie,5.8e-5
Alma,5.1e-5
Alonza,5.1e-5
Alpheus,5.1e-5
Amon,5.1e-5
Arden,5.1e-5
Arnie,5.1e-5
Baxter,5.1e-5
Bedford,5.1e-5
Benson,5.1e-5
Berton,5.1e-5
Beryl,5.1e-5
Blair,5.1e-5
Brice,5.1e-5
Burrell,5.1e-5
Carlyle,5.1e-5
Casey,5.1e-5
Cass,5.1e-5
Christ,5.1e-5
Claire,5.1e-5
Claudie,5.1e-5
Collie,5.1e-5
Colonel,5.1e-5
Cornelious,5.1e-5
Council,5.1e-5
Courtney,5.1e-5
Danny,5.1e-5
Einar,5.1e-5
Elder,5.1e-5
Eldridge,5.1e-5
Elige,5.1e-5
Ella,5.1e-5
Ellery,5.1e-5
Elwin,5.1e-5
Enrique,5.1e-5
Evelyn,5.1e-5
