name,percent
John,0.057359
William,0.045573
James,0.041013
George,0.029158
Robert,0.025244
Charles,0.025042
Joseph,0.024473
Frank,0.01942
Edward,0.016637
Thomas,0.015117
Henry,0.014652
Walter,0.013423
Willie,0.012195
Harry,0.01132
Arthur,0.010314
Albert,0.010196
Harold,0.009231
Clarence,0.009155
Paul,0.009085
Fred,0.00828
Raymond,0.007864
Louis,0.007649
Richard,0.007524
Roy,0.007107
Joe,0.00708
Ralph,0.00683
Carl,0.006601
Ernest,0.006545
Earl,0.00633
Jack,0.006108
David,0.006094
Howard,0.00558
Samuel,0.005435
Charlie,0.005164
Francis,0.005115
Lawrence,0.004983
Herbert,0.004782
Theodore,0.004775
Eugene,0.004421
Alfred,0.00438
Andrew,0.004241
Elmer,0.004151
Sam,0.003831
Anthony,0.003755
Kenneth,0.003706
Michael,0.003686
Leo,0.003526
Daniel,0.003512
Herman,0.003484
Leonard,0.003415
Donald,0.003373
Lester,0.003345
Russell,0.003186
Floyd,0.003179
Clyde,0.003172
Stanley,0.0031580000000000002
Jesse,0.003026
Lee,0.003026
Peter,0.002971
Ray,0.002922
Chester,0.002915
Leroy,0.002915
Clifford,0.002867
Oscar,0.00286
Edwin,0.002707
Eddie,0.002617
Frederick,0.002617
Cecil,0.002554
Lewis,0.002533
Lloyd,0.002478
Benjamin,0.002443
Harvey,0.002436
Claude,0.002402
Bernard,0.002381
Martin,0.002318
Norman,0.002249
Jessie,0.002242
Milton,0.002103
Edgar,0.002089
Tom,0.002068
Everett,0.00202
Ben,0.001978
Melvin,0.001978
Allen,0.001957
Philip,0.001943
Homer,0.001853
Leon,0.001825
Leslie,0.001825
Luther,0.001818
Jim,0.001812
Johnnie,0.001763
Will,0.001756
Victor,0.001721
Marvin,0.0017
Alvin,0.001659
Morris,0.001569
Vernon,0.001555
Glenn,0.001506
Archie,0.001499
Patrick,0.001485
Sidney,0.001451
Stephen,0.001437
Virgil,0.001437
Manuel,0.001423
Alexander,0.001416
Horace,0.001402
Gilbert,0.001381
Roosevelt,0.001374
Maurice,0.001367
Hugh,0.001353
Vincent,0.00134
Gerald,0.001326
Julius,0.001319
Jacob,0.0012979999999999999
Gordon,0.001277
Otis,0.001277
Earnest,0.00127
Oliver,0.00127
Marion,0.001256
Willard,0.001235
Curtis,0.001229
Alex,0.001222
Wilbur,0.001215
Otto,0.001201
Irving,0.00118
Guy,0.001166
Arnold,0.001138
Isaac,0.001131
Hubert,0.001124
Wallace,0.001124
Charley,0.00109
Lonnie,0.001083
Max,0.001083
Rufus,0.001083
Jose,0.001076
Wesley,0.001076
Ira,0.001048
Ed,0.001034
Nathan,0.001027
Orville,0.001027
Willis,0.001027
Jerry,0.001013
Nicholas,9.99e-4
Warren,9.99e-4
Johnie,9.79e-4
Mike,9.79e-4
Percy,9.79e-4
Emil,9.65e-4
Jimmie,9.65e-4
Matthew,9.51e-4
Bennie,9.23e-4
Mack,9.16e-4
Steve,9.09e-4
Bill,8.88e-4
Dan,8.88e-4
Franklin,8.68e-4
Roland,8.68e-4
Rudolph,8.68e-4
Sylvester,8.68e-4
Calvin,8.54e-4
Abraham,8.47e-4
Edmund,8.47e-4
Phillip,8.47e-4
August,8.33e-4
Glen,8.33e-4
Amos,8.19e-4
Wayne,7.98e-4
Felix,7.77e-4
Karl,7.5e-4
Marshall,7.43e-4
Alton,7.36e-4
Bert,7.36e-4
Adam,7.29e-4
Clifton,7.29e-4
Jerome,7.08e-4
Julian,7.08e-4
Ellis,7.01e-4
Ervin,7.01e-4
Nathaniel,7.01e-4
Clayton,6.94e-4
Clinton,6.94e-4
Nelson,6.94e-4
Douglas,6.87e-4
Leland,6.87e-4
Dave,6.8e-4
Adolph,6.73e-4
Perry,6.73e-4
Aaron,6.66e-4
Tony,6.66e-4
Booker,6.59e-4
Ollie,6.59e-4
Cornelius,6.52e-4
Emmett,6.52e-4
Roger,6.52e-4
Lyle,6.45e-4
Roscoe,6.25e-4
Delbert,6.18e-4
Dennis,6.18e-4
Ted,6.18e-4
Irvin,6.11e-4
Juan,6.11e-4
Ross,6.11e-4
Don,6.04e-4
Jay,6.04e-4
Alonzo,5.9e-4
Claud,5.9e-4
Elbert,5.9e-4
Forrest,5.9e-4
Gus,5.9e-4
Mark,5.9e-4
Wilbert,5.9e-4
Johnny,5.83e-4
Austin,5.76e-4
Dewey,5.76e-4
Jake,5.76e-4
Simon,5.76e-4
Owen,5.69e-4
Laurence,5.62e-4
Antonio,5.55e-4
Ivan,5.55e-4
Pete,5.55e-4
Reuben,5.48e-4
Tommie,5.48e-4
Bruce,5.34e-4
Mary,5.27e-4
Ronald,5.27e-4
Wilfred,5.21e-4
Moses,5.07e-4
Larry,5e-4
Merle,5e-4
Monroe,5e-4
Barney,4.93e-4
Sherman,4.93e-4
Loyd,4.86e-4
Bob,4.79e-4
Wilson,4.72e-4
Aubrey,4.65e-4
Jess,4.65e-4
Nick,4.65e-4
Dale,4.58e-4
Grady,4.58e-4
Byron,4.51e-4
Elijah,4.51e-4
Erwin,4.51e-4
Grover,4.51e-4
Alva,4.44e-4
Grant,4.44e-4
Salvatore,4.44e-4
Gene,4.37e-4
Carroll,4.3e-4
Emanuel,4.3e-4
Millard,4.3e-4
Marcus,4.23e-4
Preston,4.23e-4
Rex,4.23e-4
Noah,4.16e-4
Buster,4.1e-4
Dwight,4.1e-4
Jeff,4.1e-4
Forest,4.03e-4
Luke,3.96e-4
Wade,3.96e-4
Angelo,3.89e-4
Jasper,3.89e-4
Levi,3.89e-4
Boyd,3.75e-4
Louie,3.75e-4
Lowell,3.75e-4
Troy,3.75e-4
Clark,3.68e-4
Cleveland,3.68e-4
Silas,3.68e-4
Timothy,3.68e-4
Cleo,3.61e-4
Edmond,3.61e-4
Harley,3.61e-4
Myron,3.61e-4
Ruben,3.61e-4
Dock,3.54e-4
Freddie,3.54e-4
Abe,3.47e-4
Burton,3.47e-4
Carlos,3.47e-4
Christopher,3.47e-4
Elmo,3.47e-4
Pedro,3.47e-4
Allan,3.4e-4
Carlton,3.4e-4
Edd,3.4e-4
Elwood,3.4e-4
Isadore,3.4e-4
Joel,3.4e-4
Fredrick,3.33e-4
Malcolm,3.33e-4
Mose,3.33e-4
Odell,3.33e-4
Solomon,3.33e-4
Loren,3.26e-4
Lorenzo,3.26e-4
Murray,3.26e-4
Reginald,3.26e-4
Anderson,3.19e-4
Wiley,3.19e-4
Andy,3.12e-4
Clement,3.12e-4
Cyril,3.12e-4
Garland,3.12e-4
Randolph,3.12e-4
Anton,3.05e-4
Conrad,3.05e-4
Dominick,3.05e-4
Eli,3.05e-4
Harrison,3.05e-4
Jesus,3.05e-4
Ramon,3.05e-4
Al,2.98e-4
Earle,2.98e-4
Jimmy,2.98e-4
Neal,2.98e-4
Freeman,2.92e-4
Dallas,2.85e-4
Foster,2.85e-4
Alphonse,2.78e-4
Clair,2.78e-4
Francisco,2.78e-4
Hyman,2.78e-4
Lynn,2.78e-4
Vern,2.78e-4
Wendell,2.78e-4
Bud,2.71e-4
Emory,2.71e-4
Kermit,2.71e-4
Major,2.71e-4
Mitchell,2.71e-4
Royal,2.71e-4
Dean,2.64e-4
Dee,2.64e-4
Eldon,2.64e-4
Irwin,2.64e-4
Russel,2.64e-4
Scott,2.64e-4
Ellsworth,2.57e-4
Neil,2.57e-4
Riley,2.57e-4
Wilmer,2.57e-4
Clay,2.5e-4
Hiram,2.5e-4
Lemuel,2.5e-4
Lucius,2.5e-4
Columbus,2.43e-4
Elton,2.43e-4
Mckinley,2.43e-4
Pat,2.43e-4
Rosevelt,2.43e-4
Steven,2.43e-4
Adrian,2.36e-4
Emery,2.36e-4
Ferdinand,2.36e-4
Ora,2.36e-4
Pasquale,2.36e-4
Pearl,2.36e-4
Stuart,2.36e-4
Ward,2.36e-4
Ambrose,2.29e-4
Christian,2.29e-4
Cyrus,2.29e-4
Davis,2.29e-4
Dewitt,2.29e-4
Elvin,2.29e-4
Eric,2.29e-4
Jackson,2.29e-4
Maynard,2.29e-4
Merrill,2.29e-4
Newton,2.29e-4
Noble,2.29e-4
Noel,2.29e-4
Sanford,2.29e-4
Basil,2.22e-4
Dick,2.22e-4
Dominic,2.22e-4
Dudley,2.22e-4
Herschel,2.22e-4
Ned,2.22e-4
Sammie,2.22e-4
Sterling,2.22e-4
Ulysses,2.22e-4
Benny,2.15e-4
Chris,2.15e-4
Ezra,2.15e-4
Garfield,2.15e-4
Harris,2.15e-4
Keith,2.15e-4
Morton,2.15e-4
Truman,2.15e-4
Alfonso,2.08e-4
Hollis,2.08e-4
Milo,2.08e-4
Rubin,2.08e-4
Wm,2.08e-4
Arlie,2.01e-4
Buford,2.01e-4
Fletcher,2.01e-4
Isiah,2.01e-4
Lyman,2.01e-4
Maxwell,2.01e-4
Rodney,2.01e-4
Roman,2.01e-4
Shelby,2.01e-4
Spencer,2.01e-4
Wilford,2.01e-4
Alan,1.94e-4
Armand,1.94e-4
Bertram,1.94e-4
Emerson,1.94e-4
Enoch,1.94e-4
Jean,1.94e-4
King,1.94e-4
Orval,1.94e-4
Pablo,1.94e-4
Sol,1.94e-4
Tommy,1.94e-4
Verne,1.94e-4
Walker,1.94e-4
Alphonso,1.87e-4
Augustus,1.87e-4
Hugo,1.87e-4
Joshua,1.87e-4
Lionel,1.87e-4
Palmer,1.87e-4
Ruby,1.87e-4
Evan,1.8e-4
Granville,1.8e-4
Helen,1.8e-4
Ike,1.8e-4
Jewell,1.8e-4
Lacy,1.8e-4
Lenard,1.8e-4
Norris,1.8e-4
Olin,1.8e-4
Stewart,1.8e-4
Taylor,1.8e-4
Webster,1.8e-4
Chas,1.74e-4
Elliott,1.74e-4
Gerard,1.74e-4
Hershel,1.74e-4
Ivory,1.74e-4
Jefferson,1.74e-4
Johnson,1.74e-4
Matt,1.74e-4
Milford,1.74e-4
Morgan,1.74e-4
Norbert,1.74e-4
Thurman,1.74e-4
Van,1.74e-4
Buck,1.67e-4
Elzie,1.67e-4
Harlan,1.67e-4
Houston,1.67e-4
Miles,1.67e-4
Orin,1.67e-4
Porter,1.67e-4
Rocco,1.67e-4
Wilber,1.67e-4
Allie,1.6e-4
Doyle,1.6e-4
Hal,1.6e-4
Isaiah,1.6e-4
Junius,1.6e-4
Omer,1.6e-4
Shirley,1.6e-4
Abner,1.53e-4
Aloysius,1.53e-4
Augustine,1.53e-4
Cliff,1.53e-4
Delmar,1.53e-4
Emmitt,1.53e-4
Felipe,1.53e-4
Frances,1.53e-4
Geo,1.53e-4
Hobert,1.53e-4
Jeremiah,1.53e-4
Judge,1.53e-4
Mac,1.53e-4
Micheal,1.53e-4
Otha,1.53e-4
Theron,1.53e-4
Weldon,1.53e-4
Billie,1.46e-4
Connie,1.46e-4
Coy,1.46e-4
Early,1.46e-4
Emile,1.46e-4
Garrett,1.46e-4
Jewel,1.46e-4
Jules,1.46e-4
Lonzo,1.46e-4
Mathew,1.46e-4
Mervin,1.46e-4
Rafael,1.46e-4
Rene,1.46e-4
Rupert,1.46e-4
Alberto,1.39e-4
Alice,1.39e-4
Bennett,1.39e-4
Bernice,1.39e-4
Carmen,1.39e-4
Dorothy,1.39e-4
Enrique,1.39e-4
Everette,1.39e-4
Haskell,1.39e-4
Kelly,1.39e-4
Mason,1.39e-4
Nolan,1.39e-4
Odis,1.39e-4
Oren,1.39e-4
Otho,1.39e-4
Prince,1.39e-4
Sydney,1.39e-4
Vaughn,1.39e-4
Wilburn,1.39e-4
Winston,1.39e-4
Aron,1.32e-4
Bruno,1.32e-4
Dorsey,1.32e-4
Elmore,1.32e-4
Emmet,1.32e-4
Frederic,1.32e-4
General,1.32e-4
Hobart,1.32e-4
Hoyt,1.32e-4
Israel,1.32e-4
Linwood,1.32e-4
Luis,1.32e-4
Merritt,1.32e-4
Miguel,1.32e-4
Olaf,1.32e-4
Reed,1.32e-4
Rolland,1.32e-4
Rose,1.32e-4
Rudy,1.32e-4
Ruth,1.32e-4
Santos,1.32e-4
Smith,1.32e-4
Vance,1.32e-4
Wilton,1.32e-4
Abram,1.25e-4
Adolphus,1.25e-4
Arther,1.25e-4
Burt,1.25e-4
Cleve,1.25e-4
Eldridge,1.25e-4
Elias,1.25e-4
Ignatius,1.25e-4
Jonas,1.25e-4
Junior,1.25e-4
Lincoln,1.25e-4
Lindsey,1.25e-4
Phil,1.25e-4
Richmond,1.25e-4
Sandy,1.25e-4
Saul,1.25e-4
Turner,1.25e-4
Valentine,1.25e-4
Waldo,1.25e-4
Winfield,1.25e-4
Albin,1.18e-4
Asa,1.18e-4
Avery,1.18e-4
Chauncey,1.18e-4
Clint,1.18e-4
Green,1.18e-4
Gustave,1.18e-4
Hardy,1.18e-4
Henderson,1.18e-4
Isidore,1.18e-4
Lamar,1.18e-4
Lawson,1.18e-4
Loyal,1.18e-4
Murphy,1.18e-4
Orlando,1.18e-4
Seth,1.18e-4
Sheldon,1.18e-4
Teddy,1.18e-4
Theo,1.18e-4
Thornton,1.18e-4
Tomas,1.18e-4
Travis,1.18e-4
Warner,1.18e-4
Alford,1.11e-4
Archibald,1.11e-4
Benito,1.11e-4
Burl,1.11e-4
Cary,1.11e-4
Clarance,1.11e-4
Craig,1.11e-4
Ethel,1.11e-4
Gary,1.11e-4
Golden,1.11e-4
Gregory,1.11e-4
Hans,1.11e-4
Hermon,1.11e-4
Laverne,1.11e-4
Lois,1.11e-4
Margaret,1.11e-4
Meyer,1.11e-4
Odie,1.11e-4
Olen,1.11e-4
Parker,1.11e-4
Salvador,1.11e-4
Tracy,1.11e-4
Adelbert,1.04e-4
Alvie,1.04e-4
Artie,1.04e-4
Bailey,1.04e-4
Benedict,1.04e-4
Buddy,1.04e-4
Carey,1.04e-4
Carter,1.04e-4
Coleman,1.04e-4
Dana,1.04e-4
Elisha,1.04e-4
Elizabeth,1.04e-4
Elwin,1.04e-4
Fay,1.04e-4
Gabriel,1.04e-4
Guadalupe,1.04e-4
Hillard,1.04e-4
Hilton,1.04e-4
Huston,1.04e-4
Jason,1.04e-4
Lon,1.04e-4
Marie,1.04e-4
Mario,1.04e-4
Oswald,1.04e-4
Raleigh,1.04e-4
Rollin,1.04e-4
Talmadge,1.04e-4
Tim,1.04e-4
Alden,9.7e-5
Alfredo,9.7e-5
Alois,9.7e-5
Andres,9.7e-5
Auther,9.7e-5
Barton,9.7e-5
Billy,9.7e-5
Brady,9.7e-5
Caleb,9.7e-5
Carmine,9.7e-5
Cletus,9.7e-5
Darrell,9.7e-5
Ernst,9.7e-5
Estel,9.7e-5
Evans,9.7e-5
Felton,9.7e-5
Florence,9.7e-5
Godfrey,9.7e-5
Gustav,9.7e-5
Harmon,9.7e-5
Haywood,9.7e-5
Issac,9.7e-5
Justin,9.7e-5
Len,9.7e-5
Levy,9.7e-5
Lillian,9.7e-5
Madison,9.7e-5
Marcellus,9.7e-5
Mildred,9.7e-5
Miller,9.7e-5
Napoleon,9.7e-5
Obie,9.7e-5
Oral,9.7e-5
Oran,9.7e-5
Alvis,9e-5
Anna,9e-5
Arch,9e-5
Ashley,9e-5
Benjiman,9e-5
Blair,9e-5
Carrol,9e-5
Carson,9e-5
Casimir,9e-5
Clare,9e-5
Claudie,9e-5
Crawford,9e-5
Earlie,9e-5
Emmit,9e-5
Ewell,9e-5
Ford,9e-5
Hallie,9e-5
Hoke,9e-5
Hosea,9e-5
Hunter,9e-5
Josh,9e-5
Judson,9e-5
Lucien,9e-5
Melville,9e-5
Raphael,9e-5
Rogers,9e-5
Romeo,9e-5
Stanford,9e-5
Sylvan,9e-5
Terry,9e-5
Vernie,9e-5
Vivian,9e-5
Walton,9e-5
Wash,9e-5
Watson,9e-5
Alma,8.3e-5
Alonza,8.3e-5
Axel,8.3e-5
Bernie,8.3e-5
Beryl,8.3e-5
Bishop,8.3e-5
Bradley,8.3e-5
Brooks,8.3e-5
Casey,8.3e-5
Casper,8.3e-5
Christ,8.3e-5
Clem,8.3e-5
Evert,8.3e-5
Gail,8.3e-5
Garnett,8.3e-5
Gaston,8.3e-5
Gladys,8.3e-5
Graham,8.3e-5
Hamilton,8.3e-5
Hayes,8.3e-5
Hector,8.3e-5
Jonathan,8.3e-5
Jones,8.3e-5
Lige,8.3e-5
Llewellyn,8.3e-5
Louise,8.3e-5
Mahlon,8.3e-5
Marlin,8.3e-5
Mattie,8.3e-5
Maxie,8.3e-5
Merlin,8.3e-5
Nat,8.3e-5
Norval,8.3e-5
Omar,8.3e-5
Ottis,8.3e-5
Pink,8.3e-5
Roderick,8.3e-5
Rosario,8.3e-5
Rowland,8.3e-5
Sigmund,8.3e-5
Simeon,8.3e-5
Thelma,8.3e-5
Williams,8.3e-5
Abel,7.6e-5
Almer,7.6e-5
Angus,7.6e-5
Annie,7.6e-5
Antoine,7.6e-5
Arvel,7.6e-5
Augusta,7.6e-5
Barry,7.6e-5
Bryant,7.6e-5
Buddie,7.6e-5
Cal,7.6e-5
Clara,7.6e-5
Clive,7.6e-5
Cloyd,7.6e-5
Coley,7.6e-5
Collins,7.6e-5
Dexter,7.6e-5
Dillard,7.6e-5
Duane,7.6e-5
Duncan,7.6e-5
Ellie,7.6e-5
Ellwood,7.6e-5
Elsie,7.6e-5
Elza,7.6e-5
Ernie,7.6e-5
Gust,7.6e-5
Hampton,7.6e-5
Harper,7.6e-5
Hayden,7.6e-5
Hazel,7.6e-5
Henery,7.6e-5
Hezekiah,7.6e-5
Isom,7.6e-5
Joesph,7.6e-5
Leander,7.6e-5
Lenord,7.6e-5
Logan,7.6e-5
Lucian,7.6e-5
Nels,7.6e-5
Ocie,7.6e-5
Orrin,7.6e-5
Park,7.6e-5
Pierce,7.6e-5
Thad,7.6e-5
Vito,7.6e-5
Wayman,7.6e-5
Arne,6.9e-5
Audrey,6.9e-5
Bartholomew,6.9e-5
Bertha,6.9e-5
Bertrand,6.9e-5
Brown,6.9e-5
Burley,6.9e-5
Claire,6.9e-5
Curley,6.9e-5
Domenico,6.9e-5
Edison,6.9e-5
Einar,6.9e-5
Elroy,6.9e-5
Enos,6.9e-5
Eunice,6.9e-5
Evelyn,6.9e-5
Fenton,6.9e-5
Finis,6.9e-5
Galen,6.9e-5
Gaylord,6.9e-5
Grace,6.9e-5
Harland,6.9e-5
Harrold,6.9e-5
Hollie,6.9e-5
Hosie,6.9e-5
Hurley,6.9e-5
Jennings,6.9e-5
Jodie,6.9e-5
Kyle,6.9e-5
Lafayette,6.9e-5
Lawton,6.9e-5
Leeroy,6.9e-5
Lucille,6.9e-5
Lucious,6.9e-5
Mabel,6.9e-5
Maggie,6.9e-5
Murry,6.9e-5
Myles,6.9e-5
Nora,6.9e-5
Okey,6.9e-5
Paris,6.9e-5
Randall,6.9e-5
Ransom,6.9e-5
Rayfield,6.9e-5
Rollie,6.9e-5
Royce,6.9e-5
Ryan,6.9e-5
Santiago,6.9e-5
Shelton,6.9e-5
Sherwood,6.9e-5
Waldemar,6.9e-5
Washington,6.9e-5
Willam,6.9e-5
Zack,6.9e-5
Adolf,6.2e-5
Alf,6.2e-5
Ansel,6.2e-5
Antone,6.2e-5
Arden,6.2e-5
Authur,6.2e-5
Beatrice,6.2e-5
Benard,6.2e-5
Berry,6.2e-5
Blaine,6.2e-5
Blake,6.2e-5
Bonnie,6.2e-5
Bryan,6.2e-5
Cephus,6.2e-5
Damon,6.2e-5
Delmer,6.2e-5
Donovan,6.2e-5
Durward,6.2e-5
Eligah,6.2e-5
Elvis,6.2e-5
Emilio,6.2e-5
Ewald,6.2e-5
Finley,6.2e-5
Frazier,6.2e-5
Gertrude,6.2e-5
Goldie,6.2e-5
Griffin,6.2e-5
Guss,6.2e-5
Gussie,6.2e-5
Hayward,6.2e-5
Hilbert,6.2e-5
Huey,6.2e-5
Ignacio,6.2e-5
Isham,6.2e-5
Johny,6.2e-5
Jordan,6.2e-5
Josiah,6.2e-5
Julio,6.2e-5
June,6.2e-5
Lemon,6.2e-5
Ludwig,6.2e-5
Malvin,6.2e-5
Manford,6.2e-5
Marcel,6.2e-5
Marshal,6.2e-5
Michel,6.2e-5
Minor,6.2e-5
Monte,6.2e-5
Mortimer,6.2e-5
Myrl,6.2e-5
Newell,6.2e-5
Odus,6.2e-5
Opal,6.2e-5
Orie,6.2e-5
Patsy,6.2e-5
Prentice,6.2e-5
Quinton,6.2e-5
Raul,6.2e-5
Raymon,6.2e-5
Reinhold,6.2e-5
Rodolfo,6.2e-5
Ruel,6.2e-5
Shelley,6.2e-5
Thaddeus,6.2e-5
Thedore,6.2e-5
Tillman,6.2e-5
Toy,6.2e-5
Unknown,6.2e-5
Vergil,6.2e-5
Vincenzo,6.2e-5
Volney,6.2e-5
Wellington,6.2e-5
West,6.2e-5
Wheeler,6.2e-5
Winthrop,6.2e-5
Addie,5.6e-5
Adolfo,5.6e-5
Agnes,5.6e-5
Algie,5.6e-5
Allison,5.6e-5
Almon,5.6e-5
Armando,5.6e-5
Augustin,5.6e-5
Bart,5.6e-5
Bernhard,5.6e-5
Beverly,5.6e-5
Blanche,5.6e-5
Brice,5.6e-5
Carleton,5.6e-5
Cedric,5.6e-5
Clarnce,5.6e-5
Clovis,5.6e-5
Constantine,5.6e-5
Dalton,5.6e-5
Darrel,5.6e-5
Dell,5.6e-5
Delmas,5.6e-5
Denzil,5.6e-5
Domingo,5.6e-5
Doris,5.6e-5
Edna,5.6e-5
Eduardo,5.6e-5
Eino,5.6e-5
Elie,5.6e-5
Emma,5.6e-5
Ezekiel,5.6e-5
Fate,5.6e-5
Florian,5.6e-5
Fritz,5.6e-5
Furman,5.6e-5
Harlow,5.6e-5
Harvie,5.6e-5
Hattie,5.6e-5
Helmer,5.6e-5
Howell,5.6e-5
Ivy,5.6e-5
Johney,5.6e-5
Jonnie,5.6e-5
Josephine,5.6e-5
Lavern,5.6e-5
Leopold,5.6e-5
Love,5.6e-5
Luciano,5.6e-5
Lucy,5.6e-5
Lyndon,5.6e-5
Martha,5.6e-5
Meredith,5.6e-5
Merton,5.6e-5
Minnie,5.6e-5
Nickolas,5.6e-5
Pauline,5.6e-5
Pierre,5.6e-5
Reese,5.6e-5
Romie,5.6e-5
Rube,5.6e-5
Rudolf,5.6e-5
Samual,5.6e-5
Sanders,5.6e-5
Selmer,5.6e-5
Seymour,5.6e-5
Son,5.6e-5
Terence,5.6e-5
Theadore,5.6e-5
Titus,5.6e-5
Tobias,5.6e-5
Tomie,5.6e-5
Vera,5.6e-5
Vester,5.6e-5
Virgle,5.6e-5
