name,percent
John,0.054234
William,0.044757
James,0.04293
George,0.026504
Robert,0.025802
Joseph,0.024587
Charles,0.022783
Frank,0.018355
Edward,0.016591
Thomas,0.013956
Henry,0.013633
Walter,0.012927
Willie,0.012293
Harry,0.010885
Albert,0.010263
Harold,0.009749
Paul,0.009477
Arthur,0.009415
Clarence,0.008584
Raymond,0.008137
Richard,0.008069
Fred,0.007662
Joe,0.0073
Louis,0.006961
Carl,0.00687
Howard,0.006593
Jack,0.006509
Roy,0.006418
David,0.006192
Ralph,0.006169
Earl,0.005694
Samuel,0.005559
Francis,0.00501
Ernest,0.005004
Lawrence,0.004835
Charlie,0.00471
Herbert,0.004699
Andrew,0.004332
Alfred,0.004315
Anthony,0.004281
Kenneth,0.004218
Donald,0.004105
Eugene,0.004094
Sam,0.003958
Elmer,0.003885
Leonard,0.00376
Michael,0.003591
Herman,0.003495
Leo,0.003444
Stanley,0.003432
Theodore,0.003365
Lee,0.003297
Floyd,0.003223
Daniel,0.003218
Leroy,0.003206
Peter,0.003048
Clifford,0.003031
Russell,0.00298
Clyde,0.002923
Jesse,0.002923
Lester,0.002827
Edwin,0.002782
Benjamin,0.002759
Frederick,0.002697
Lewis,0.002697
Chester,0.002686
Ray,0.002686
Bernard,0.002618
Eddie,0.002612
Oscar,0.0025959999999999998
Melvin,0.002539
Cecil,0.002443
Jessie,0.002437
Claude,0.002369
Norman,0.002341
Lloyd,0.00233
Johnnie,0.002262
Philip,0.002228
Martin,0.002211
Leon,0.002132
Milton,0.002087
Alvin,0.002053
Harvey,0.002041
Ben,0.002024
Marvin,0.002002
Edgar,0.001962
Luther,0.001962
Tom,0.001923
Victor,0.00181
Everett,0.001776
Stephen,0.001776
Allen,0.00177
Homer,0.00177
Morris,0.001725
Gerald,0.001702
Leslie,0.001651
Vernon,0.001606
Julius,0.001521
Otis,0.00151
Will,0.00151
Vincent,0.001493
Jacob,0.001482
Glenn,0.001476
Hugh,0.00147
Jim,0.001465
Wilbur,0.001465
Alexander,0.001442
Earnest,0.001442
Horace,0.001425
Virgil,0.001414
Marion,0.001397
Oliver,0.001391
Maurice,0.001385
Curtis,0.00138
Manuel,0.001374
Gilbert,0.001351
Arnold,0.00134
Archie,0.001329
Sidney,0.001318
Gordon,0.001301
Warren,0.001295
Alex,0.001284
Max,0.001284
Hubert,0.001255
Willard,0.001238
Orville,0.001233
Jose,0.001204
Lonnie,0.001182
Nathan,0.001182
Isaac,0.001176
Rufus,0.001165
Bill,0.001159
Nicholas,0.001154
Irving,0.001142
Patrick,0.001125
Wesley,0.001108
Guy,0.001103
Jerry,0.001086
Willis,0.001069
Bennie,0.001057
Steve,0.001057
Jimmie,0.001046
Wallace,0.001046
Otto,0.001018
Glen,0.001007
Calvin,9.9e-4
Ira,9.9e-4
Rudolph,9.78e-4
Clinton,9.67e-4
Franklin,9.5e-4
Elbert,9.44e-4
Mike,9.44e-4
Abraham,9.22e-4
Dan,9.22e-4
Wayne,9.22e-4
Roosevelt,9.05e-4
Ed,8.99e-4
Percy,8.99e-4
Clifton,8.88e-4
Tony,8.76e-4
Mack,8.71e-4
Emil,8.65e-4
Roland,8.65e-4
Sylvester,8.6e-4
Felix,8.37e-4
Matthew,8.37e-4
Charley,8.31e-4
Edmund,8.31e-4
Emmett,8.31e-4
Johnie,8.31e-4
Phillip,8.26e-4
Nathaniel,8.09e-4
Aaron,8.03e-4
Jerome,7.97e-4
Kermit,7.86e-4
Clayton,7.69e-4
Marshall,7.58e-4
Ellis,7.41e-4
August,7.29e-4
Roger,7.24e-4
Douglas,7.12e-4
Forrest,7.07e-4
Juan,6.96e-4
Bruce,6.9e-4
Ted,6.9e-4
Antonio,6.79e-4
Dennis,6.79e-4
Pete,6.79e-4
Bert,6.73e-4
Johnny,6.62e-4
Amos,6.56e-4
Sherman,6.5e-4
Nelson,6.39e-4
Tommie,6.39e-4
Adam,6.33e-4
Ivan,6.28e-4
Don,6.22e-4
Irvin,6.16e-4
Jake,6.16e-4
Perry,6.16e-4
Moses,6.11e-4
Adolph,6.05e-4
Roscoe,6.05e-4
Wilson,5.99e-4
Gus,5.88e-4
Ervin,5.82e-4
Austin,5.77e-4
Dale,5.77e-4
Dave,5.77e-4
Julian,5.77e-4
Karl,5.77e-4
Alton,5.71e-4
Booker,5.71e-4
Mark,5.71e-4
Grady,5.6e-4
Ollie,5.6e-4
Angelo,5.54e-4
Cornelius,5.54e-4
Jay,5.54e-4
Wilbert,5.54e-4
Grover,5.49e-4
Salvatore,5.43e-4
Alonzo,5.37e-4
Simon,5.32e-4
Ronald,5.26e-4
Delbert,5.15e-4
Dewey,5.15e-4
Dominick,5.15e-4
Reuben,5.15e-4
Wilfred,5.15e-4
Elijah,5.09e-4
Leland,5.09e-4
Owen,5.09e-4
Laurence,5.03e-4
Carroll,4.92e-4
Jess,4.92e-4
Larry,4.92e-4
Buster,4.81e-4
Aubrey,4.75e-4
Cleveland,4.69e-4
Jasper,4.69e-4
Malcolm,4.69e-4
Levi,4.64e-4
Gene,4.58e-4
Ross,4.58e-4
Elmo,4.52e-4
Hyman,4.52e-4
Mary,4.52e-4
Solomon,4.52e-4
Loyd,4.47e-4
Millard,4.47e-4
Nick,4.47e-4
Louie,4.41e-4
Erwin,4.3e-4
Freddie,4.3e-4
Merle,4.3e-4
Preston,4.3e-4
Monroe,4.24e-4
Allan,4.18e-4
Claud,4.13e-4
Harley,4.13e-4
Lyle,4.07e-4
Mitchell,4.07e-4
Ruben,4.01e-4
Byron,3.9e-4
Emanuel,3.9e-4
Wade,3.9e-4
Alva,3.85e-4
Boyd,3.85e-4
Edmond,3.85e-4
Jeff,3.85e-4
Jesus,3.85e-4
Rex,3.85e-4
Wiley,3.85e-4
Abe,3.79e-4
Lynn,3.79e-4
Murray,3.79e-4
Timothy,3.79e-4
Elwood,3.73e-4
Loren,3.73e-4
Clement,3.62e-4
Troy,3.62e-4
Francisco,3.56e-4
Mose,3.56e-4
Barney,3.51e-4
Noah,3.51e-4
Silas,3.51e-4
Thurman,3.51e-4
Anton,3.45e-4
Carlton,3.45e-4
Elton,3.45e-4
Carlos,3.39e-4
Cleo,3.39e-4
Eli,3.39e-4
Randolph,3.39e-4
Grant,3.34e-4
Myron,3.34e-4
Tommy,3.34e-4
Bob,3.28e-4
Dallas,3.28e-4
Lowell,3.28e-4
Alfonso,3.22e-4
Emory,3.22e-4
Garland,3.22e-4
Harrison,3.22e-4
Luke,3.22e-4
Alphonse,3.17e-4
Fredrick,3.17e-4
Pedro,3.17e-4
Reginald,3.17e-4
Delmar,3.11e-4
Dominic,3.11e-4
Elvin,3.11e-4
Steven,3.05e-4
Andy,3e-4
Irwin,3e-4
Sol,3e-4
Burton,2.94e-4
Freeman,2.94e-4
Taft,2.94e-4
Clark,2.88e-4
Earle,2.88e-4
Major,2.88e-4
Ramon,2.88e-4
Anderson,2.83e-4
Christopher,2.83e-4
Columbus,2.83e-4
Joel,2.83e-4
Wendell,2.83e-4
Marcus,2.77e-4
Odell,2.77e-4
Riley,2.77e-4
Spencer,2.77e-4
Chris,2.71e-4
Cyril,2.71e-4
Ike,2.71e-4
Isiah,2.71e-4
Neal,2.71e-4
Al,2.66e-4
Emery,2.66e-4
Forest,2.66e-4
Lorenzo,2.66e-4
Sterling,2.66e-4
Dick,2.6e-4
Elliott,2.6e-4
Isadore,2.6e-4
Odis,2.6e-4
Alan,2.54e-4
Armand,2.54e-4
Dock,2.54e-4
Ned,2.54e-4
Noel,2.54e-4
Van,2.54e-4
Wilmer,2.54e-4
Dean,2.49e-4
Vern,2.49e-4
Augustus,2.43e-4
Coy,2.43e-4
Dwight,2.43e-4
Ellsworth,2.43e-4
Lucius,2.43e-4
Maynard,2.43e-4
Neil,2.43e-4
Rocco,2.43e-4
Conrad,2.37e-4
Keith,2.37e-4
Mathew,2.37e-4
Merrill,2.37e-4
Miles,2.37e-4
Pat,2.37e-4
Aloysius,2.32e-4
Ambrose,2.32e-4
Emerson,2.32e-4
Hollis,2.32e-4
Pearl,2.32e-4
Royal,2.32e-4
Saul,2.32e-4
Buck,2.26e-4
Jimmy,2.26e-4
Norris,2.26e-4
Ora,2.26e-4
Sammie,2.26e-4
Stewart,2.26e-4
Vance,2.26e-4
Ward,2.26e-4
Wm,2.26e-4
Clair,2.21e-4
Edd,2.21e-4
Eldon,2.21e-4
Gabriel,2.21e-4
Gerard,2.21e-4
Harris,2.21e-4
Herschel,2.21e-4
Lyman,2.21e-4
Russel,2.21e-4
Scott,2.21e-4
Adrian,2.15e-4
Arlie,2.15e-4
Coleman,2.15e-4
Ferdinand,2.15e-4
Hiram,2.15e-4
Jackson,2.15e-4
Basil,2.09e-4
Dewitt,2.09e-4
Fletcher,2.09e-4
Pasquale,2.09e-4
Weldon,2.09e-4
Buford,2.04e-4
Emile,2.04e-4
Foster,2.04e-4
Haywood,2.04e-4
Helen,2.04e-4
Isaiah,2.04e-4
Luis,2.04e-4
Mckinley,2.04e-4
Norbert,2.04e-4
Sanford,2.04e-4
Ulysses,2.04e-4
Arther,1.98e-4
Bud,1.98e-4
Clay,1.98e-4
Dee,1.98e-4
Garfield,1.98e-4
Meyer,1.98e-4
Napoleon,1.98e-4
Taylor,1.98e-4
Winston,1.98e-4
Houston,1.92e-4
Hoyt,1.92e-4
Lionel,1.92e-4
Morgan,1.92e-4
Orval,1.92e-4
Pablo,1.92e-4
Truman,1.92e-4
Berry,1.87e-4
Bruno,1.87e-4
Early,1.87e-4
Eric,1.87e-4
General,1.87e-4
Harlan,1.87e-4
Judson,1.87e-4
Lincoln,1.87e-4
Milford,1.87e-4
Milo,1.87e-4
Olin,1.87e-4
Roman,1.87e-4
Shirley,1.87e-4
Stuart,1.87e-4
Junius,1.81e-4
Matt,1.81e-4
Otha,1.81e-4
Travis,1.81e-4
Benny,1.75e-4
Cletus,1.75e-4
Emmitt,1.75e-4
Frederic,1.75e-4
King,1.75e-4
Noble,1.75e-4
Sandy,1.75e-4
Wilber,1.75e-4
Wilford,1.75e-4
Ezra,1.7e-4
Gustave,1.7e-4
Hugo,1.7e-4
Lucien,1.7e-4
Margaret,1.7e-4
Prince,1.7e-4
Raleigh,1.7e-4
Rubin,1.7e-4
Thaddeus,1.7e-4
Theron,1.7e-4
Tim,1.7e-4
Billie,1.64e-4
Burl,1.64e-4
Christian,1.64e-4
Hans,1.64e-4
Hardy,1.64e-4
Harmon,1.64e-4
Ivory,1.64e-4
Judge,1.64e-4
Maxwell,1.64e-4
Micheal,1.64e-4
Oren,1.64e-4
Palmer,1.64e-4
Rosevelt,1.64e-4
Sydney,1.64e-4
Aron,1.58e-4
Clem,1.58e-4
Elias,1.58e-4
Elmore,1.58e-4
Fay,1.58e-4
Isidore,1.58e-4
Joshua,1.58e-4
Nolan,1.58e-4
Vito,1.58e-4
Bertram,1.53e-4
Israel,1.53e-4
Jules,1.53e-4
Lemuel,1.53e-4
Mario,1.53e-4
Terry,1.53e-4
Tomas,1.53e-4
Valentine,1.53e-4
Wilburn,1.53e-4
Carmen,1.47e-4
Carmine,1.47e-4
Dorothy,1.47e-4
Emmet,1.47e-4
Garnett,1.47e-4
Golden,1.47e-4
Gregory,1.47e-4
Kelly,1.47e-4
Lucious,1.47e-4
Otho,1.47e-4
Porter,1.47e-4
Rogers,1.47e-4
Shelby,1.47e-4
Walker,1.47e-4
Doyle,1.41e-4
Dudley,1.41e-4
Enoch,1.41e-4
Ethel,1.41e-4
Evan,1.41e-4
Hazel,1.41e-4
Jeremiah,1.41e-4
Jewel,1.41e-4
Laverne,1.41e-4
Morton,1.41e-4
Oswald,1.41e-4
Rodney,1.41e-4
Abram,1.36e-4
Anna,1.36e-4
Cary,1.36e-4
Clare,1.36e-4
Elisha,1.36e-4
Hal,1.36e-4
Jefferson,1.36e-4
Jewell,1.36e-4
Johnson,1.36e-4
Olen,1.36e-4
Omer,1.36e-4
Rolland,1.36e-4
Turner,1.36e-4
Woodrow,1.36e-4
Abner,1.3e-4
Cyrus,1.3e-4
Domingo,1.3e-4
Emilio,1.3e-4
Everette,1.3e-4
Jean,1.3e-4
Lacy,1.3e-4
Lucian,1.3e-4
Newton,1.3e-4
Phil,1.3e-4
Rose,1.3e-4
Seth,1.3e-4
Verne,1.3e-4
Carson,1.24e-4
Carter,1.24e-4
Eldridge,1.24e-4
Gale,1.24e-4
Haskell,1.24e-4
Henderson,1.24e-4
Hershel,1.24e-4
Lenard,1.24e-4
Lois,1.24e-4
Lonzo,1.24e-4
Loy,1.24e-4
Patsy,1.24e-4
Rudy,1.24e-4
Santiago,1.24e-4
Theo,1.24e-4
Wylie,1.24e-4
Alphonso,1.19e-4
Bernice,1.19e-4
Brady,1.19e-4
Burt,1.19e-4
Cleve,1.19e-4
Duane,1.19e-4
Gaylord,1.19e-4
Granville,1.19e-4
Hayes,1.19e-4
Hobert,1.19e-4
Josh,1.19e-4
Lamar,1.19e-4
Ottis,1.19e-4
Rafael,1.19e-4
Rupert,1.19e-4
Warner,1.19e-4
Wilton,1.19e-4
Angus,1.13e-4
Artie,1.13e-4
Bryan,1.13e-4
Clarance,1.13e-4
Clint,1.13e-4
Connie,1.13e-4
Delmer,1.13e-4
Dorsey,1.13e-4
Elzie,1.13e-4
Frances,1.13e-4
Guadalupe,1.13e-4
Jordan,1.13e-4
Junior,1.13e-4
Merlin,1.13e-4
Merton,1.13e-4
Mervin,1.13e-4
Ocie,1.13e-4
Stanford,1.13e-4
Theadore,1.13e-4
Tillman,1.13e-4
Toney,1.13e-4
Williams,1.13e-4
Winfred,1.13e-4
Wyatt,1.13e-4
Allie,1.07e-4
Andres,1.07e-4
Bradley,1.07e-4
Buddie,1.07e-4
Carol,1.07e-4
Claudie,1.07e-4
Cliff,1.07e-4
Davis,1.07e-4
Edna,1.07e-4
Ernie,1.07e-4
Ezekiel,1.07e-4
Felipe,1.07e-4
Graham,1.07e-4
Jonas,1.07e-4
Mildred,1.07e-4
Odie,1.07e-4
Romeo,1.07e-4
Salvador,1.07e-4
Sigmund,1.07e-4
Smith,1.07e-4
Wellington,1.07e-4
Alvis,1.02e-4
Billy,1.02e-4
Casper,1.02e-4
Denver,1.02e-4
Enrique,1.02e-4
Eva,1.02e-4
Hayward,1.02e-4
Hector,1.02e-4
Ignacio,1.02e-4
Linwood,1.02e-4
Logan,1.02e-4
Miguel,1.02e-4
Oral,1.02e-4
Price,1.02e-4
Rollie,1.02e-4
Santos,1.02e-4
Vester,1.02e-4
Alberto,9.6e-5
Albin,9.6e-5
Alma,9.6e-5
Annie,9.6e-5
Audrey,9.6e-5
Avery,9.6e-5
Bonnie,9.6e-5
Cicero,9.6e-5
Ennis,9.6e-5
Florence,9.6e-5
Fritz,9.6e-5
Gustav,9.6e-5
Julio,9.6e-5
June,9.6e-5
Loyal,9.6e-5
Mearl,9.6e-5
Meredith,9.6e-5
Orin,9.6e-5
Parker,9.6e-5
Quincy,9.6e-5
Ruth,9.6e-5
Seymour,9.6e-5
Sheldon,9.6e-5
Waldo,9.6e-5
Walton,9.6e-5
Winfield,9.6e-5
Abel,9e-5
Alfonzo,9e-5
Alvie,9e-5
Asa,9e-5
Boyce,9e-5
Brown,9e-5
Casey,9e-5
Casimir,9e-5
Chas,9e-5
Chauncey,9e-5
Dana,9e-5
Dillard,9e-5
Edison,9e-5
Emmit,9e-5
Felton,9e-5
Fernando,9e-5
Ford,9e-5
Gaston,9e-5
Lavern,9e-5
Leander,9e-5
Mac,9e-5
Mason,9e-5
Melville,9e-5
Nat,9e-5
Obie,9e-5
Orlando,9e-5
Ransom,9e-5
Reed,9e-5
Rowland,9e-5
Shelton,9e-5
Teddy,9e-5
Urban,9e-5
Vaughn,9e-5
Webster,9e-5
Wheeler,9e-5
Alec,8.5e-5
Alfredo,8.5e-5
Alice,8.5e-5
Antone,8.5e-5
Art,8.5e-5
Bennett,8.5e-5
Bishop,8.5e-5
Bradford,8.5e-5
Brooks,8.5e-5
Buddy,8.5e-5
Burley,8.5e-5
Dalton,8.5e-5
Darrell,8.5e-5
Dexter,8.5e-5
Durward,8.5e-5
Einar,8.5e-5
Evans,8.5e-5
Furman,8.5e-5
Green,8.5e-5
Hobart,8.5e-5
Howell,8.5e-5
Ivy,8.5e-5
Jason,8.5e-5
Jodie,8.5e-5
Jonathan,8.5e-5
Lawyer,8.5e-5
Lillian,8.5e-5
Manford,8.5e-5
Marlin,8.5e-5
Miller,8.5e-5
Murphy,8.5e-5
Rene,8.5e-5
Ruby,8.5e-5
Sim,8.5e-5
Son,8.5e-5
Thad,8.5e-5
Thornton,8.5e-5
Tomie,8.5e-5
Vivian,8.5e-5
Wardell,8.5e-5
Waymon,8.5e-5
Zack,8.5e-5
Alford,7.9e-5
Augusta,7.9e-5
Augustine,7.9e-5
Benjiman,7.9e-5
Benton,7.9e-5
Bernie,7.9e-5
Beverly,7.9e-5
Caleb,7.9e-5
Carlo,7.9e-5
Casimer,7.9e-5
Curley,7.9e-5
Earlie,7.9e-5
Eino,7.9e-5
Ellie,7.9e-5
Ernesto,7.9e-5
Estel,7.9e-5
Ewell,7.9e-5
Frankie,7.9e-5
Fulton,7.9e-5
Geo,7.9e-5
Guido,7.9e-5
Hadley,7.9e-5
Hamp,7.9e-5
Harland,7.9e-5
Hayden,7.9e-5
Hermon,7.9e-5
Hilton,7.9e-5
Hosie,7.9e-5
Ignatius,7.9e-5
Isom,7.9e-5
Johny,7.9e-5
Justin,7.9e-5
Lawerence,7.9e-5
Lucille,7.9e-5
Mae,7.9e-5
Marie,7.9e-5
Myles,7.9e-5
Nickolas,7.9e-5
Omar,7.9e-5
Paris,7.9e-5
Randall,7.9e-5
Ricardo,7.9e-5
Royce,7.9e-5
Rudolf,7.9e-5
Sebastian,7.9e-5
Vicente,7.9e-5
Wash,7.9e-5
Addison,7.4e-5
Adolphus,7.4e-5
Alonza,7.4e-5
Barry,7.4e-5
Benito,7.4e-5
Carey,7.4e-5
Carleton,7.4e-5
Cedric,7.4e-5
Collie,7.4e-5
Dempsey,7.4e-5
Edith,7.4e-5
Eldred,7.4e-5
Elizabeth,7.4e-5
Guss,7.4e-5
Hunter,7.4e-5
Ida,7.4e-5
Jones,7.4e-5
Kent,7.4e-5
Kirby,7.4e-5
Lige,7.4e-5
Mahlon,7.4e-5
Mariano,7.4e-5
Merritt,7.4e-5
Moe,7.4e-5
Newman,7.4e-5
Norval,7.4e-5
Ole,7.4e-5
Pierce,7.4e-5
Rayford,7.4e-5
Reinhold,7.4e-5
Reynold,7.4e-5
Rosario,7.4e-5
Sampson,7.4e-5
Toivo,7.4e-5
Vernie,7.4e-5
Whitney,7.4e-5
Wright,7.4e-5
Alden,6.8e-5
Antoine,6.8e-5
Armando,6.8e-5
Artis,6.8e-5
Beatrice,6.8e-5
Benedict,6.8e-5
Bessie,6.8e-5
Blaine,6.8e-5
Bryant,6.8e-5
Carlie,6.8e-5
Carrol,6.8e-5
Clara,6.8e-5
Craig,6.8e-5
Crawford,6.8e-5
Doc,6.8e-5
Eduardo,6.8e-5
Egbert,6.8e-5
Elsie,6.8e-5
Elvis,6.8e-5
Elwin,6.8e-5
Enos,6.8e-5
Ezell,6.8e-5
Finis,6.8e-5
Florian,6.8e-5
Gardner,6.8e-5
Gary,6.8e-5
Gerhard,6.8e-5
Gladys,6.8e-5
Hilliard,6.8e-5
Hollie,6.8e-5
Hosea,6.8e-5
Kirk,6.8e-5
Lawson,6.8e-5
Lem,6.8e-5
Leonardo,6.8e-5
Lindsey,6.8e-5
Lorenza,6.8e-5
Marshal,6.8e-5
Maxie,6.8e-5
Melton,6.8e-5
Mickey,6.8e-5
Nicolas,6.8e-5
Olan,6.8e-5
Oran,6.8e-5
Orland,6.8e-5
Pierre,6.8e-5
Raphael,6.8e-5
Reese,6.8e-5
Thelma,6.8e-5
Watson,6.8e-5
West,6.8e-5
Westley,6.8e-5
Zeb,6.8e-5
Acie,6.2e-5
Agnes,6.2e-5
Agustin,6.2e-5
Alejandro,6.2e-5
Alois,6.2e-5
Arch,6.2e-5
Archibald,6.2e-5
Audie,6.2e-5
Aurelio,6.2e-5
Bascom,6.2e-5
Bertrand,6.2e-5
Burrell,6.2e-5
Carlyle,6.2e-5
Curtiss,6.2e-5
Damon,6.2e-5
Darwin,6.2e-5
Delmas,6.2e-5
Duke,6.2e-5
Elden,6.2e-5
Elroy,6.2e-5
Elwyn,6.2e-5
Esther,6.2e-5
Gideon,6.2e-5
Godfrey,6.2e-5
Grace,6.2e-5
Heber,6.2e-5
Henery,6.2e-5
Hezekiah,6.2e-5
Hudson,6.2e-5
Hughie,6.2e-5
Irene,6.2e-5
Jamie,6.2e-5
Josef,6.2e-5
Josephine,6.2e-5
Junious,6.2e-5
Kyle,6.2e-5
Lafayette,6.2e-5
Len,6.2e-5
Lindsay,6.2e-5
Lum,6.2e-5
Mabel,6.2e-5
Maceo,6.2e-5
Marcellus,6.2e-5
Mathias,6.2e-5
Mattie,6.2e-5
Nels,6.2e-5
Othel,6.2e-5
Pink,6.2e-5
Quentin,6.2e-5
Robbie,6.2e-5
Roberto,6.2e-5
Roderick,6.2e-5
Rollin,6.2e-5
Sanders,6.2e-5
Santo,6.2e-5
Sarah,6.2e-5
Sonny,6.2e-5
Waino,6.2e-5
Adelbert,5.7e-5
Angel,5.7e-5
Arvin,5.7e-5
Ashley,5.7e-5
Ashton,5.7e-5
Authur,5.7e-5
Baxter,5.7e-5
Bobbie,5.7e-5
Caesar,5.7e-5
Christ,5.7e-5
Claire,5.7e-5
Coley,5.7e-5
Collins,5.7e-5
Cornell,5.7e-5
Danny,5.7e-5
Dolphus,5.7e-5
Doris,5.7e-5
Ellison,5.7e-5
Erick,5.7e-5
Ernst,5.7e-5
Eston,5.7e-5
Eugenio,5.7e-5
Eunice,5.7e-5
Gail,5.7e-5
Garrett,5.7e-5
Gust,5.7e-5
Hamilton,5.7e-5
Hampton,5.7e-5
Harrell,5.7e-5
Hartley,5.7e-5
Hoke,5.7e-5
Hurley,5.7e-5
Iver,5.7e-5
Joesph,5.7e-5
Landon,5.7e-5
Larkin,5.7e-5
Lenwood,5.7e-5
Leopoldo,5.7e-5
Little,5.7e-5
Llewellyn,5.7e-5
Lonie,5.7e-5
Louise,5.7e-5
Love,5.7e-5
Lucas,5.7e-5
Lucio,5.7e-5
Mansfield,5.7e-5
Martha,5.7e-5
Milburn,5.7e-5
Minor,5.7e-5
Murl,5.7e-5
