name,percent
John,0.055709
William,0.043907
James,0.041238
George,0.027289
Robert,0.027019
Joseph,0.026862
Charles,0.023717
Frank,0.017869
Edward,0.017248
Thomas,0.013646
Henry,0.013112
Walter,0.012735
Harry,0.010518
Willie,0.010335
Albert,0.010277
Harold,0.010141
Paul,0.009904
Arthur,0.009846
Raymond,0.008645
Richard,0.008408
Louis,0.007617
Fred,0.007488
Clarence,0.007347
Ralph,0.006933
Jack,0.006912
Carl,0.006519
David,0.00644
Howard,0.006079
Joe,0.006005
Samuel,0.005785
Roy,0.005777
Ernest,0.005545
Francis,0.005429
Earl,0.005408
Anthony,0.005333
Donald,0.00528
Lawrence,0.00506
Michael,0.004807
Alfred,0.004795
Kenneth,0.004766
Herbert,0.004662
Andrew,0.004554
Eugene,0.004384
Stanley,0.004132
Charlie,0.004053
Leonard,0.003949
Sam,0.003846
Elmer,0.003701
Herman,0.003535
Leo,0.003498
Peter,0.003498
Frederick,0.003324
Daniel,0.003295
Bernard,0.003216
Russell,0.003195
Theodore,0.003116
Floyd,0.003042
Chester,0.002934
Leroy,0.002926
Edwin,0.002897
Clyde,0.002884
Clifford,0.002876
Norman,0.002864
Benjamin,0.002859
Lester,0.002723
Lewis,0.00271
Lee,0.002677
Oscar,0.002636
Philip,0.002536
Milton,0.00252
Ray,0.002495
Jesse,0.00247
Melvin,0.002453
Lloyd,0.002445
Martin,0.00235
Cecil,0.002321
Leon,0.002234
Eddie,0.002171
Jessie,0.002072
Vincent,0.002051
Victor,0.002043
Marvin,0.002022
Edgar,0.002014
Stephen,0.002014
Morris,0.001977
Ben,0.001935
Claude,0.001931
Gerald,0.001915
Alvin,0.001906
Johnnie,0.00189
Harvey,0.001848
Sidney,0.001794
Irving,0.001786
Alexander,0.001765
Homer,0.001736
Vernon,0.001732
Gordon,0.001674
Allen,0.001666
Maurice,0.001645
Luther,0.001633
Wilbur,0.0016
Everett,0.001587
Gilbert,0.001529
Julius,0.001525
Tom,0.001513
Max,0.001488
Virgil,0.001471
Nathan,0.001442
Arnold,0.001438
Marion,0.001434
Glenn,0.001421
Manuel,0.001409
Warren,0.001401
Willard,0.001401
Oliver,0.00138
Jacob,0.001339
Leslie,0.001339
Curtis,0.00133
Hubert,0.00131
Nicholas,0.001276
Hugh,0.001268
Otis,0.001252
Horace,0.001243
Abraham,0.00121
Earnest,0.001173
Wayne,0.00116
Archie,0.001127
Patrick,0.001127
Jose,0.001115
Alex,0.001111
Wesley,0.001082
Wallace,0.001065
Steve,0.001057
Jim,0.001015
Bill,0.001007
Guy,0.001007
Jimmie,0.001007
Mike,0.001007
Roger,9.99e-4
Jerry,9.82e-4
Ira,9.78e-4
Edmund,9.74e-4
Isaac,9.66e-4
Willis,9.66e-4
Glen,9.53e-4
Orville,9.53e-4
Roland,9.53e-4
Will,9.53e-4
Rufus,9.49e-4
Otto,9.45e-4
Bennie,9.41e-4
Franklin,9.12e-4
Matthew,9.12e-4
Sylvester,9.08e-4
Rudolph,8.99e-4
Emil,8.87e-4
Calvin,8.83e-4
Lonnie,8.83e-4
Jerome,8.79e-4
Phillip,8.79e-4
Nathaniel,8.58e-4
Tony,8.58e-4
Clifton,8.54e-4
Dan,8.5e-4
Clayton,8.41e-4
Salvatore,8.29e-4
Mack,8.16e-4
Roosevelt,8.16e-4
Elbert,8.08e-4
Adam,7.83e-4
Aaron,7.75e-4
Johnie,7.63e-4
Percy,7.63e-4
Angelo,7.5e-4
Clinton,7.42e-4
Nelson,7.42e-4
Marshall,7.38e-4
Bert,7.34e-4
Felix,7.17e-4
Grady,7.17e-4
Douglas,7e-4
Amos,6.96e-4
Wilfred,6.96e-4
Don,6.92e-4
Wilbert,6.92e-4
Antonio,6.88e-4
August,6.88e-4
Dennis,6.88e-4
Ellis,6.88e-4
Irvin,6.8e-4
Ed,6.75e-4
Adolph,6.67e-4
Charley,6.63e-4
Alton,6.46e-4
Karl,6.46e-4
Owen,6.42e-4
Bruce,6.38e-4
Forrest,6.3e-4
Julian,6.3e-4
Perry,6.3e-4
Tommie,6.3e-4
Juan,6.26e-4
Dale,6.22e-4
Johnny,6.09e-4
Ervin,5.97e-4
Pete,5.93e-4
Mark,5.88e-4
Emmett,5.84e-4
Delbert,5.8e-4
Malcolm,5.8e-4
Ross,5.8e-4
Murray,5.76e-4
Cornelius,5.72e-4
Hyman,5.68e-4
Loyd,5.68e-4
Simon,5.68e-4
Ivan,5.64e-4
Ronald,5.64e-4
Dave,5.59e-4
Nick,5.39e-4
Solomon,5.35e-4
Wilson,5.35e-4
Alonzo,5.3e-4
Lyle,5.3e-4
Preston,5.3e-4
Leland,5.26e-4
Moses,5.26e-4
Roscoe,5.26e-4
Jay,5.22e-4
Emanuel,5.14e-4
Sherman,5.1e-4
Dominic,5.01e-4
Laurence,5.01e-4
Woodrow,5.01e-4
Dominick,4.93e-4
Merle,4.77e-4
Elwood,4.72e-4
Grover,4.72e-4
Jasper,4.72e-4
Carroll,4.68e-4
Booker,4.56e-4
Buster,4.56e-4
Cleveland,4.56e-4
Jake,4.56e-4
Ollie,4.52e-4
Reuben,4.52e-4
Aubrey,4.43e-4
Carlton,4.43e-4
Dewey,4.43e-4
Jess,4.39e-4
Elmo,4.31e-4
Lowell,4.31e-4
Myron,4.31e-4
Gene,4.23e-4
Allan,4.19e-4
Austin,4.19e-4
Freddie,4.14e-4
Gus,4.14e-4
Millard,4.14e-4
Troy,4.14e-4
Barney,4.1e-4
Mary,4.06e-4
Claud,4.02e-4
Ted,4.02e-4
Byron,3.98e-4
Fredrick,3.94e-4
Abe,3.9e-4
Dean,3.9e-4
Elijah,3.9e-4
Wendell,3.9e-4
Erwin,3.81e-4
Larry,3.81e-4
Edmond,3.77e-4
Monroe,3.77e-4
Clement,3.73e-4
Louie,3.73e-4
Gerard,3.69e-4
Kermit,3.69e-4
Harley,3.65e-4
Timothy,3.65e-4
Dwight,3.61e-4
Garland,3.61e-4
Isadore,3.61e-4
Levi,3.61e-4
Reginald,3.56e-4
Boyd,3.52e-4
Forest,3.52e-4
Burton,3.48e-4
Christopher,3.44e-4
Earle,3.44e-4
Francisco,3.4e-4
Harrison,3.4e-4
Noah,3.4e-4
Alphonse,3.36e-4
Eli,3.36e-4
Rex,3.36e-4
Mose,3.32e-4
Jesus,3.27e-4
Mitchell,3.27e-4
Cleo,3.23e-4
Elvin,3.23e-4
Sol,3.23e-4
Wade,3.23e-4
Wilmer,3.23e-4
Anton,3.19e-4
Loren,3.19e-4
Ward,3.19e-4
Bob,3.15e-4
Jeff,3.15e-4
Odell,3.15e-4
Pedro,3.15e-4
Cyril,3.11e-4
Emory,3.07e-4
Lionel,3.07e-4
Pasquale,3.07e-4
Patsy,3.07e-4
Ramon,3.07e-4
Randolph,3.07e-4
Steven,3.07e-4
Wiley,3.07e-4
Morton,3.03e-4
Tommy,2.94e-4
Clair,2.9e-4
Conrad,2.9e-4
Emery,2.9e-4
Russel,2.9e-4
Spencer,2.9e-4
Basil,2.86e-4
Carlos,2.86e-4
Rocco,2.86e-4
Thurman,2.86e-4
Wilford,2.86e-4
Clark,2.82e-4
Alfonso,2.78e-4
Grant,2.78e-4
Lynn,2.74e-4
Elton,2.69e-4
Freeman,2.69e-4
Al,2.65e-4
Eldon,2.65e-4
Marcus,2.65e-4
Ned,2.65e-4
Andy,2.61e-4
Harlan,2.61e-4
Meyer,2.61e-4
Neal,2.61e-4
Sammie,2.61e-4
Bud,2.57e-4
Lorenzo,2.57e-4
Luke,2.57e-4
Maynard,2.57e-4
Stewart,2.57e-4
Foster,2.53e-4
Scott,2.53e-4
Hollis,2.49e-4
Keith,2.49e-4
Emerson,2.45e-4
Hugo,2.45e-4
Joel,2.45e-4
Rodney,2.45e-4
Ruben,2.45e-4
Silas,2.45e-4
Alva,2.4e-4
Armand,2.4e-4
Ellsworth,2.4e-4
Neil,2.4e-4
Vito,2.4e-4
Hiram,2.36e-4
Merrill,2.36e-4
Roman,2.36e-4
Saul,2.36e-4
Anderson,2.32e-4
Carmen,2.32e-4
Elliott,2.32e-4
Irwin,2.32e-4
Mario,2.32e-4
Milford,2.32e-4
Weldon,2.32e-4
Adrian,2.28e-4
Alan,2.28e-4
Dock,2.28e-4
Norbert,2.28e-4
Orval,2.28e-4
Bruno,2.24e-4
Emile,2.24e-4
Morgan,2.24e-4
Odis,2.24e-4
Sydney,2.24e-4
Augustus,2.2e-4
Buford,2.2e-4
Columbus,2.2e-4
Delmar,2.2e-4
Isidore,2.2e-4
Van,2.2e-4
Bertram,2.15e-4
Clay,2.15e-4
Doyle,2.15e-4
Isiah,2.15e-4
Dallas,2.11e-4
Ferdinand,2.11e-4
Fletcher,2.11e-4
Harris,2.11e-4
Ulysses,2.11e-4
Benny,2.07e-4
Carmine,2.07e-4
Major,2.07e-4
Truman,2.07e-4
Maxwell,2.03e-4
Miles,2.03e-4
Pat,2.03e-4
Rubin,2.03e-4
Sanford,2.03e-4
Seymour,2.03e-4
Wilburn,2.03e-4
Aloysius,1.99e-4
Herschel,1.99e-4
Napoleon,1.99e-4
Oren,1.99e-4
Stuart,1.99e-4
Gabriel,1.95e-4
Jefferson,1.95e-4
Jules,1.95e-4
Norris,1.95e-4
Riley,1.95e-4
Sterling,1.95e-4
Alden,1.91e-4
Buck,1.91e-4
Ezra,1.91e-4
Helen,1.91e-4
Jackson,1.91e-4
Judson,1.91e-4
Elias,1.86e-4
Jimmy,1.86e-4
Laverne,1.86e-4
Luis,1.86e-4
Lyman,1.86e-4
Mathew,1.86e-4
Milo,1.86e-4
Noble,1.86e-4
Taylor,1.86e-4
Jean,1.82e-4
Porter,1.82e-4
Vern,1.82e-4
Waldo,1.82e-4
Chris,1.78e-4
Edd,1.78e-4
Enoch,1.78e-4
Hal,1.78e-4
Joshua,1.78e-4
Newton,1.78e-4
Noel,1.78e-4
Ambrose,1.74e-4
Billy,1.74e-4
Gustave,1.74e-4
Ora,1.74e-4
Palmer,1.74e-4
Christian,1.7e-4
Dudley,1.7e-4
Kelly,1.7e-4
Linwood,1.7e-4
Dee,1.66e-4
Frederic,1.66e-4
Haywood,1.66e-4
Israel,1.66e-4
Jewell,1.66e-4
Matt,1.66e-4
Thaddeus,1.66e-4
Travis,1.66e-4
Coy,1.62e-4
Rene,1.62e-4
Darrell,1.57e-4
Emmet,1.57e-4
Garfield,1.57e-4
Granville,1.57e-4
Ike,1.57e-4
Jewel,1.57e-4
Lenard,1.57e-4
Mervin,1.57e-4
Micheal,1.57e-4
Theron,1.57e-4
Billie,1.53e-4
Carson,1.53e-4
Dewitt,1.53e-4
Dick,1.53e-4
Hoyt,1.53e-4
Jeremiah,1.53e-4
Lucius,1.53e-4
Vance,1.53e-4
Coleman,1.49e-4
Frances,1.49e-4
Gregory,1.49e-4
Lucien,1.49e-4
Miguel,1.49e-4
Olin,1.49e-4
Royal,1.49e-4
Rudy,1.49e-4
Arther,1.45e-4
Connie,1.45e-4
Eric,1.45e-4
Hector,1.45e-4
Marlin,1.45e-4
Rosevelt,1.45e-4
Shirley,1.45e-4
Wilber,1.45e-4
Winston,1.45e-4
Allie,1.41e-4
Arlie,1.41e-4
Cletus,1.41e-4
Houston,1.41e-4
Junius,1.41e-4
Lincoln,1.41e-4
Romeo,1.41e-4
Sigmund,1.41e-4
Casey,1.37e-4
Elzie,1.37e-4
Isaiah,1.37e-4
Junior,1.37e-4
Lucian,1.37e-4
Merlin,1.37e-4
Merton,1.37e-4
Pearl,1.37e-4
Raleigh,1.37e-4
Randall,1.37e-4
Walker,1.37e-4
Augustine,1.33e-4
King,1.33e-4
Lemuel,1.33e-4
Lindsey,1.33e-4
Nolan,1.33e-4
Otho,1.33e-4
Winfield,1.33e-4
Wm,1.33e-4
Davis,1.28e-4
Dorothy,1.28e-4
Harmon,1.28e-4
Hermon,1.28e-4
Hershel,1.28e-4
Ivory,1.28e-4
Jonas,1.28e-4
Lacy,1.28e-4
Otha,1.28e-4
Pablo,1.28e-4
Prince,1.28e-4
Rolland,1.28e-4
Theo,1.28e-4
Webster,1.28e-4
Abel,1.24e-4
Alford,1.24e-4
Alphonso,1.24e-4
Antone,1.24e-4
Early,1.24e-4
Emmitt,1.24e-4
Hardy,1.24e-4
Josh,1.24e-4
Mason,1.24e-4
Olen,1.24e-4
Omer,1.24e-4
Raphael,1.24e-4
Rosario,1.24e-4
Rupert,1.24e-4
Shelby,1.24e-4
Terry,1.24e-4
Casimir,1.2e-4
Cyrus,1.2e-4
Evan,1.2e-4
Guadalupe,1.2e-4
Ignatius,1.2e-4
Lamar,1.2e-4
Nat,1.2e-4
Oswald,1.2e-4
Phil,1.2e-4
Reed,1.2e-4
Ruby,1.2e-4
Ruth,1.2e-4
Valentine,1.2e-4
Wilton,1.2e-4
Alberto,1.16e-4
Burl,1.16e-4
Carlo,1.16e-4
Graham,1.16e-4
Gustav,1.16e-4
Margaret,1.16e-4
Vaughn,1.16e-4
Alfredo,1.12e-4
Alois,1.12e-4
Bernie,1.12e-4
Duane,1.12e-4
Elisha,1.12e-4
Everette,1.12e-4
Fay,1.12e-4
Hazel,1.12e-4
Hobart,1.12e-4
Mildred,1.12e-4
Miller,1.12e-4
Orlando,1.12e-4
Vernie,1.12e-4
Carter,1.08e-4
Clare,1.08e-4
Crawford,1.08e-4
Dana,1.08e-4
Hans,1.08e-4
Hilton,1.08e-4
Hobert,1.08e-4
Obie,1.08e-4
Aron,1.04e-4
Asa,1.04e-4
Benedict,1.04e-4
Bennett,1.04e-4
Bernice,1.04e-4
Carmelo,1.04e-4
Casimer,1.04e-4
Chas,1.04e-4
Duncan,1.04e-4
Felipe,1.04e-4
Gary,1.04e-4
Harland,1.04e-4
Issac,1.04e-4
Jason,1.04e-4
Justin,1.04e-4
Leander,1.04e-4
Rafael,1.04e-4
Sheldon,1.04e-4
Andres,9.9e-5
Bonnie,9.9e-5
Casper,9.9e-5
Clarance,9.9e-5
Curley,9.9e-5
Delmer,9.9e-5
Elmore,9.9e-5
Elwin,9.9e-5
Gaston,9.9e-5
Hamilton,9.9e-5
Jonathan,9.9e-5
Jonnie,9.9e-5
Julio,9.9e-5
Lavern,9.9e-5
Newell,9.9e-5
Sandy,9.9e-5
Sylvan,9.9e-5
Turner,9.9e-5
Vivian,9.9e-5
Walton,9.9e-5
Albin,9.5e-5
Americo,9.5e-5
Angus,9.5e-5
Benton,9.5e-5
Berry,9.5e-5
Beverly,9.5e-5
Blaine,9.5e-5
Clem,9.5e-5
Cleve,9.5e-5
Dalton,9.5e-5
Domenic,9.5e-5
Durward,9.5e-5
Elroy,9.5e-5
Gail,9.5e-5
Garrett,9.5e-5
Lawson,9.5e-5
Ludwig,9.5e-5
Rogers,9.5e-5
Royce,9.5e-5
Salvador,9.5e-5
Taft,9.5e-5
Talmadge,9.5e-5
Tim,9.5e-5
Winfred,9.5e-5
Adolphus,9.1e-5
Allison,9.1e-5
Alvis,9.1e-5
Avery,9.1e-5
Bradford,9.1e-5
Bradley,9.1e-5
Burt,9.1e-5
Carleton,9.1e-5
Eldred,9.1e-5
Eldridge,9.1e-5
Felton,9.1e-5
Gale,9.1e-5
Haskell,9.1e-5
Henery,9.1e-5
Mac,9.1e-5
Oral,9.1e-5
Orin,9.1e-5
Raymon,9.1e-5
Regis,9.1e-5
Rose,9.1e-5
Seth,9.1e-5
Sherwood,9.1e-5
Williams,9.1e-5
Abram,8.7e-5
Alvie,8.7e-5
Boyce,8.7e-5
Brady,8.7e-5
Cary,8.7e-5
Cliff,8.7e-5
Denver,8.7e-5
Evans,8.7e-5
Fulton,8.7e-5
Lawyer,8.7e-5
Madison,8.7e-5
Omar,8.7e-5
Stanford,8.7e-5
Teddy,8.7e-5
Vincenzo,8.7e-5
Watson,8.7e-5
Wyman,8.7e-5
Addison,8.3e-5
Anna,8.3e-5
Artie,8.3e-5
Brown,8.3e-5
Bryant,8.3e-5
Cloyd,8.3e-5
Constantine,8.3e-5
Domingo,8.3e-5
Doris,8.3e-5
Dorsey,8.3e-5
Ernie,8.3e-5
Florence,8.3e-5
Hampton,8.3e-5
Howell,8.3e-5
Lucious,8.3e-5
Mahlon,8.3e-5
Marcel,8.3e-5
Mckinley,8.3e-5
Murry,8.3e-5
Richmond,8.3e-5
Rodger,8.3e-5
Sammy,8.3e-5
Sebastian,8.3e-5
Tomas,8.3e-5
Vester,8.3e-5
Warner,8.3e-5
Alf,7.9e-5
Arden,7.9e-5
Arvil,7.9e-5
Benjiman,7.9e-5
Darwin,7.9e-5
Domenick,7.9e-5
Emilio,7.9e-5
Garnett,7.9e-5
Hayden,7.9e-5
Joesph,7.9e-5
Jones,7.9e-5
Junious,7.9e-5
Leopold,7.9e-5
Levy,7.9e-5
Marie,7.9e-5
Maxie,7.9e-5
Merritt,7.9e-5
Mitchel,7.9e-5
Oran,7.9e-5
Pierce,7.9e-5
Quincy,7.9e-5
Santo,7.9e-5
Silvio,7.9e-5
Thornton,7.9e-5
Unknown,7.9e-5
Waymon,7.9e-5
Wylie,7.9e-5
Armando,7.5e-5
Benito,7.5e-5
Bertrand,7.5e-5
Earlie,7.5e-5
Edison,7.5e-5
Elizabeth,7.5e-5
Enrique,7.5e-5
Ernesto,7.5e-5
Estel,7.5e-5
Fernando,7.5e-5
Fidel,7.5e-5
Florian,7.5e-5
Ford,7.5e-5
Gaetano,7.5e-5
Giles,7.5e-5
Gregorio,7.5e-5
Huston,7.5e-5
Johnson,7.5e-5
Jonah,7.5e-5
Kent,7.5e-5
Kirby,7.5e-5
Louise,7.5e-5
Moe,7.5e-5
Mortimer,7.5e-5
Murphy,7.5e-5
Nels,7.5e-5
Odie,7.5e-5
Ottis,7.5e-5
Raul,7.5e-5
Reinhold,7.5e-5
Rudolf,7.5e-5
Vicente,7.5e-5
Washington,7.5e-5
Acie,7e-5
Antoine,7e-5
Arch,7e-5
Cedric,7e-5
Chauncey,7e-5
Dillard,7e-5
Eino,7e-5
Elden,7e-5
Elliot,7e-5
Elza,7e-5
Enos,7e-5
Ethel,7e-5
Golden,7e-5
Hughie,7e-5
Hunter,7e-5
Llewellyn,7e-5
Logan,7e-5
Melville,7e-5
Myer,7e-5
Norton,7e-5
Norwood,7e-5
Ozie,7e-5
Price,7e-5
Ricardo,7e-5
Roderick,7e-5
Rueben,7e-5
Santos,7e-5
Smith,7e-5
Tracy,7e-5
Wellington,7e-5
Wilfrid,7e-5
Zack,7e-5
Adelbert,6.6e-5
Alvah,6.6e-5
Arvid,6.6e-5
Ashley,6.6e-5
Bart,6.6e-5
Buddy,6.6e-5
Chalmer,6.6e-5
Clint,6.6e-5
Colie,6.6e-5
Cruz,6.6e-5
Dexter,6.6e-5
Einar,6.6e-5
Emmit,6.6e-5
Ennis,6.6e-5
Evert,6.6e-5
Ewell,6.6e-5
Ezekiel,6.6e-5
Furman,6.6e-5
Gaylord,6.6e-5
General,6.6e-5
Hayward,6.6e-5
Henderson,6.6e-5
Hezekiah,6.6e-5
Kelley,6.6e-5
Lonie,6.6e-5
Meredith,6.6e-5
Nickolas,6.6e-5
Ocie,6.6e-5
Rowland,6.6e-5
Santiago,6.6e-5
Wyatt,6.6e-5
Abner,6.2e-5
Alec,6.2e-5
Alfonse,6.2e-5
Alice,6.2e-5
Anastacio,6.2e-5
Archibald,6.2e-5
Blair,6.2e-5
Brooks,6.2e-5
Bryan,6.2e-5
Caleb,6.2e-5
Cameron,6.2e-5
Delmas,6.2e-5
Duke,6.2e-5
Eduardo,6.2e-5
Elsie,6.2e-5
Elvis,6.2e-5
Ezell,6.2e-5
Franklyn,6.2e-5
Fritz,6.2e-5
Green,6.2e-5
Hayes,6.2e-5
Ignacio,6.2e-5
Judge,6.2e-5
Lorenza,6.2e-5
Lovell,6.2e-5
Marcellus,6.2e-5
Margarito,6.2e-5
Mariano,6.2e-5
Myles,6.2e-5
Opal,6.2e-5
Parker,6.2e-5
Reese,6.2e-5
Roberto,6.2e-5
Rosendo,6.2e-5
Sumner,6.2e-5
Theadore,6.2e-5
Toivo,6.2e-5
Tomie,6.2e-5
Werner,6.2e-5
Winthrop,6.2e-5
Aldo,5.8e-5
Alma,5.8e-5
Alonza,5.8e-5
Beryl,5.8e-5
Carey,5.8e-5
Claire,5.8e-5
Elgin,5.8e-5
Elie,5.8e-5
Ellwood,5.8e-5
Essie,5.8e-5
Farris,5.8e-5
Frankie,5.8e-5
Gladys,5.8e-5
Hallie,5.8e-5
Henri,5.8e-5
Holland,5.8e-5
Ida,5.8e-5
Josephine,5.8e-5
Monte,5.8e-5
Olan,5.8e-5
Osborne,5.8e-5
Rollie,5.8e-5
Sim,5.8e-5
Son,5.8e-5
Sonny,5.8e-5
Stacy,5.8e-5
Thurston,5.8e-5
Titus,5.8e-5
West,5.8e-5
Adolf,5.4e-5
Amerigo,5.4e-5
Arne,5.4e-5
Artis,5.4e-5
Arturo,5.4e-5
Arvel,5.4e-5
Audrey,5.4e-5
Auther,5.4e-5
Barton,5.4e-5
Bascom,5.4e-5
Claudie,5.4e-5
Clovis,5.4e-5
Dawson,5.4e-5
Dayton,5.4e-5
Denzil,5.4e-5
Doc,5.4e-5
Eligah,5.4e-5
Enrico,5.4e-5
Ephraim,5.4e-5
Esther,5.4e-5
Gasper,5.4e-5
Gertrude,5.4e-5
Grace,5.4e-5
Guido,5.4e-5
Gussie,5.4e-5
Hilliard,5.4e-5
Hosea,5.4e-5
Jennings,5.4e-5
Lafayette,5.4e-5
Lambert,5.4e-5
Leamon,5.4e-5
Lennie,5.4e-5
Lenord,5.4e-5
Leonardo,5.4e-5
Lillian,5.4e-5
Lonzo,5.4e-5
Loyal,5.4e-5
Manley,5.4e-5
Olaf,5.4e-5
Orrin,5.4e-5
Quentin,5.4e-5
Ransom,5.4e-5
Rayford,5.4e-5
Stanton,5.4e-5
Talmage,5.4e-5
Tillman,5.4e-5
Tyler,5.4e-5
Urban,5.4e-5
Verlin,5.4e-5
Verne,5.4e-5
Verner,5.4e-5
Wash,5.4e-5
Waverly,5.4e-5
Wayman,5.4e-5
Worth,5.4e-5
Algie,5e-5
Baxter,5e-5
Bee,5e-5
Bertie,5e-5
Bishop,5e-5
Blake,5e-5
Blas,5e-5
Bobbie,5e-5
Bobby,5e-5
Camille,5e-5
Carol,5e-5
Cleon,5e-5
Cornell,5e-5
Cullen,5e-5
Darrel,5e-5
Denis,5e-5
Donovan,5e-5
Finis,5e-5
Fleming,5e-5
Fredric,5e-5
Gardner,5e-5
