name,percent
John,0.054465
William,0.043461
James,0.039095
Robert,0.028432
Joseph,0.026717
George,0.025995
Charles,0.024531
Edward,0.017579
Frank,0.017519
Thomas,0.013483
Walter,0.012869
Henry,0.012495
Harold,0.011301
Paul,0.010601
Arthur,0.010379
Harry,0.010239
Albert,0.010157
Raymond,0.009686
Richard,0.009278
Louis,0.007958
Clarence,0.007953
Willie,0.007772
Ralph,0.00761
Carl,0.00714
Howard,0.007114
Fred,0.006877
Jack,0.006363
Donald,0.006358
David,0.006329
Samuel,0.005767
Roy,0.005742
Ernest,0.005689
Kenneth,0.005623
Earl,0.005574
Joe,0.005574
Francis,0.005572
Anthony,0.005494
Lawrence,0.005459
Herbert,0.004954
Alfred,0.004898
Eugene,0.004683
Michael,0.004661
Stanley,0.004473
Andrew,0.004313
Leonard,0.004271
Woodrow,0.004079
Elmer,0.004076
Peter,0.0037200000000000002
Leo,0.003658
Herman,0.003644
Frederick,0.003463
Theodore,0.003458
Daniel,0.003374
Edwin,0.003363
Chester,0.003237
Russell,0.003208
Charlie,0.003199
Lester,0.003199
Floyd,0.003186
Bernard,0.003183
Norman,0.003031
Clifford,0.00298
Sam,0.002938
Milton,0.002924
Clyde,0.002913
Leroy,0.002893
Benjamin,0.002816
Lewis,0.002763
Philip,0.00274
Lloyd,0.002716
Melvin,0.002625
Vincent,0.002612
Oscar,0.002563
Jesse,0.002452
Martin,0.002355
Cecil,0.002339
Ray,0.002322
Lee,0.002282
Leon,0.002231
Sidney,0.00222
Victor,0.002191
Morris,0.002127
Marvin,0.002122
Glenn,0.0021
Edgar,0.002094
Alvin,0.002058
Gerald,0.002056
Stephen,0.002054
Claude,0.001972
Vernon,0.001967
Harvey,0.001938
Wilbur,0.001841
Gordon,0.001821
Irving,0.001806
Maurice,0.001797
Everett,0.001788
Alexander,0.001779
Homer,0.001759
Arnold,0.001699
Julius,0.001681
Max,0.001626
Allen,0.001617
Ben,0.001617
Eddie,0.001588
Willard,0.001588
Johnnie,0.001573
Warren,0.001544
Leslie,0.001535
Jacob,0.001531
Jessie,0.001531
Virgil,0.001515
Marion,0.001509
Nicholas,0.001498
Luther,0.001471
Gilbert,0.001436
Hugh,0.001433
Oliver,0.001431
Wayne,0.001365
Horace,0.00136
Nathan,0.001287
Curtis,0.001254
Hubert,0.001205
Steve,0.001201
Tom,0.001192
Abraham,0.001181
Roland,0.001156
Otis,0.001154
Wallace,0.001123
Franklin,0.001101
Archie,0.001099
Wilson,0.001099
Earnest,0.001077
Jerome,0.001077
Wesley,0.001074
Alex,0.001068
Orville,0.001055
Manuel,0.001037
Roger,0.001028
Glen,0.001017
Guy,0.001008
Rudolph,0.001004
Willis,0.001004
Edmund,0.001001
Patrick,9.55e-4
Mike,9.53e-4
Emil,9.02e-4
Jerry,8.97e-4
Clifton,8.95e-4
Jim,8.88e-4
Marshall,8.8e-4
Otto,8.8e-4
Ira,8.73e-4
Tony,8.71e-4
Bennie,8.68e-4
Angelo,8.48e-4
Matthew,8.42e-4
Calvin,8.31e-4
Salvatore,8.29e-4
Dale,8.22e-4
Jimmie,8.11e-4
Clinton,8.02e-4
Isaac,7.95e-4
Jose,7.89e-4
Nathaniel,7.89e-4
Douglas,7.75e-4
Nelson,7.73e-4
Bill,7.69e-4
Sylvester,7.69e-4
Clayton,7.67e-4
Irvin,7.62e-4
August,7.6e-4
Elbert,7.58e-4
Ivan,7.51e-4
Percy,7.47e-4
Rufus,7.42e-4
Bert,7.36e-4
Don,7.36e-4
Bruce,7.27e-4
Lonnie,7.24e-4
Delbert,7.2e-4
Lyle,7.2e-4
Karl,7.18e-4
Adolph,7.04e-4
Jay,7.04e-4
Wilfred,7.02e-4
Johnie,6.89e-4
Forrest,6.82e-4
Adam,6.8e-4
Phillip,6.8e-4
Aaron,6.71e-4
Ronald,6.69e-4
Alton,6.65e-4
Felix,6.65e-4
Dan,6.6e-4
Mack,6.54e-4
Ervin,6.51e-4
Julian,6.51e-4
Emmett,6.42e-4
Wilbert,6.42e-4
Charley,6.38e-4
Mark,6.29e-4
Ellis,6.25e-4
Dominick,6.07e-4
Laurence,6e-4
Antonio,5.98e-4
Dennis,5.96e-4
Merle,5.94e-4
Roosevelt,5.92e-4
Owen,5.87e-4
Roscoe,5.85e-4
Pete,5.83e-4
Elwood,5.8e-4
Carroll,5.67e-4
Will,5.67e-4
Hyman,5.65e-4
Murray,5.63e-4
Grady,5.58e-4
Leland,5.58e-4
Nick,5.49e-4
Ted,5.41e-4
Amos,5.38e-4
Cornelius,5.38e-4
Ross,5.32e-4
Aubrey,5.23e-4
Malcolm,5.16e-4
Solomon,5.16e-4
Myron,5.12e-4
Ed,5.07e-4
Byron,5.03e-4
Lowell,5.01e-4
Simon,5.01e-4
Austin,4.94e-4
Dave,4.92e-4
Allan,4.9e-4
Reuben,4.87e-4
Grover,4.85e-4
Sherman,4.83e-4
Johnny,4.81e-4
Dominic,4.79e-4
Juan,4.79e-4
Perry,4.79e-4
Wendell,4.7e-4
Erwin,4.65e-4
Emanuel,4.59e-4
Moses,4.59e-4
Preston,4.56e-4
Troy,4.48e-4
Carlton,4.45e-4
Loren,4.45e-4
Edmond,4.43e-4
Tommie,4.41e-4
Dean,4.39e-4
Harley,4.36e-4
Loyd,4.34e-4
Fredrick,4.3e-4
Clark,4.14e-4
Gene,4.14e-4
Jake,4.14e-4
Millard,4.14e-4
Dwight,4.12e-4
Wade,4.01e-4
Alonzo,3.92e-4
Jasper,3.92e-4
Louie,3.92e-4
Monroe,3.88e-4
Abe,3.81e-4
Clement,3.81e-4
Boyd,3.79e-4
Jess,3.79e-4
Harrison,3.77e-4
Elmo,3.74e-4
Grant,3.74e-4
Keith,3.74e-4
Sol,3.74e-4
Dewey,3.68e-4
Ollie,3.66e-4
Kermit,3.63e-4
Larry,3.63e-4
Rex,3.63e-4
Burton,3.61e-4
Gus,3.61e-4
Booker,3.54e-4
Anton,3.52e-4
Eli,3.52e-4
Barney,3.5e-4
Cleveland,3.46e-4
Lynn,3.46e-4
Eldon,3.39e-4
Christopher,3.37e-4
Mario,3.37e-4
Steven,3.37e-4
Maynard,3.35e-4
Neil,3.35e-4
Gerard,3.3e-4
Isadore,3.28e-4
Claud,3.23e-4
Cyril,3.23e-4
Freddie,3.23e-4
Jesus,3.23e-4
Garland,3.21e-4
Meyer,3.19e-4
Alphonse,3.15e-4
Elijah,3.15e-4
Emerson,3.15e-4
Russel,3.15e-4
Bob,3.12e-4
Earle,3.12e-4
Orval,3.12e-4
Randolph,3.12e-4
Buster,3.1e-4
Cleo,3.08e-4
Alva,3.06e-4
Ellsworth,3.06e-4
Mitchell,3.06e-4
Emery,3.04e-4
Morton,3.04e-4
Clair,3.01e-4
Herschel,3.01e-4
Pasquale,2.99e-4
Elton,2.97e-4
Jeff,2.97e-4
Reginald,2.97e-4
Ruben,2.97e-4
Thurman,2.97e-4
Wilmer,2.97e-4
Conrad,2.95e-4
Dallas,2.95e-4
Alfonso,2.92e-4
Marcus,2.92e-4
Stewart,2.88e-4
Adrian,2.86e-4
Armand,2.86e-4
Joel,2.86e-4
Elvin,2.84e-4
Timothy,2.84e-4
Bruno,2.81e-4
Neal,2.81e-4
Irwin,2.79e-4
Norbert,2.79e-4
Saul,2.77e-4
Carlos,2.75e-4
Forest,2.68e-4
Mathew,2.68e-4
Al,2.66e-4
Pedro,2.66e-4
Lionel,2.64e-4
Merrill,2.64e-4
Patsy,2.64e-4
Frederic,2.61e-4
Mary,2.61e-4
Seymour,2.61e-4
Stuart,2.61e-4
Emory,2.59e-4
Ramon,2.59e-4
Levi,2.57e-4
Noah,2.57e-4
Doyle,2.55e-4
Rocco,2.55e-4
Sydney,2.55e-4
Basil,2.53e-4
Hollis,2.53e-4
Ward,2.53e-4
Andy,2.5e-4
Dudley,2.5e-4
Ferdinand,2.5e-4
Maxwell,2.5e-4
Odell,2.48e-4
Wiley,2.48e-4
Ned,2.41e-4
Buford,2.39e-4
Silas,2.39e-4
Delmar,2.37e-4
Hugo,2.37e-4
Augustus,2.35e-4
Francisco,2.35e-4
Weldon,2.35e-4
Carmine,2.33e-4
Spencer,2.33e-4
Norris,2.3e-4
Freeman,2.28e-4
Alan,2.26e-4
Harlan,2.24e-4
Isidore,2.24e-4
Royal,2.22e-4
Sterling,2.22e-4
Milford,2.19e-4
Mose,2.19e-4
Ambrose,2.17e-4
Coy,2.15e-4
Elias,2.15e-4
Foster,2.13e-4
Scott,2.13e-4
Carmen,2.1e-4
Lorenzo,2.1e-4
Milo,2.1e-4
Winston,2.1e-4
Darrell,2.08e-4
Eric,2.06e-4
Miles,2.06e-4
Vito,2.06e-4
Aloysius,2.04e-4
Sanford,2.04e-4
Wilford,2.04e-4
Christian,2.02e-4
Jackson,2.02e-4
Lucius,2.02e-4
Tommy,2.02e-4
Bertram,1.99e-4
Bud,1.99e-4
Hiram,1.99e-4
Jean,1.99e-4
Ezra,1.97e-4
Fletcher,1.97e-4
Omer,1.97e-4
Wilburn,1.97e-4
Lyman,1.95e-4
Rodney,1.95e-4
Benny,1.93e-4
Riley,1.93e-4
Vern,1.93e-4
Gustave,1.91e-4
Newton,1.91e-4
Roman,1.91e-4
Anderson,1.88e-4
Elliott,1.88e-4
Van,1.88e-4
Gabriel,1.86e-4
Rolland,1.86e-4
Harris,1.84e-4
Luke,1.84e-4
Sigmund,1.82e-4
Truman,1.82e-4
Jules,1.79e-4
Dock,1.77e-4
Jimmy,1.77e-4
Noel,1.77e-4
Olin,1.77e-4
Thaddeus,1.77e-4
Alden,1.75e-4
Cyrus,1.75e-4
Isiah,1.75e-4
Jewell,1.75e-4
Laverne,1.75e-4
Waldo,1.75e-4
Morgan,1.73e-4
Dewitt,1.71e-4
Dick,1.71e-4
Evan,1.71e-4
Travis,1.71e-4
Billie,1.68e-4
Chris,1.68e-4
Emile,1.68e-4
Luis,1.68e-4
Merlin,1.68e-4
Theron,1.68e-4
Clay,1.66e-4
Israel,1.66e-4
Linwood,1.66e-4
Pat,1.66e-4
Ulysses,1.66e-4
Duane,1.64e-4
Marlin,1.64e-4
Rubin,1.62e-4
Sheldon,1.62e-4
King,1.6e-4
Mervin,1.6e-4
Palmer,1.6e-4
Noble,1.57e-4
Vance,1.57e-4
Alphonso,1.55e-4
Billy,1.53e-4
Coleman,1.53e-4
Rupert,1.53e-4
Gustav,1.51e-4
Judson,1.51e-4
Major,1.51e-4
Odis,1.51e-4
Orlando,1.51e-4
Porter,1.51e-4
Raleigh,1.51e-4
Casimir,1.48e-4
Harmon,1.48e-4
Justin,1.48e-4
Burl,1.46e-4
Clem,1.46e-4
Cletus,1.46e-4
Gregory,1.46e-4
Oren,1.46e-4
Otho,1.46e-4
Columbus,1.44e-4
Lacy,1.44e-4
Ora,1.44e-4
Sammie,1.44e-4
Shirley,1.44e-4
Walker,1.44e-4
Winfred,1.44e-4
Dee,1.42e-4
Jefferson,1.42e-4
Wilber,1.42e-4
Edd,1.4e-4
Nolan,1.37e-4
Haywood,1.35e-4
Hershel,1.35e-4
Junius,1.35e-4
Lemuel,1.35e-4
Olen,1.35e-4
Hal,1.33e-4
Joshua,1.33e-4
Merton,1.33e-4
Durward,1.31e-4
Enoch,1.31e-4
Isaiah,1.31e-4
Micheal,1.31e-4
Otha,1.31e-4
Albin,1.28e-4
Avery,1.28e-4
Domenic,1.28e-4
Houston,1.28e-4
Mason,1.28e-4
Obie,1.28e-4
Buck,1.26e-4
Elwin,1.26e-4
Everette,1.26e-4
Ford,1.26e-4
Garfield,1.26e-4
Jeremiah,1.26e-4
Kelly,1.26e-4
Phil,1.26e-4
Randall,1.26e-4
Taylor,1.26e-4
Winfield,1.26e-4
Denver,1.24e-4
Elmore,1.24e-4
Fay,1.24e-4
Hans,1.24e-4
Junior,1.24e-4
Lenard,1.24e-4
Napoleon,1.24e-4
Augustine,1.22e-4
Casper,1.22e-4
Eldridge,1.22e-4
Mortimer,1.22e-4
Raphael,1.22e-4
Teddy,1.22e-4
Tomas,1.22e-4
Valentine,1.22e-4
Lavern,1.2e-4
Matt,1.2e-4
Oswald,1.2e-4
Rosario,1.2e-4
Vaughn,1.2e-4
Alvis,1.17e-4
Guadalupe,1.17e-4
Pearl,1.17e-4
Sylvan,1.17e-4
Archibald,1.15e-4
Arther,1.15e-4
Lamar,1.15e-4
Merritt,1.15e-4
Warner,1.15e-4
Alois,1.13e-4
Arlie,1.13e-4
Dorsey,1.13e-4
Granville,1.13e-4
Hector,1.13e-4
Ruby,1.13e-4
Sebastian,1.13e-4
Dalton,1.11e-4
Emilio,1.11e-4
Ike,1.11e-4
Jonas,1.11e-4
Theo,1.11e-4
Walton,1.11e-4
Hoyt,1.09e-4
Jewel,1.09e-4
Lincoln,1.09e-4
Lucian,1.09e-4
Nat,1.09e-4
Prince,1.09e-4
Rene,1.09e-4
Terry,1.09e-4
Webster,1.09e-4
Wilton,1.09e-4
Arden,1.06e-4
Beryl,1.06e-4
Graham,1.06e-4
Haskell,1.06e-4
Jonathan,1.06e-4
Lucien,1.06e-4
Romeo,1.06e-4
Shelby,1.06e-4
Asa,1.04e-4
Carlo,1.04e-4
Davis,1.04e-4
Elwyn,1.04e-4
Guido,1.04e-4
Miguel,1.04e-4
Talmadge,1.04e-4
Benedict,1.02e-4
Connie,1.02e-4
Duncan,1.02e-4
Frances,1.02e-4
Hazel,1.02e-4
Margaret,1.02e-4
Ottis,1.02e-4
Roderick,1.02e-4
Santo,1.02e-4
Abner,1e-4
Alfredo,1e-4
Beverly,1e-4
Carlyle,1e-4
Carson,1e-4
Carter,1e-4
Casey,1e-4
Constantine,1e-4
Dana,1e-4
Darwin,1e-4
Delmer,1e-4
Emmitt,1e-4
Hamilton,1e-4
Harland,1e-4
Nickolas,1e-4
Smith,1e-4
Antone,9.7e-5
Bennett,9.7e-5
Chas,9.7e-5
Chauncey,9.7e-5
Eldred,9.7e-5
Elisha,9.7e-5
Gary,9.7e-5
Judge,9.7e-5
Loyal,9.7e-5
Melville,9.7e-5
Omar,9.7e-5
Sandy,9.7e-5
Bradford,9.5e-5
Edison,9.5e-5
Elroy,9.5e-5
Elvis,9.5e-5
Elzie,9.5e-5
Evert,9.5e-5
Gaetano,9.5e-5
Gerhard,9.5e-5
Hayden,9.5e-5
Ignatius,9.5e-5
Orrin,9.5e-5
Reed,9.5e-5
Ruth,9.5e-5
Stanford,9.5e-5
Berry,9.3e-5
Darrel,9.3e-5
Elden,9.3e-5
Gale,9.3e-5
Garrett,9.3e-5
Jason,9.3e-5
Johnson,9.3e-5
Orin,9.3e-5
Rafael,9.3e-5
Verne,9.3e-5
Adolphus,9.1e-5
Blaine,9.1e-5
Cleve,9.1e-5
Dorothy,9.1e-5
Miller,9.1e-5
Murphy,9.1e-5
Newell,9.1e-5
Roberto,9.1e-5
Abel,8.9e-5
Alford,8.9e-5
Benton,8.9e-5
Domenick,8.9e-5
Felton,8.9e-5
Gail,8.9e-5
Gaylord,8.9e-5
Golden,8.9e-5
Lucious,8.9e-5
Ocie,8.9e-5
Olaf,8.9e-5
Rollin,8.9e-5
Rosevelt,8.9e-5
Seth,8.9e-5
Alberto,8.6e-5
Aldo,8.6e-5
Galen,8.6e-5
General,8.6e-5
Hilton,8.6e-5
Josh,8.6e-5
Lindsey,8.6e-5
Oran,8.6e-5
Rogers,8.6e-5
Rudy,8.6e-5
Urban,8.6e-5
Wm,8.6e-5
Carleton,8.4e-5
Clint,8.4e-5
Helen,8.4e-5
Hobert,8.4e-5
Huey,8.4e-5
Oral,8.4e-5
Americo,8.2e-5
Cedric,8.2e-5
Dillard,8.2e-5
Early,8.2e-5
Emmet,8.2e-5
Estel,8.2e-5
Finis,8.2e-5
Florian,8.2e-5
Garnett,8.2e-5
Leopold,8.2e-5
Mckinley,8.2e-5
Royce,8.2e-5
Abram,8e-5
Bradley,8e-5
Carey,8e-5
Carrol,8e-5
Clarance,8e-5
Clovis,8e-5
Crawford,8e-5
Josiah,8e-5
Llewellyn,8e-5
Mac,8e-5
Raymon,8e-5
Tim,8e-5
Watson,8e-5
Henderson,7.8e-5
Ivy,7.8e-5
Kyle,7.8e-5
Lafayette,7.8e-5
Lawson,7.8e-5
Leander,7.8e-5
Logan,7.8e-5
Madison,7.8e-5
Mariano,7.8e-5
Worth,7.8e-5
Bertrand,7.5e-5
Buddy,7.5e-5
Burley,7.5e-5
Burt,7.5e-5
Dante,7.5e-5
Ellwood,7.5e-5
Evans,7.5e-5
Fernando,7.5e-5
Godfrey,7.5e-5
Joesph,7.5e-5
Ludwig,7.5e-5
Meredith,7.5e-5
Mitchel,7.5e-5
Parker,7.5e-5
Reynold,7.5e-5
Sherwood,7.5e-5
Tillman,7.5e-5
Tracy,7.5e-5
Turner,7.5e-5
Vivian,7.5e-5
Addison,7.3e-5
Andres,7.3e-5
Armando,7.3e-5
Bernie,7.3e-5
Enos,7.3e-5
Hardy,7.3e-5
Hermon,7.3e-5
Issac,7.3e-5
Jonnie,7.3e-5
Caesar,7.1e-5
Carol,7.1e-5
Clare,7.1e-5
Cloyd,7.1e-5
Ennis,7.1e-5
Fritz,7.1e-5
Gaston,7.1e-5
Giles,7.1e-5
Hosea,7.1e-5
Lambert,7.1e-5
Louise,7.1e-5
Melton,7.1e-5
Myer,7.1e-5
Norwood,7.1e-5
Pablo,7.1e-5
Reinhold,7.1e-5
Santiago,7.1e-5
Vester,7.1e-5
Wayland,7.1e-5
Allie,6.9e-5
Aron,6.9e-5
Bernice,6.9e-5
Damon,6.9e-5
Eino,6.9e-5
Fredric,6.9e-5
Ishmael,6.9e-5
Jordan,6.9e-5
Merl,6.9e-5
Odie,6.9e-5
Orvil,6.9e-5
Quincy,6.9e-5
Rudolf,6.9e-5
Salvador,6.9e-5
Thornton,6.9e-5
Verner,6.9e-5
Williams,6.9e-5
Adelbert,6.6e-5
Alvie,6.6e-5
Artis,6.6e-5
Bonnie,6.6e-5
Brady,6.6e-5
Casimer,6.6e-5
Clemens,6.6e-5
Hampton,6.6e-5
Ivory,6.6e-5
Lillian,6.6e-5
Lois,6.6e-5
Milan,6.6e-5
Moe,6.6e-5
Myles,6.6e-5
Nels,6.6e-5
Ransom,6.6e-5
Anna,6.4e-5
Dexter,6.4e-5
Elza,6.4e-5
Ernesto,6.4e-5
Ewald,6.4e-5
Ewell,6.4e-5
Felipe,6.4e-5
Gregorio,6.4e-5
Hayward,6.4e-5
Hezekiah,6.4e-5
Lonzo,6.4e-5
Loran,6.4e-5
Mahlon,6.4e-5
Norton,6.4e-5
Oris,6.4e-5
Raul,6.4e-5
Theadore,6.4e-5
Vernie,6.4e-5
Wyatt,6.4e-5
Angus,6.2e-5
Artie,6.2e-5
Arvid,6.2e-5
Benjiman,6.2e-5
Claire,6.2e-5
Cliff,6.2e-5
Francesco,6.2e-5
Frankie,6.2e-5
Hilliard,6.2e-5
Howell,6.2e-5
Hunter,6.2e-5
Marcel,6.2e-5
Osborne,6.2e-5
Park,6.2e-5
Reid,6.2e-5
Richmond,6.2e-5
Stanislaus,6.2e-5
Vergil,6.2e-5
Zack,6.2e-5
Algie,6e-5
Arch,6e-5
Armond,6e-5
Axel,6e-5
Boyce,6e-5
Bryan,6e-5
Burdette,6e-5
Champ,6e-5
Enrique,6e-5
Ezekiel,6e-5
Furman,6e-5
Irene,6e-5
Jennings,6e-5
Jodie,6e-5
Milburn,6e-5
Norval,6e-5
Reno,6e-5
Rowland,6e-5
Terrell,6e-5
Verl,6e-5
Washington,6e-5
Winford,6e-5
Angel,5.8e-5
Arlo,5.8e-5
Attilio,5.8e-5
Bailey,5.8e-5
Blair,5.8e-5
Brown,5.8e-5
Bryant,5.8e-5
Craig,5.8e-5
Donovan,5.8e-5
Hilbert,5.8e-5
Johny,5.8e-5
Lorin,5.8e-5
Maxie,5.8e-5
Murry,5.8e-5
Regis,5.8e-5
Thurston,5.8e-5
Allison,5.5e-5
Alvah,5.5e-5
Art,5.5e-5
Arvel,5.5e-5
Audrey,5.5e-5
Bishop,5.5e-5
Brooks,5.5e-5
Elgin,5.5e-5
Foy,5.5e-5
Guss,5.5e-5
Hobart,5.5e-5
Hughie,5.5e-5
June,5.5e-5
Kirby,5.5e-5
Levy,5.5e-5
Pierce,5.5e-5
Ricardo,5.5e-5
Silvio,5.5e-5
Stanton,5.5e-5
Sumner,5.5e-5
Toney,5.5e-5
Verlin,5.5e-5
Virgle,5.5e-5
Woodroe,5.5e-5
Wylie,5.5e-5
Alma,5.3e-5
Baxter,5.3e-5
Benito,5.3e-5
Cameron,5.3e-5
Emmit,5.3e-5
Gust,5.3e-5
Henery,5.3e-5
Julio,5.3e-5
Leeroy,5.3e-5
Len,5.3e-5
Lon,5.3e-5
Malcom,5.3e-5
Marcellus,5.3e-5
Minor,5.3e-5
Nunzio,5.3e-5
Ole,5.3e-5
Vincenzo,5.3e-5
Wellington,5.3e-5
Adolf,5.1e-5
Alcide,5.1e-5
Alice,5.1e-5
Ashley,5.1e-5
Burnell,5.1e-5
Christ,5.1e-5
Cole,5.1e-5
Colie,5.1e-5
Cornell,5.1e-5
Courtney,5.1e-5
Edna,5.1e-5
Elizabeth,5.1e-5
Erling,5.1e-5
Essie,5.1e-5
Franklyn,5.1e-5
Fulton,5.1e-5
Gardner,5.1e-5
Gilberto,5.1e-5
Glendon,5.1e-5
Jones,5.1e-5
Kent,5.1e-5
Larue,5.1e-5
Laurel,5.1e-5
Lige,5.1e-5
Loy,5.1e-5
Masao,5.1e-5
Nevin,5.1e-5
Oakley,5.1e-5
Rayford,5.1e-5
Sammy,5.1e-5
Sampson,5.1e-5
Shelton,5.1e-5
Sid,5.1e-5
Thad,5.1e-5
Vernal,5.1e-5
Welton,5.1e-5
Alf,4.9e-5
Ansel,4.9e-5
Armin,4.9e-5
Chalmer,4.9e-5
Denis,4.9e-5
Florence,4.9e-5
Geo,4.9e-5
Green,4.9e-5
Hilary,4.9e-5
Holland,4.9e-5
Lou,4.9e-5
Malvin,4.9e-5
Nicolas,4.9e-5
Paris,4.9e-5
Pierre,4.9e-5
Quentin,4.9e-5
Reese,4.9e-5
Rodger,4.9e-5
Rosco,4.9e-5
Roswell,4.9e-5
Santos,4.9e-5
Simeon,4.9e-5
Taft,4.9e-5
Tyrus,4.9e-5
Val,4.9e-5
Werner,4.9e-5
Wilfrid,4.9e-5
Alec,4.7e-5
Arley,4.7e-5
Arne,4.7e-5
