name,percent
John,0.055531
William,0.043556
James,0.038436
Robert,0.031019
Joseph,0.027555
George,0.025761
Charles,0.024786
Edward,0.018028
Frank,0.017558
Walter,0.013116
Thomas,0.012948
Henry,0.011868
Paul,0.011316
Harold,0.011064
Albert,0.010158
Raymond,0.009981
Richard,0.009762
Arthur,0.009718
Harry,0.009639
Louis,0.008041
Ralph,0.007329
Clarence,0.007184
Donald,0.007079
Carl,0.007034
Willie,0.006886
Jack,0.006568
Howard,0.006567
Fred,0.006497
David,0.006217
Kenneth,0.006112
Francis,0.005711
Roy,0.005637
Earl,0.005624
Joe,0.005434
Samuel,0.005422
Lawrence,0.005421
Anthony,0.005409
Ernest,0.005314
Stanley,0.005207
Michael,0.004925
Alfred,0.004897
Herbert,0.004762
Eugene,0.004695
Andrew,0.004335
Leonard,0.004279
Elmer,0.004212
Leo,0.003883
Peter,0.003837
Russell,0.003755
Bernard,0.003567
Herman,0.003558
Frederick,0.003533
Edwin,0.003493
Norman,0.003419
Daniel,0.003403
Chester,0.00335
Lester,0.00317
Floyd,0.003059
Melvin,0.003024
Leroy,0.002928
Vincent,0.002871
Clifford,0.00287
Clyde,0.002857
Theodore,0.002822
Charlie,0.002787
Lloyd,0.002757
Sam,0.00275
Philip,0.002735
Milton,0.002683
Benjamin,0.002668
Woodrow,0.002615
Lewis,0.002585
Martin,0.002453
Ray,0.002428
Marvin,0.002383
Victor,0.00228
Oscar,0.002276
Alvin,0.002244
Cecil,0.002238
Stephen,0.002175
Gerald,0.002146
Vernon,0.002132
Jesse,0.002128
Lee,0.002121
Leon,0.002069
Morris,0.001999
Edgar,0.001986
Gordon,0.001983
Sidney,0.001957
Everett,0.001955
Glenn,0.001942
Willard,0.001905
Claude,0.001881
Maurice,0.001837
Harvey,0.001832
Wilbur,0.001826
Arnold,0.001721
Alexander,0.001712
Max,0.001698
Irving,0.001692
Homer,0.001686
Nicholas,0.001685
Leslie,0.001576
Gilbert,0.001551
Allen,0.001537
Julius,0.001534
Virgil,0.001531
Warren,0.001513
Eddie,0.001475
Ben,0.001471
Jacob,0.001461
Wayne,0.001461
Steve,0.001459
Luther,0.001447
Marion,0.001436
Hugh,0.001415
Jessie,0.001389
Hubert,0.001365
Johnnie,0.001357
Curtis,0.001338
Roland,0.001291
Oliver,0.00126
Glen,0.001248
Nathan,0.001243
Horace,0.001231
Roger,0.001194
Wallace,0.001185
Manuel,0.001162
Mike,0.001162
Edmund,0.001159
Wesley,0.001156
Alex,0.001155
Orville,0.001152
Franklin,0.001127
Willis,0.001086
Jerome,0.001079
Tom,0.001076
Tony,0.001073
Rudolph,0.00107
Otis,0.001038
Abraham,0.001024
Dale,0.001011
Emil,0.001001
Jerry,9.5e-4
Archie,9.47e-4
Angelo,9.41e-4
Earnest,9.34e-4
Patrick,9.28e-4
Salvatore,9.28e-4
Clifton,9.02e-4
Matthew,8.97e-4
Wilson,8.87e-4
Ira,8.85e-4
Bennie,8.75e-4
Otto,8.72e-4
Guy,8.49e-4
Clinton,8.28e-4
Clayton,8.24e-4
Bill,8.18e-4
Jose,8.08e-4
Karl,8.01e-4
Wilbert,7.98e-4
Ronald,7.92e-4
Sylvester,7.87e-4
Phillip,7.84e-4
August,7.8e-4
Marshall,7.79e-4
Bruce,7.77e-4
Calvin,7.77e-4
Jimmie,7.76e-4
Nelson,7.71e-4
Felix,7.7e-4
Don,7.61e-4
Jim,7.52e-4
Douglas,7.35e-4
Forrest,7.33e-4
Isaac,7.27e-4
Lyle,7.24e-4
Rufus,7.24e-4
Ervin,7.2e-4
Irvin,7.19e-4
Adam,7.17e-4
Aaron,7.1e-4
Delbert,6.91e-4
Nathaniel,6.86e-4
Lonnie,6.85e-4
Wilfred,6.78e-4
Elbert,6.59e-4
Percy,6.59e-4
Bert,6.56e-4
Dan,6.54e-4
Julian,6.54e-4
Ivan,6.44e-4
Pete,6.32e-4
Ellis,6.25e-4
Dominick,6.22e-4
Nick,6.22e-4
Adolph,6.15e-4
Alton,6.12e-4
Grover,6.09e-4
Merle,6.07e-4
Leland,6.04e-4
Grady,5.96e-4
Emmett,5.94e-4
Johnie,5.94e-4
Kermit,5.87e-4
Byron,5.78e-4
Antonio,5.74e-4
Lowell,5.69e-4
Mark,5.65e-4
Carroll,5.59e-4
Dennis,5.59e-4
Jay,5.55e-4
Laurence,5.53e-4
Elwood,5.46e-4
Reuben,5.46e-4
Amos,5.37e-4
Myron,5.36e-4
Dominic,5.28e-4
Mack,5.28e-4
Roscoe,5.28e-4
Erwin,5.27e-4
Charley,5.25e-4
Ross,5.25e-4
Owen,5.21e-4
Gene,5.15e-4
Wendell,5.14e-4
Fredrick,5.03e-4
Murray,4.98e-4
Perry,4.95e-4
Dean,4.93e-4
Hyman,4.92e-4
Rex,4.89e-4
Johnny,4.84e-4
Harley,4.71e-4
Sherman,4.7e-4
Austin,4.68e-4
Preston,4.68e-4
Will,4.67e-4
Malcolm,4.64e-4
Aubrey,4.58e-4
Loyd,4.57e-4
Ted,4.52e-4
Allan,4.49e-4
Troy,4.49e-4
Jasper,4.46e-4
Juan,4.38e-4
Solomon,4.35e-4
Eldon,4.32e-4
Tommie,4.32e-4
Keith,4.26e-4
Mario,4.23e-4
Norbert,4.21e-4
Boyd,4.2e-4
Ed,4.2e-4
Anton,4.19e-4
Cornelius,4.16e-4
Dwight,4.16e-4
Carlton,4.14e-4
Millard,4.08e-4
Jake,4.02e-4
Loren,4.01e-4
Simon,4.01e-4
Mitchell,3.97e-4
Edmond,3.94e-4
Dave,3.91e-4
Louie,3.91e-4
Larry,3.89e-4
Roosevelt,3.89e-4
Harrison,3.83e-4
Jess,3.78e-4
Moses,3.76e-4
Wilmer,3.73e-4
Grant,3.7e-4
Steven,3.7e-4
Emanuel,3.69e-4
Garland,3.69e-4
Monroe,3.67e-4
Sol,3.67e-4
Alphonse,3.66e-4
Wade,3.66e-4
Elmo,3.61e-4
Conrad,3.6e-4
Burton,3.59e-4
Seymour,3.59e-4
Thurman,3.56e-4
Clark,3.54e-4
Isadore,3.54e-4
Barney,3.53e-4
Elton,3.45e-4
Gerard,3.45e-4
Cyril,3.41e-4
Morton,3.41e-4
Clement,3.4e-4
Freddie,3.4e-4
Neil,3.4e-4
Lynn,3.38e-4
Ollie,3.37e-4
Forest,3.34e-4
Pasquale,3.32e-4
Abe,3.29e-4
Andy,3.29e-4
Gus,3.26e-4
Bruno,3.21e-4
Ellsworth,3.21e-4
Booker,3.19e-4
Bob,3.18e-4
Russel,3.16e-4
Cleo,3.15e-4
Cleveland,3.15e-4
Emery,3.09e-4
Harlan,3.09e-4
Carlos,3.07e-4
Maynard,3.06e-4
Eli,3.04e-4
Armand,3.01e-4
Dewey,3e-4
Alonzo,2.99e-4
Clair,2.99e-4
Ferdinand,2.99e-4
Christopher,2.96e-4
Joel,2.93e-4
Reginald,2.93e-4
Rocco,2.91e-4
Ruben,2.91e-4
Doyle,2.9e-4
Earle,2.84e-4
Jesus,2.84e-4
Levi,2.82e-4
Ward,2.82e-4
Elvin,2.81e-4
Marcus,2.81e-4
Orval,2.81e-4
Randolph,2.81e-4
Roman,2.8e-4
Rodney,2.78e-4
Emory,2.77e-4
Stuart,2.75e-4
Claud,2.74e-4
Elijah,2.74e-4
Irwin,2.74e-4
Buster,2.72e-4
Meyer,2.72e-4
Alan,2.71e-4
Dallas,2.68e-4
Ramon,2.65e-4
Tommy,2.65e-4
Odell,2.63e-4
Sydney,2.63e-4
Alva,2.61e-4
Ned,2.61e-4
Neal,2.58e-4
Adrian,2.56e-4
Frederic,2.55e-4
Patsy,2.55e-4
Timothy,2.55e-4
Weldon,2.55e-4
Carmen,2.53e-4
Silas,2.53e-4
Lyman,2.5e-4
Noah,2.5e-4
Stewart,2.49e-4
Hugo,2.47e-4
Lionel,2.47e-4
Wilford,2.47e-4
Luke,2.46e-4
Merrill,2.43e-4
Buford,2.41e-4
Jeff,2.41e-4
Emerson,2.4e-4
Pedro,2.39e-4
Saul,2.39e-4
Laverne,2.37e-4
Truman,2.37e-4
Basil,2.36e-4
Delmar,2.33e-4
Hollis,2.33e-4
Winston,2.31e-4
Herschel,2.28e-4
Isidore,2.28e-4
Thaddeus,2.28e-4
Vern,2.27e-4
Augustus,2.25e-4
Alfonso,2.24e-4
Sterling,2.21e-4
Vito,2.21e-4
Francisco,2.2e-4
Norris,2.2e-4
Travis,2.2e-4
Jackson,2.18e-4
Milo,2.18e-4
Ambrose,2.15e-4
Omer,2.14e-4
Eric,2.12e-4
Al,2.11e-4
Benny,2.11e-4
Wiley,2.11e-4
Aloysius,2.09e-4
Dudley,2.09e-4
Mathew,2.09e-4
Billy,2.08e-4
Coy,2.06e-4
Shirley,2.06e-4
Carmine,2.02e-4
Foster,2.02e-4
Scott,2.02e-4
Harris,1.99e-4
Noel,1.99e-4
Freeman,1.98e-4
Vance,1.98e-4
Van,1.96e-4
Lorenzo,1.95e-4
Sammie,1.95e-4
Wilburn,1.95e-4
Maxwell,1.93e-4
Sanford,1.93e-4
Bertram,1.92e-4
Gabriel,1.92e-4
Hiram,1.92e-4
Milford,1.92e-4
Darrell,1.9e-4
Dick,1.89e-4
Elliott,1.89e-4
Pat,1.87e-4
Mary,1.86e-4
Merlin,1.86e-4
Miles,1.86e-4
Chris,1.84e-4
Billie,1.83e-4
Morgan,1.83e-4
Odis,1.83e-4
Royal,1.83e-4
Spencer,1.81e-4
Waldo,1.81e-4
Micheal,1.8e-4
Valentine,1.8e-4
Christian,1.79e-4
Emile,1.77e-4
Gustave,1.77e-4
Mervin,1.76e-4
Jules,1.74e-4
Linwood,1.74e-4
Noble,1.74e-4
Newton,1.73e-4
Sigmund,1.73e-4
Winfred,1.7e-4
Benedict,1.68e-4
Hal,1.68e-4
Duane,1.67e-4
Alden,1.65e-4
Jean,1.65e-4
Theron,1.65e-4
Mose,1.64e-4
Elias,1.62e-4
Olen,1.62e-4
Randall,1.62e-4
Rolland,1.62e-4
Ulysses,1.62e-4
Anderson,1.61e-4
Columbus,1.61e-4
Rubin,1.61e-4
Elwin,1.6e-4
Major,1.6e-4
Olin,1.6e-4
Nolan,1.58e-4
Clay,1.57e-4
Ezra,1.57e-4
Gregory,1.57e-4
Casimir,1.55e-4
Fletcher,1.55e-4
Houston,1.55e-4
Carlo,1.54e-4
Jefferson,1.54e-4
Lucius,1.54e-4
Armando,1.52e-4
Luis,1.52e-4
Wilton,1.52e-4
Jimmy,1.51e-4
Lincoln,1.51e-4
Matt,1.51e-4
Coleman,1.49e-4
Fay,1.49e-4
Isiah,1.48e-4
Orlando,1.48e-4
Phil,1.48e-4
Riley,1.48e-4
Verne,1.48e-4
Israel,1.46e-4
Antone,1.45e-4
Evan,1.45e-4
Ora,1.45e-4
Bud,1.43e-4
Everette,1.43e-4
Hershel,1.43e-4
Lamar,1.43e-4
Raleigh,1.43e-4
Cletus,1.42e-4
Marlin,1.42e-4
Porter,1.42e-4
Carson,1.4e-4
Dock,1.4e-4
Junior,1.4e-4
Harmon,1.39e-4
Raphael,1.39e-4
Oren,1.38e-4
Wilber,1.38e-4
Dewitt,1.36e-4
Burl,1.35e-4
Carter,1.35e-4
Edd,1.35e-4
Kelly,1.35e-4
Arlie,1.33e-4
Avery,1.33e-4
Nickolas,1.33e-4
Rupert,1.33e-4
Guadalupe,1.32e-4
Hoyt,1.32e-4
Lemuel,1.32e-4
Sheldon,1.32e-4
Gale,1.3e-4
Lucien,1.3e-4
Mason,1.3e-4
Rene,1.3e-4
Taylor,1.3e-4
Denver,1.29e-4
Gail,1.29e-4
Granville,1.29e-4
Guido,1.29e-4
Cyrus,1.27e-4
Joshua,1.27e-4
Lavern,1.27e-4
Walton,1.27e-4
Lenard,1.26e-4
Oswald,1.26e-4
Vaughn,1.24e-4
Clem,1.23e-4
Shelby,1.23e-4
Winfield,1.23e-4
Abner,1.21e-4
Jeremiah,1.21e-4
Junius,1.21e-4
Romeo,1.21e-4
Emilio,1.2e-4
Otho,1.2e-4
Sebastian,1.2e-4
Alfredo,1.19e-4
Eldred,1.19e-4
Elzie,1.19e-4
Garfield,1.19e-4
Gaylord,1.19e-4
Jewel,1.19e-4
Justin,1.19e-4
Palmer,1.19e-4
Theo,1.19e-4
Casimer,1.17e-4
Davis,1.17e-4
Delmer,1.17e-4
Elmore,1.17e-4
Lucian,1.17e-4
Otha,1.17e-4
Teddy,1.17e-4
Albin,1.16e-4
Aldo,1.16e-4
Augustine,1.16e-4
Harland,1.16e-4
Lacy,1.16e-4
Domenic,1.14e-4
Napoleon,1.14e-4
Frances,1.13e-4
Haywood,1.13e-4
Jewell,1.13e-4
Joesph,1.13e-4
Jonathan,1.13e-4
Judson,1.13e-4
Merton,1.13e-4
Royce,1.13e-4
Arther,1.11e-4
Enoch,1.11e-4
Clare,1.1e-4
Darwin,1.1e-4
Elroy,1.1e-4
Mortimer,1.1e-4
Gustav,1.08e-4
King,1.08e-4
Alphonso,1.07e-4
Asa,1.07e-4
Garnett,1.07e-4
Hans,1.07e-4
Ike,1.07e-4
Warner,1.07e-4
Blaine,1.05e-4
Casper,1.05e-4
Elden,1.05e-4
Ford,1.05e-4
Leander,1.05e-4
Salvador,1.05e-4
Walker,1.05e-4
Webster,1.05e-4
Alvis,1.04e-4
Durward,1.04e-4
Hermon,1.04e-4
Americo,1.02e-4
Loyal,1.02e-4
Miller,1.02e-4
Alois,1.01e-4
Carrol,1.01e-4
Constantine,1.01e-4
Prince,1.01e-4
Rosario,1.01e-4
Buddy,1e-4
Carey,1e-4
Graham,1e-4
Hardy,1e-4
Isaiah,1e-4
Miguel,1e-4
Orrin,1e-4
Stanford,1e-4
Alberto,9.8e-5
Bernice,9.8e-5
Dorsey,9.8e-5
Santo,9.8e-5
Seth,9.8e-5
Allie,9.7e-5
Dee,9.7e-5
Eldridge,9.7e-5
Hamilton,9.7e-5
Oran,9.7e-5
Reed,9.7e-5
Sherwood,9.7e-5
Dalton,9.5e-5
Logan,9.5e-5
Roderick,9.5e-5
Buck,9.4e-5
Chas,9.4e-5
Clovis,9.4e-5
Dana,9.4e-5
Gaetano,9.4e-5
Hilton,9.4e-5
Urban,9.4e-5
Abram,9.2e-5
Connie,9.2e-5
Marcel,9.2e-5
Evert,9.1e-5
Ottis,9.1e-5
Tomas,9.1e-5
Florian,8.9e-5
Galen,8.9e-5
Garrett,8.9e-5
Hazel,8.9e-5
Lambert,8.9e-5
Lucious,8.9e-5
Newell,8.9e-5
Rollin,8.9e-5
Bennett,8.8e-5
Beverly,8.8e-5
Haskell,8.8e-5
Hilbert,8.8e-5
Jonas,8.8e-5
Vivian,8.8e-5
Addison,8.6e-5
Angus,8.6e-5
Gary,8.6e-5
Ignatius,8.6e-5
Jason,8.6e-5
Omar,8.6e-5
Rudy,8.6e-5
Watson,8.6e-5
Arden,8.5e-5
Benton,8.5e-5
Hector,8.5e-5
Lois,8.5e-5
Ludwig,8.5e-5
Terry,8.5e-5
Cleve,8.3e-5
Leopold,8.3e-5
Madison,8.3e-5
Melville,8.3e-5
Orin,8.3e-5
Pearl,8.3e-5
Rafael,8.3e-5
Adelbert,8.2e-5
Claudie,8.2e-5
Felton,8.2e-5
Giles,8.2e-5
Howell,8.2e-5
Lindsey,8.2e-5
Obie,8.2e-5
Chauncey,8e-5
Clarance,8e-5
Dante,8e-5
Early,8e-5
Franklyn,8e-5
Merritt,8e-5
Olaf,8e-5
Oral,8e-5
Parker,8e-5
Talmadge,8e-5
Tim,8e-5
Arvid,7.9e-5
Boyce,7.9e-5
Bryant,7.9e-5
Carmelo,7.9e-5
Carol,7.9e-5
Elwyn,7.9e-5
Evans,7.9e-5
Fernando,7.9e-5
Helen,7.9e-5
Lawson,7.9e-5
Mckinley,7.9e-5
Sandy,7.9e-5
Stanton,7.9e-5
Verner,7.9e-5
Bernie,7.8e-5
Bertrand,7.8e-5
Carlyle,7.8e-5
Duncan,7.8e-5
Emmitt,7.8e-5
Jordan,7.8e-5
Myles,7.8e-5
Pablo,7.8e-5
Rogers,7.8e-5
Santiago,7.8e-5
Wm,7.8e-5
Bryan,7.6e-5
Elliot,7.6e-5
Emmet,7.6e-5
Ivy,7.6e-5
Johnson,7.6e-5
Meredith,7.6e-5
Merl,7.6e-5
Raymon,7.6e-5
Sylvan,7.6e-5
Abel,7.5e-5
Alvie,7.5e-5
Arvel,7.5e-5
Carleton,7.5e-5
Cedric,7.5e-5
Crawford,7.5e-5
Fredric,7.5e-5
Fritz,7.5e-5
Murphy,7.5e-5
Raul,7.5e-5
Regis,7.5e-5
Sammy,7.5e-5
Vester,7.5e-5
Bradford,7.3e-5
Eino,7.3e-5
Reinhold,7.3e-5
Rowland,7.3e-5
Shelton,7.3e-5
Adolphus,7.2e-5
Allison,7.2e-5
Bonnie,7.2e-5
Brady,7.2e-5
Dayton,7.2e-5
Edison,7.2e-5
Lorin,7.2e-5
Archibald,7e-5
Aron,7e-5
Brooks,7e-5
Casey,7e-5
Clint,7e-5
Elvis,7e-5
Enrique,7e-5
Gregorio,7e-5
Ivory,7e-5
Lon,7e-5
Price,7e-5
Reynold,7e-5
Werner,7e-5
Alec,6.9e-5
Artis,6.9e-5
Collins,6.9e-5
Mitchel,6.9e-5
Rollie,6.9e-5
Turner,6.9e-5
Benjiman,6.7e-5
Cloyd,6.7e-5
Domenick,6.7e-5
Green,6.7e-5
Hayden,6.7e-5
Jennings,6.7e-5
Julio,6.7e-5
Loy,6.7e-5
Margaret,6.7e-5
Rosevelt,6.7e-5
Smith,6.7e-5
Alford,6.6e-5
Gerhard,6.6e-5
Nels,6.6e-5
Norton,6.6e-5
Ruth,6.6e-5
Williams,6.6e-5
Alvah,6.4e-5
Arlo,6.4e-5
Arne,6.4e-5
Bradley,6.4e-5
Felipe,6.4e-5
June,6.4e-5
Tillman,6.4e-5
Washington,6.4e-5
Blair,6.3e-5
Darrel,6.3e-5
Dexter,6.3e-5
Enrico,6.3e-5
Gardner,6.3e-5
Hobert,6.3e-5
Lafayette,6.3e-5
Lawerence,6.3e-5
Llewellyn,6.3e-5
Mac,6.3e-5
Moe,6.3e-5
Nicolas,6.3e-5
Roberto,6.3e-5
Ruby,6.3e-5
Thornton,6.3e-5
Tracy,6.3e-5
Vincenzo,6.3e-5
Wyatt,6.3e-5
Andres,6.1e-5
Arvil,6.1e-5
Ashley,6.1e-5
Audrey,6.1e-5
Bartholomew,6.1e-5
Barton,6.1e-5
Elisha,6.1e-5
Hezekiah,6.1e-5
Hunter,6.1e-5
Kyle,6.1e-5
Lauren,6.1e-5
Marcellus,6.1e-5
Murry,6.1e-5
Nat,6.1e-5
Newman,6.1e-5
Vernie,6.1e-5
Attilio,6e-5
Berry,6e-5
Beryl,6e-5
Caesar,6e-5
Ellwood,6e-5
Ennis,6e-5
Estel,6e-5
Foy,6e-5
Furman,6e-5
General,6e-5
Jones,6e-5
Lorenza,6e-5
Nunzio,6e-5
Orland,6e-5
Orvil,6e-5
Reese,6e-5
Rueben,6e-5
Silvio,6e-5
Thad,6e-5
Anna,5.9e-5
Baxter,5.9e-5
Denzil,5.9e-5
Dorothy,5.9e-5
Florence,5.9e-5
Golden,5.9e-5
Henderson,5.9e-5
Masao,5.9e-5
Milburn,5.9e-5
Pierce,5.9e-5
Ransom,5.9e-5
Toivo,5.9e-5
Toney,5.9e-5
Weston,5.9e-5
Wylie,5.9e-5
Clemens,5.7e-5
Enos,5.7e-5
Ewald,5.7e-5
Godfrey,5.7e-5
Josh,5.7e-5
Loran,5.7e-5
Mariano,5.7e-5
Myer,5.7e-5
Ocie,5.7e-5
Olan,5.7e-5
Orie,5.7e-5
Pierre,5.7e-5
Rudolf,5.7e-5
Thurston,5.7e-5
Armin,5.6e-5
Cleon,5.6e-5
Craig,5.6e-5
Ezekiel,5.6e-5
Gilberto,5.6e-5
Hampton,5.6e-5
Huey,5.6e-5
Kirby,5.6e-5
Lindsay,5.6e-5
Lonzo,5.6e-5
Lou,5.6e-5
Norval,5.6e-5
Rose,5.6e-5
Zack,5.6e-5
Adolf,5.4e-5
Burt,5.4e-5
Dillard,5.4e-5
Ernst,5.4e-5
Ewell,5.4e-5
Hayes,5.4e-5
Mildred,5.4e-5
Wayland,5.4e-5
Angel,5.3e-5
Arno,5.3e-5
Bobby,5.3e-5
Caleb,5.3e-5
Einar,5.3e-5
Elza,5.3e-5
Ephraim,5.3e-5
Ernesto,5.3e-5
Ernie,5.3e-5
Francesco,5.3e-5
Gino,5.3e-5
Glenwood,5.3e-5
Hillard,5.3e-5
Hobart,5.3e-5
Hurley,5.3e-5
Ishmael,5.3e-5
Jodie,5.3e-5
Leamon,5.3e-5
Mahlon,5.3e-5
Maxie,5.3e-5
Norwood,5.3e-5
Oris,5.3e-5
Reino,5.3e-5
Selmer,5.3e-5
Waldemar,5.3e-5
Whitney,5.3e-5
Ardell,5.1e-5
Arturo,5.1e-5
Barnett,5.1e-5
Claire,5.1e-5
Donovan,5.1e-5
Earlie,5.1e-5
Ezell,5.1e-5
Geno,5.1e-5
Hayward,5.1e-5
Hilliard,5.1e-5
Issac,5.1e-5
Laurel,5.1e-5
Leeroy,5.1e-5
Murl,5.1e-5
Santos,5.1e-5
Vergil,5.1e-5
Verl,5.1e-5
Alma,5e-5
Armond,5e-5
Bailey,5e-5
Burley,5e-5
Cliff,5e-5
Glendon,5e-5
Glynn,5e-5
Ignacio,5e-5
Manley,5e-5
Marian,5e-5
Merwin,5e-5
Reid,5e-5
Rexford,5e-5
Rodger,5e-5
Sampson,5e-5
Theadore,5e-5
Virgle,5e-5
Artie,4.8e-5
Barry,4.8e-5
Burdette,4.8e-5
Doris,4.8e-5
Eduardo,4.8e-5
Frankie,4.8e-5
Garnet,4.8e-5
Gerrit,4.8e-5
Gladys,4.8e-5
Henery,4.8e-5
Huston,4.8e-5
Josiah,4.8e-5
Judge,4.8e-5
Melton,4.8e-5
Milan,4.8e-5
Nello,4.8e-5
Richmond,4.8e-5
Verlin,4.8e-5
Waymon,4.8e-5
Arch,4.7e-5
Cary,4.7e-5
Chalmer,4.7e-5
Durwood,4.7e-5
Gaston,4.7e-5
Gilmore,4.7e-5
Hosea,4.7e-5
Lawton,4.7e-5
Lillian,4.7e-5
Lovell,4.7e-5
Odie,4.7e-5
Saverio,4.7e-5
Spurgeon,4.7e-5
Stanislaus,4.7e-5
Stephan,4.7e-5
Wellington,4.7e-5
