name,percent
John,0.054005
William,0.043777
James,0.038336
Robert,0.032623
Joseph,0.026171
George,0.025316
Charles,0.024934
Edward,0.018033
Frank,0.01703
Thomas,0.013047
Walter,0.012776
Harold,0.011857
Paul,0.011723
Henry,0.011513
Richard,0.010383
Raymond,0.010198
Albert,0.010019
Arthur,0.009717
Harry,0.009618
Donald,0.00808
Ralph,0.007743
Carl,0.007505
Louis,0.007399
Clarence,0.007117
Howard,0.006933
Fred,0.006558
Jack,0.006525
Kenneth,0.006454
Francis,0.006347
Willie,0.006165
David,0.006122
Roy,0.005732
Earl,0.00557
Stanley,0.005456
Ernest,0.005435
Anthony,0.005358
Lawrence,0.005322
Joe,0.00528
Samuel,0.004938
Herbert,0.004927
Eugene,0.004912
Alfred,0.004805
Michael,0.004637
Leonard,0.004532
Elmer,0.004316
Andrew,0.004059
Leo,0.004008
Bernard,0.003749
Peter,0.003749
Norman,0.0037
Russell,0.003689
Frederick,0.003589
Edwin,0.003577
Chester,0.003456
Daniel,0.003406
Herman,0.003383
Lester,0.003341
Willard,0.00328
Floyd,0.003205
Melvin,0.003156
Clifford,0.00311
Lloyd,0.003011
Clyde,0.002856
Theodore,0.002848
Vincent,0.002827
Leroy,0.002783
Ray,0.002686
Sam,0.002658
Philip,0.002641
Lewis,0.002617
Benjamin,0.002542
Marvin,0.002528
Milton,0.002526
Victor,0.002508
Charlie,0.00249
Cecil,0.002476
Jesse,0.002397
Gerald,0.002366
Martin,0.002349
Vernon,0.002339
Alvin,0.002277
Leon,0.002242
Woodrow,0.002232
Lee,0.002176
Edgar,0.002153
Stephen,0.0021
Glenn,0.002091
Oscar,0.00203
Everett,0.001963
Gordon,0.00195
Arnold,0.001919
Wilbur,0.001912
Morris,0.001883
Sidney,0.001834
Harvey,0.00183
Claude,0.001822
Wayne,0.001725
Homer,0.001691
Allen,0.001654
Gilbert,0.001646
Maurice,0.001634
Max,0.001628
Alexander,0.001625
Nicholas,0.001621
Warren,0.001614
Leslie,0.001598
Irving,0.001571
Virgil,0.001563
Julius,0.001546
Steve,0.001517
Hugh,0.001497
Marion,0.00147
Ben,0.001432
Jessie,0.001406
Luther,0.00136
Hubert,0.001355
Johnnie,0.001323
Roland,0.00129
Oliver,0.001284
Eddie,0.001275
Jacob,0.001273
Horace,0.001264
Glen,0.001262
Roger,0.001233
Dale,0.001227
Wallace,0.001223
Orville,0.001222
Curtis,0.001202
Mike,0.001168
Tony,0.001153
Alex,0.001145
Franklin,0.001135
Wesley,0.001124
Manuel,0.001109
Rudolph,0.001107
Edmund,0.001091
Willis,0.001077
Emil,0.00104
Nathan,0.00104
Jerome,0.001029
Otis,0.001023
Tom,9.86e-4
Earnest,9.36e-4
Clifton,9.31e-4
Guy,9.27e-4
Ira,9.22e-4
Jerry,9.1e-4
Salvatore,9.08e-4
Angelo,9.07e-4
Matthew,9.06e-4
Archie,9.01e-4
Abraham,8.95e-4
Otto,8.77e-4
Wilson,8.71e-4
Ronald,8.68e-4
Don,8.48e-4
Bill,8.47e-4
Douglas,8.34e-4
Lyle,8.17e-4
Marshall,8.13e-4
Karl,8.11e-4
August,8.05e-4
Sylvester,8.01e-4
Patrick,8e-4
Clayton,7.93e-4
Calvin,7.89e-4
Clinton,7.74e-4
Irvin,7.73e-4
Elbert,7.59e-4
Jim,7.58e-4
Bruce,7.52e-4
Bennie,7.51e-4
Ivan,7.5e-4
Jose,7.48e-4
Wilbert,7.39e-4
Forrest,7.3e-4
Nick,7.29e-4
Adolph,7.23e-4
Delbert,7.15e-4
Phillip,7.14e-4
Wilfred,7.12e-4
Ellis,7.01e-4
Jimmie,6.96e-4
Nelson,6.88e-4
Leland,6.78e-4
Merle,6.76e-4
Emmett,6.72e-4
Rufus,6.68e-4
Felix,6.62e-4
Ervin,6.61e-4
Julian,6.57e-4
Dan,6.56e-4
Jess,6.56e-4
Adam,6.5e-4
Isaac,6.45e-4
Alton,6.44e-4
Nathaniel,6.3e-4
Aaron,6.28e-4
Lonnie,6.19e-4
Jay,6.08e-4
Lowell,6.07e-4
Pete,6.04e-4
Bert,6.03e-4
Elwood,6.02e-4
Mark,6e-4
Antonio,5.98e-4
Carroll,5.98e-4
Dominick,5.92e-4
Dennis,5.85e-4
Roscoe,5.73e-4
Grady,5.64e-4
Gene,5.6e-4
Wendell,5.57e-4
Percy,5.56e-4
Myron,5.5e-4
Owen,5.44e-4
Grover,5.43e-4
Perry,5.43e-4
Amos,5.38e-4
Dominic,5.33e-4
Laurence,5.27e-4
Malcolm,5.27e-4
Byron,5.21e-4
Johnie,5.18e-4
Dean,5.14e-4
Ross,5.12e-4
Allan,5.01e-4
Loyd,4.94e-4
Harley,4.93e-4
Mack,4.93e-4
Reuben,4.89e-4
Fredrick,4.85e-4
Austin,4.82e-4
Sherman,4.82e-4
Erwin,4.8e-4
Keith,4.8e-4
Johnny,4.72e-4
Troy,4.71e-4
Charley,4.7e-4
Millard,4.61e-4
Ted,4.57e-4
Rex,4.56e-4
Eldon,4.55e-4
Aubrey,4.47e-4
Loren,4.45e-4
Preston,4.39e-4
Hyman,4.29e-4
Cornelius,4.2e-4
Will,4.11e-4
Louie,4.1e-4
Murray,4.09e-4
Grant,4.06e-4
Anton,4.05e-4
Jake,4.03e-4
Mario,4.02e-4
Wilmer,4.01e-4
Carlton,3.96e-4
Cleo,3.96e-4
Juan,3.96e-4
Bruno,3.95e-4
Emanuel,3.92e-4
Garland,3.89e-4
Dwight,3.82e-4
Boyd,3.8e-4
Conrad,3.77e-4
Jasper,3.77e-4
Norbert,3.77e-4
Mitchell,3.75e-4
Burton,3.71e-4
Simon,3.7e-4
Edmond,3.67e-4
Gerard,3.67e-4
Kermit,3.65e-4
Ed,3.63e-4
Clement,3.62e-4
Tommie,3.61e-4
Elton,3.6e-4
Thurman,3.6e-4
Harrison,3.55e-4
Solomon,3.55e-4
Monroe,3.51e-4
Earle,3.48e-4
Marcus,3.48e-4
Lynn,3.46e-4
Russel,3.46e-4
Seymour,3.44e-4
Larry,3.43e-4
Elvin,3.42e-4
Steven,3.39e-4
Alphonse,3.37e-4
Clair,3.37e-4
Bob,3.36e-4
Dave,3.35e-4
Maynard,3.34e-4
Rocco,3.29e-4
Clark,3.28e-4
Neil,3.28e-4
Ollie,3.28e-4
Gus,3.26e-4
Moses,3.26e-4
Dewey,3.25e-4
Elmo,3.25e-4
Morton,3.25e-4
Freddie,3.21e-4
Andy,3.14e-4
Barney,3.13e-4
Billy,3.13e-4
Emery,3.11e-4
Cyril,3.1e-4
Booker,3.09e-4
Carlos,3.09e-4
Claud,3.09e-4
Joel,3.09e-4
Roosevelt,3.09e-4
Sol,3.09e-4
Abe,3.08e-4
Eli,3.05e-4
Alonzo,3.04e-4
Dallas,3.03e-4
Harlan,3.02e-4
Wade,3.02e-4
Isadore,3.01e-4
Doyle,3e-4
Alva,2.97e-4
Irwin,2.96e-4
Merrill,2.96e-4
Ellsworth,2.94e-4
Pasquale,2.94e-4
Orval,2.93e-4
Ruben,2.91e-4
Thaddeus,2.88e-4
Forest,2.86e-4
Ned,2.86e-4
Timothy,2.86e-4
Stuart,2.83e-4
Christopher,2.77e-4
Ferdinand,2.77e-4
Reginald,2.77e-4
Basil,2.76e-4
Cleveland,2.76e-4
Elijah,2.76e-4
Jesus,2.74e-4
Patsy,2.74e-4
Frederic,2.72e-4
Wilford,2.72e-4
Alan,2.69e-4
Odell,2.69e-4
Ward,2.69e-4
Rodney,2.67e-4
Roman,2.66e-4
Darrell,2.62e-4
Laverne,2.62e-4
Adrian,2.61e-4
Emerson,2.6e-4
Neal,2.59e-4
Sanford,2.58e-4
Herschel,2.56e-4
Emory,2.55e-4
Lionel,2.54e-4
Noel,2.53e-4
Hollis,2.5e-4
Randolph,2.5e-4
Levi,2.49e-4
Stewart,2.49e-4
Weldon,2.49e-4
Armand,2.45e-4
Buster,2.43e-4
Vern,2.41e-4
Wiley,2.39e-4
Benny,2.38e-4
Carmen,2.38e-4
Buford,2.37e-4
Sterling,2.37e-4
Saul,2.35e-4
Delmar,2.33e-4
Mathew,2.33e-4
Meyer,2.29e-4
Truman,2.29e-4
Vito,2.25e-4
Winston,2.25e-4
Silas,2.24e-4
Duane,2.22e-4
Harris,2.22e-4
Wilburn,2.22e-4
Hugo,2.21e-4
Milford,2.21e-4
Pedro,2.2e-4
Tommy,2.19e-4
Ramon,2.16e-4
Coy,2.15e-4
Noah,2.15e-4
Omer,2.15e-4
Aloysius,2.12e-4
Ambrose,2.12e-4
Miles,2.11e-4
Norris,2.09e-4
Alfonso,2.08e-4
Jeff,2.08e-4
Isidore,2.07e-4
Lyman,2.04e-4
Milo,2.04e-4
Merlin,2.03e-4
Casimir,2.02e-4
Maxwell,2e-4
Al,1.99e-4
Jackson,1.99e-4
Van,1.97e-4
Waldo,1.97e-4
Gabriel,1.96e-4
Sydney,1.96e-4
Carmine,1.95e-4
Elliott,1.95e-4
Micheal,1.95e-4
Shirley,1.95e-4
Freeman,1.94e-4
Billie,1.93e-4
Dick,1.91e-4
Dudley,1.88e-4
Foster,1.88e-4
Pat,1.88e-4
Francisco,1.85e-4
Augustus,1.84e-4
Hiram,1.84e-4
Jean,1.84e-4
Mervin,1.84e-4
Lorenzo,1.83e-4
Travis,1.82e-4
Wilber,1.82e-4
Bertram,1.8e-4
Mary,1.8e-4
Sammie,1.8e-4
Luke,1.78e-4
Royal,1.78e-4
Scott,1.78e-4
Randall,1.77e-4
Alden,1.76e-4
Eric,1.76e-4
Cletus,1.75e-4
Olen,1.75e-4
Spencer,1.74e-4
Gustave,1.73e-4
Hal,1.73e-4
Odis,1.73e-4
Olin,1.73e-4
Christian,1.71e-4
Major,1.71e-4
Jefferson,1.7e-4
Evan,1.69e-4
Everette,1.69e-4
Denver,1.68e-4
Junior,1.68e-4
Theron,1.68e-4
Wilton,1.67e-4
Orlando,1.66e-4
Winfred,1.66e-4
Chris,1.65e-4
Houston,1.65e-4
Rolland,1.65e-4
Gail,1.63e-4
Newton,1.62e-4
Riley,1.61e-4
Fay,1.6e-4
Hershel,1.6e-4
Noble,1.6e-4
Rubin,1.6e-4
Darwin,1.59e-4
Albin,1.58e-4
Fletcher,1.58e-4
Sigmund,1.58e-4
Israel,1.55e-4
Valentine,1.55e-4
Gregory,1.54e-4
Jimmy,1.54e-4
Joshua,1.54e-4
Morgan,1.54e-4
Columbus,1.53e-4
Ezra,1.53e-4
Lavern,1.53e-4
Linwood,1.53e-4
Palmer,1.53e-4
Ora,1.52e-4
Benedict,1.51e-4
Ford,1.51e-4
Ulysses,1.51e-4
Clay,1.5e-4
Teddy,1.5e-4
Vance,1.49e-4
Bud,1.48e-4
Burl,1.48e-4
Marlin,1.45e-4
Mose,1.45e-4
Emile,1.44e-4
Lamar,1.43e-4
Avery,1.42e-4
Lucien,1.42e-4
Sheldon,1.42e-4
Cyrus,1.41e-4
Elwin,1.41e-4
Lucian,1.41e-4
Raleigh,1.41e-4
Verne,1.41e-4
Walton,1.41e-4
Arlie,1.4e-4
Justin,1.38e-4
Anderson,1.37e-4
Dewitt,1.37e-4
Dee,1.36e-4
Phil,1.36e-4
Elmore,1.35e-4
Lucius,1.35e-4
Winfield,1.35e-4
Lincoln,1.34e-4
Nolan,1.34e-4
Rupert,1.34e-4
Vaughn,1.34e-4
Harmon,1.33e-4
Hoyt,1.33e-4
Coleman,1.32e-4
Junius,1.32e-4
Elias,1.31e-4
Harland,1.31e-4
Antone,1.28e-4
Carlo,1.28e-4
Delmer,1.28e-4
Beverly,1.27e-4
Sebastian,1.27e-4
Domenic,1.26e-4
Jules,1.26e-4
King,1.26e-4
Oren,1.26e-4
Asa,1.24e-4
Gaylord,1.24e-4
Otho,1.24e-4
Royce,1.24e-4
Casper,1.23e-4
Hector,1.23e-4
Jewel,1.23e-4
Otha,1.23e-4
Lenard,1.21e-4
Rosario,1.21e-4
Taylor,1.21e-4
Hobert,1.2e-4
Matt,1.2e-4
Rudy,1.2e-4
Blaine,1.19e-4
Constantine,1.19e-4
Judson,1.19e-4
Merton,1.19e-4
Rene,1.19e-4
Terry,1.19e-4
Davis,1.18e-4
Elroy,1.18e-4
Gale,1.18e-4
Luis,1.18e-4
Miguel,1.18e-4
Jewell,1.17e-4
Porter,1.17e-4
Walker,1.17e-4
Casimer,1.16e-4
Garfield,1.16e-4
Napoleon,1.16e-4
Salvador,1.16e-4
Durward,1.15e-4
Edd,1.15e-4
Eldred,1.15e-4
Guido,1.15e-4
Kelly,1.15e-4
Reed,1.15e-4
Webster,1.15e-4
Chas,1.12e-4
Raphael,1.12e-4
Santo,1.12e-4
Graham,1.11e-4
Hans,1.11e-4
Mason,1.11e-4
Orrin,1.11e-4
Aldo,1.1e-4
Alvis,1.1e-4
Carrol,1.1e-4
Pearl,1.1e-4
Armando,1.09e-4
Isiah,1.09e-4
Ottis,1.09e-4
Carson,1.08e-4
Granville,1.08e-4
Lemuel,1.08e-4
Romeo,1.08e-4
Abner,1.07e-4
Dorsey,1.07e-4
Arden,1.06e-4
Bennett,1.06e-4
Bernice,1.06e-4
Carleton,1.06e-4
Dalton,1.06e-4
Elden,1.06e-4
Isaiah,1.06e-4
Florian,1.04e-4
Gustav,1.04e-4
Nickolas,1.04e-4
Oswald,1.04e-4
Clem,1.03e-4
Frances,1.03e-4
Guadalupe,1.03e-4
Haywood,1.03e-4
Theo,1.03e-4
Augustine,1.02e-4
Emmitt,1.02e-4
Marcel,1.02e-4
Shelby,1.02e-4
Dana,1.01e-4
Elzie,1.01e-4
Enoch,1.01e-4
Lacy,1.01e-4
Alfredo,1e-4
Dock,1e-4
Emmet,1e-4
Raul,1e-4
Americo,9.9e-5
Loy,9.9e-5
Meredith,9.9e-5
Rollin,9.9e-5
Alois,9.8e-5
Arther,9.8e-5
Darrel,9.8e-5
Hobart,9.8e-5
Sherwood,9.8e-5
Stanford,9.8e-5
Warner,9.8e-5
Dante,9.6e-5
Eldridge,9.6e-5
Emilio,9.6e-5
Joesph,9.6e-5
Alphonso,9.5e-5
Cloyd,9.5e-5
Hilton,9.5e-5
Roderick,9.5e-5
Hermon,9.4e-5
Jonathan,9.4e-5
Oral,9.4e-5
Orin,9.4e-5
Rogers,9.4e-5
Edison,9.3e-5
Newell,9.3e-5
Abram,9.2e-5
Ignatius,9.2e-5
Jonas,9.2e-5
Buck,9.1e-5
Haskell,9.1e-5
Merritt,9.1e-5
Prince,9.1e-5
Seth,9.1e-5
Arvid,9e-5
Connie,9e-5
Evert,9e-5
Felton,9e-5
Carol,8.9e-5
Carter,8.9e-5
Fredric,8.9e-5
Fritz,8.9e-5
Gary,8.9e-5
Jason,8.9e-5
Alberto,8.7e-5
Clare,8.7e-5
Domingo,8.7e-5
Reynold,8.7e-5
Wm,8.7e-5
Arlo,8.6e-5
Jeremiah,8.6e-5
Mortimer,8.6e-5
Oran,8.6e-5
Bernie,8.5e-5
Beryl,8.5e-5
Garrett,8.5e-5
Johnson,8.5e-5
Ludwig,8.5e-5
Eino,8.4e-5
Garnett,8.4e-5
Talmadge,8.4e-5
Werner,8.4e-5
Elwyn,8.3e-5
Alford,8.2e-5
Angus,8.2e-5
Carlyle,8.2e-5
Craig,8.2e-5
Domenick,8.2e-5
Gaetano,8.2e-5
Madison,8.2e-5
Parker,8.2e-5
Watson,8.2e-5
Alvie,8.1e-5
Aron,8.1e-5
Brooks,8.1e-5
Dayton,8.1e-5
Early,8.1e-5
Lambert,8.1e-5
Olaf,8.1e-5
Boyce,7.9e-5
Chauncey,7.9e-5
Dexter,7.9e-5
Evans,7.9e-5
Franklyn,7.9e-5
Ike,7.9e-5
Omar,7.9e-5
Allie,7.8e-5
Blair,7.8e-5
Bradford,7.8e-5
Duncan,7.8e-5
Ernie,7.8e-5
Gregorio,7.8e-5
Julio,7.8e-5
Obie,7.8e-5
Raymon,7.8e-5
Rowland,7.8e-5
Verl,7.8e-5
Adelbert,7.7e-5
Enrique,7.7e-5
Garth,7.7e-5
Hazel,7.7e-5
Howell,7.7e-5
Leander,7.7e-5
Loyal,7.7e-5
Mahlon,7.7e-5
Miller,7.7e-5
Hamilton,7.6e-5
Hayden,7.6e-5
Lois,7.6e-5
Loran,7.6e-5
Melville,7.6e-5
Rafael,7.6e-5
Silvio,7.6e-5
Turner,7.6e-5
Urban,7.6e-5
Vester,7.6e-5
Bradley,7.5e-5
Burt,7.5e-5
Crawford,7.5e-5
Elvis,7.5e-5
Milan,7.5e-5
Milburn,7.5e-5
Sylvan,7.5e-5
Clarance,7.4e-5
Clovis,7.4e-5
Gardner,7.4e-5
Giles,7.4e-5
Kyle,7.4e-5
Mac,7.4e-5
Reinhold,7.4e-5
Rudolf,7.4e-5
Vernie,7.4e-5
Abel,7.3e-5
Adolphus,7.3e-5
Arne,7.3e-5
Lawson,7.3e-5
Thornton,7.3e-5
Thurston,7.3e-5
Bonnie,7.2e-5
Buddy,7.2e-5
Tomas,7.2e-5
Bryant,7e-5
Clemens,7e-5
Cleve,7e-5
Galen,7e-5
Jordan,7e-5
Lorin,7e-5
Pablo,7e-5
Addison,6.9e-5
Benton,6.9e-5
Murphy,6.9e-5
Nat,6.9e-5
Norval,6.9e-5
Ransom,6.9e-5
Santiago,6.9e-5
Verner,6.9e-5
Williard,6.9e-5
Winford,6.9e-5
Berry,6.8e-5
Einar,6.8e-5
General,6.8e-5
Helen,6.8e-5
Henderson,6.8e-5
Lonzo,6.8e-5
Mckinley,6.8e-5
Regis,6.8e-5
Smith,6.8e-5
Carey,6.7e-5
Kirby,6.7e-5
Murry,6.7e-5
Myles,6.7e-5
Roberto,6.7e-5
Theadore,6.7e-5
Audrey,6.6e-5
Brady,6.6e-5
Carmelo,6.6e-5
Cliff,6.6e-5
Elisha,6.6e-5
Estel,6.6e-5
Foy,6.6e-5
Ivy,6.6e-5
Jennings,6.6e-5
Lucious,6.6e-5
Ruby,6.6e-5
Shelton,6.6e-5
Stanton,6.6e-5
Alec,6.5e-5
Archibald,6.5e-5
Cedric,6.5e-5
Leopold,6.5e-5
Lindsey,6.5e-5
Merl,6.5e-5
Nicolas,6.5e-5
Odie,6.5e-5
Oris,6.5e-5
Orland,6.5e-5
Tillman,6.5e-5
Verlin,6.5e-5
Andres,6.4e-5
Fernando,6.4e-5
Hayward,6.4e-5
Hilbert,6.4e-5
Ignacio,6.4e-5
Nels,6.4e-5
Sandy,6.4e-5
Arno,6.2e-5
Dillard,6.2e-5
Durwood,6.2e-5
Ellwood,6.2e-5
Hardy,6.2e-5
Llewellyn,6.2e-5
Logan,6.2e-5
Manley,6.2e-5
Marcellus,6.2e-5
Reno,6.2e-5
Arley,6.1e-5
Arvel,6.1e-5
Arvil,6.1e-5
Earlie,6.1e-5
Emmit,6.1e-5
Ewald,6.1e-5
Lon,6.1e-5
Norton,6.1e-5
Norwood,6.1e-5
Richmond,6.1e-5
Vergil,6.1e-5
Waymon,6.1e-5
Wyatt,6.1e-5
Benjiman,6e-5
Cary,6e-5
Casey,6e-5
Clint,6e-5
Margaret,6e-5
Maxie,6e-5
Mitchel,6e-5
Orvil,6e-5
Williams,6e-5
Worth,6e-5
Wylie,6e-5
Bertrand,5.9e-5
Chalmer,5.9e-5
Ennis,5.9e-5
Enos,5.9e-5
Ivory,5.9e-5
Rosevelt,5.9e-5
Claire,5.8e-5
Claudie,5.8e-5
Lafayette,5.8e-5
Lawerence,5.8e-5
Melton,5.8e-5
Murl,5.8e-5
Bryan,5.7e-5
Burley,5.7e-5
Elliot,5.7e-5
Gaston,5.7e-5
Gerhard,5.7e-5
Hiroshi,5.7e-5
Hunter,5.7e-5
Judge,5.7e-5
Rexford,5.7e-5
Rueben,5.7e-5
Sammy,5.7e-5
Waldemar,5.7e-5
Artie,5.6e-5
Axel,5.6e-5
Burnell,5.6e-5
Doris,5.6e-5
Ernesto,5.6e-5
Garnet,5.6e-5
Hillard,5.6e-5
Malvin,5.6e-5
Reino,5.6e-5
Ruel,5.6e-5
Tracy,5.6e-5
Wilfrid,5.6e-5
Allison,5.4e-5
Arturo,5.4e-5
Erling,5.4e-5
Ernst,5.4e-5
Ezekiel,5.4e-5
Felipe,5.4e-5
Merwin,5.4e-5
Pierce,5.4e-5
Reese,5.4e-5
Rodger,5.4e-5
Washington,5.4e-5
Winthrop,5.4e-5
Woodroe,5.4e-5
Ashley,5.3e-5
Collins,5.3e-5
Denzil,5.3e-5
Garold,5.3e-5
Glenwood,5.3e-5
Linus,5.3e-5
Nunzio,5.3e-5
Osborne,5.3e-5
Rollie,5.3e-5
Talmage,5.3e-5
Arlin,5.2e-5
Barton,5.2e-5
Ewell,5.2e-5
Godfrey,5.2e-5
Heber,5.2e-5
June,5.2e-5
Kent,5.2e-5
Myer,5.2e-5
Adolf,5.1e-5
Alvah,5.1e-5
Artis,5.1e-5
Donovan,5.1e-5
Frankie,5.1e-5
Gerrit,5.1e-5
Golden,5.1e-5
Hosea,5.1e-5
Kendall,5.1e-5
Kurt,5.1e-5
Nello,5.1e-5
Nevin,5.1e-5
Rodolfo,5.1e-5
Ruth,5.1e-5
Toney,5.1e-5
Vivian,5.1e-5
Whitney,5.1e-5
Courtney,5e-5
Dorothy,5e-5
Elza,5e-5
Finley,5e-5
Fulton,5e-5
Lauren,5e-5
Manford,5e-5
Pierre,5e-5
Rayford,5e-5
Yoshio,5e-5
Armond,4.9e-5
Arvo,4.9e-5
Bobby,4.9e-5
Conley,4.9e-5
Farris,4.9e-5
Hilliard,4.9e-5
Oakley,4.9e-5
Reid,4.9e-5
Vincenzo,4.9e-5
Zack,4.9e-5
Almon,4.8e-5
Ansel,4.8e-5
Donnie,4.8e-5
Elgin,4.8e-5
Ferris,4.8e-5
Gayle,4.8e-5
Gino,4.8e-5
Gorden,4.8e-5
Hudson,4.8e-5
Issac,4.8e-5
Levy,4.8e-5
Lucas,4.8e-5
Masao,4.8e-5
Olan,4.8e-5
Raoul,4.8e-5
Reece,4.8e-5
Verle,4.8e-5
Wellington,4.8e-5
Weston,4.8e-5
Bernhard,4.7e-5
Bobbie,4.7e-5
Burdette,4.7e-5
Caesar,4.7e-5
Damon,4.7e-5
Deward,4.7e-5
Estill,4.7e-5
Finis,4.7e-5
Hayes,4.7e-5
Kirk,4.7e-5
Mayo,4.7e-5
Mickey,4.7e-5
Ocie,4.7e-5
Ole,4.7e-5
Price,4.7e-5
Sumner,4.7e-5
Alma,4.5e-5
Baxter,4.5e-5
Caleb,4.5e-5
Camille,4.5e-5
Curley,4.5e-5
