name,percent
John,0.053923
William,0.043193
James,0.04017
Robert,0.038737
Charles,0.025679
George,0.025101
Joseph,0.025039
Edward,0.018579
Frank,0.016219
Thomas,0.013261
Walter,0.012723
Richard,0.011746
Harold,0.011619
Paul,0.011216
Raymond,0.011066
Henry,0.010821
Arthur,0.009633
Donald,0.009515
Albert,0.009471
Harry,0.009433
Jack,0.007954
Ralph,0.007785
Clarence,0.006853
Louis,0.006758
Carl,0.006681
Howard,0.006606
Kenneth,0.006499
David,0.006317
Willie,0.00623
Francis,0.00605
Earl,0.006025
Roy,0.005929
Fred,0.005899
Joe,0.00554
Eugene,0.005372
Stanley,0.005358
Ernest,0.005271
Lawrence,0.005115
Anthony,0.004935
Herbert,0.004886
Leonard,0.004747
Alfred,0.004648
Samuel,0.004545
Elmer,0.00417
Michael,0.004096
Andrew,0.003945
Bernard,0.003905
Leo,0.003849
Norman,0.003689
Russell,0.003653
Lloyd,0.003564
Daniel,0.003555
Peter,0.003539
Chester,0.00352
Edwin,0.003329
Melvin,0.003305
Leroy,0.00326
Woodrow,0.003199
Frederick,0.003193
Clifford,0.00315
Floyd,0.003084
Lester,0.003082
Victor,0.003035
Theodore,0.002999
Herman,0.002898
Vernon,0.002835
Clyde,0.00278
Marvin,0.002695
Ray,0.002632
Charlie,0.002617
Philip,0.002604
Gerald,0.002584
Vincent,0.002502
Lewis,0.002471
Sam,0.002392
Milton,0.002337
Leon,0.002329
Benjamin,0.002319
Jesse,0.002316
Alvin,0.002296
Martin,0.002288
Cecil,0.002221
Willard,0.002206
Glenn,0.002146
Gordon,0.002132
Lee,0.002059
Harvey,0.002014
Oscar,0.002013
Edgar,0.001988
Warren,0.001902
Arnold,0.001823
Wayne,0.001822
Everett,0.001804
Sidney,0.001791
Claude,0.00179
Stephen,0.001756
Wilbur,0.001719
Allen,0.001698
Virgil,0.001628
Morris,0.001606
Homer,0.001598
Leslie,0.001569
Maurice,0.001562
Alexander,0.001518
Gilbert,0.001503
Max,0.001464
Marion,0.001463
Irving,0.001461
Steve,0.001454
Johnnie,0.001451
Dale,0.001422
Nicholas,0.001419
Hugh,0.001416
Hubert,0.001384
Douglas,0.001366
Roger,0.001361
Eddie,0.001355
Julius,0.00135
Luther,0.00135
Jessie,0.001347
Roland,0.001321
Wilson,0.001316
Wallace,0.001275
Curtis,0.001271
Glen,0.001257
Manuel,0.001251
Mike,0.001226
Ben,0.001218
Franklin,0.001212
Oliver,0.001189
Alex,0.001151
Horace,0.001143
Jacob,0.001143
Orville,0.001131
Tony,0.001109
Wesley,0.001092
Jerome,0.001091
Archie,0.00106
Tom,0.001053
Edmund,0.001048
Willis,0.00104
Earnest,0.001034
Bill,9.89e-4
Guy,9.51e-4
Lyle,9.45e-4
Jerry,9.43e-4
Bruce,9.42e-4
Matthew,9.18e-4
Rudolph,9.18e-4
Nathan,9.02e-4
Clifton,8.93e-4
Otis,8.93e-4
Don,8.86e-4
Emil,8.7e-4
Salvatore,8.65e-4
Clayton,8.38e-4
Marshall,8.38e-4
Jimmie,8.33e-4
Calvin,8.32e-4
Patrick,8.32e-4
Jose,8.31e-4
Angelo,8.23e-4
Ira,8.2e-4
Delbert,7.95e-4
Jim,7.9e-4
Clinton,7.83e-4
Bennie,7.78e-4
Ervin,7.68e-4
Irvin,7.62e-4
Merle,7.59e-4
Wilbert,7.53e-4
Sylvester,7.31e-4
Nick,7.26e-4
Abraham,7.22e-4
Forrest,7.22e-4
Ronald,7.17e-4
Ivan,7.15e-4
Felix,7.1e-4
Phillip,6.96e-4
Otto,6.94e-4
Wilfred,6.94e-4
Julian,6.92e-4
Rufus,6.86e-4
Dan,6.79e-4
Jay,6.73e-4
Bert,6.64e-4
Leland,6.59e-4
Grover,6.41e-4
Dean,6.37e-4
Nelson,6.35e-4
Elbert,6.32e-4
Gene,6.3e-4
Nathaniel,6.3e-4
Lonnie,6.28e-4
Isaac,6.27e-4
Aaron,6.25e-4
Adam,6.22e-4
Billy,6.17e-4
Johnny,6.14e-4
Alton,6.12e-4
Adolph,6.1e-4
Pete,6.09e-4
Dennis,6.08e-4
Johnie,6.02e-4
Mark,5.98e-4
Ellis,5.96e-4
August,5.88e-4
Myron,5.8e-4
Karl,5.74e-4
Dominick,5.66e-4
Emmett,5.63e-4
Owen,5.63e-4
Antonio,5.6e-4
Keith,5.54e-4
Elwood,5.44e-4
Ross,5.42e-4
Grady,5.4e-4
Loyd,5.4e-4
Percy,5.4e-4
Ted,5.39e-4
Roscoe,5.37e-4
Laurence,5.32e-4
Dewey,5.3e-4
Mack,5.3e-4
Lowell,5.27e-4
Perry,5.27e-4
Dominic,5.26e-4
Amos,5e-4
Loren,4.99e-4
Eldon,4.98e-4
Carroll,4.97e-4
Wendell,4.94e-4
Erwin,4.87e-4
Rex,4.87e-4
Seymour,4.85e-4
Malcolm,4.84e-4
Byron,4.82e-4
Sherman,4.8e-4
Fredrick,4.79e-4
Harley,4.68e-4
Norbert,4.62e-4
Austin,4.6e-4
Quentin,4.58e-4
Allan,4.55e-4
Bob,4.55e-4
Murray,4.55e-4
Charley,4.4e-4
Reuben,4.34e-4
Troy,4.34e-4
Cornelius,4.32e-4
Burton,4.28e-4
Gerard,4.27e-4
Juan,4.18e-4
Boyd,4.14e-4
Grant,4.14e-4
Carlton,4.13e-4
Millard,4.13e-4
Mitchell,4.13e-4
Tommie,4.13e-4
Edmond,4.1e-4
Aubrey,4.08e-4
Preston,3.97e-4
Kermit,3.89e-4
Dwight,3.86e-4
Garland,3.82e-4
Larry,3.78e-4
Morton,3.78e-4
Louie,3.76e-4
Jasper,3.72e-4
Junior,3.72e-4
Jess,3.7e-4
Emanuel,3.66e-4
Steven,3.64e-4
Jake,3.6e-4
Simon,3.56e-4
Harrison,3.55e-4
Freddie,3.54e-4
Solomon,3.51e-4
Cleo,3.46e-4
Monroe,3.46e-4
Will,3.46e-4
Andy,3.45e-4
Jesus,3.45e-4
Lynn,3.45e-4
Dave,3.42e-4
Neil,3.42e-4
Thurman,3.41e-4
Alphonse,3.4e-4
Armand,3.36e-4
Mario,3.35e-4
Maynard,3.35e-4
Moses,3.35e-4
Earle,3.33e-4
Bruno,3.32e-4
Joel,3.32e-4
Carlos,3.31e-4
Wilmer,3.3e-4
Clement,3.29e-4
Laverne,3.27e-4
Ollie,3.19e-4
Ed,3.18e-4
Elmo,3.18e-4
Alan,3.17e-4
Hyman,3.17e-4
Roosevelt,3.15e-4
Clark,3.14e-4
Dallas,3.14e-4
Adrian,3.13e-4
Thaddeus,3.13e-4
Clair,3.1e-4
Wade,3.09e-4
Conrad,3.08e-4
Cleveland,3.06e-4
Doyle,3.06e-4
Harlan,3.06e-4
Sol,3.05e-4
Claud,3.03e-4
Elton,3.03e-4
Elvin,3.02e-4
Forest,3.02e-4
Anton,3.01e-4
Cyril,2.98e-4
Gus,2.95e-4
Rocco,2.94e-4
Billie,2.93e-4
Russel,2.92e-4
Orval,2.91e-4
Ned,2.9e-4
Duane,2.88e-4
Ellsworth,2.86e-4
Barney,2.85e-4
Merrill,2.82e-4
Tommy,2.82e-4
Pershing,2.8e-4
Irwin,2.78e-4
Neal,2.75e-4
Alonzo,2.74e-4
Eli,2.74e-4
Ruben,2.74e-4
Timothy,2.74e-4
Delmar,2.71e-4
Benny,2.69e-4
Patsy,2.68e-4
Stuart,2.66e-4
Reginald,2.65e-4
Alva,2.63e-4
Marcus,2.61e-4
Vito,2.61e-4
Carmen,2.6e-4
Christopher,2.6e-4
Emerson,2.6e-4
Emery,2.6e-4
Wilford,2.58e-4
Merlin,2.56e-4
Roman,2.55e-4
Lionel,2.54e-4
Wilburn,2.54e-4
Elijah,2.53e-4
Sammie,2.52e-4
Hollis,2.51e-4
Stewart,2.51e-4
Ferdinand,2.47e-4
Teddy,2.47e-4
Ward,2.46e-4
Herschel,2.45e-4
Abe,2.44e-4
Francisco,2.42e-4
Odell,2.42e-4
Rodney,2.42e-4
Buford,2.4e-4
Darrell,2.4e-4
Dick,2.39e-4
Levi,2.39e-4
Sterling,2.39e-4
Pasquale,2.38e-4
Ramon,2.38e-4
Randolph,2.37e-4
Noah,2.35e-4
Coy,2.34e-4
Buster,2.34e-4
Miles,2.34e-4
Travis,2.33e-4
Vern,2.33e-4
Isadore,2.32e-4
Basil,2.29e-4
Truman,2.29e-4
Wiley,2.29e-4
Saul,2.28e-4
Alfonso,2.26e-4
Booker,2.26e-4
Harris,2.23e-4
Omer,2.21e-4
Freeman,2.18e-4
Silas,2.18e-4
Emory,2.16e-4
Jean,2.15e-4
Norris,2.15e-4
Pedro,2.15e-4
Royal,2.13e-4
Winston,2.13e-4
Sanford,2.12e-4
Milford,2.07e-4
Jackson,2.06e-4
Weldon,2.06e-4
Pat,2.05e-4
Foster,2.02e-4
Winfred,2.01e-4
Spencer,2e-4
Hiram,1.95e-4
Mathew,1.94e-4
Eric,1.93e-4
Frederic,1.93e-4
Newton,1.93e-4
Cletus,1.91e-4
Jeff,1.89e-4
Jimmy,1.89e-4
Bertram,1.88e-4
Mervin,1.85e-4
Rolland,1.84e-4
Ambrose,1.83e-4
Micheal,1.82e-4
Van,1.82e-4
Vance,1.82e-4
Carmine,1.81e-4
Gabriel,1.81e-4
Lavern,1.81e-4
Dudley,1.79e-4
Armando,1.78e-4
Sydney,1.78e-4
Ulysses,1.77e-4
Milo,1.76e-4
Noble,1.76e-4
Noel,1.76e-4
Randall,1.76e-4
Aloysius,1.75e-4
Hugo,1.75e-4
Shirley,1.75e-4
Bud,1.74e-4
Hershel,1.74e-4
Meyer,1.74e-4
Orlando,1.74e-4
Marlin,1.73e-4
Alden,1.73e-4
Chris,1.73e-4
Casimir,1.72e-4
Evan,1.7e-4
Luke,1.68e-4
Gregory,1.67e-4
Olin,1.67e-4
Palmer,1.65e-4
Riley,1.65e-4
Everette,1.64e-4
Hal,1.63e-4
Isidore,1.63e-4
Gail,1.62e-4
Sheldon,1.62e-4
Lorenzo,1.6e-4
Mary,1.6e-4
Augustus,1.59e-4
Houston,1.59e-4
Morgan,1.59e-4
Benedict,1.55e-4
Waldo,1.55e-4
Fletcher,1.54e-4
Israel,1.54e-4
Hoyt,1.53e-4
Lamar,1.53e-4
Scott,1.53e-4
Delmer,1.53e-4
Dewitt,1.53e-4
Odis,1.51e-4
Darwin,1.49e-4
Gale,1.49e-4
Lyman,1.49e-4
Christian,1.48e-4
Phil,1.48e-4
Wilton,1.48e-4
Harland,1.47e-4
Olen,1.47e-4
Emile,1.46e-4
Hobert,1.46e-4
Major,1.46e-4
Columbus,1.45e-4
Elliott,1.45e-4
Mose,1.45e-4
Sigmund,1.44e-4
Wilber,1.44e-4
Maxwell,1.43e-4
Jefferson,1.42e-4
Arlie,1.41e-4
Verne,1.41e-4
Granville,1.4e-4
Gustave,1.4e-4
Quinton,1.4e-4
Clay,1.39e-4
Jules,1.39e-4
Justin,1.39e-4
Elroy,1.38e-4
Luis,1.38e-4
Elias,1.36e-4
Ezra,1.36e-4
Valentine,1.35e-4
Harmon,1.34e-4
Vaughn,1.34e-4
Burl,1.33e-4
Cyrus,1.33e-4
Nickolas,1.33e-4
Augustine,1.32e-4
Gaylord,1.32e-4
Rupert,1.32e-4
Theron,1.32e-4
Linwood,1.31e-4
Taylor,1.31e-4
Merton,1.3e-4
Casimer,1.29e-4
Lenard,1.29e-4
Lucius,1.29e-4
Anderson,1.28e-4
Al,1.27e-4
Coleman,1.27e-4
Hobart,1.27e-4
Judson,1.27e-4
Royce,1.27e-4
Salvador,1.27e-4
Albin,1.26e-4
Davis,1.26e-4
Isaiah,1.26e-4
Nolan,1.26e-4
Oren,1.26e-4
Elmore,1.25e-4
Ora,1.25e-4
Isiah,1.24e-4
Rubin,1.24e-4
Lincoln,1.23e-4
Junius,1.22e-4
Alfredo,1.21e-4
Matt,1.21e-4
Elden,1.18e-4
Jewel,1.18e-4
Carlo,1.17e-4
Constantine,1.17e-4
Enoch,1.17e-4
Fay,1.17e-4
Reed,1.17e-4
Rene,1.17e-4
Lemuel,1.16e-4
Winfield,1.16e-4
Antone,1.15e-4
Denver,1.14e-4
Jewell,1.13e-4
Joshua,1.13e-4
Otha,1.13e-4
Avery,1.12e-4
Garfield,1.12e-4
Kelly,1.12e-4
Lucien,1.12e-4
Asa,1.12e-4
Blaine,1.12e-4
Dock,1.12e-4
Joesph,1.12e-4
Rosario,1.12e-4
Bernice,1.11e-4
Mason,1.11e-4
Raleigh,1.11e-4
Carlyle,1.1e-4
Edd,1.1e-4
Porter,1.1e-4
Romeo,1.1e-4
Arden,1.09e-4
Domingo,1.09e-4
Elwin,1.09e-4
Sebastian,1.09e-4
Walton,1.09e-4
Carrol,1.08e-4
Shelby,1.08e-4
Dee,1.07e-4
Hilton,1.07e-4
Marcel,1.07e-4
Domenic,1.06e-4
Florian,1.05e-4
Lacy,1.05e-4
Mckinley,1.05e-4
Aldo,1.04e-4
Connie,1.04e-4
Guadalupe,1.04e-4
Napoleon,1.04e-4
Omar,1.04e-4
Emilio,1.03e-4
Warner,1.03e-4
Dana,1.02e-4
Edison,1.02e-4
Walker,1.02e-4
Alois,1.01e-4
Dalton,1.01e-4
Dorsey,1.01e-4
Loyal,1.01e-4
Darrel,1e-4
General,1e-4
Jeremiah,1e-4
Oswald,1e-4
Ottis,1e-4
Bennett,9.9e-5
Guido,9.9e-5
Raymon,9.9e-5
Rollin,9.9e-5
Sylvan,9.9e-5
Talmadge,9.9e-5
Carson,9.8e-5
Alphonso,9.7e-5
Jason,9.7e-5
Lucian,9.7e-5
Miguel,9.7e-5
Haywood,9.6e-5
Raul,9.6e-5
Terry,9.6e-5
Elzie,9.5e-5
Pearl,9.5e-5
Raphael,9.5e-5
Seth,9.5e-5
Felipe,9.4e-5
Carol,9.3e-5
Eldred,9.3e-5
Lambert,9.3e-5
Pablo,9.3e-5
Buddy,9.2e-5
Frances,9.2e-5
Roberto,9.2e-5
Rudy,9.2e-5
Arther,9.1e-5
Carter,9.1e-5
Clem,9.1e-5
Durward,9.1e-5
Jonas,9.1e-5
Orrin,9.1e-5
Eldridge,9e-5
Merritt,9e-5
Orin,9e-5
Hermon,8.9e-5
Leander,8.9e-5
Meredith,8.9e-5
Alvie,8.8e-5
Buck,8.8e-5
Elvis,8.8e-5
Stanford,8.8e-5
Carleton,8.7e-5
Cloyd,8.7e-5
Gustav,8.6e-5
Hector,8.6e-5
King,8.6e-5
Prince,8.6e-5
Roderick,8.6e-5
Alberto,8.5e-5
Americo,8.5e-5
Craig,8.5e-5
Otho,8.5e-5
Tomas,8.5e-5
Winford,8.5e-5
Alvis,8.4e-5
Elwyn,8.4e-5
Ignatius,8.4e-5
Julio,8.4e-5
Mortimer,8.4e-5
Rogers,8.4e-5
Lawerence,8.3e-5
Theo,8.3e-5
Urban,8.3e-5
Adelbert,8.2e-5
Casper,8.2e-5
Clarance,8.2e-5
Clare,8.2e-5
Giles,8.2e-5
Haskell,8.2e-5
Sherwood,8.2e-5
Webster,8.2e-5
Abner,8.1e-5
Graham,8.1e-5
Verl,8.1e-5
Burt,8e-5
Dayton,8e-5
Fernando,8e-5
Franklyn,8e-5
Jonathan,8e-5
Logan,8e-5
Norval,8e-5
Beverly,7.9e-5
Evert,7.9e-5
Henderson,7.9e-5
Newell,7.9e-5
Verlin,7.9e-5
Watson,7.9e-5
Bryant,7.8e-5
Crawford,7.8e-5
Ellwood,7.8e-5
Emmet,7.8e-5
Gaston,7.8e-5
Ignacio,7.8e-5
Parker,7.8e-5
Sammy,7.8e-5
Arlo,7.7e-5
Bobby,7.7e-5
Bradley,7.7e-5
Duncan,7.7e-5
Garrett,7.7e-5
Masao,7.7e-5
Turner,7.7e-5
Helen,7.6e-5
Myles,7.6e-5
Rafael,7.6e-5
Wm,7.6e-5
Adolphus,7.5e-5
Aron,7.5e-5
Chas,7.5e-5
Emmitt,7.5e-5
Gaetano,7.5e-5
Ivory,7.5e-5
Johnson,7.5e-5
Lafayette,7.5e-5
Lawson,7.5e-5
Loy,7.5e-5
Merl,7.5e-5
Santo,7.5e-5
Blair,7.4e-5
Bryan,7.4e-5
Hans,7.4e-5
June,7.4e-5
Milan,7.4e-5
Milburn,7.4e-5
Ruby,7.4e-5
Shelton,7.4e-5
Benton,7.3e-5
Bobbie,7.3e-5
Melville,7.3e-5
Trinidad,7.3e-5
Abel,7.2e-5
Addison,7.2e-5
Andres,7.2e-5
Chauncey,7.2e-5
Dexter,7.2e-5
Dillard,7.2e-5
Early,7.2e-5
Fritz,7.2e-5
Gary,7.2e-5
Bernie,7.1e-5
Brooks,7.1e-5
Fredric,7.1e-5
Garnett,7.1e-5
Ike,7.1e-5
Mac,7.1e-5
Tracy,7.1e-5
Rowland,7.1e-5
Benjiman,7e-5
Bertrand,7e-5
Boyce,7e-5
Evans,7e-5
Furman,7e-5
Maxie,7e-5
Oral,7e-5
Oran,7e-5
Stanton,7e-5
Theadore,7e-5
Thurston,7e-5
Vester,7e-5
Allie,6.9e-5
Arvel,6.9e-5
Claudie,6.9e-5
Danny,6.9e-5
Enrique,6.9e-5
Ford,6.9e-5
Frankie,6.9e-5
Galen,6.9e-5
Hilbert,6.9e-5
Jennings,6.9e-5
Woodroe,6.9e-5
Carmelo,6.8e-5
Estel,6.8e-5
Godfrey,6.8e-5
Mahlon,6.8e-5
Vernie,6.8e-5
Bradford,6.7e-5
Murry,6.7e-5
Rodger,6.7e-5
Arvid,6.6e-5
Beryl,6.6e-5
Elisha,6.6e-5
Hamilton,6.6e-5
Lauren,6.6e-5
Leeroy,6.6e-5
Llewellyn,6.6e-5
Lon,6.6e-5
Burdette,6.5e-5
Clovis,6.5e-5
Elliot,6.5e-5
Hardy,6.5e-5
Hunter,6.5e-5
Lonzo,6.5e-5
Tim,6.5e-5
Angus,6.4e-5
Felton,6.4e-5
Kyle,6.4e-5
Lucious,6.4e-5
Ludwig,6.4e-5
Norwood,6.4e-5
Worth,6.4e-5
Clemens,6.3e-5
Hayden,6.3e-5
Howell,6.3e-5
Madison,6.3e-5
Verner,6.3e-5
Yoshio,6.3e-5
Berry,6.2e-5
Denzil,6.2e-5
Elza,6.2e-5
Hazel,6.2e-5
Nels,6.2e-5
Reynold,6.2e-5
Silvio,6.2e-5
Vivian,6.2e-5
Wyatt,6.2e-5
Domenick,6.1e-5
Doris,6.1e-5
Ivy,6.1e-5
Santos,6.1e-5
Werner,6.1e-5
Barton,6e-5
Casey,6e-5
Claire,6e-5
Ewell,6e-5
Hayward,6e-5
Sandy,6e-5
Alford,5.9e-5
Elgin,5.9e-5
Ernesto,5.9e-5
Hillard,5.9e-5
Issac,5.9e-5
Judge,5.9e-5
Lois,5.9e-5
Miller,5.9e-5
Odie,5.9e-5
Regis,5.9e-5
Reinhold,5.9e-5
Tillman,5.9e-5
Bonnie,5.8e-5
Cleve,5.8e-5
Clint,5.8e-5
Dante,5.8e-5
Ernie,5.8e-5
Loran,5.8e-5
Manley,5.8e-5
Margaret,5.8e-5
Smith,5.8e-5
Armond,5.7e-5
Jonnie,5.7e-5
Olaf,5.7e-5
Rayford,5.7e-5
Abram,5.6e-5
Alec,5.6e-5
Almon,5.6e-5
Arvil,5.6e-5
Brady,5.6e-5
Dorothy,5.6e-5
Emmit,5.6e-5
Garth,5.6e-5
Murphy,5.6e-5
Normand,5.6e-5
Orvil,5.6e-5
Rueben,5.6e-5
Santiago,5.6e-5
Artis,5.5e-5
Benito,5.5e-5
Carey,5.5e-5
Christ,5.5e-5
Foch,5.5e-5
Gayle,5.5e-5
Jerald,5.5e-5
Jones,5.5e-5
Kay,5.5e-5
Lorin,5.5e-5
Newman,5.5e-5
Pierce,5.5e-5
Waymon,5.5e-5
Dell,5.4e-5
Finis,5.4e-5
Gardner,5.4e-5
Gerhard,5.4e-5
Toivo,5.4e-5
Virgle,5.4e-5
Wellington,5.4e-5
Adolf,5.3e-5
Chalmer,5.3e-5
Marcellus,5.3e-5
Mitchel,5.3e-5
Norton,5.3e-5
Wylie,5.3e-5
Angel,5.2e-5
Archibald,5.2e-5
Brown,5.2e-5
Cedric,5.2e-5
Ernst,5.2e-5
Hampton,5.2e-5
Vergil,5.2e-5
Williams,5.2e-5
Allison,5.1e-5
Arturo,5.1e-5
Ewald,5.1e-5
Joaquin,5.1e-5
Lupe,5.1e-5
Obie,5.1e-5
Orland,5.1e-5
Bryce,5.1e-5
Ennis,5.1e-5
Foy,5.1e-5
Glendon,5.1e-5
Kent,5.1e-5
Lindsey,5.1e-5
Merlyn,5.1e-5
Murl,5.1e-5
Reid,5.1e-5
Rodolfo,5.1e-5
Alma,5e-5
Arch,5e-5
Cleon,5e-5
Durwood,5e-5
Eligah,5e-5
Hezekiah,5e-5
Hudson,5e-5
Huston,5e-5
Kirby,5e-5
Leamon,5e-5
Levy,5e-5
Lucas,5e-5
Mickey,5e-5
Price,5e-5
Ricardo,5e-5
Caesar,4.9e-5
Rollie,4.9e-5
Rosevelt,4.9e-5
Rudolf,4.9e-5
Sumner,4.9e-5
Thad,4.9e-5
Thornton,4.9e-5
Wardell,4.9e-5
Zack,4.9e-5
Auther,4.8e-5
Burley,4.8e-5
Burnell,4.8e-5
Cary,4.8e-5
Gino,4.8e-5
Leopold,4.8e-5
Mathias,4.8e-5
Weston,4.8e-5
Zigmund,4.8e-5
Caleb,4.7e-5
Carmel,4.7e-5
Ezekiel,4.7e-5
Gregorio,4.7e-5
Hosea,4.7e-5
Josh,4.7e-5
Layton,4.7e-5
Linus,4.7e-5
Manford,4.7e-5
Marshal,4.7e-5
Melton,4.7e-5
Oneal,4.7e-5
Pierre,4.7e-5
Whitney,4.7e-5
Arne,4.6e-5
Denis,4.6e-5
Hilliard,4.6e-5
Jarvis,4.6e-5
Marco,4.6e-5
Myer,4.6e-5
Nat,4.6e-5
Talmage,4.6e-5
Toney,4.6e-5
Vincenzo,4.6e-5
Arley,4.5e-5
Donovan,4.5e-5
Enos,4.5e-5
Glenwood,4.5e-5
Hilary,4.5e-5
Kendall,4.5e-5
Nevin,4.5e-5
Ocie,4.5e-5
Richmond,4.5e-5
Ruth,4.5e-5
Waldemar,4.5e-5
Winifred,4.5e-5
Art,4.4e-5
Damon,4.4e-5
Eduardo,4.4e-5
Garnet,4.4e-5
Jordan,4.4e-5
Joyce,4.4e-5
Oris,4.4e-5
Rexford,4.4e-5
Washington,4.4e-5
Bartholomew,4.3e-5
Cliff,4.3e-5
Colin,4.3e-5
Courtney,4.3e-5
