name,percent
John,0.052724
William,0.043318
James,0.04174
Robert,0.040405
Charles,0.024797
George,0.024788
Joseph,0.023895
Edward,0.018257
Frank,0.015481
Thomas,0.013236
Walter,0.012685
Richard,0.012258
Harold,0.01183
Raymond,0.011206
Paul,0.011129
Henry,0.010463
Donald,0.009749
Albert,0.009465
Arthur,0.009389
Harry,0.008848
Jack,0.008142
Ralph,0.007592
Willie,0.006836
Howard,0.006747
Clarence,0.006727
Kenneth,0.006692
David,0.006628
Louis,0.006553
Carl,0.006373
Fred,0.005991
Earl,0.005886
Roy,0.005881
Eugene,0.0058
Francis,0.005635
Joe,0.005622
Ernest,0.005219
Stanley,0.005153
Lawrence,0.005131
Leonard,0.00494
Herbert,0.004887
Anthony,0.00467
Alfred,0.004542
Samuel,0.004408
Elmer,0.003923
Bernard,0.003861
Michael,0.003859
Andrew,0.003792
Norman,0.003747
Leo,0.003739
Russell,0.003589
Daniel,0.003474
Edwin,0.003395
Chester,0.003379
Leroy,0.003373
Theodore,0.00337
Melvin,0.003333
Peter,0.003326
Lloyd,0.003188
Floyd,0.003076
Clifford,0.002992
Herman,0.002982
Lester,0.002973
Marvin,0.002954
Frederick,0.002892
Vernon,0.002878
Charlie,0.002847
Clyde,0.00284
Victor,0.002704
Ray,0.002683
Gerald,0.002652
Philip,0.002494
Vincent,0.00249
Milton,0.002417
Lewis,0.002393
Sam,0.002352
Alvin,0.002351
Jesse,0.002322
Cecil,0.002267
Benjamin,0.002245
Leon,0.002215
Martin,0.002171
Lee,0.002154
Warren,0.002153
Glenn,0.002121
Harvey,0.001996
Willard,0.001987
Gordon,0.001985
Oscar,0.00196
Edgar,0.001956
Wayne,0.001924
Woodrow,0.00178
Claude,0.001748
Everett,0.001744
Arnold,0.001737
Sidney,0.001692
Johnnie,0.001687
Stephen,0.001669
Wilbur,0.001659
Eddie,0.001642
Morris,0.001633
Allen,0.001628
Gilbert,0.00157
Virgil,0.001549
Homer,0.001524
Leslie,0.001515
Marion,0.001465
Wallace,0.001459
Jessie,0.001451
Maurice,0.001447
Max,0.001437
Irving,0.001418
Dale,0.001408
Alexander,0.001399
Hugh,0.001396
Hubert,0.001395
Glen,0.00137
Luther,0.001358
Manuel,0.001341
Curtis,0.001332
Roland,0.001332
Douglas,0.001308
Julius,0.0012979999999999999
Nicholas,0.001297
Roger,0.001278
Steve,0.001275
Horace,0.001195
Ben,0.001193
Oliver,0.001193
Franklin,0.001188
Bill,0.001177
Willis,0.001117
Orville,0.001105
Mike,0.001102
Jerome,0.001093
Tony,0.00108
Wesley,0.001079
Alex,0.001065
Jacob,0.001064
Earnest,0.001048
Tom,0.001043
Jose,0.001011
Jimmie,0.001007
Archie,0.001003
Edmund,9.92e-4
Don,9.4e-4
Otis,9.13e-4
Jerry,9e-4
Guy,8.92e-4
Clayton,8.89e-4
Clifton,8.71e-4
Bruce,8.71e-4
Lyle,8.65e-4
Matthew,8.64e-4
Billy,8.43e-4
Wilson,8.4e-4
Nathan,8.37e-4
Salvatore,8.37e-4
Angelo,8.34e-4
Jim,8.34e-4
Delbert,8.33e-4
Emil,8.32e-4
Bennie,8.22e-4
Calvin,8.21e-4
Ira,8.05e-4
Marshall,8.05e-4
Clinton,8.02e-4
Patrick,8e-4
Wilbert,7.99e-4
Rudolph,7.96e-4
Ervin,7.92e-4
Ronald,7.73e-4
Irvin,7.52e-4
Nathaniel,7.37e-4
Sylvester,7.37e-4
Dan,7.33e-4
Abraham,7.3e-4
Phillip,7.3e-4
Elbert,7.25e-4
Isaac,7.25e-4
Felix,7.14e-4
Dean,7.12e-4
Merle,7.08e-4
Ivan,6.9e-4
Wilfred,6.87e-4
Forrest,6.76e-4
Julian,6.72e-4
Grover,6.71e-4
Nick,6.71e-4
Gene,6.69e-4
Nelson,6.68e-4
Rufus,6.68e-4
Leland,6.6e-4
Johnny,6.5e-4
Keith,6.43e-4
Aaron,6.36e-4
Johnie,6.36e-4
Jay,6.26e-4
Ellis,6.25e-4
Alton,6.21e-4
Emmett,6.21e-4
Dennis,6.17e-4
Pete,6.17e-4
August,6.1e-4
Lowell,6.01e-4
Grady,5.98e-4
Dewey,5.96e-4
Loyd,5.95e-4
Percy,5.87e-4
Otto,5.86e-4
Lonnie,5.83e-4
Mark,5.8e-4
Elwood,5.78e-4
Roscoe,5.78e-4
Mack,5.69e-4
Antonio,5.68e-4
Seymour,5.67e-4
Ted,5.63e-4
Bert,5.61e-4
Ross,5.6e-4
Quentin,5.56e-4
Owen,5.5e-4
Bob,5.39e-4
Myron,5.38e-4
Adam,5.35e-4
Adolph,5.32e-4
Dominic,5.28e-4
Laurence,5.23e-4
Carroll,5.21e-4
Perry,5.21e-4
Amos,5.18e-4
Juan,5.17e-4
Rex,5.13e-4
Eldon,5.09e-4
Karl,5.07e-4
Junior,4.98e-4
Troy,4.92e-4
Malcolm,4.91e-4
Dominick,4.82e-4
Byron,4.8e-4
Allan,4.74e-4
Loren,4.71e-4
Wendell,4.68e-4
Charley,4.64e-4
Fredrick,4.62e-4
Murray,4.57e-4
Sherman,4.55e-4
Tommie,4.51e-4
Burton,4.49e-4
Harley,4.47e-4
Norbert,4.4e-4
Louie,4.38e-4
Erwin,4.36e-4
Jesus,4.32e-4
Freddie,4.29e-4
Austin,4.24e-4
Kermit,4.24e-4
Reuben,4.24e-4
Millard,4.22e-4
Preston,4.22e-4
Jasper,4.19e-4
Cornelius,4.08e-4
Boyd,4.07e-4
Gerard,4.03e-4
Larry,4.03e-4
Grant,4e-4
Carlton,3.91e-4
Edmond,3.89e-4
Aubrey,3.86e-4
Dwight,3.74e-4
Garland,3.74e-4
Steven,3.72e-4
Morton,3.71e-4
Will,3.67e-4
Ollie,3.64e-4
Neil,3.6e-4
Simon,3.58e-4
Mitchell,3.55e-4
Dave,3.55e-4
Roosevelt,3.55e-4
Joel,3.54e-4
Thurman,3.52e-4
Billie,3.51e-4
Maynard,3.51e-4
Cleo,3.5e-4
Mario,3.5e-4
Cleveland,3.48e-4
Jess,3.48e-4
Solomon,3.46e-4
Lynn,3.41e-4
Moses,3.41e-4
Claud,3.39e-4
Clair,3.35e-4
Monroe,3.34e-4
Laverne,3.32e-4
Jake,3.29e-4
Wade,3.29e-4
Wilmer,3.28e-4
Alan,3.26e-4
Rocco,3.26e-4
Elton,3.25e-4
Clark,3.23e-4
Anton,3.22e-4
Ed,3.22e-4
Alphonse,3.19e-4
Elmo,3.19e-4
Gus,3.18e-4
Emanuel,3.17e-4
Harrison,3.16e-4
Alonzo,3.15e-4
Elvin,3.13e-4
Russel,3.12e-4
Doyle,3.11e-4
Rodney,3.1e-4
Carlos,3.09e-4
Duane,3.06e-4
Irwin,3.04e-4
Harlan,3.02e-4
Cyril,2.99e-4
Odell,2.99e-4
Barney,2.98e-4
Emery,2.98e-4
Delmar,2.97e-4
Dallas,2.96e-4
Patsy,2.95e-4
Tommy,2.94e-4
Elijah,2.9e-4
Forest,2.9e-4
Clement,2.9e-4
Hyman,2.89e-4
Neal,2.89e-4
Ruben,2.88e-4
Darrell,2.86e-4
Levi,2.83e-4
Marcus,2.82e-4
Earle,2.8e-4
Andy,2.79e-4
Francisco,2.77e-4
Ramon,2.77e-4
Merrill,2.75e-4
Benny,2.73e-4
Adrian,2.7e-4
Wilburn,2.69e-4
Orval,2.66e-4
Stuart,2.66e-4
Christopher,2.65e-4
Conrad,2.65e-4
Dick,2.65e-4
Ned,2.65e-4
Thaddeus,2.63e-4
Abe,2.61e-4
Emerson,2.61e-4
Alva,2.59e-4
Basil,2.58e-4
Bruno,2.57e-4
Miles,2.57e-4
Armand,2.55e-4
Buford,2.55e-4
Coy,2.54e-4
Roman,2.54e-4
Carmen,2.53e-4
Lionel,2.51e-4
Sterling,2.5e-4
Noah,2.49e-4
Stewart,2.49e-4
Merlin,2.47e-4
Hollis,2.46e-4
Mathew,2.45e-4
Timothy,2.45e-4
Sanford,2.42e-4
Reginald,2.4e-4
Ward,2.4e-4
Randolph,2.38e-4
Eli,2.36e-4
Jimmy,2.35e-4
Wilford,2.35e-4
Teddy,2.34e-4
Weldon,2.33e-4
Jackson,2.31e-4
Herschel,2.3e-4
Wiley,2.3e-4
Pedro,2.29e-4
Orlando,2.28e-4
Sammie,2.28e-4
Saul,2.28e-4
Travis,2.28e-4
Vern,2.28e-4
Ellsworth,2.27e-4
Sol,2.25e-4
Isadore,2.22e-4
Truman,2.22e-4
Emory,2.21e-4
Jean,2.2e-4
Winfred,2.19e-4
Alfonso,2.18e-4
Buster,2.16e-4
Casimir,2.16e-4
Lavern,2.16e-4
Booker,2.14e-4
Everette,2.08e-4
Hiram,2.08e-4
Vito,2.08e-4
Mervin,2.06e-4
Luis,2.05e-4
Newton,2.05e-4
Winston,2.05e-4
Hershel,2.03e-4
Milford,2.03e-4
Ferdinand,2.02e-4
Carmine,1.99e-4
Royal,1.99e-4
Silas,1.98e-4
Harris,1.97e-4
Freeman,1.96e-4
Norris,1.96e-4
Odis,1.96e-4
Omer,1.96e-4
Sheldon,1.96e-4
Milo,1.93e-4
Pasquale,1.92e-4
Riley,1.92e-4
Shirley,1.92e-4
Denver,1.89e-4
Dudley,1.89e-4
Aloysius,1.88e-4
Gabriel,1.88e-4
Eric,1.87e-4
Noble,1.87e-4
Scott,1.86e-4
Foster,1.85e-4
Ambrose,1.84e-4
Delmer,1.84e-4
Bertram,1.83e-4
Jeff,1.82e-4
Olen,1.81e-4
Wilton,1.81e-4
Isidore,1.8e-4
Major,1.8e-4
Marlin,1.8e-4
Armando,1.79e-4
Lenard,1.79e-4
Pat,1.77e-4
Van,1.76e-4
Salvador,1.75e-4
Augustus,1.73e-4
Gail,1.73e-4
Rolland,1.72e-4
Elliott,1.7e-4
Meyer,1.69e-4
Houston,1.68e-4
Bud,1.67e-4
Hobert,1.66e-4
Cletus,1.65e-4
Mose,1.65e-4
Alden,1.64e-4
Elias,1.64e-4
Randall,1.64e-4
Verne,1.64e-4
Lorenzo,1.63e-4
Olin,1.63e-4
Noel,1.62e-4
Ulysses,1.62e-4
Columbus,1.61e-4
Luke,1.61e-4
Lyman,1.61e-4
Edd,1.61e-4
Gregory,1.61e-4
Lamar,1.61e-4
Hal,1.6e-4
Wilber,1.6e-4
Guadalupe,1.59e-4
Spencer,1.59e-4
Sydney,1.59e-4
Al,1.58e-4
Linwood,1.57e-4
Micheal,1.57e-4
Hugo,1.56e-4
Ora,1.56e-4
Vance,1.56e-4
Albin,1.55e-4
Darwin,1.53e-4
Mary,1.53e-4
Justin,1.52e-4
Quinton,1.51e-4
Hoyt,1.5e-4
Frederic,1.49e-4
Dewitt,1.48e-4
Emile,1.48e-4
Theron,1.48e-4
Anderson,1.47e-4
Davis,1.47e-4
Fay,1.47e-4
Nolan,1.47e-4
Jefferson,1.45e-4
Gale,1.42e-4
Isiah,1.42e-4
Ezra,1.41e-4
Harmon,1.41e-4
Kelly,1.4e-4
Lucius,1.4e-4
Shelby,1.4e-4
Valentine,1.4e-4
Fletcher,1.38e-4
Morgan,1.38e-4
Palmer,1.38e-4
Isaiah,1.37e-4
Joshua,1.37e-4
Arlie,1.36e-4
Lemuel,1.35e-4
Miguel,1.35e-4
Blaine,1.34e-4
Elroy,1.34e-4
Haywood,1.34e-4
Royce,1.34e-4
Maxwell,1.32e-4
Alfredo,1.3e-4
Domingo,1.3e-4
Evan,1.3e-4
Oren,1.3e-4
Gustave,1.29e-4
Nickolas,1.29e-4
Phil,1.29e-4
Lucien,1.28e-4
Burl,1.27e-4
Clay,1.27e-4
Israel,1.27e-4
Coleman,1.26e-4
Jules,1.26e-4
Chris,1.25e-4
Dee,1.25e-4
Jewel,1.25e-4
Mason,1.24e-4
Sebastian,1.24e-4
Christian,1.23e-4
Antone,1.22e-4
Augustine,1.22e-4
Mckinley,1.22e-4
Waldo,1.22e-4
Walton,1.22e-4
Dalton,1.21e-4
Granville,1.21e-4
Carlo,1.2e-4
Rubin,1.2e-4
Arther,1.19e-4
Junius,1.19e-4
Alphonso,1.18e-4
Jeremiah,1.18e-4
King,1.18e-4
Taylor,1.18e-4
Benedict,1.17e-4
Sigmund,1.17e-4
Walker,1.17e-4
Carrol,1.16e-4
Rene,1.16e-4
Dock,1.14e-4
Domenic,1.14e-4
Emmitt,1.14e-4
Lincoln,1.14e-4
Omar,1.14e-4
Alberto,1.12e-4
Otha,1.12e-4
Porter,1.12e-4
Casper,1.11e-4
Enoch,1.11e-4
Rupert,1.11e-4
Avery,1.1e-4
Ottis,1.1e-4
Rosario,1.1e-4
Garfield,1.09e-4
Gaylord,1.09e-4
Romeo,1.09e-4
Winfield,1.09e-4
Elden,1.08e-4
Jewell,1.08e-4
Raul,1.08e-4
Constantine,1.07e-4
Napoleon,1.07e-4
Darrel,1.06e-4
Rafael,1.06e-4
Raymon,1.06e-4
Bennett,1.05e-4
Carter,1.05e-4
Dempsey,1.05e-4
Hector,1.05e-4
Elvis,1.04e-4
Harland,1.04e-4
Warner,1.04e-4
Carson,1.03e-4
Felton,1.03e-4
Merton,1.03e-4
Reed,1.03e-4
Elwin,1.02e-4
Guido,1.02e-4
Haskell,1.02e-4
Joesph,1.02e-4
Bernice,1.01e-4
Pershing,1.01e-4
Rollin,1.01e-4
Cyrus,1e-4
Elmore,1e-4
Matt,1e-4
Buck,9.9e-5
Carlyle,9.9e-5
Frances,9.9e-5
Bernie,9.8e-5
Dorsey,9.8e-5
Florian,9.8e-5
Marcel,9.8e-5
Clarance,9.7e-5
Durward,9.7e-5
General,9.7e-5
Julio,9.7e-5
Vaughn,9.7e-5
Pearl,9.7e-5
Raleigh,9.7e-5
Raphael,9.7e-5
Rogers,9.7e-5
Hilton,9.6e-5
Aldo,9.5e-5
Felipe,9.4e-5
Ignatius,9.4e-5
Loyal,9.4e-5
Mahlon,9.4e-5
Bobby,9.3e-5
Buddy,9.3e-5
Casimer,9.3e-5
Ernesto,9.3e-5
Terry,9.3e-5
Beverly,9.2e-5
Clem,9.2e-5
Elzie,9.2e-5
Graham,9.2e-5
Pablo,9.2e-5
Tomas,9.2e-5
Eldred,9.1e-5
Emilio,9.1e-5
Parker,9.1e-5
Theo,9.1e-5
Abel,9e-5
Connie,9e-5
Hermon,9e-5
Jonas,9e-5
Lacy,9e-5
Mortimer,9e-5
Abner,8.9e-5
Alford,8.9e-5
Oswald,8.9e-5
Otho,8.9e-5
Sherwood,8.9e-5
Urban,8.9e-5
Eldridge,8.8e-5
Hobart,8.8e-5
Ivory,8.8e-5
Roberto,8.8e-5
Rudy,8.8e-5
Stanford,8.8e-5
Winford,8.8e-5
Asa,8.7e-5
Carmelo,8.7e-5
Clare,8.7e-5
Dayton,8.7e-5
Oran,8.7e-5
Trinidad,8.7e-5
Dexter,8.6e-5
Early,8.6e-5
Enrique,8.6e-5
Orin,8.6e-5
Webster,8.6e-5
Arden,8.5e-5
Bryan,8.5e-5
Ike,8.5e-5
Seth,8.5e-5
Cloyd,8.4e-5
Edison,8.4e-5
Frankie,8.4e-5
Lonzo,8.4e-5
Sammy,8.4e-5
Alois,8.3e-5
Franklyn,8.3e-5
Garrett,8.3e-5
Hardy,8.3e-5
Wyatt,8.3e-5
Dana,8.2e-5
Fernando,8.2e-5
Gustav,8.2e-5
Loy,8.2e-5
Gary,8.1e-5
Leander,8.1e-5
Logan,8.1e-5
Merl,8.1e-5
Santiago,8.1e-5
Alvie,8e-5
Alvis,8e-5
Americo,8e-5
Jason,8e-5
Carleton,7.9e-5
Elliot,7.9e-5
Garth,7.9e-5
Hazel,7.9e-5
Judson,7.9e-5
Lucian,7.9e-5
Prince,7.9e-5
Rayford,7.9e-5
Verl,7.9e-5
Arvid,7.8e-5
Blair,7.8e-5
Crawford,7.8e-5
Elisha,7.8e-5
Galen,7.8e-5
Merritt,7.8e-5
Murry,7.8e-5
Oral,7.8e-5
Orrin,7.8e-5
Talmadge,7.8e-5
Bobbie,7.7e-5
Ford,7.7e-5
Hamilton,7.7e-5
Lawson,7.7e-5
Aron,7.6e-5
Benjiman,7.6e-5
Beryl,7.6e-5
Carey,7.6e-5
Claudie,7.6e-5
Danny,7.6e-5
Johnson,7.6e-5
Leeroy,7.6e-5
Mac,7.6e-5
Meredith,7.6e-5
Roderick,7.6e-5
Shelton,7.6e-5
Dillard,7.5e-5
Edsel,7.5e-5
Garnett,7.5e-5
Lois,7.5e-5
Miller,7.5e-5
Norwood,7.5e-5
Obie,7.5e-5
Arturo,7.4e-5
Carol,7.4e-5
Elwyn,7.4e-5
Hayward,7.4e-5
Ignacio,7.4e-5
Jonathan,7.4e-5
Milan,7.4e-5
Orvil,7.4e-5
Santos,7.4e-5
Wm,7.4e-5
Domenick,7.3e-5
Lupe,7.3e-5
Newell,7.3e-5
Angus,7.2e-5
Benton,7.2e-5
Bryant,7.2e-5
Emmet,7.2e-5
Emmit,7.2e-5
Ernie,7.2e-5
Jonnie,7.2e-5
June,7.2e-5
Murphy,7.2e-5
Sandy,7.2e-5
Vivian,7.2e-5
Adolphus,7.1e-5
Angel,7.1e-5
Duncan,7.1e-5
Santo,7.1e-5
Tillman,7.1e-5
Bertrand,7e-5
Evert,7e-5
Ewell,7e-5
Gilberto,7e-5
Gregorio,7e-5
Lucious,7e-5
Milburn,7e-5
Reid,7e-5
Sylvan,7e-5
Andres,6.9e-5
Brady,6.9e-5
Archibald,6.8e-5
Bradford,6.8e-5
Estel,6.8e-5
Melton,6.8e-5
Stanton,6.8e-5
Theadore,6.8e-5
Vernie,6.8e-5
Chauncey,6.7e-5
Reynold,6.7e-5
Verner,6.7e-5
Watson,6.7e-5
Waymon,6.7e-5
Bonnie,6.6e-5
Denzil,6.6e-5
Ellwood,6.6e-5
Evans,6.6e-5
Giles,6.6e-5
Golden,6.6e-5
Hilbert,6.6e-5
Lauren,6.6e-5
Ludwig,6.6e-5
Ocie,6.6e-5
Rodolfo,6.6e-5
Rosevelt,6.6e-5
Verlin,6.6e-5
Arlo,6.5e-5
Boyce,6.5e-5
Burdette,6.5e-5
Dorothy,6.5e-5
Elgin,6.5e-5
Fidel,6.5e-5
Vergil,6.5e-5
Werner,6.5e-5
Zack,6.5e-5
Clovis,6.4e-5
Cruz,6.4e-5
Glendon,6.4e-5
Hayden,6.4e-5
Judge,6.4e-5
Murl,6.4e-5
Tracy,6.4e-5
Worth,6.4e-5
Addison,6.3e-5
Kent,6.3e-5
Lawerence,6.3e-5
Lynwood,6.3e-5
Benito,6.2e-5
Doris,6.2e-5
Howell,6.2e-5
Masao,6.2e-5
Orland,6.2e-5
Rodger,6.2e-5
Ruth,6.2e-5
Artis,6.1e-5
Bryce,6.1e-5
Jones,6.1e-5
Lindsey,6.1e-5
Loran,6.1e-5
Maxie,6.1e-5
Normand,6.1e-5
Norton,6.1e-5
Weston,6.1e-5
Brooks,6e-5
Chas,6e-5
Hans,6e-5
Helen,6e-5
Madison,6e-5
Mitchel,6e-5
Pierce,6e-5
Ricardo,6e-5
Rueben,6e-5
Wylie,6e-5
Alec,5.9e-5
Armond,5.9e-5
Berry,5.9e-5
Cleon,5.9e-5
Damon,5.9e-5
Henderson,5.9e-5
Hillard,5.9e-5
Issac,5.9e-5
Jennings,5.9e-5
Lafayette,5.9e-5
Myles,5.9e-5
Rollie,5.9e-5
Ashley,5.8e-5
Lambert,5.8e-5
Odie,5.8e-5
Turner,5.8e-5
Virgle,5.8e-5
Abram,5.7e-5
Enos,5.7e-5
Gardner,5.7e-5
Jerald,5.7e-5
Joy,5.7e-5
Kendall,5.7e-5
Leamon,5.7e-5
Margaret,5.7e-5
Norval,5.7e-5
Olan,5.7e-5
Quinten,5.7e-5
Burt,5.6e-5
Cary,5.6e-5
Cleve,5.6e-5
Craig,5.6e-5
Donnie,5.6e-5
Fredric,5.6e-5
Nunzio,5.6e-5
Smith,5.6e-5
Vester,5.6e-5
Woodroe,5.6e-5
Allie,5.5e-5
Gaston,5.5e-5
Gust,5.5e-5
Hosea,5.5e-5
Melville,5.5e-5
Orvel,5.5e-5
Price,5.5e-5
Ruby,5.5e-5
Tim,5.5e-5
Winton,5.5e-5
Casey,5.4e-5
Clemens,5.4e-5
Cornell,5.4e-5
Dante,5.4e-5
Durwood,5.4e-5
Elza,5.4e-5
Fritz,5.4e-5
Hunter,5.4e-5
Rowland,5.4e-5
Thornton,5.4e-5
Thurston,5.4e-5
Audrey,5.3e-5
Furman,5.3e-5
Garnet,5.3e-5
Hurley,5.3e-5
Kirby,5.3e-5
Nicolas,5.3e-5
Quincy,5.3e-5
Regis,5.3e-5
Washington,5.3e-5
Adelbert,5.2e-5
Bradley,5.2e-5
Caesar,5.2e-5
Donovan,5.2e-5
Godfrey,5.2e-5
Ivy,5.2e-5
Kiyoshi,5.2e-5
Mariano,5.2e-5
Welton,5.2e-5
Yoshio,5.2e-5
Allison,5.1e-5
Ardell,5.1e-5
Arvil,5.1e-5
Earlie,5.1e-5
Kyle,5.1e-5
Nat,5.1e-5
Oakley,5.1e-5
Rexford,5.1e-5
Richmond,5.1e-5
Arvel,5e-5
Christ,5e-5
Eduardo,5e-5
Ernst,5e-5
Gaetano,5e-5
Hilliard,5e-5
Johny,5e-5
Junious,5e-5
Levy,5e-5
Llewellyn,5e-5
Merlyn,5e-5
Pierre,5e-5
Reno,5e-5
Wardell,5e-5
Alfonse,4.9e-5
Cedric,4.9e-5
Ennis,4.9e-5
Hudson,4.9e-5
Huey,4.9e-5
Huston,4.9e-5
Malvin,4.9e-5
Marcellus,4.9e-5
Reese,4.9e-5
Toney,4.9e-5
Aurelio,4.8e-5
Courtney,4.8e-5
Deward,4.8e-5
Douglass,4.8e-5
Hayes,4.8e-5
Merwin,4.8e-5
Ransom,4.8e-5
Rudolf,4.8e-5
Therman,4.8e-5
Arne,4.7e-5
Artie,4.7e-5
Auther,4.7e-5
Clint,4.7e-5
Ezell,4.7e-5
Farris,4.7e-5
Jordan,4.7e-5
Kazuo,4.7e-5
Lenord,4.7e-5
Leopold,4.7e-5
Lorin,4.7e-5
Manley,4.7e-5
Metro,4.7e-5
Olaf,4.7e-5
Oris,4.7e-5
Roswell,4.7e-5
Stacy,4.7e-5
Wellington,4.7e-5
Williard,4.7e-5
Zigmund,4.7e-5
Alma,4.6e-5
Davie,4.6e-5
Ezekiel,4.6e-5
Josiah,4.6e-5
Laddie,4.6e-5
Lon,4.6e-5
Mickey,4.6e-5
Sumner,4.6e-5
Thad,4.6e-5
Adolf,4.5e-5
Ansel,4.5e-5
Arch,4.5e-5
