name,percent
John,0.05116
Robert,0.046385
William,0.045568
James,0.043726
Charles,0.02571
George,0.024144
Joseph,0.023013
Edward,0.018293
Frank,0.01468
Richard,0.014395
Thomas,0.01345
Harold,0.012139
Donald,0.012117
Paul,0.011569
Walter,0.011421
Raymond,0.011111
Henry,0.010025
Jack,0.009461
Arthur,0.009246
Albert,0.008916
Harry,0.008553
Kenneth,0.007882
Ralph,0.007781
Warren,0.006852
David,0.006825
Eugene,0.006785
Howard,0.006774
Clarence,0.00644
Louis,0.006369
Carl,0.006222
Earl,0.005932
Roy,0.00575
Willie,0.005702
Fred,0.005701
Francis,0.005527
Joe,0.005454
Lawrence,0.005254
Ernest,0.005004
Leonard,0.004967
Stanley,0.004603
Anthony,0.004597
Herbert,0.004587
Alfred,0.004331
Samuel,0.004186
Bernard,0.003944
Norman,0.003938
Michael,0.003696
Elmer,0.003646
Daniel,0.003596
Leo,0.003575
Andrew,0.003532
Russell,0.003469
Melvin,0.003409
Edwin,0.003296
Leroy,0.003294
Chester,0.003116
Lloyd,0.003114
Peter,0.003113
Marvin,0.003067
Gerald,0.002975
Frederick,0.002967
Clifford,0.002866
Floyd,0.002857
Herman,0.00283
Theodore,0.002783
Vernon,0.002704
Lester,0.002702
Ray,0.0027
Clyde,0.002657
Vincent,0.002445
Lewis,0.002382
Philip,0.00238
Alvin,0.002367
Leon,0.002301
Milton,0.002271
Charlie,0.00226
Jesse,0.002182
Martin,0.002163
Cecil,0.002162
Glenn,0.002155
Wayne,0.002127
Benjamin,0.002122
Victor,0.002111
Gordon,0.00209
Lee,0.002072
Sam,0.002068
Harvey,0.002007
Wallace,0.001841
Willard,0.001826
Edgar,0.001769
Arnold,0.001745
Oscar,0.001731
Dale,0.001721
Allen,0.001702
Everett,0.001681
Claude,0.001659
Stephen,0.001642
Virgil,0.001606
Roger,0.001584
Wilbur,0.001542
Maurice,0.001536
Marion,0.001506
Gilbert,0.001499
Morris,0.001467
Homer,0.001455
Leslie,0.001446
Roland,0.00143
Billy,0.001429
Johnnie,0.001427
Sidney,0.001392
Douglas,0.001375
Nicholas,0.001371
Max,0.001369
Manuel,0.001367
Hubert,0.001363
Alexander,0.001346
Jessie,0.001338
Eddie,0.001325
Glen,0.001319
Hugh,0.001304
Bill,0.001302
Curtis,0.001296
Luther,0.00128
Irving,0.001241
Jerome,0.001238
Franklin,0.001186
Wesley,0.001166
Julius,0.001164
Horace,0.001159
Steve,0.001134
Calvin,0.00112
Willis,0.001063
Jose,0.001059
Tony,0.001052
Oliver,0.001049
Don,0.00103
Orville,0.001011
Earnest,9.93e-4
Guy,9.89e-4
Ben,9.88e-4
Jerry,9.77e-4
Edmund,9.7e-4
Jacob,9.64e-4
Tom,9.62e-4
Mike,9.53e-4
Bruce,9.4e-4
Jimmie,9.25e-4
Angelo,9.21e-4
Alex,8.96e-4
Lyle,8.85e-4
Patrick,8.82e-4
Keith,8.77e-4
Otis,8.77e-4
Ronald,8.75e-4
Archie,8.6e-4
Delbert,8.53e-4
Rudolph,8.46e-4
Clayton,8.34e-4
Salvatore,8.32e-4
Clifton,8.2e-4
Phillip,8.06e-4
Matthew,8.02e-4
Wilbert,7.91e-4
Marshall,7.87e-4
Junior,7.73e-4
Ira,7.72e-4
Jim,7.72e-4
Dean,7.7e-4
Gene,7.7e-4
Clinton,7.69e-4
Leland,7.6e-4
Ervin,7.55e-4
Merle,7.34e-4
Jay,7.29e-4
Emil,7.22e-4
Johnny,7.2e-4
Ivan,7.19e-4
Bob,7.02e-4
Irvin,6.93e-4
Forrest,6.86e-4
Bennie,6.79e-4
Julian,6.72e-4
Nick,6.72e-4
Dewey,6.71e-4
Sylvester,6.64e-4
Nathaniel,6.59e-4
Nathan,6.58e-4
Antonio,6.51e-4
Wilfred,6.47e-4
Dennis,6.36e-4
Dan,6.3e-4
Rufus,6.3e-4
Elbert,6.26e-4
Owen,6.2e-4
Nelson,6.17e-4
Seymour,6.16e-4
Aaron,6.11e-4
Lowell,6.07e-4
Grover,6.06e-4
Alton,6.04e-4
Woodrow,6e-4
Ellis,5.99e-4
Abraham,5.99e-4
Carroll,5.89e-4
Felix,5.86e-4
Pete,5.85e-4
Bert,5.81e-4
Isaac,5.67e-4
Otto,5.63e-4
Lonnie,5.63e-4
Johnie,5.53e-4
Mark,5.52e-4
Grady,5.48e-4
August,5.39e-4
Elwood,5.39e-4
Myron,5.37e-4
Ted,5.37e-4
Emmett,5.36e-4
Murray,5.33e-4
Percy,5.29e-4
Loyd,5.27e-4
Laurence,5.26e-4
Malcolm,5.26e-4
Wilson,5.26e-4
Eldon,5.24e-4
Rex,5.19e-4
Wendell,5.14e-4
Adam,5.12e-4
Allan,5.09e-4
Dominick,5.09e-4
Fredrick,5.09e-4
Norbert,5.06e-4
Juan,5.02e-4
Karl,5.01e-4
Perry,4.95e-4
Byron,4.91e-4
Dominic,4.85e-4
Billie,4.83e-4
Duane,4.82e-4
Roscoe,4.82e-4
Amos,4.81e-4
Harley,4.7e-4
Gerard,4.68e-4
Troy,4.68e-4
Mack,4.63e-4
Adolph,4.62e-4
Ross,4.54e-4
Jesus,4.52e-4
Burton,4.41e-4
Mario,4.39e-4
Freddie,4.37e-4
Erwin,4.35e-4
Neil,4.35e-4
Loren,4.34e-4
Dwight,4.33e-4
Larry,4.32e-4
Sherman,4.28e-4
Carlton,4.25e-4
Aubrey,4.22e-4
Doyle,4.06e-4
Morton,4.06e-4
Millard,4.05e-4
Charley,4e-4
Garland,3.99e-4
Cornelius,3.96e-4
Preston,3.93e-4
Boyd,3.86e-4
Austin,3.84e-4
Louie,3.76e-4
Steven,3.76e-4
Wilmer,3.75e-4
Mitchell,3.73e-4
Harlan,3.65e-4
Grant,3.62e-4
Tommie,3.6e-4
Laverne,3.58e-4
Edmond,3.52e-4
Tommy,3.52e-4
Reuben,3.51e-4
Joel,3.47e-4
Maynard,3.47e-4
Simon,3.46e-4
Carlos,3.45e-4
Jasper,3.43e-4
Elton,3.38e-4
Russel,3.37e-4
Wade,3.35e-4
Moses,3.34e-4
Will,3.3e-4
Alan,3.3e-4
Monroe,3.29e-4
Dallas,3.26e-4
Darrell,3.25e-4
Elmo,3.25e-4
Lynn,3.2e-4
Roosevelt,3.2e-4
Jimmy,3.17e-4
Rodney,3.17e-4
Jake,3.16e-4
Francisco,3.16e-4
Solomon,3.15e-4
Clark,3.13e-4
Ruben,3.13e-4
Marcus,3.12e-4
Emanuel,3.1e-4
Ramon,3.09e-4
Stuart,3.08e-4
Rocco,3.08e-4
Harrison,3.07e-4
Dick,3.06e-4
Cleo,3.05e-4
Elvin,3.03e-4
Neal,3.03e-4
Thurman,3.03e-4
Merlin,3.01e-4
Cleveland,2.99e-4
Jess,2.98e-4
Buford,2.94e-4
Lionel,2.93e-4
Earle,2.91e-4
Cyril,2.9e-4
Delmar,2.9e-4
Gus,2.87e-4
Irwin,2.87e-4
Pedro,2.87e-4
Odell,2.86e-4
Kermit,2.85e-4
Patsy,2.84e-4
Alfonso,2.81e-4
Clair,2.81e-4
Conrad,2.8e-4
Dave,2.8e-4
Benny,2.79e-4
Carmen,2.77e-4
Andy,2.76e-4
Alonzo,2.74e-4
Bruno,2.74e-4
Vito,2.67e-4
Wilburn,2.67e-4
Wiley,2.67e-4
Clement,2.65e-4
Armand,2.62e-4
Emery,2.58e-4
Hollis,2.58e-4
Stewart,2.57e-4
Eli,2.56e-4
Ollie,2.56e-4
Christopher,2.55e-4
Claud,2.55e-4
Jean,2.55e-4
Alva,2.54e-4
Barney,2.54e-4
Ned,2.54e-4
Norris,2.54e-4
Winston,2.54e-4
Ed,2.5e-4
Adrian,2.5e-4
Thaddeus,2.48e-4
Merrill,2.47e-4
Weldon,2.45e-4
Herschel,2.43e-4
Ellsworth,2.43e-4
Alphonse,2.42e-4
Teddy,2.42e-4
Bobby,2.41e-4
Ward,2.4e-4
Randolph,2.38e-4
Reginald,2.38e-4
Sammie,2.37e-4
Wilford,2.37e-4
Sterling,2.36e-4
Levi,2.36e-4
Basil,2.34e-4
Orval,2.34e-4
Anton,2.3e-4
Vern,2.29e-4
Emory,2.27e-4
Roman,2.26e-4
Elijah,2.25e-4
Lavern,2.23e-4
Forest,2.21e-4
Sanford,2.2e-4
Timothy,2.19e-4
Travis,2.19e-4
Noah,2.17e-4
Sol,2.17e-4
Jackson,2.16e-4
Harris,2.14e-4
Van,2.14e-4
Hyman,2.11e-4
Luis,2.1e-4
Truman,2.09e-4
Armando,2.08e-4
Emerson,2.08e-4
Pasquale,2.08e-4
Harding,2.07e-4
Miles,2.06e-4
Quentin,2.06e-4
Elliott,2.05e-4
Milford,2.05e-4
Buster,2.04e-4
Abe,2.02e-4
Saul,2.01e-4
Shirley,2e-4
Winfred,1.97e-4
Pat,1.95e-4
Sheldon,1.95e-4
Silas,1.95e-4
Ferdinand,1.94e-4
Gabriel,1.93e-4
Carmine,1.91e-4
Mervin,1.9e-4
Omer,1.9e-4
Salvador,1.9e-4
Isadore,1.87e-4
Darwin,1.86e-4
Burl,1.85e-4
Hershel,1.85e-4
Marlin,1.85e-4
Odis,1.84e-4
Rolland,1.81e-4
Gale,1.8e-4
Scott,1.8e-4
Coy,1.79e-4
Freeman,1.79e-4
Lorenzo,1.78e-4
Everette,1.78e-4
Frederic,1.78e-4
Hugo,1.78e-4
Lyman,1.76e-4
Aloysius,1.75e-4
Foster,1.75e-4
Ulysses,1.75e-4
Milo,1.74e-4
Olin,1.74e-4
Royce,1.74e-4
Delmer,1.71e-4
Raul,1.71e-4
Spencer,1.71e-4
Alden,1.71e-4
Ambrose,1.71e-4
Bertram,1.71e-4
Orlando,1.7e-4
Denver,1.69e-4
Royal,1.69e-4
Bud,1.68e-4
Mathew,1.68e-4
Nolan,1.68e-4
Casimir,1.65e-4
Mary,1.65e-4
Hiram,1.63e-4
Wilton,1.63e-4
Morgan,1.62e-4
Dudley,1.61e-4
Gregory,1.61e-4
Lenard,1.61e-4
Noel,1.59e-4
Eric,1.58e-4
Linwood,1.57e-4
Booker,1.56e-4
Gail,1.56e-4
Hal,1.56e-4
Lamar,1.56e-4
Cletus,1.54e-4
Randall,1.54e-4
Guadalupe,1.53e-4
Olen,1.52e-4
Augustus,1.51e-4
Houston,1.5e-4
Arlie,1.49e-4
Harmon,1.49e-4
Newton,1.49e-4
Sydney,1.49e-4
Warner,1.47e-4
Emile,1.46e-4
Fletcher,1.46e-4
Hobert,1.45e-4
Luke,1.45e-4
Micheal,1.45e-4
Ezra,1.44e-4
Vance,1.44e-4
Verne,1.44e-4
Jeff,1.42e-4
Jefferson,1.42e-4
Noble,1.42e-4
Rene,1.42e-4
Riley,1.42e-4
Major,1.42e-4
Dewitt,1.41e-4
Palmer,1.4e-4
Alfredo,1.39e-4
Blaine,1.39e-4
Clay,1.39e-4
Evan,1.38e-4
Roberto,1.38e-4
Augustine,1.37e-4
Phil,1.37e-4
Hoyt,1.36e-4
Waldo,1.34e-4
Elroy,1.34e-4
Harland,1.34e-4
Hardy,1.33e-4
Theron,1.33e-4
Columbus,1.32e-4
Elias,1.32e-4
Meyer,1.32e-4
Mose,1.31e-4
Alberto,1.3e-4
Dalton,1.29e-4
Lemuel,1.29e-4
Trinidad,1.29e-4
Chris,1.28e-4
Coleman,1.28e-4
Wilber,1.28e-4
Darrel,1.27e-4
Carrol,1.27e-4
Elwin,1.27e-4
Oren,1.27e-4
Domenic,1.26e-4
Mason,1.26e-4
Davis,1.25e-4
Israel,1.25e-4
Lucien,1.25e-4
Ora,1.25e-4
Reed,1.25e-4
Domingo,1.23e-4
Guido,1.22e-4
Merton,1.22e-4
Rafael,1.22e-4
Rupert,1.22e-4
Albin,1.21e-4
Raleigh,1.21e-4
Justin,1.2e-4
Otha,1.2e-4
Hobart,1.2e-4
Shelby,1.2e-4
Benedict,1.19e-4
Bobbie,1.19e-4
Jewel,1.19e-4
Lucius,1.18e-4
Kelly,1.17e-4
Vaughn,1.17e-4
Christian,1.16e-4
Pablo,1.16e-4
Antone,1.15e-4
Anderson,1.14e-4
Fernando,1.14e-4
Isidore,1.14e-4
Sebastian,1.14e-4
Bryce,1.13e-4
Hector,1.13e-4
Jeremiah,1.13e-4
Miguel,1.13e-4
Alphonso,1.13e-4
Cyrus,1.13e-4
Graham,1.13e-4
Walker,1.13e-4
Walton,1.13e-4
Fay,1.12e-4
Junius,1.12e-4
Aldo,1.11e-4
Raymon,1.11e-4
Carol,1.1e-4
Dante,1.1e-4
Florian,1.1e-4
Joshua,1.1e-4
Nickolas,1.1e-4
Terry,1.1e-4
Avery,1.09e-4
Gustave,1.09e-4
Elden,1.08e-4
Eldred,1.07e-4
Jonathan,1.07e-4
Carlo,1.06e-4
Judson,1.06e-4
Tomas,1.06e-4
Dock,1.05e-4
Lincoln,1.05e-4
Al,1.05e-4
Bernice,1.05e-4
Dee,1.05e-4
Porter,1.05e-4
Granville,1.04e-4
Isiah,1.04e-4
Julio,1.04e-4
Rogers,1.04e-4
Edd,1.03e-4
Lacy,1.03e-4
Napoleon,1.03e-4
Jules,1.02e-4
Jewell,1.01e-4
Joesph,1.01e-4
Merritt,1.01e-4
Sammy,1.01e-4
Emilio,1e-4
Ottis,1e-4
Haywood,9.9e-5
Buddy,9.8e-5
Gaylord,9.8e-5
Arden,9.8e-5
Enoch,9.8e-5
Rosario,9.8e-5
Talmadge,9.8e-5
Rudy,9.7e-5
Maxwell,9.6e-5
Seth,9.6e-5
Arther,9.5e-5
Dempsey,9.5e-5
Isaiah,9.5e-5
Taylor,9.5e-5
Theo,9.5e-5
Alvie,9.4e-5
Dana,9.4e-5
Durward,9.4e-5
Roderick,9.4e-5
Romeo,9.4e-5
Constantine,9.3e-5
Frances,9.3e-5
Mckinley,9.3e-5
Rubin,9.3e-5
Ernesto,9.2e-5
Hilton,9.2e-5
Winfield,9.2e-5
Americo,9.1e-5
Quinton,9.1e-5
Asa,9.1e-5
Bryan,9.1e-5
Bryant,9.1e-5
Matt,9.1e-5
Santo,9.1e-5
Valentine,9.1e-5
Beverly,9e-5
Casimer,9e-5
Danny,9e-5
Eldridge,9e-5
Orin,9e-5
Felipe,8.9e-5
Marcel,8.9e-5
Meredith,8.9e-5
Otho,8.9e-5
Raphael,8.9e-5
Rollin,8.9e-5
Dorsey,8.8e-5
Elzie,8.8e-5
Felton,8.8e-5
Garfield,8.8e-5
Hermon,8.8e-5
Alvis,8.7e-5
Elisha,8.7e-5
King,8.7e-5
Lucian,8.7e-5
Emmitt,8.6e-5
Enrique,8.6e-5
Leander,8.6e-5
Santos,8.6e-5
Winford,8.6e-5
Carson,8.5e-5
Jason,8.5e-5
Sigmund,8.5e-5
Dillard,8.4e-5
Enrico,8.4e-5
Galen,8.4e-5
Omar,8.4e-5
Oran,8.4e-5
Elmore,8.3e-5
Ernie,8.3e-5
Milan,8.3e-5
Myles,8.3e-5
Clarance,8.3e-5
Frankie,8.3e-5
Franklyn,8.3e-5
Santiago,8.3e-5
Arturo,8.2e-5
Stanford,8.2e-5
Buck,8.1e-5
Clare,8.1e-5
Sherwood,8.1e-5
Andres,8e-5
Emmet,8e-5
General,8e-5
Rodolfo,8e-5
Urban,8e-5
Abner,7.9e-5
Bernie,7.9e-5
Claudie,7.9e-5
Elwyn,7.9e-5
Ignatius,7.9e-5
Lon,7.9e-5
Benjiman,7.8e-5
Bertrand,7.8e-5
Gregorio,7.8e-5
Haskell,7.8e-5
Alford,7.7e-5
Leeroy,7.7e-5
Bradford,7.6e-5
Carlyle,7.6e-5
Dorothy,7.6e-5
Estel,7.6e-5
Gaetano,7.6e-5
Edison,7.6e-5
Jennings,7.6e-5
Lafayette,7.6e-5
Logan,7.6e-5
Normand,7.6e-5
Orvil,7.6e-5
Oswald,7.6e-5
Bennett,7.5e-5
Brooks,7.5e-5
Early,7.5e-5
Elliot,7.5e-5
Elvis,7.5e-5
Gary,7.5e-5
Johnson,7.5e-5
Loyal,7.5e-5
Miller,7.5e-5
Pearl,7.5e-5
Abel,7.4e-5
Chauncey,7.4e-5
Connie,7.4e-5
Ignacio,7.4e-5
Kevin,7.4e-5
Shelton,7.4e-5
Boyce,7.3e-5
Cloyd,7.3e-5
Domenick,7.3e-5
Evert,7.3e-5
Mortimer,7.3e-5
Reynold,7.3e-5
Carleton,7.2e-5
Carter,7.2e-5
Lupe,7.2e-5
Prince,7.2e-5
Blair,7.1e-5
Casper,7.1e-5
Doris,7.1e-5
Harden,7.1e-5
Mahlon,7.1e-5
Craig,7e-5
Ford,7e-5
Loy,7e-5
Melton,7e-5
Oral,7e-5
Virgle,7e-5
Aron,6.9e-5
Arvil,6.9e-5
Burt,6.9e-5
Dexter,6.9e-5
Garnett,6.9e-5
Garrett,6.9e-5
Ike,6.9e-5
Jordan,6.9e-5
Norwood,6.9e-5
Berry,6.9e-5
Hayward,6.9e-5
Ivory,6.9e-5
Jerald,6.9e-5
Margarito,6.9e-5
Rowland,6.9e-5
Theadore,6.9e-5
Addison,6.8e-5
Arvel,6.8e-5
Crawford,6.8e-5
Evans,6.8e-5
Glendon,6.8e-5
Vernie,6.8e-5
Winton,6.8e-5
Dayton,6.7e-5
Duncan,6.7e-5
Garth,6.7e-5
Sandy,6.7e-5
Smith,6.7e-5
Sylvan,6.7e-5
Benito,6.6e-5
Cary,6.6e-5
Cleon,6.6e-5
Howell,6.6e-5
June,6.6e-5
Thornton,6.6e-5
Turner,6.6e-5
Vicente,6.6e-5
Audrey,6.5e-5
Barton,6.5e-5
Hamilton,6.5e-5
Hazel,6.5e-5
Hiroshi,6.5e-5
Lois,6.5e-5
Merl,6.5e-5
Nicolas,6.5e-5
Ruby,6.5e-5
Alois,6.4e-5
Arvid,6.4e-5
Gilberto,6.4e-5
Gustav,6.4e-5
Hardin,6.4e-5
Jonas,6.4e-5
Lauren,6.4e-5
Newell,6.4e-5
Richmond,6.4e-5
Rueben,6.4e-5
Edsel,6.3e-5
Hillard,6.3e-5
Orrin,6.3e-5
Thurston,6.3e-5
Yoshio,6.3e-5
Carmelo,6.2e-5
Claire,6.2e-5
Clem,6.2e-5
Fredric,6.2e-5
Kent,6.2e-5
Lonzo,6.2e-5
Rayford,6.2e-5
Regis,6.2e-5
Watson,6.2e-5
Alejandro,6.2e-5
Armond,6.2e-5
Hayden,6.2e-5
Lawerence,6.2e-5
Mac,6.2e-5
Murry,6.2e-5
Orland,6.2e-5
Vergil,6.2e-5
Webster,6.2e-5
Wm,6.2e-5
Alec,6.1e-5
Angel,6.1e-5
Angus,6.1e-5
Delton,6.1e-5
Donovan,6.1e-5
Gaston,6.1e-5
Malvin,6.1e-5
Reynaldo,6.1e-5
Stanton,6.1e-5
Vester,6.1e-5
Adolphus,6e-5
Carey,6e-5
Foy,6e-5
Hans,6e-5
Leopold,6e-5
Milburn,6e-5
Obie,6e-5
Terence,6e-5
Daryl,5.9e-5
Denzil,5.9e-5
Donal,5.9e-5
Kendall,5.9e-5
Kyle,5.9e-5
Madison,5.9e-5
Reese,5.9e-5
Emmit,5.8e-5
Newman,5.8e-5
Parker,5.8e-5
Toshio,5.8e-5
Adelbert,5.7e-5
Ardell,5.7e-5
Benton,5.7e-5
Helen,5.7e-5
Ivy,5.7e-5
Lambert,5.7e-5
Llewellyn,5.7e-5
Murphy,5.7e-5
Norval,5.7e-5
Nunzio,5.7e-5
Pierce,5.7e-5
Reid,5.7e-5
Tracy,5.7e-5
Vivian,5.7e-5
Beryl,5.6e-5
Bradley,5.6e-5
Burnell,5.6e-5
Fritz,5.6e-5
Furman,5.6e-5
Glenwood,5.6e-5
Lawson,5.6e-5
Leamon,5.6e-5
Lorin,5.6e-5
Rodger,5.6e-5
Verl,5.6e-5
Verlin,5.6e-5
Durwood,5.5e-5
Elza,5.5e-5
Hilbert,5.5e-5
Loran,5.5e-5
Mariano,5.5e-5
Verner,5.5e-5
Blake,5.4e-5
Clemens,5.4e-5
Clovis,5.4e-5
Ellwood,5.4e-5
Linus,5.4e-5
Allie,5.4e-5
Artis,5.4e-5
Bonnie,5.4e-5
Cameron,5.4e-5
Cleve,5.4e-5
Enos,5.4e-5
Finis,5.4e-5
Jones,5.4e-5
Waymon,5.4e-5
Wyman,5.4e-5
Allison,5.3e-5
Brady,5.3e-5
Cedric,5.3e-5
Elgin,5.3e-5
Gino,5.3e-5
Kay,5.3e-5
Masao,5.3e-5
Terrence,5.3e-5
Washington,5.3e-5
Welton,5.3e-5
Werner,5.3e-5
Zack,5.3e-5
Dwayne,5.2e-5
Eduardo,5.2e-5
Henderson,5.2e-5
Kennith,5.2e-5
Merwin,5.2e-5
Silvio,5.2e-5
Arlo,5.1e-5
Artie,5.1e-5
Burley,5.1e-5
Golden,5.1e-5
Huey,5.1e-5
Issac,5.1e-5
Maxie,5.1e-5
Pierre,5.1e-5
Ruth,5.1e-5
Thad,5.1e-5
Zane,5.1e-5
Cruz,5e-5
Gardner,5e-5
Gayle,5e-5
Hampton,5e-5
Kazuo,5e-5
Kirby,5e-5
Lindsey,5e-5
Merlyn,5e-5
Murl,5e-5
Norton,5e-5
Whitney,5e-5
Ewell,4.9e-5
Ezekiel,4.9e-5
Garold,4.9e-5
Marcos,4.9e-5
Melville,4.9e-5
Mitchel,4.9e-5
Olan,4.9e-5
Porfirio,4.9e-5
Wilfrid,4.9e-5
Godfrey,4.8e-5
Hosea,4.8e-5
Verle,4.8e-5
Cosmo,4.7e-5
Glynn,4.7e-5
Harrell,4.7e-5
Laurel,4.7e-5
Ludwig,4.7e-5
Manley,4.7e-5
Ricardo,4.7e-5
Tim,4.7e-5
Agustin,4.7e-5
Dewayne,4.7e-5
Joyce,4.7e-5
Marcellus,4.7e-5
Margaret,4.7e-5
Mickey,4.7e-5
Nello,4.7e-5
Oris,4.7e-5
Quincy,4.7e-5
Rosevelt,4.7e-5
Tillman,4.7e-5
Worth,4.7e-5
Arne,4.6e-5
Clint,4.6e-5
Earlie,4.6e-5
Garvin,4.6e-5
Giles,4.6e-5
Judge,4.6e-5
Reno,4.6e-5
Wardell,4.6e-5
Archibald,4.5e-5
Chalmer,4.5e-5
Farris,4.5e-5
Federico,4.5e-5
Hideo,4.5e-5
Kiyoshi,4.5e-5
Lucious,4.5e-5
Luverne,4.5e-5
Ocie,4.5e-5
Reinhold,4.5e-5
Williams,4.5e-5
Adolf,4.4e-5
Art,4.4e-5
Arvin,4.4e-5
Eloy,4.4e-5
Fidel,4.4e-5
Garnet,4.4e-5
Junious,4.4e-5
Marco,4.4e-5
Odie,4.4e-5
Olaf,4.4e-5
