name,percent
John,0.050889
Robert,0.047819
William,0.04544
James,0.044264
Charles,0.025642
George,0.024302
Joseph,0.022848
Edward,0.018154
Richard,0.015598
Frank,0.014227
Thomas,0.01357
Donald,0.01326
Harold,0.012069
Paul,0.011492
Walter,0.01123
Raymond,0.010779
Henry,0.009966
Jack,0.009638
Arthur,0.009
Albert,0.008778
Kenneth,0.008234
Harry,0.008075
Ralph,0.007542
David,0.006983
Eugene,0.006982
Howard,0.006484
Louis,0.006303
Willie,0.006139
Clarence,0.006095
Carl,0.005948
Earl,0.005739
Roy,0.005738
Fred,0.005545
Francis,0.005466
Joe,0.005414
Lawrence,0.005137
Ernest,0.004886
Leonard,0.004803
Anthony,0.004522
Herbert,0.004488
Stanley,0.004482
Alfred,0.004292
Samuel,0.004084
Norman,0.004028
Warren,0.003983
Bernard,0.003915
Daniel,0.003802
Michael,0.003545
Russell,0.003524
Melvin,0.003482
Leo,0.003469
Edwin,0.003399
Andrew,0.003387
Elmer,0.003317
Leroy,0.003263
Marvin,0.003188
Peter,0.003151
Gerald,0.003147
Lloyd,0.002992
Frederick,0.002976
Floyd,0.002864
Theodore,0.00286
Clifford,0.002811
Chester,0.00278
Ray,0.002712
Herman,0.002681
Clyde,0.002671
Vernon,0.002668
Lester,0.002621
Philip,0.002458
Vincent,0.002406
Charlie,0.002361
Alvin,0.002306
Milton,0.002273
Lewis,0.002267
Gordon,0.002248
Leon,0.002238
Wayne,0.002195
Glenn,0.002156
Martin,0.002139
Jesse,0.002125
Lee,0.002107
Benjamin,0.002106
Sam,0.002088
Victor,0.002069
Cecil,0.002067
Wallace,0.001966
Harvey,0.001963
Dale,0.001813
Billy,0.001799
Willard,0.001792
Oscar,0.001781
Edgar,0.001705
Arnold,0.001686
Allen,0.001684
Roger,0.001643
Claude,0.001603
Everett,0.001595
Virgil,0.00159
Gilbert,0.001549
Wilbur,0.001526
Stephen,0.001524
Maurice,0.001503
Bill,0.001492
Johnnie,0.001466
Douglas,0.001453
Marion,0.00145
Homer,0.001449
Morris,0.001449
Sidney,0.001437
Eddie,0.001412
Jessie,0.001407
Curtis,0.001374
Leslie,0.001374
Roland,0.001371
Hubert,0.001358
Max,0.001349
Luther,0.001306
Manuel,0.001299
Hugh,0.001281
Jerome,0.001263
Nicholas,0.001251
Glen,0.001233
Irving,0.001219
Alexander,0.001206
Franklin,0.001171
Wesley,0.001147
Calvin,0.001142
Julius,0.001135
Steve,0.001127
Jose,0.001114
Willis,0.001113
Horace,0.001111
Oliver,0.001081
Jerry,0.001064
Don,0.001054
Tony,0.001017
Rudolph,0.001011
Jimmie,9.95e-4
Ben,9.94e-4
Guy,9.88e-4
Bruce,9.82e-4
Gene,9.65e-4
Earnest,9.63e-4
Tom,9.61e-4
Lyle,9.36e-4
Ronald,9.28e-4
Junior,9.12e-4
Jacob,9.11e-4
Orville,9.11e-4
Archie,9.08e-4
Patrick,9.05e-4
Edmund,8.99e-4
Salvatore,8.96e-4
Alex,8.93e-4
Otis,8.82e-4
Matthew,8.75e-4
Keith,8.74e-4
Dean,8.72e-4
Clayton,8.7e-4
Angelo,8.69e-4
Delbert,8.67e-4
Mike,8.25e-4
Clinton,8.17e-4
Phillip,8.17e-4
Bennie,8.15e-4
Wilbert,8.01e-4
Clifton,7.87e-4
Jim,7.83e-4
Johnny,7.69e-4
Marshall,7.57e-4
Merle,7.39e-4
Emil,7.32e-4
Dan,7.13e-4
Nathaniel,7.1e-4
Ira,7.05e-4
Ervin,7.03e-4
Nick,7.02e-4
Bob,6.98e-4
Jay,6.92e-4
Julian,6.88e-4
Forrest,6.87e-4
Leland,6.84e-4
Elbert,6.73e-4
Ivan,6.66e-4
Nathan,6.65e-4
Alton,6.61e-4
Rufus,6.56e-4
Seymour,6.53e-4
Isaac,6.41e-4
Wilfred,6.41e-4
Irvin,6.39e-4
Dewey,6.37e-4
Lonnie,6.27e-4
Sylvester,6.26e-4
Aaron,6.24e-4
Lowell,6.18e-4
Dennis,6.02e-4
Antonio,5.94e-4
Mark,5.92e-4
Nelson,5.9e-4
Felix,5.82e-4
Pete,5.73e-4
Grover,5.62e-4
Owen,5.61e-4
Otto,5.6e-4
Norbert,5.59e-4
Ellis,5.57e-4
Murray,5.57e-4
Woodrow,5.54e-4
Duane,5.54e-4
Juan,5.53e-4
Mack,5.51e-4
Rex,5.5e-4
Perry,5.47e-4
Billie,5.46e-4
Bert,5.43e-4
Johnie,5.4e-4
Eldon,5.38e-4
Ted,5.37e-4
Percy,5.34e-4
Wendell,5.34e-4
Abraham,5.33e-4
Byron,5.33e-4
Allan,5.3e-4
August,5.3e-4
Elwood,5.27e-4
Carroll,5.2e-4
Loyd,5.15e-4
Laurence,5.14e-4
Emmett,5.14e-4
Ross,5.1e-4
Grady,5.09e-4
Myron,4.99e-4
Wilson,4.99e-4
Jesus,4.98e-4
Amos,4.91e-4
Loren,4.91e-4
Malcolm,4.87e-4
Dominick,4.86e-4
Adolph,4.84e-4
Fredrick,4.82e-4
Sherman,4.8e-4
Gerard,4.79e-4
Dominic,4.74e-4
Karl,4.66e-4
Harley,4.66e-4
Boyd,4.5e-4
Erwin,4.5e-4
Roscoe,4.49e-4
Troy,4.47e-4
Freddie,4.41e-4
Tommy,4.41e-4
Larry,4.35e-4
Neil,4.34e-4
Alan,4.26e-4
Burton,4.26e-4
Garland,4.26e-4
Millard,4.24e-4
Adam,4.18e-4
Preston,4.16e-4
Aubrey,4.14e-4
Morton,4.1e-4
Louie,4.07e-4
Austin,4.04e-4
Mario,4.02e-4
Dwight,3.97e-4
Carlton,3.95e-4
Doyle,3.94e-4
Carlos,3.92e-4
Reuben,3.89e-4
Charley,3.86e-4
Cornelius,3.86e-4
Tommie,3.78e-4
Jasper,3.77e-4
Grant,3.7e-4
Laverne,3.66e-4
Rodney,3.58e-4
Maynard,3.55e-4
Steven,3.51e-4
Neal,3.46e-4
Edmond,3.45e-4
Rocco,3.44e-4
Mitchell,3.43e-4
Moses,3.43e-4
Harlan,3.42e-4
Lynn,3.4e-4
Dallas,3.38e-4
Jimmy,3.38e-4
Darrell,3.37e-4
Simon,3.36e-4
Harrison,3.33e-4
Bobby,3.31e-4
Odell,3.29e-4
Joel,3.24e-4
Roosevelt,3.24e-4
Dick,3.23e-4
Irwin,3.23e-4
Wilmer,3.23e-4
Thurman,3.21e-4
Ruben,3.19e-4
Elton,3.17e-4
Monroe,3.15e-4
Ramon,3.15e-4
Will,3.13e-4
Wade,3.1e-4
Cleveland,3.08e-4
Elvin,3.07e-4
Emanuel,3.05e-4
Stuart,3.04e-4
Francisco,3.03e-4
Jake,2.97e-4
Conrad,2.95e-4
Solomon,2.95e-4
Merlin,2.93e-4
Pedro,2.93e-4
Russel,2.91e-4
Clark,2.89e-4
Dave,2.89e-4
Ward,2.88e-4
Alonzo,2.83e-4
Clair,2.83e-4
Carmen,2.82e-4
Elmo,2.82e-4
Weldon,2.82e-4
Clement,2.81e-4
Delmar,2.75e-4
Christopher,2.75e-4
Cleo,2.75e-4
Elijah,2.75e-4
Kermit,2.74e-4
Patsy,2.73e-4
Armand,2.71e-4
Buford,2.71e-4
Gus,2.71e-4
Alfonso,2.7e-4
Andy,2.68e-4
Lionel,2.67e-4
Benny,2.66e-4
Forest,2.66e-4
Vito,2.65e-4
Cyril,2.64e-4
Marcus,2.63e-4
Miles,2.61e-4
Ed,2.6e-4
Ned,2.6e-4
Jean,2.58e-4
Alphonse,2.57e-4
Timothy,2.57e-4
Claud,2.56e-4
Stewart,2.53e-4
Randolph,2.52e-4
Reginald,2.51e-4
Merrill,2.47e-4
Wiley,2.46e-4
Adrian,2.45e-4
Luis,2.45e-4
Emery,2.44e-4
Sanford,2.44e-4
Eli,2.43e-4
Hollis,2.43e-4
Lavern,2.41e-4
Orval,2.41e-4
Sterling,2.4e-4
Thaddeus,2.39e-4
Wilford,2.38e-4
Earle,2.36e-4
Vern,2.36e-4
Emory,2.35e-4
Barney,2.34e-4
Levi,2.34e-4
Ollie,2.34e-4
Bruno,2.31e-4
Norris,2.31e-4
Travis,2.31e-4
Winston,2.28e-4
Roman,2.27e-4
Emerson,2.25e-4
Pasquale,2.24e-4
Sammie,2.24e-4
Jess,2.2e-4
Wilburn,2.2e-4
Basil,2.19e-4
Alva,2.18e-4
Anton,2.16e-4
Truman,2.16e-4
Winfred,2.16e-4
Hyman,2.15e-4
Herschel,2.14e-4
Noah,2.11e-4
Cletus,2.07e-4
Harris,2.07e-4
Sheldon,2.07e-4
Teddy,2.07e-4
Carmine,2.06e-4
Pat,2.05e-4
Salvador,2.05e-4
Shirley,2.04e-4
Sol,2.03e-4
Royal,2.03e-4
Omer,2.02e-4
Milford,2.01e-4
Jackson,2e-4
Bertram,1.98e-4
Guadalupe,1.97e-4
Mervin,1.96e-4
Gregory,1.95e-4
Marlin,1.95e-4
Ellsworth,1.94e-4
Coy,1.9e-4
Ferdinand,1.9e-4
Rolland,1.89e-4
Silas,1.89e-4
Lorenzo,1.88e-4
Noel,1.85e-4
Van,1.84e-4
Elliott,1.83e-4
Jeff,1.83e-4
Mathew,1.82e-4
Saul,1.82e-4
Hershel,1.81e-4
Lyman,1.81e-4
Raul,1.79e-4
Eric,1.78e-4
Hiram,1.78e-4
Scott,1.78e-4
Vance,1.78e-4
Daryl,1.77e-4
Booker,1.76e-4
Spencer,1.75e-4
Milo,1.74e-4
Odis,1.73e-4
Olen,1.73e-4
Lenard,1.72e-4
Ulysses,1.72e-4
Gabriel,1.71e-4
Wilton,1.71e-4
Elroy,1.71e-4
Linwood,1.71e-4
Burl,1.7e-4
Lamar,1.7e-4
Foster,1.69e-4
Luke,1.69e-4
Clay,1.68e-4
Columbus,1.68e-4
Darwin,1.67e-4
Bobbie,1.66e-4
Armando,1.65e-4
Everette,1.65e-4
Mary,1.65e-4
Royce,1.65e-4
Buster,1.64e-4
Hobert,1.63e-4
Alden,1.63e-4
Nolan,1.63e-4
Olin,1.63e-4
Evan,1.62e-4
Freeman,1.62e-4
Isadore,1.62e-4
Gale,1.61e-4
Rene,1.61e-4
Delmer,1.59e-4
Dudley,1.59e-4
Orlando,1.59e-4
Bud,1.57e-4
Abe,1.56e-4
Denver,1.55e-4
Gail,1.54e-4
Roberto,1.54e-4
Hal,1.53e-4
Hoyt,1.53e-4
Ambrose,1.52e-4
Alfredo,1.51e-4
Chris,1.5e-4
Frederic,1.5e-4
Newton,1.5e-4
Casimir,1.49e-4
Randall,1.48e-4
Emile,1.47e-4
Augustus,1.46e-4
Houston,1.46e-4
Elias,1.44e-4
Miguel,1.44e-4
Palmer,1.44e-4
Sydney,1.44e-4
Trinidad,1.44e-4
Israel,1.43e-4
Quentin,1.43e-4
Riley,1.43e-4
Christian,1.42e-4
Jefferson,1.42e-4
Aloysius,1.41e-4
Dalton,1.41e-4
Dewitt,1.41e-4
Ora,1.4e-4
Verne,1.39e-4
Wilber,1.39e-4
Blaine,1.39e-4
Harland,1.39e-4
Carlo,1.35e-4
Major,1.35e-4
Noble,1.35e-4
Augustine,1.34e-4
Walton,1.34e-4
Darrel,1.33e-4
Arlie,1.32e-4
Ezra,1.32e-4
Waldo,1.32e-4
Isaiah,1.31e-4
Rafael,1.31e-4
Fletcher,1.3e-4
Domingo,1.29e-4
Mose,1.29e-4
Theron,1.29e-4
Carrol,1.28e-4
Morgan,1.28e-4
Davis,1.26e-4
Lemuel,1.26e-4
Maxwell,1.26e-4
Anderson,1.25e-4
Elden,1.25e-4
Elwin,1.25e-4
Jewel,1.25e-4
Justin,1.25e-4
Kelly,1.25e-4
Rudy,1.25e-4
Tomas,1.25e-4
Benedict,1.24e-4
Cyrus,1.23e-4
Hugo,1.23e-4
Meyer,1.23e-4
Hardy,1.23e-4
Pablo,1.23e-4
Roderick,1.23e-4
Isiah,1.22e-4
Oren,1.22e-4
Lucien,1.21e-4
Phil,1.21e-4
Reed,1.21e-4
Jewell,1.2e-4
Mckinley,1.2e-4
Alberto,1.19e-4
Hilton,1.19e-4
Junius,1.19e-4
Carol,1.18e-4
Hobart,1.18e-4
Lucius,1.18e-4
Arther,1.17e-4
Raleigh,1.17e-4
Mason,1.16e-4
Rupert,1.16e-4
Terry,1.16e-4
Valentine,1.16e-4
Avery,1.16e-4
Constantine,1.16e-4
Fay,1.16e-4
Raphael,1.16e-4
Sammy,1.16e-4
Dana,1.15e-4
Felipe,1.15e-4
Jeremiah,1.15e-4
Merton,1.15e-4
Micheal,1.15e-4
Isidore,1.14e-4
Shelby,1.14e-4
Rubin,1.13e-4
Sebastian,1.13e-4
Buddy,1.12e-4
Edd,1.11e-4
Granville,1.11e-4
Nickolas,1.11e-4
Arden,1.1e-4
Dee,1.1e-4
Enrique,1.1e-4
Hector,1.1e-4
Joshua,1.1e-4
Ottis,1.1e-4
Vaughn,1.1e-4
Albin,1.08e-4
Domenic,1.08e-4
Emmitt,1.08e-4
Warner,1.08e-4
Aldo,1.08e-4
Bernice,1.08e-4
Joesph,1.08e-4
Lucian,1.08e-4
Antone,1.07e-4
Bryan,1.07e-4
Carson,1.07e-4
Fernando,1.07e-4
Gaylord,1.07e-4
Julio,1.07e-4
Stanford,1.06e-4
Guido,1.05e-4
Ignacio,1.05e-4
Otha,1.05e-4
Talmadge,1.05e-4
Emilio,1.04e-4
Felton,1.04e-4
Lacy,1.04e-4
Frankie,1.03e-4
Jonathan,1.03e-4
Elmore,1.02e-4
Gustave,1.02e-4
Harmon,1.02e-4
Arturo,1.01e-4
Edsel,1.01e-4
King,1.01e-4
Marcel,1.01e-4
Coleman,1e-4
Jerald,1e-4
Jules,1e-4
Dock,1e-4
Hermon,1e-4
Walker,1e-4
Rosario,9.9e-5
Al,9.8e-5
Rogers,9.8e-5
Alphonso,9.6e-5
Danny,9.6e-5
Garfield,9.6e-5
Haywood,9.6e-5
Theo,9.6e-5
Dante,9.5e-5
Elvis,9.5e-5
Lincoln,9.5e-5
Merritt,9.5e-5
Americo,9.4e-5
Winfield,9.4e-5
Ernesto,9.3e-5
Graham,9.3e-5
Normand,9.3e-5
Romeo,9.3e-5
Alvie,9.2e-5
Andres,9.2e-5
Dexter,9.2e-5
Edison,9.2e-5
Oran,9.2e-5
Florian,9.2e-5
Raymon,9.2e-5
Boyce,9.1e-5
Clarance,9.1e-5
Otho,9.1e-5
Asa,9e-5
Matt,9e-5
Bennett,8.9e-5
Porter,8.9e-5
Eduardo,8.8e-5
Clem,8.7e-5
Haskell,8.7e-5
Kent,8.7e-5
Prince,8.6e-5
Alvis,8.5e-5
Carmelo,8.5e-5
Elisha,8.5e-5
Jason,8.5e-5
Napoleon,8.5e-5
Beverly,8.4e-5
Carlyle,8.4e-5
Durward,8.4e-5
Franklyn,8.4e-5
Meredith,8.4e-5
Seth,8.4e-5
Carter,8.4e-5
Eldred,8.4e-5
Frances,8.4e-5
Elzie,8.3e-5
Enoch,8.3e-5
Garrett,8.3e-5
Loy,8.3e-5
Reynold,8.3e-5
Rodolfo,8.3e-5
Santos,8.3e-5
Taylor,8.3e-5
Ignatius,8.2e-5
Abel,8.1e-5
Bernie,8.1e-5
Bryce,8.1e-5
Carleton,8.1e-5
Clare,8.1e-5
Dorsey,8.1e-5
Harding,8.1e-5
Judson,8.1e-5
Mahlon,8.1e-5
Santiago,8.1e-5
Sherwood,8.1e-5
Bertrand,8e-5
Milan,8e-5
Orland,8e-5
Winford,8e-5
Angel,7.9e-5
Donal,7.9e-5
Elwyn,7.9e-5
Galen,7.9e-5
June,7.9e-5
Webster,7.9e-5
Hayward,7.8e-5
Benito,7.7e-5
Eldridge,7.7e-5
Adolphus,7.6e-5
Alford,7.6e-5
Bradley,7.6e-5
Bryant,7.6e-5
Casper,7.6e-5
Ford,7.6e-5
Leeroy,7.6e-5
Loyal,7.6e-5
Regis,7.6e-5
Silvio,7.6e-5
Carey,7.6e-5
Domenick,7.6e-5
Reid,7.6e-5
Ricardo,7.6e-5
Santo,7.6e-5
Connie,7.5e-5
Glendon,7.5e-5
Miller,7.5e-5
Chauncey,7.4e-5
Hilbert,7.4e-5
Leander,7.4e-5
Merl,7.4e-5
Rollin,7.4e-5
Burt,7.3e-5
Craig,7.3e-5
Early,7.3e-5
Garnett,7.3e-5
Gorden,7.3e-5
Jackie,7.3e-5
Kyle,7.3e-5
Oral,7.3e-5
Dempsey,7.2e-5
Duncan,7.2e-5
Emmet,7.2e-5
Gilberto,7.2e-5
Mortimer,7.2e-5
Omar,7.2e-5
Abner,7.1e-5
Benton,7.1e-5
Oswald,7.1e-5
Rayford,7.1e-5
Verlin,7.1e-5
General,7e-5
Giles,7e-5
Jonas,7e-5
Myles,7e-5
Sigmund,7e-5
Dayton,6.9e-5
Gaston,6.9e-5
Lawson,6.9e-5
Melton,6.9e-5
Murphy,6.9e-5
Newell,6.9e-5
Orin,6.9e-5
Pearl,6.9e-5
Shelton,6.9e-5
Arlo,6.8e-5
Blair,6.8e-5
Brooks,6.8e-5
Buck,6.8e-5
Orrin,6.8e-5
Claudie,6.8e-5
Ivory,6.8e-5
Parker,6.8e-5
Rowland,6.8e-5
Dillard,6.7e-5
Vester,6.7e-5
Addison,6.6e-5
Benjiman,6.6e-5
Burdette,6.6e-5
Gino,6.6e-5
Gregorio,6.6e-5
Madison,6.6e-5
Murry,6.6e-5
Nicolas,6.6e-5
Norwood,6.6e-5
Quinton,6.6e-5
Theadore,6.6e-5
Turner,6.6e-5
Verl,6.6e-5
Artis,6.5e-5
Casimer,6.5e-5
Doris,6.5e-5
Gary,6.5e-5
Lindsey,6.5e-5
Logan,6.5e-5
Lucious,6.5e-5
Ruth,6.5e-5
Urban,6.5e-5
Virgle,6.5e-5
Zane,6.5e-5
Barton,6.4e-5
Melville,6.4e-5
Merlyn,6.4e-5
Arvel,6.3e-5
Emmit,6.3e-5
Huey,6.3e-5
Kevin,6.3e-5
Thornton,6.3e-5
Tracy,6.3e-5
Damon,6.2e-5
Estel,6.2e-5
Finis,6.2e-5
Gaetano,6.2e-5
Hayden,6.2e-5
Hazel,6.2e-5
Ike,6.2e-5
Joaquin,6.2e-5
Margarito,6.2e-5
Milburn,6.2e-5
Obie,6.2e-5
Armond,6.1e-5
Bonnie,6.1e-5
Bradford,6.1e-5
Brady,6.1e-5
Crawford,6.1e-5
Fidel,6.1e-5
Lafayette,6.1e-5
Rodger,6.1e-5
Sandy,6.1e-5
Angus,6e-5
Clovis,6e-5
Denzil,6e-5
Elza,6e-5
Evans,6e-5
Leopold,6e-5
Masao,6e-5
Maxie,6e-5
Rueben,6e-5
Smith,6e-5
Vernie,6e-5
Vivian,6e-5
Aron,6e-5
Arvid,6e-5
Desmond,6e-5
Evert,6e-5
Helen,6e-5
Loran,6e-5
Watson,6e-5
Wm,6e-5
Claire,5.9e-5
Delton,5.9e-5
Garth,5.9e-5
Hamilton,5.9e-5
Joy,5.9e-5
Ludwig,5.9e-5
Sylvan,5.9e-5
Arvil,5.8e-5
Dorothy,5.8e-5
Furman,5.8e-5
Hillard,5.8e-5
Howell,5.8e-5
Lambert,5.8e-5
Lawerence,5.8e-5
Stanton,5.8e-5
Sumner,5.8e-5
Alois,5.7e-5
Buel,5.7e-5
Elliot,5.7e-5
Fritz,5.7e-5
Gustav,5.7e-5
Jennings,5.7e-5
Kay,5.7e-5
Alejandro,5.6e-5
Arley,5.6e-5
Cleve,5.6e-5
Cruz,5.6e-5
Fernand,5.6e-5
Fredric,5.6e-5
Hans,5.6e-5
Henderson,5.6e-5
Lauren,5.6e-5
Wyman,5.6e-5
Arvin,5.5e-5
Cleon,5.5e-5
Elgin,5.5e-5
Ennis,5.5e-5
Ernie,5.5e-5
Foy,5.5e-5
Kirby,5.5e-5
Lonzo,5.5e-5
Pierce,5.5e-5
Zack,5.5e-5
Beryl,5.4e-5
Christ,5.4e-5
Dewayne,5.4e-5
Earlie,5.4e-5
Hiroshi,5.4e-5
Lois,5.4e-5
Mac,5.4e-5
Marcellus,5.4e-5
Norval,5.4e-5
Alec,5.3e-5
Cary,5.3e-5
Ellwood,5.3e-5
Enrico,5.3e-5
Huston,5.3e-5
Judge,5.3e-5
Kendall,5.3e-5
Mitchel,5.3e-5
Rosevelt,5.3e-5
Willam,5.3e-5
Adelbert,5.2e-5
Archibald,5.2e-5
Burnell,5.2e-5
Cloyd,5.2e-5
Dwayne,5.2e-5
Hampton,5.2e-5
Marshal,5.2e-5
Reno,5.2e-5
Verner,5.2e-5
Wellington,5.2e-5
Brice,5.2e-5
Dorris,5.2e-5
Ezekiel,5.2e-5
Gardner,5.2e-5
Gayle,5.2e-5
Jon,5.2e-5
Lesley,5.2e-5
Lon,5.2e-5
Lupe,5.2e-5
Malvin,5.2e-5
Mickey,5.2e-5
Vicente,5.2e-5
Guillermo,5.1e-5
Kiyoshi,5.1e-5
Olan,5.1e-5
Tillman,5.1e-5
Wilfrid,5.1e-5
Yoshio,5.1e-5
Allie,5e-5
Allison,5e-5
Berry,5e-5
Hunter,5e-5
Issac,5e-5
Jarvis,5e-5
Llewellyn,5e-5
Mariano,5e-5
Welton,5e-5
Winton,5e-5
Cameron,4.9e-5
Clemens,4.9e-5
Jordan,4.9e-5
Lorin,4.9e-5
Murl,4.9e-5
Nunzio,4.9e-5
Orvil,4.9e-5
Ruby,4.9e-5
Thurston,4.9e-5
Worth,4.9e-5
Author,4.8e-5
Burley,4.8e-5
Denis,4.8e-5
Donnie,4.8e-5
Donovan,4.8e-5
Harvie,4.8e-5
Jonnie,4.8e-5
Laurel,4.8e-5
Levy,4.8e-5
Oneal,4.8e-5
Pierre,4.8e-5
Thad,4.8e-5
Wayland,4.8e-5
Art,4.7e-5
Ashley,4.7e-5
Caesar,4.7e-5
Clint,4.7e-5
Durwood,4.7e-5
Ezell,4.7e-5
Ferris,4.7e-5
Kazuo,4.7e-5
Manley,4.7e-5
Marco,4.7e-5
Merwin,4.7e-5
Reynaldo,4.7e-5
Richmond,4.7e-5
Terrence,4.7e-5
Wardell,4.7e-5
Werner,4.7e-5
Williams,4.7e-5
Wylie,4.7e-5
Adolfo,4.6e-5
Artie,4.6e-5
Audrey,4.6e-5
Caleb,4.6e-5
Ewell,4.6e-5
Henery,4.6e-5
Johnson,4.6e-5
Leamon,4.6e-5
Ramiro,4.6e-5
Talmage,4.6e-5
Verle,4.6e-5
Eloy,4.5e-5
Harlen,4.5e-5
Jodie,4.5e-5
Odie,4.5e-5
Reece,4.5e-5
Willian,4.5e-5
Abram,4.4e-5
Brown,4.4e-5
Cornell,4.4e-5
