name,percent
Robert,0.052025
John,0.050537
William,0.045782
James,0.045277
Charles,0.026058
George,0.023409
Joseph,0.021758
Richard,0.018184
Edward,0.018084
Donald,0.015345
Thomas,0.014155
Frank,0.013716
Harold,0.0121
Paul,0.011407
Raymond,0.011005
Walter,0.010854
Jack,0.010208
Henry,0.009575
Kenneth,0.008857
Arthur,0.008699
Albert,0.008451
Harry,0.007801
Ralph,0.007501
David,0.007493
Eugene,0.007136
Howard,0.006304
Carl,0.00606
Louis,0.006024
Clarence,0.005899
Willie,0.005741
Roy,0.005603
Fred,0.005589
Earl,0.00558
Francis,0.00525
Joe,0.00517
Lawrence,0.004944
Ernest,0.004856
Leonard,0.004792
Anthony,0.004453
Stanley,0.004432
Herbert,0.004375
Norman,0.004312
Alfred,0.004216
Calvin,0.004212
Samuel,0.003932
Bernard,0.003852
Daniel,0.00376
Melvin,0.003555
Gerald,0.003552
Marvin,0.003441
Leo,0.003412
Russell,0.003378
Leroy,0.003351
Michael,0.003318
Edwin,0.003243
Andrew,0.003204
Elmer,0.00319
Warren,0.003066
Peter,0.003017
Ray,0.002878
Lloyd,0.002865
Frederick,0.002809
Billy,0.002803
Clifford,0.002778
Theodore,0.002758
Floyd,0.002708
Chester,0.002595
Clyde,0.002568
Vernon,0.002566
Herman,0.002526
Philip,0.002503
Lester,0.002378
Alvin,0.002356
Wayne,0.002337
Gordon,0.002324
Leon,0.002289
Lewis,0.002279
Vincent,0.002254
Glenn,0.002207
Charlie,0.002143
Milton,0.002112
Martin,0.0021
Lee,0.00207
Dale,0.002053
Cecil,0.00197
Jesse,0.00196
Wallace,0.001956
Harvey,0.001921
Benjamin,0.001904
Victor,0.001875
Sam,0.001813
Bill,0.001773
Roger,0.001756
Allen,0.001745
Arnold,0.001718
Edgar,0.001604
Willard,0.001569
Roland,0.001559
Oscar,0.001555
Gilbert,0.001535
Johnnie,0.001487
Maurice,0.001466
Claude,0.001459
Everett,0.00145
Douglas,0.00144
Wilbur,0.001428
Manuel,0.001425
Leslie,0.001419
Homer,0.001407
Stephen,0.001401
Virgil,0.00139
Marion,0.001382
Eddie,0.001365
Jerome,0.001348
Hubert,0.001327
Hugh,0.001313
Curtis,0.001308
Glen,0.0013
Sidney,0.001286
Morris,0.001282
Nicholas,0.001276
Junior,0.001275
Jerry,0.001256
Jessie,0.001251
Don,0.001239
Max,0.001198
Luther,0.001194
Jose,0.001191
Alexander,0.001182
Ronald,0.001167
Wesley,0.001152
Jimmie,0.001128
Bruce,0.001121
Franklin,0.001098
Gene,0.001092
Willis,0.001079
Irving,0.001075
Rudolph,0.001052
Steve,0.00104
Oliver,0.001004
Ben,9.98e-4
Horace,9.97e-4
Bob,9.96e-4
Dean,9.8e-4
Earnest,9.8e-4
Julius,9.7e-4
Patrick,9.58e-4
Edmund,9.55e-4
Tom,9.39e-4
Keith,9.1e-4
Guy,9.03e-4
Johnny,8.96e-4
Archie,8.91e-4
Clayton,8.87e-4
Orville,8.84e-4
Tony,8.82e-4
Salvatore,8.73e-4
Otis,8.65e-4
Lyle,8.56e-4
Jim,8.47e-4
Delbert,8.46e-4
Alex,8.38e-4
Jacob,8.31e-4
Mike,8.26e-4
Angelo,8.19e-4
Phillip,7.74e-4
Billie,7.55e-4
Bennie,7.45e-4
Marshall,7.32e-4
Matthew,7.31e-4
Jay,7.27e-4
Clifton,7.25e-4
Ira,7.14e-4
Clinton,7.11e-4
Lowell,6.99e-4
Duane,6.96e-4
Wilbert,6.94e-4
Dennis,6.93e-4
Dan,6.87e-4
Nathaniel,6.84e-4
Emil,6.76e-4
Seymour,6.73e-4
Ivan,6.71e-4
Merle,6.71e-4
Leland,6.64e-4
Dewey,6.58e-4
Irvin,6.53e-4
Nelson,6.5e-4
Nick,6.41e-4
Juan,6.33e-4
Bobby,6.26e-4
Ervin,6.25e-4
Julian,6.24e-4
Elbert,6.21e-4
Wilfred,6.19e-4
Lonnie,6.15e-4
Rufus,6.09e-4
Sylvester,6.05e-4
Isaac,6.01e-4
Forrest,5.92e-4
Allan,5.91e-4
Antonio,5.89e-4
Aaron,5.83e-4
Nathan,5.82e-4
Alton,5.79e-4
Mark,5.75e-4
Carroll,5.73e-4
Felix,5.68e-4
Jesus,5.66e-4
Malcolm,5.48e-4
Norbert,5.44e-4
Loren,5.43e-4
Wendell,5.42e-4
Owen,5.42e-4
Ellis,5.38e-4
Pete,5.36e-4
Alan,5.33e-4
Bert,5.33e-4
Ted,5.24e-4
Loyd,5.18e-4
Elwood,5.18e-4
Myron,5.18e-4
Otto,5.17e-4
Perry,5.17e-4
Eldon,5.12e-4
Byron,5.08e-4
Freddie,5.07e-4
Murray,5.06e-4
Rex,5.05e-4
Karl,5.01e-4
Ross,5.01e-4
Fredrick,4.98e-4
Johnie,4.98e-4
Emmett,4.96e-4
Dominick,4.95e-4
Grady,4.95e-4
Larry,4.95e-4
Laurence,4.94e-4
August,4.92e-4
Tommy,4.87e-4
Grover,4.86e-4
Percy,4.79e-4
Troy,4.77e-4
Abraham,4.74e-4
Burton,4.71e-4
Wilson,4.67e-4
Mack,4.66e-4
Gerard,4.64e-4
Neil,4.62e-4
Jimmy,4.52e-4
Sherman,4.52e-4
Harlan,4.44e-4
Harley,4.43e-4
Woodrow,4.41e-4
Darrell,4.35e-4
Amos,4.31e-4
Erwin,4.29e-4
Mario,4.17e-4
Dominic,4.14e-4
Irwin,4.14e-4
Doyle,4.02e-4
Morton,4.02e-4
Adam,3.97e-4
Ramon,3.97e-4
Louie,3.94e-4
Boyd,3.93e-4
Aubrey,3.92e-4
Adolph,3.88e-4
Carlos,3.86e-4
Dwight,3.85e-4
Roscoe,3.82e-4
Dick,3.77e-4
Reuben,3.73e-4
Pedro,3.7e-4
Carlton,3.68e-4
Charley,3.67e-4
Austin,3.58e-4
Benny,3.55e-4
Preston,3.53e-4
Garland,3.52e-4
Tommie,3.52e-4
Lynn,3.52e-4
Millard,3.48e-4
Neal,3.48e-4
Laverne,3.46e-4
Roosevelt,3.45e-4
Edmond,3.44e-4
Cornelius,3.41e-4
Ruben,3.41e-4
Rodney,3.39e-4
Jasper,3.37e-4
Conrad,3.3e-4
Wade,3.3e-4
Elton,3.26e-4
Joel,3.23e-4
Grant,3.15e-4
Francisco,3.13e-4
Wilmer,3.13e-4
Mitchell,3.12e-4
Moses,3.08e-4
Maynard,3.07e-4
Rocco,3.07e-4
Stuart,3.06e-4
Alfonso,3.03e-4
Will,3.03e-4
Reginald,2.97e-4
Emanuel,2.94e-4
Dave,2.93e-4
Alonzo,2.93e-4
Carmen,2.93e-4
Cleveland,2.89e-4
Jean,2.87e-4
Merlin,2.87e-4
Adrian,2.87e-4
Harrison,2.85e-4
Luis,2.85e-4
Marcus,2.85e-4
Simon,2.82e-4
Dallas,2.81e-4
Clair,2.8e-4
Russel,2.8e-4
Timothy,2.77e-4
Elvin,2.76e-4
Lionel,2.76e-4
Steven,2.75e-4
Armand,2.75e-4
Elmo,2.67e-4
Sheldon,2.67e-4
Thurman,2.67e-4
Claud,2.64e-4
Norris,2.64e-4
Buford,2.62e-4
Raul,2.61e-4
Jake,2.6e-4
Patsy,2.56e-4
Gus,2.54e-4
Christopher,2.52e-4
Cleo,2.52e-4
Hollis,2.52e-4
Ollie,2.51e-4
Stewart,2.51e-4
Monroe,2.5e-4
Ned,2.49e-4
Delmar,2.47e-4
Teddy,2.47e-4
Clement,2.46e-4
Earle,2.46e-4
Lavern,2.46e-4
Vito,2.46e-4
Wilburn,2.44e-4
Salvador,2.43e-4
Cyril,2.41e-4
Basil,2.4e-4
Clark,2.4e-4
Odell,2.4e-4
Sterling,2.4e-4
Kermit,2.37e-4
Ward,2.37e-4
Thaddeus,2.36e-4
Alva,2.35e-4
Barney,2.35e-4
Sammie,2.34e-4
Weldon,2.34e-4
Ed,2.31e-4
Forest,2.31e-4
Solomon,2.3e-4
Andy,2.28e-4
Emery,2.28e-4
Merrill,2.28e-4
Elijah,2.26e-4
Jess,2.26e-4
Randolph,2.26e-4
Sanford,2.26e-4
Emory,2.25e-4
Bruno,2.22e-4
Winston,2.22e-4
Wilford,2.21e-4
Alphonse,2.14e-4
Eli,2.11e-4
Emerson,2.11e-4
Herschel,2.11e-4
Roman,2.11e-4
Travis,2.1e-4
Gale,2.08e-4
Orval,2.08e-4
Noah,2.07e-4
Vern,2.07e-4
Bobbie,2.06e-4
Pasquale,2.06e-4
Pat,2.06e-4
Roberto,2.06e-4
Truman,2.04e-4
Marlin,2.04e-4
Wiley,2.03e-4
Coy,2.01e-4
Gabriel,2.01e-4
Royce,2.01e-4
Lamar,2e-4
Milford,2e-4
Van,1.99e-4
Miles,1.98e-4
Winfred,1.98e-4
Rolland,1.98e-4
Eric,1.95e-4
Jackson,1.94e-4
Levi,1.94e-4
Gregory,1.93e-4
Cletus,1.93e-4
Harris,1.93e-4
Shirley,1.93e-4
Bertram,1.92e-4
Hershel,1.92e-4
Mary,1.91e-4
Carmine,1.87e-4
Darwin,1.87e-4
Lorenzo,1.86e-4
Royal,1.84e-4
Ellsworth,1.83e-4
Saul,1.82e-4
Silas,1.81e-4
Mervin,1.8e-4
Rudy,1.78e-4
Wilton,1.78e-4
Delmer,1.77e-4
Luke,1.77e-4
Scott,1.77e-4
Alfredo,1.76e-4
Darrel,1.75e-4
Jackie,1.75e-4
Dudley,1.74e-4
Anton,1.73e-4
Guadalupe,1.73e-4
Buster,1.71e-4
Sol,1.7e-4
Lenard,1.69e-4
Noel,1.68e-4
Freeman,1.67e-4
Lyman,1.67e-4
Armando,1.66e-4
Elliott,1.66e-4
Mathew,1.63e-4
Miguel,1.63e-4
Randall,1.63e-4
Linwood,1.61e-4
Quentin,1.6e-4
Hiram,1.59e-4
Jeff,1.59e-4
Spencer,1.59e-4
Ferdinand,1.58e-4
Rene,1.57e-4
Alden,1.57e-4
Alberto,1.56e-4
Booker,1.56e-4
Hal,1.56e-4
Elias,1.54e-4
Micheal,1.53e-4
Omer,1.53e-4
Chris,1.52e-4
Jefferson,1.52e-4
Odis,1.52e-4
Buddy,1.51e-4
Everette,1.51e-4
Bud,1.51e-4
Ulysses,1.51e-4
Abe,1.5e-4
Frederic,1.5e-4
Rafael,1.49e-4
Davis,1.48e-4
Orlando,1.48e-4
Foster,1.47e-4
Gail,1.47e-4
Houston,1.47e-4
Hobert,1.46e-4
Evan,1.45e-4
Hoyt,1.45e-4
Newton,1.45e-4
Olen,1.45e-4
Riley,1.44e-4
Ambrose,1.43e-4
Emilio,1.42e-4
Aloysius,1.41e-4
Denver,1.41e-4
Hyman,1.41e-4
Casimir,1.39e-4
Milo,1.39e-4
Nolan,1.39e-4
Sammy,1.39e-4
Waldo,1.39e-4
Wilber,1.39e-4
Justin,1.38e-4
Pablo,1.36e-4
Elroy,1.35e-4
Fletcher,1.35e-4
Hugo,1.35e-4
Lincoln,1.34e-4
Augustus,1.33e-4
Morgan,1.33e-4
Nickolas,1.33e-4
Aldo,1.32e-4
Normand,1.32e-4
Phil,1.32e-4
Burl,1.31e-4
Isadore,1.31e-4
Vance,1.31e-4
Fernando,1.3e-4
Harland,1.3e-4
Theron,1.3e-4
Al,1.29e-4
Carlo,1.29e-4
Dewitt,1.28e-4
Major,1.28e-4
Arlie,1.27e-4
Clay,1.27e-4
Columbus,1.27e-4
Enrique,1.27e-4
Arturo,1.27e-4
Blaine,1.27e-4
Domingo,1.27e-4
Emile,1.26e-4
Olin,1.26e-4
Carrol,1.25e-4
Julio,1.25e-4
Augustine,1.24e-4
Frankie,1.24e-4
Verne,1.24e-4
Domenic,1.23e-4
Ezra,1.22e-4
Tomas,1.22e-4
Granville,1.21e-4
Elden,1.21e-4
Marcel,1.21e-4
Terry,1.21e-4
Arden,1.19e-4
Hector,1.19e-4
Isiah,1.19e-4
Roderick,1.19e-4
Anderson,1.18e-4
Dalton,1.18e-4
Noble,1.18e-4
Raleigh,1.18e-4
Edsel,1.17e-4
Sebastian,1.17e-4
Harmon,1.16e-4
Hilton,1.16e-4
Isaiah,1.16e-4
Elwin,1.16e-4
Albin,1.13e-4
Carson,1.13e-4
Junius,1.13e-4
Lucien,1.13e-4
Merton,1.13e-4
Carol,1.12e-4
Hobart,1.12e-4
Ernesto,1.1e-4
Ora,1.1e-4
Jewel,1.1e-4
Lemuel,1.1e-4
Sydney,1.1e-4
Ignacio,1.09e-4
Mckinley,1.09e-4
Oren,1.09e-4
Rodolfo,1.09e-4
Danny,1.08e-4
Palmer,1.08e-4
Raymon,1.08e-4
Rollin,1.08e-4
Rubin,1.08e-4
Valentine,1.08e-4
Warner,1.08e-4
Christian,1.07e-4
Jeremiah,1.07e-4
Joesph,1.07e-4
Kelly,1.07e-4
Lacy,1.06e-4
Felipe,1.05e-4
Taylor,1.05e-4
Avery,1.04e-4
Talmadge,1.04e-4
Benito,1.04e-4
Merritt,1.04e-4
Santiago,1.04e-4
Eldridge,1.03e-4
Gaylord,1.02e-4
Elliot,1.01e-4
Guido,1.01e-4
Mason,1.01e-4
Lucius,1e-4
Maxwell,1e-4
Napoleon,1e-4
Benedict,9.9e-5
Bryan,9.9e-5
Rosario,9.9e-5
Vaughn,9.9e-5
Mose,9.8e-5
Constantine,9.8e-5
Jewell,9.8e-5
Joshua,9.8e-5
Romeo,9.8e-5
Dee,9.7e-5
Fay,9.7e-5
Jules,9.7e-5
Ricardo,9.7e-5
Walker,9.7e-5
Angel,9.6e-5
Carter,9.6e-5
Abel,9.5e-5
Bernice,9.5e-5
Dana,9.5e-5
Santos,9.5e-5
King,9.4e-5
Walton,9.4e-5
Cyrus,9.3e-5
Shelby,9.3e-5
Beverly,9.2e-5
Coleman,9.2e-5
Raphael,9.2e-5
Reed,9.2e-5
Rupert,9.2e-5
Arther,9.1e-5
Asa,9.1e-5
Doris,9.1e-5
Emmitt,9.1e-5
Meyer,9.1e-5
Sherwood,9.1e-5
Winford,9.1e-5
Andres,9e-5
Enoch,9e-5
Israel,9e-5
Jason,9e-5
Lucian,9e-5
Elwyn,8.9e-5
Frances,8.9e-5
Porter,8.9e-5
Urban,8.9e-5
Gregorio,8.8e-5
Alvis,8.7e-5
Daryl,8.7e-5
Dorothy,8.7e-5
Eldred,8.7e-5
Antone,8.6e-5
Carleton,8.6e-5
Oswald,8.6e-5
Otha,8.6e-5
Boyce,8.5e-5
Dock,8.5e-5
Florian,8.5e-5
Galen,8.5e-5
Lupe,8.5e-5
Rogers,8.5e-5
Americo,8.4e-5
Domenick,8.4e-5
Judson,8.4e-5
Otho,8.4e-5
Shelton,8.4e-5
Isidore,8.3e-5
Jonathan,8.3e-5
Prince,8.3e-5
Theo,8.3e-5
Alphonso,8.2e-5
Bennett,8.2e-5
Clem,8.2e-5
Jordan,8.2e-5
Nicolas,8.2e-5
Orin,8.2e-5
Ottis,8.2e-5
Bertrand,8.1e-5
Haywood,8.1e-5
Garfield,8e-5
Gustave,8e-5
Haskell,8e-5
Ivory,8e-5
Myles,8e-5
Winfield,8e-5
Glendon,8e-5
Matt,8e-5
Vicente,8e-5
Dorsey,7.9e-5
Dwayne,7.9e-5
Edd,7.9e-5
Stanford,7.9e-5
Stanton,7.9e-5
Virgle,7.9e-5
Clarance,7.8e-5
Gilberto,7.8e-5
Santo,7.8e-5
Bernie,7.7e-5
Evert,7.7e-5
Felton,7.7e-5
Hermon,7.7e-5
Ignatius,7.7e-5
Connie,7.6e-5
Graham,7.6e-5
Kent,7.6e-5
Kyle,7.6e-5
Loyal,7.6e-5
Bryant,7.5e-5
Casper,7.5e-5
Craig,7.5e-5
Crawford,7.5e-5
Elmore,7.5e-5
Guillermo,7.5e-5
Reid,7.5e-5
Bryce,7.4e-5
Ernie,7.4e-5
Loy,7.4e-5
Obie,7.4e-5
Omar,7.4e-5
Zane,7.4e-5
Bradley,7.4e-5
Dillard,7.4e-5
Jennings,7.4e-5
Logan,7.4e-5
Margaret,7.4e-5
Oran,7.4e-5
Webster,7.4e-5
Alford,7.3e-5
Brady,7.3e-5
Carmelo,7.3e-5
Clare,7.3e-5
Lonzo,7.3e-5
Pearl,7.3e-5
Elzie,7.2e-5
Lawerence,7.2e-5
Leander,7.2e-5
Seth,7.2e-5
Alvie,7.1e-5
Gary,7.1e-5
Mahlon,7.1e-5
Milan,7.1e-5
Rowland,7.1e-5
Silvio,7.1e-5
Theadore,7.1e-5
Coolidge,7e-5
Early,7e-5
Edison,7e-5
Hayward,7e-5
Jerald,7e-5
Miller,6.9e-5
Murry,6.9e-5
Rayford,6.9e-5
Vernie,6.9e-5
Alois,6.8e-5
Aron,6.8e-5
Dayton,6.8e-5
Hiroshi,6.8e-5
Lambert,6.8e-5
Arvil,6.8e-5
Gino,6.8e-5
Helen,6.8e-5
June,6.8e-5
Maxie,6.8e-5
Benjiman,6.7e-5
Donal,6.7e-5
Garth,6.7e-5
Gayle,6.7e-5
Hamilton,6.7e-5
Howell,6.7e-5
Kay,6.7e-5
Melton,6.7e-5
Parker,6.7e-5
Beryl,6.6e-5
Blair,6.6e-5
Carlyle,6.6e-5
Claudie,6.6e-5
Duncan,6.6e-5
Durward,6.6e-5
Ellwood,6.6e-5
Meredith,6.6e-5
Oral,6.6e-5
Abner,6.5e-5
Barton,6.5e-5
Bradford,6.5e-5
Dante,6.5e-5
Ford,6.5e-5
Huey,6.5e-5
Ike,6.5e-5
Eduardo,6.4e-5
Garrett,6.4e-5
Pierce,6.4e-5
Reynold,6.4e-5
Rodger,6.4e-5
Verlin,6.4e-5
Leeroy,6.3e-5
Quinton,6.3e-5
Sandy,6.3e-5
Vester,6.3e-5
Bonnie,6.2e-5
Clovis,6.2e-5
Fernand,6.2e-5
Lawson,6.2e-5
Lois,6.2e-5
Merlyn,6.2e-5
Sylvan,6.2e-5
Allison,6.2e-5
Armond,6.2e-5
Elisha,6.2e-5
Fidel,6.2e-5
Sigmund,6.2e-5
Adolfo,6.1e-5
Allie,6.1e-5
Benton,6.1e-5
Denzil,6.1e-5
Kirby,6.1e-5
Ruth,6.1e-5
Wylie,6.1e-5
Adolphus,6e-5
Cruz,6e-5
Dewayne,6e-5
Hazel,6e-5
Jonas,6e-5
Lon,6e-5
Madison,6e-5
Norwood,6e-5
Agustin,5.9e-5
Fritz,5.9e-5
Refugio,5.9e-5
Adelbert,5.8e-5
Betty,5.8e-5
Franklyn,5.8e-5
Gaston,5.8e-5
Verl,5.8e-5
Arlo,5.7e-5
Chauncey,5.7e-5
Claire,5.7e-5
Cloyd,5.7e-5
Hardy,5.7e-5
Hunter,5.7e-5
Lauren,5.7e-5
Leopold,5.7e-5
Mac,5.7e-5
Mickey,5.7e-5
Newell,5.7e-5
Olan,5.7e-5
Ruby,5.7e-5
Thornton,5.7e-5
Thurston,5.7e-5
Waymon,5.7e-5
Welton,5.7e-5
Carey,5.6e-5
Delton,5.6e-5
Garnett,5.6e-5
Henderson,5.6e-5
Kendall,5.6e-5
Lucious,5.6e-5
Merl,5.6e-5
Murphy,5.6e-5
Wyatt,5.6e-5
Brooks,5.6e-5
Burt,5.6e-5
Deward,5.6e-5
Donovan,5.6e-5
Elvis,5.6e-5
Hillard,5.6e-5
Hosea,5.6e-5
Kennith,5.6e-5
Luverne,5.6e-5
Melville,5.6e-5
Murl,5.6e-5
Orrin,5.6e-5
Buck,5.5e-5
Cleon,5.5e-5
Johnson,5.5e-5
Durwood,5.4e-5
Giles,5.4e-5
Lafayette,5.4e-5
Reynaldo,5.4e-5
Rosevelt,5.4e-5
Rueben,5.4e-5
Watson,5.4e-5
Willam,5.4e-5
Williams,5.4e-5
Archibald,5.3e-5
Emmet,5.3e-5
Enrico,5.3e-5
Foy,5.3e-5
Gustav,5.3e-5
Judge,5.3e-5
Malvin,5.3e-5
Mariano,5.3e-5
Mortimer,5.3e-5
Norval,5.3e-5
Odie,5.3e-5
Orland,5.3e-5
Tracy,5.3e-5
Angus,5.2e-5
Audrey,5.2e-5
Clint,5.2e-5
Estel,5.2e-5
Evans,5.2e-5
Hans,5.2e-5
Leamon,5.2e-5
Orvil,5.2e-5
Pierre,5.2e-5
Sumner,5.2e-5
Thad,5.2e-5
Tim,5.2e-5
Wm,5.2e-5
Arvid,5.1e-5
Cary,5.1e-5
Damon,5.1e-5
Darold,5.1e-5
Fredric,5.1e-5
Furman,5.1e-5
Gaetano,5.1e-5
Hayden,5.1e-5
Trinidad,5.1e-5
Werner,5.1e-5
Aurelio,5e-5
Eloy,5e-5
Elza,5e-5
Hilbert,5e-5
Issac,5e-5
Leopoldo,5e-5
Margarito,5e-5
Masao,5e-5
Reese,5e-5
Willian,5e-5
Addison,5e-5
Alejandro,5e-5
Artie,5e-5
Baxter,5e-5
Denis,5e-5
Lorin,5e-5
Louise,5e-5
Marcellus,5e-5
Norton,5e-5
Berry,4.9e-5
Farrell,4.9e-5
General,4.9e-5
Smith,4.9e-5
Wayland,4.9e-5
Winton,4.9e-5
Worth,4.9e-5
Yoshio,4.9e-5
Christ,4.8e-5
Conway,4.8e-5
Deane,4.8e-5
Finis,4.8e-5
Jonnie,4.8e-5
Kiyoshi,4.8e-5
Regis,4.8e-5
Richmond,4.8e-5
Wardell,4.8e-5
Chas,4.7e-5
Cleve,4.7e-5
Conley,4.7e-5
Ezekiel,4.7e-5
Gardner,4.7e-5
Jon,4.7e-5
Lindsey,4.7e-5
Llewellyn,4.7e-5
Ludwig,4.7e-5
Ocie,4.7e-5
Arlin,4.6e-5
Artis,4.6e-5
Cameron,4.6e-5
Dorman,4.6e-5
Garnet,4.6e-5
Golden,4.6e-5
Ivy,4.6e-5
Wyman,4.6e-5
Andre,4.5e-5
Ardell,4.5e-5
Berton,4.5e-5
Burnell,4.5e-5
Donnie,4.5e-5
Dwain,4.5e-5
Enos,4.5e-5
Harrell,4.5e-5
Hilary,4.5e-5
Joaquin,4.5e-5
Jones,4.5e-5
Lindsay,4.5e-5
Loran,4.5e-5
Merwin,4.5e-5
Milburn,4.5e-5
Vivian,4.5e-5
Wilfrid,4.5e-5
Zack,4.5e-5
Jacques,4.4e-5
Monte,4.4e-5
Wellington,4.4e-5
Barry,4.4e-5
Dexter,4.4e-5
Donn,4.4e-5
Farris,4.4e-5
Faustino,4.4e-5
Harvie,4.4e-5
Joyce,4.4e-5
Kevin,4.4e-5
Layton,4.4e-5
Tillman,4.4e-5
Alec,4.3e-5
Art,4.3e-5
Brice,4.3e-5
Burdette,4.3e-5
Courtney,4.3e-5
Dorris,4.3e-5
Harlen,4.3e-5
Kirk,4.3e-5
