name,percent
Robert,0.052875
John,0.04966
William,0.046296
James,0.045745
Charles,0.025687
George,0.023086
Joseph,0.021374
Richard,0.020215
Edward,0.017419
Donald,0.016668
Thomas,0.014494
Frank,0.013328
Paul,0.012307
Harold,0.011814
Raymond,0.010801
Walter,0.010535
Jack,0.01043
Henry,0.009229
Kenneth,0.008802
Arthur,0.008676
Albert,0.008265
David,0.007747
Harry,0.007483
Eugene,0.007403
Ralph,0.00735
Howard,0.006228
Willie,0.006174
Carl,0.006134
Louis,0.005896
Clarence,0.005791
Earl,0.005598
Roy,0.005536
Fred,0.005385
Joe,0.005301
Francis,0.005186
Lawrence,0.004885
Ernest,0.004773
Leonard,0.004743
Anthony,0.004381
Stanley,0.004371
Norman,0.004319
Herbert,0.004277
Alfred,0.004165
Daniel,0.003957
Gerald,0.003917
Samuel,0.00383
Calvin,0.003737
Bernard,0.003698
Billy,0.003656
Melvin,0.003601
Marvin,0.003549
Leroy,0.003373
Russell,0.003303
Leo,0.003278
Michael,0.003267
Andrew,0.003139
Edwin,0.003088
Floyd,0.00306
Clifford,0.002983
Peter,0.002928
Elmer,0.002919
Lloyd,0.002886
Theodore,0.002801
Ray,0.002794
Frederick,0.002678
Warren,0.002563
Vernon,0.00253
Clyde,0.002521
Herman,0.002515
Alvin,0.002408
Vincent,0.002405
Gordon,0.002387
Chester,0.002364
Wayne,0.002357
Philip,0.002327
Leon,0.002292
Glenn,0.002268
Lewis,0.002247
Charlie,0.002239
Milton,0.002234
Lester,0.00222
Lee,0.002199
Martin,0.002096
Bill,0.002065
Jesse,0.002064
Cecil,0.001994
Dale,0.001994
Harvey,0.001903
Victor,0.001837
Roger,0.001826
Sam,0.001821
Wallace,0.001804
Benjamin,0.001797
Allen,0.001771
Arnold,0.001715
Edgar,0.001572
Willard,0.001556
Roland,0.001549
Oscar,0.00153
Johnnie,0.001516
Eddie,0.001507
Claude,0.001472
Ronald,0.001455
Douglas,0.001452
Don,0.001444
Gilbert,0.001439
Jerry,0.001411
Everett,0.001407
Marion,0.001403
Wilbur,0.001386
Maurice,0.001376
Gene,0.001375
Jerome,0.001358
Manuel,0.001349
Junior,0.001343
Homer,0.001342
Glen,0.001336
Leslie,0.00132
Curtis,0.001315
Virgil,0.001305
Jimmie,0.001286
Stephen,0.001282
Jessie,0.001276
Hubert,0.001266
Jose,0.001262
Morris,0.001216
Hugh,0.001206
Max,0.001203
Bob,0.001186
Bruce,0.001179
Sidney,0.001169
Luther,0.001164
Nicholas,0.001162
Franklin,0.001126
Wesley,0.0011
Rudolph,0.00108
Alexander,0.001063
Tom,0.001057
Dean,0.001041
Willis,0.001039
Irving,0.001016
Johnny,0.001014
Patrick,0.001
Steve,9.93e-4
Keith,9.91e-4
Horace,9.86e-4
Jim,9.78e-4
Earnest,9.57e-4
Bobby,9.44e-4
Julius,9.42e-4
Ben,9.1e-4
Oliver,9.1e-4
Edmund,9.04e-4
Lyle,8.81e-4
Salvatore,8.74e-4
Billie,8.57e-4
Guy,8.48e-4
Tony,8.47e-4
Otis,8.33e-4
Phillip,8.17e-4
Orville,8.12e-4
Clayton,8.1e-4
Archie,7.98e-4
Mike,7.87e-4
Jacob,7.85e-4
Alex,7.82e-4
Angelo,7.8e-4
Bennie,7.8e-4
Duane,7.79e-4
Delbert,7.78e-4
Clifton,7.74e-4
Clinton,7.47e-4
Leland,7.45e-4
Matthew,7.28e-4
Merle,7.28e-4
Marshall,7.21e-4
Dennis,7.16e-4
Nathaniel,7.03e-4
Wilbert,6.99e-4
Alan,6.98e-4
Dewey,6.94e-4
Jay,6.84e-4
Ira,6.83e-4
Dan,6.69e-4
Ivan,6.55e-4
Wilfred,6.4e-4
Ervin,6.39e-4
Nelson,6.36e-4
Carroll,6.35e-4
Emil,6.32e-4
Larry,6.3e-4
Jesus,6.28e-4
Juan,6.26e-4
Allan,6.26e-4
Alton,6.21e-4
Julian,6.21e-4
Irvin,6.17e-4
Lonnie,6.14e-4
Jimmy,6.13e-4
Tommy,6.12e-4
Lowell,6.11e-4
Antonio,6.04e-4
Nick,5.99e-4
Sylvester,5.99e-4
Wendell,5.92e-4
Isaac,5.89e-4
Rufus,5.86e-4
Elbert,5.82e-4
Ted,5.81e-4
Seymour,5.79e-4
Forrest,5.66e-4
Mark,5.66e-4
Pete,5.63e-4
Freddie,5.59e-4
Aaron,5.58e-4
Loren,5.55e-4
Felix,5.37e-4
Malcolm,5.36e-4
Nathan,5.34e-4
Ellis,5.31e-4
Norbert,5.28e-4
Burton,5.19e-4
Eldon,5.18e-4
Myron,5.13e-4
Karl,5.11e-4
Murray,5.09e-4
Owen,5.06e-4
Emmett,5.03e-4
Mack,4.96e-4
Elwood,4.94e-4
Perry,4.94e-4
Johnie,4.9e-4
Neil,4.9e-4
Dick,4.89e-4
Ross,4.85e-4
Gerard,4.81e-4
Loyd,4.8e-4
Rex,4.8e-4
Laurence,4.77e-4
Fredrick,4.76e-4
Percy,4.72e-4
Dominic,4.71e-4
Bert,4.69e-4
Otto,4.69e-4
Dominick,4.67e-4
Grady,4.63e-4
Irwin,4.6e-4
Darrell,4.56e-4
Grover,4.53e-4
Troy,4.5e-4
August,4.49e-4
Byron,4.47e-4
Mario,4.35e-4
Doyle,4.34e-4
Sherman,4.31e-4
Boyd,4.27e-4
Tommie,4.26e-4
Abraham,4.25e-4
Amos,4.25e-4
Ramon,4.24e-4
Dwight,4.11e-4
Carlos,4.1e-4
Harlan,4.1e-4
Harley,4.02e-4
Aubrey,3.97e-4
Francisco,3.97e-4
Roscoe,3.95e-4
Adam,3.94e-4
Roosevelt,3.9e-4
Carlton,3.88e-4
Rodney,3.88e-4
Wilson,3.85e-4
Austin,3.79e-4
Lynn,3.77e-4
Erwin,3.74e-4
Reginald,3.74e-4
Preston,3.69e-4
Adolph,3.68e-4
Ruben,3.68e-4
Louie,3.67e-4
Pedro,3.67e-4
Neal,3.64e-4
Morton,3.61e-4
Garland,3.52e-4
Edmond,3.47e-4
Laverne,3.47e-4
Steven,3.45e-4
Stuart,3.45e-4
Benny,3.41e-4
Cornelius,3.41e-4
Conrad,3.39e-4
Jasper,3.36e-4
Millard,3.34e-4
Joel,3.3e-4
Maynard,3.25e-4
Woodrow,3.25e-4
Grant,3.24e-4
Dallas,3.22e-4
Will,3.19e-4
Dave,3.15e-4
Reuben,3.14e-4
Wilmer,3.09e-4
Elvin,3.03e-4
Charley,3.02e-4
Harrison,3.01e-4
Mitchell,3.01e-4
Merlin,2.98e-4
Moses,2.97e-4
Simon,2.95e-4
Russel,2.94e-4
Carmen,2.93e-4
Wade,2.88e-4
Alfonso,2.87e-4
Delmar,2.87e-4
Elton,2.82e-4
Sheldon,2.81e-4
Bobbie,2.81e-4
Gus,2.81e-4
Timothy,2.78e-4
Rocco,2.74e-4
Vito,2.74e-4
Emanuel,2.72e-4
Marcus,2.71e-4
Ollie,2.71e-4
Clair,2.69e-4
Odell,2.69e-4
Claud,2.68e-4
Lionel,2.68e-4
Thurman,2.68e-4
Jake,2.66e-4
Kermit,2.64e-4
Jean,2.62e-4
Cleo,2.62e-4
Monroe,2.62e-4
Cleveland,2.57e-4
Salvador,2.57e-4
Alonzo,2.55e-4
Pat,2.55e-4
Clement,2.54e-4
Eli,2.54e-4
Merrill,2.54e-4
Solomon,2.52e-4
Armand,2.51e-4
Christopher,2.49e-4
Patsy,2.49e-4
Sammie,2.48e-4
Raul,2.47e-4
Buford,2.46e-4
Elijah,2.46e-4
Norris,2.45e-4
Stewart,2.45e-4
Ned,2.43e-4
Earle,2.42e-4
Wilburn,2.42e-4
Elmo,2.39e-4
Jackie,2.39e-4
Clark,2.37e-4
Sanford,2.37e-4
Alphonse,2.35e-4
Adrian,2.34e-4
Luis,2.34e-4
Jess,2.33e-4
Randolph,2.33e-4
Cyril,2.32e-4
Weldon,2.32e-4
Teddy,2.28e-4
Emory,2.28e-4
Mary,2.27e-4
Truman,2.26e-4
Basil,2.25e-4
Lavern,2.22e-4
Andy,2.22e-4
Ward,2.22e-4
Ed,2.21e-4
Forest,2.18e-4
Wilford,2.18e-4
Emery,2.17e-4
Hollis,2.17e-4
Jackson,2.16e-4
Roberto,2.16e-4
Wiley,2.15e-4
Miles,2.11e-4
Vern,2.1e-4
Coy,2.09e-4
Marlin,2.09e-4
Alva,2.08e-4
Lamar,2.08e-4
Sterling,2.08e-4
Travis,2.08e-4
Levi,2.02e-4
Thaddeus,2.02e-4
Lorenzo,2.02e-4
Milford,2.02e-4
Rolland,2.02e-4
Barney,2.01e-4
Emerson,2e-4
Van,1.96e-4
Winston,1.96e-4
Roman,1.95e-4
Shirley,1.95e-4
Darwin,1.95e-4
Orval,1.93e-4
Royce,1.91e-4
Silas,1.91e-4
Noah,1.9e-4
Armando,1.89e-4
Ellsworth,1.89e-4
Gregory,1.86e-4
Harris,1.84e-4
Bruno,1.83e-4
Carmine,1.83e-4
Eric,1.83e-4
Guadalupe,1.83e-4
Winfred,1.82e-4
Rudy,1.8e-4
Pasquale,1.79e-4
Randall,1.79e-4
Saul,1.79e-4
Alfredo,1.78e-4
Herschel,1.78e-4
Lenard,1.78e-4
Denver,1.77e-4
Gabriel,1.75e-4
Mervin,1.75e-4
Royal,1.74e-4
Noel,1.71e-4
Bertram,1.68e-4
Elias,1.68e-4
Terry,1.67e-4
Miguel,1.66e-4
Ulysses,1.66e-4
Buster,1.65e-4
Delmer,1.65e-4
Freeman,1.65e-4
Hal,1.65e-4
Elliott,1.64e-4
Gale,1.64e-4
Jeff,1.64e-4
Dudley,1.62e-4
Lyman,1.62e-4
Scott,1.61e-4
Vance,1.61e-4
Cletus,1.6e-4
Anton,1.59e-4
Chris,1.58e-4
Darrel,1.58e-4
Sol,1.57e-4
Gail,1.56e-4
Hershel,1.56e-4
Rafael,1.55e-4
Rene,1.55e-4
Wilton,1.55e-4
Dalton,1.54e-4
Spencer,1.54e-4
Danny,1.52e-4
Bud,1.51e-4
Edsel,1.51e-4
Alden,1.5e-4
Linwood,1.5e-4
Omer,1.5e-4
Orlando,1.5e-4
Buddy,1.49e-4
Normand,1.49e-4
Rodolfo,1.49e-4
Hiram,1.48e-4
Pablo,1.45e-4
Ambrose,1.43e-4
Everette,1.43e-4
Luke,1.43e-4
Riley,1.43e-4
Augustus,1.42e-4
Booker,1.42e-4
Elroy,1.42e-4
Emilio,1.42e-4
Mathew,1.42e-4
Micheal,1.42e-4
Noble,1.42e-4
Nolan,1.41e-4
Fernando,1.4e-4
Ferdinand,1.38e-4
Evan,1.37e-4
Foster,1.37e-4
Milo,1.37e-4
Morgan,1.37e-4
Odis,1.37e-4
Frederic,1.36e-4
Hugo,1.36e-4
Sammy,1.36e-4
Hobert,1.35e-4
Columbus,1.34e-4
Houston,1.33e-4
Newton,1.33e-4
Enrique,1.32e-4
Junius,1.32e-4
Alberto,1.31e-4
Burl,1.3e-4
Carrol,1.3e-4
Marcel,1.29e-4
Olen,1.29e-4
Bryan,1.29e-4
Roderick,1.29e-4
Carol,1.28e-4
Arlie,1.27e-4
Tomas,1.27e-4
Wilber,1.27e-4
Augustine,1.25e-4
Clay,1.25e-4
Dewitt,1.25e-4
Domingo,1.24e-4
Lincoln,1.23e-4
Fletcher,1.22e-4
Hoyt,1.22e-4
Isadore,1.22e-4
Jefferson,1.22e-4
Merton,1.22e-4
Emile,1.22e-4
Julio,1.22e-4
Phil,1.22e-4
Verne,1.22e-4
Davis,1.21e-4
Hector,1.21e-4
Olin,1.21e-4
Vaughn,1.21e-4
Frankie,1.2e-4
Ricardo,1.2e-4
Rollin,1.19e-4
Elden,1.18e-4
Aldo,1.17e-4
Aloysius,1.17e-4
Harland,1.17e-4
Nickolas,1.17e-4
Blaine,1.16e-4
Ezra,1.16e-4
Hyman,1.14e-4
Justin,1.14e-4
Lucien,1.14e-4
Palmer,1.14e-4
Anderson,1.13e-4
Elwin,1.13e-4
Oren,1.13e-4
Arturo,1.12e-4
Isaiah,1.12e-4
Isiah,1.12e-4
Shelby,1.12e-4
Sydney,1.12e-4
Jeremiah,1.1e-4
Dee,1.09e-4
Jules,1.09e-4
Al,1.09e-4
Coleman,1.09e-4
Granville,1.09e-4
Jewell,1.09e-4
Santos,1.09e-4
Alphonso,1.08e-4
Felipe,1.08e-4
Ignacio,1.08e-4
Kelly,1.07e-4
Raymon,1.07e-4
Angel,1.06e-4
Casimir,1.06e-4
Rupert,1.06e-4
Waldo,1.06e-4
Joesph,1.05e-4
Lacy,1.05e-4
Carlo,1.04e-4
Arther,1.03e-4
Bennett,1.03e-4
Fay,1.03e-4
Kent,1.03e-4
Otha,1.03e-4
Ernesto,1.03e-4
Guido,1.03e-4
Haywood,1.03e-4
Lemuel,1.03e-4
Abe,1.02e-4
Hilton,1.02e-4
Ora,1.02e-4
Theron,1.02e-4
Dana,1.01e-4
Judson,1.01e-4
Major,1.01e-4
Santo,1.01e-4
Albin,1e-4
Dock,1e-4
Edd,1e-4
Gary,1e-4
Mason,1e-4
Talmadge,1e-4
Frances,9.9e-5
Jonathan,9.9e-5
Maxwell,9.8e-5
Reed,9.8e-5
Domenic,9.7e-5
Gaylord,9.7e-5
Harmon,9.7e-5
Napoleon,9.7e-5
Cyrus,9.6e-5
Jewel,9.6e-5
Joshua,9.6e-5
Quentin,9.6e-5
Arden,9.6e-5
Galen,9.6e-5
Jason,9.6e-5
Rosario,9.6e-5
Sebastian,9.6e-5
Sherwood,9.6e-5
Jerald,9.5e-5
Ottis,9.5e-5
Rubin,9.5e-5
Valentine,9.3e-5
Winford,9.3e-5
Christian,9.1e-5
Clarance,9.1e-5
Florian,9e-5
Santiago,9e-5
Benito,8.9e-5
Carson,8.9e-5
Constantine,8.9e-5
Domenick,8.9e-5
Eldred,8.9e-5
Hobart,8.9e-5
Israel,8.9e-5
Walker,8.9e-5
Mckinley,8.9e-5
Porter,8.9e-5
Rodger,8.9e-5
Romeo,8.9e-5
Alford,8.8e-5
Avery,8.8e-5
Benedict,8.8e-5
Gilberto,8.8e-5
Lucian,8.8e-5
Lucius,8.8e-5
Winfield,8.8e-5
Boyce,8.7e-5
Jennings,8.7e-5
Mose,8.7e-5
Raleigh,8.7e-5
Dorothy,8.6e-5
Walton,8.6e-5
Bernie,8.5e-5
Jordan,8.5e-5
Loyal,8.5e-5
Raphael,8.5e-5
Rayford,8.5e-5
Theo,8.5e-5
Craig,8.4e-5
Gustave,8.4e-5
Hermon,8.4e-5
Monte,8.4e-5
Daryl,8.3e-5
Felton,8.3e-5
Garfield,8.3e-5
Antone,8.3e-5
Emmitt,8.3e-5
Graham,8.3e-5
Seth,8.3e-5
Bertrand,8.2e-5
Carmelo,8.2e-5
Eldridge,8.2e-5
Elwyn,8.2e-5
Gregorio,8.2e-5
King,8.2e-5
Stanford,8.2e-5
Bryant,8.1e-5
Clare,8.1e-5
Rogers,8.1e-5
Warner,8.1e-5
Evert,8e-5
Dexter,7.9e-5
Blair,7.8e-5
Dayton,7.8e-5
Durward,7.8e-5
Hayward,7.8e-5
Lupe,7.8e-5
Andres,7.7e-5
Bernice,7.7e-5
Franklyn,7.7e-5
Haskell,7.7e-5
Omar,7.7e-5
Urban,7.7e-5
Beverly,7.6e-5
Carter,7.6e-5
Clem,7.6e-5
Dante,7.6e-5
Dorsey,7.6e-5
Elmore,7.6e-5
Ford,7.6e-5
Guillermo,7.6e-5
Taylor,7.6e-5
Alejandro,7.6e-5
Asa,7.6e-5
Dillard,7.6e-5
Matt,7.6e-5
Meyer,7.6e-5
Theadore,7.6e-5
Bryce,7.5e-5
Duncan,7.5e-5
Ernie,7.5e-5
Oran,7.5e-5
Cloyd,7.4e-5
Verlin,7.4e-5
Buck,7.3e-5
Cruz,7.3e-5
Kyle,7.3e-5
Mahlon,7.3e-5
Nicolas,7.3e-5
Abel,7.2e-5
Betty,7.2e-5
Hardy,7.2e-5
Oswald,7.2e-5
Vicente,7.2e-5
Meredith,7.1e-5
Merritt,7.1e-5
Alvis,7e-5
Doris,7e-5
Dwayne,7e-5
Elzie,7e-5
Enoch,7e-5
Hans,7e-5
Miller,7e-5
Casper,7e-5
Connie,7e-5
Helen,7e-5
Logan,7e-5
Margaret,7e-5
Shelton,7e-5
Sylvan,7e-5
Webster,7e-5
Americo,6.9e-5
Bradley,6.9e-5
Carleton,6.9e-5
Garnett,6.9e-5
Howell,6.9e-5
Merlyn,6.9e-5
Orin,6.9e-5
Elliot,6.8e-5
Gayle,6.8e-5
Giles,6.8e-5
Loy,6.8e-5
Milan,6.8e-5
Myles,6.8e-5
Otho,6.8e-5
Reid,6.8e-5
Reynold,6.8e-5
Burt,6.7e-5
Coolidge,6.7e-5
Dwain,6.7e-5
Emmit,6.7e-5
Kennith,6.7e-5
Mac,6.7e-5
Stanton,6.7e-5
Aron,6.6e-5
Bradford,6.6e-5
Carlyle,6.6e-5
Early,6.6e-5
Hiroshi,6.6e-5
Isidore,6.6e-5
Lawerence,6.6e-5
Parker,6.6e-5
Ruth,6.6e-5
Wm,6.6e-5
Donovan,6.5e-5
Elvis,6.5e-5
Prince,6.5e-5
Zane,6.5e-5
Allie,6.4e-5
Elisha,6.4e-5
Hosea,6.4e-5
June,6.4e-5
Barton,6.3e-5
Dewayne,6.3e-5
Glendon,6.3e-5
Leeroy,6.3e-5
Ramiro,6.3e-5
Garrett,6.3e-5
Leander,6.3e-5
Norval,6.3e-5
Sandy,6.3e-5
Adolfo,6.2e-5
Bonnie,6.2e-5
Kendall,6.2e-5
Orrin,6.2e-5
Agustin,6.1e-5
Donal,6.1e-5
Eduardo,6.1e-5
Ivory,6.1e-5
Jonas,6.1e-5
Merl,6.1e-5
Reynaldo,6.1e-5
Alvie,6e-5
Arlo,6e-5
Barry,6e-5
Claudie,6e-5
Gino,6e-5
Hillard,6e-5
Ivy,6e-5
Mickey,6e-5
Murry,6e-5
Silvio,6e-5
Tracy,6e-5
Allison,5.9e-5
Denis,5.9e-5
Garth,5.9e-5
Murphy,5.9e-5
Pearl,5.9e-5
Terrence,5.9e-5
Benjiman,5.8e-5
Benton,5.8e-5
Chauncey,5.8e-5
Kay,5.8e-5
Lauren,5.8e-5
Lois,5.8e-5
Abner,5.7e-5
Arvid,5.7e-5
Auther,5.7e-5
Claire,5.7e-5
Cleon,5.7e-5
Delton,5.7e-5
Donn,5.7e-5
Donnie,5.7e-5
Ike,5.7e-5
Ruby,5.7e-5
Carey,5.6e-5
Christ,5.6e-5
Emmet,5.6e-5
Hamilton,5.6e-5
Madison,5.6e-5
Norwood,5.6e-5
Quinton,5.6e-5
Verl,5.6e-5
Armond,5.6e-5
Rowland,5.6e-5
Angus,5.5e-5
Archibald,5.5e-5
Deane,5.5e-5
General,5.5e-5
Glynn,5.5e-5
Loran,5.5e-5
Oral,5.5e-5
Werner,5.5e-5
Ardell,5.4e-5
Brady,5.4e-5
Damon,5.4e-5
Denzil,5.4e-5
Hayden,5.4e-5
Hideo,5.4e-5
Lawson,5.4e-5
Lucious,5.4e-5
Clovis,5.3e-5
Crawford,5.3e-5
Estel,5.3e-5
Henderson,5.3e-5
Joy,5.3e-5
Kevin,5.3e-5
Rosevelt,5.3e-5
Turner,5.3e-5
Waymon,5.3e-5
Arvil,5.2e-5
Dempsey,5.2e-5
Fritz,5.2e-5
Hilbert,5.2e-5
Ignatius,5.2e-5
Kiyoshi,5.2e-5
Lafayette,5.2e-5
Lorin,5.2e-5
Newell,5.2e-5
Obie,5.2e-5
Regis,5.2e-5
Tim,5.2e-5
Arvel,5.1e-5
Brian,5.1e-5
Burnell,5.1e-5
Edison,5.1e-5
Hazel,5.1e-5
Lon,5.1e-5
Margarito,5.1e-5
Milburn,5.1e-5
Nunzio,5.1e-5
Wayland,5.1e-5
Willian,5.1e-5
Artis,5e-5
Ashley,5e-5
Audrey,5e-5
Elgin,5e-5
Judge,5e-5
Melton,5e-5
Olan,5e-5
Watson,5e-5
Caleb,5e-5
Casimer,5e-5
Enos,5e-5
Joaquin,5e-5
Johnson,5e-5
Mortimer,5e-5
Norton,5e-5
Refugio,5e-5
Sumner,5e-5
Willam,5e-5
Andre,4.9e-5
Berry,4.9e-5
Beryl,4.9e-5
Chas,4.9e-5
Fidel,4.9e-5
Jones,4.9e-5
Malvin,4.9e-5
Maxie,4.9e-5
Rudolf,4.9e-5
Alois,4.8e-5
Aurelio,4.8e-5
Clint,4.8e-5
Melvyn,4.8e-5
Mitchel,4.8e-5
Wylie,4.8e-5
Brooks,4.7e-5
Fernand,4.7e-5
Lambert,4.7e-5
Linus,4.7e-5
Marco,4.7e-5
Pierce,4.7e-5
Pierre,4.7e-5
Reno,4.7e-5
Wardell,4.7e-5
Alec,4.6e-5
Huey,4.6e-5
Lesley,4.6e-5
Lonzo,4.6e-5
Mariano,4.6e-5
Rexford,4.6e-5
Rueben,4.6e-5
Yoshio,4.6e-5
Artie,4.5e-5
Ellwood,4.5e-5
Esteban,4.5e-5
Fredric,4.5e-5
Gaston,4.5e-5
Leopoldo,4.5e-5
Murl,4.5e-5
Orland,4.5e-5
Orvil,4.5e-5
Rollie,4.5e-5
Virgle,4.5e-5
Welton,4.5e-5
Worth,4.5e-5
Alice,4.4e-5
Cary,4.4e-5
Dorris,4.4e-5
Ewell,4.4e-5
Freddy,4.4e-5
Hayes,4.4e-5
Leamon,4.4e-5
Lenwood,4.4e-5
Lindsey,4.4e-5
Oneal,4.4e-5
Smith,4.4e-5
Virginia,4.4e-5
Abram,4.3e-5
Arley,4.3e-5
Buddie,4.3e-5
Cleve,4.3e-5
Cosmo,4.3e-5
Courtney,4.3e-5
Gustav,4.3e-5
Harrell,4.3e-5
Jon,4.3e-5
Llewellyn,4.3e-5
Lynwood,4.3e-5
Manley,4.3e-5
Merwin,4.3e-5
Adolphus,4.3e-5
Ezell,4.3e-5
Farrell,4.3e-5
Federico,4.3e-5
Florentino,4.3e-5
Lindsay,4.3e-5
Marlyn,4.3e-5
Marshal,4.3e-5
Oris,4.3e-5
Richmond,4.3e-5
Thornton,4.3e-5
Trinidad,4.3e-5
Wyatt,4.3e-5
Clemens,4.2e-5
Cornell,4.2e-5
Dannie,4.2e-5
Darold,4.2e-5
Durwood,4.2e-5
Furman,4.2e-5
Godfrey,4.2e-5
Kirby,4.2e-5
Layton,4.2e-5
Luverne,4.2e-5
Odie,4.2e-5
Okey,4.2e-5
Tillman,4.2e-5
Toshio,4.2e-5
Vivian,4.2e-5
Williams,4.2e-5
Alfonzo,4.1e-5
Dorman,4.1e-5
