name,percent
Robert,0.053075
John,0.048179
James,0.04617
William,0.044299
Charles,0.027489
Richard,0.023046
George,0.022358
Donald,0.020526
Joseph,0.02022
Edward,0.016452
Thomas,0.014647
Frank,0.01236
Paul,0.011705
Harold,0.011386
Jack,0.011019
Raymond,0.011018
Walter,0.009752
Kenneth,0.009341
Henry,0.008489
Eugene,0.008391
David,0.008125
Arthur,0.008041
Albert,0.007874
Ralph,0.007267
Harry,0.006903
Carl,0.006261
Willie,0.005999
Howard,0.005868
Louis,0.005738
Joe,0.005617
Clarence,0.005565
Billy,0.005564
Earl,0.005516
Roy,0.005493
Fred,0.005437
Francis,0.004862
Lawrence,0.004793
Gerald,0.004741
Norman,0.004717
Leonard,0.004566
Ernest,0.00447
Herbert,0.00433
Anthony,0.004232
Stanley,0.00422
Alfred,0.004092
Daniel,0.00398
Marvin,0.00378
Melvin,0.003613
Samuel,0.0036
Bernard,0.003591
Leroy,0.003368
Michael,0.003104
Floyd,0.003052
Russell,0.003041
Leo,0.00304
Andrew,0.002959
Edwin,0.002917
Lloyd,0.002866
Peter,0.002846
Ray,0.002797
Elmer,0.002761
Theodore,0.002689
Ronald,0.00268
Frederick,0.002625
Clifford,0.002602
Clyde,0.002487
Alvin,0.002486
Wayne,0.00248
Bill,0.002462
Vernon,0.002459
Herman,0.002455
Gene,0.002406
Calvin,0.002311
Philip,0.00231
Gordon,0.002302
Glenn,0.002301
Vincent,0.002282
Leon,0.002238
Warren,0.002198
Charlie,0.002165
Dale,0.002162
Lewis,0.002148
Lester,0.002103
Roger,0.002078
Chester,0.002071
Lee,0.002055
Martin,0.00205
Milton,0.002029
Jesse,0.001996
Don,0.00198
Bobby,0.001971
Cecil,0.001919
Jerry,0.001907
Harvey,0.001885
Allen,0.00181
Wallace,0.001729
Arnold,0.001722
Victor,0.001712
Bob,0.0017
Gilbert,0.001699
Benjamin,0.001656
Sam,0.001635
Eddie,0.0016
Douglas,0.001569
Johnnie,0.001544
Willard,0.001489
Edgar,0.001483
Jimmie,0.001475
Roland,0.001474
Jerome,0.001448
Rudolph,0.001446
Jose,0.001408
Oscar,0.001403
Claude,0.0014
Glen,0.001396
Manuel,0.001379
Curtis,0.001371
Marion,0.00137
Junior,0.001364
Everett,0.001352
Maurice,0.001289
Virgil,0.001289
Jessie,0.001262
Bruce,0.001258
Stephen,0.001244
Leslie,0.001241
Sidney,0.001185
Hubert,0.001184
Homer,0.001175
Wilbur,0.001172
Hugh,0.001168
Johnny,0.001167
Dean,0.001145
Wesley,0.001143
Billie,0.001134
Jim,0.001114
Nicholas,0.001094
Tom,0.001092
Luther,0.001081
Patrick,0.001076
Keith,0.001062
Max,0.001059
Morris,0.001052
Franklin,0.001019
Horace,0.001014
Alexander,9.43e-4
Duane,9.34e-4
Willis,9.14e-4
Earnest,9.12e-4
Salvatore,9.1e-4
Lyle,9.09e-4
Phillip,8.98e-4
Tony,8.93e-4
Steve,8.81e-4
Irving,8.77e-4
Ben,8.69e-4
Oliver,8.61e-4
Jimmy,8.54e-4
Delbert,8.3e-4
Edmund,8e-4
Dan,7.95e-4
Dennis,7.93e-4
Clayton,7.92e-4
Clifton,7.9e-4
Guy,7.89e-4
Julius,7.85e-4
Otis,7.74e-4
Angelo,7.67e-4
Alex,7.61e-4
Tommy,7.56e-4
Jay,7.49e-4
Bennie,7.34e-4
Jacob,7.34e-4
Archie,7.31e-4
Orville,7.31e-4
Larry,7.19e-4
Leland,7.11e-4
Merle,7e-4
Alan,6.98e-4
Mike,6.92e-4
Ira,6.84e-4
Matthew,6.82e-4
Clinton,6.78e-4
Marshall,6.76e-4
Wilbert,6.7e-4
Dick,6.68e-4
Nathaniel,6.64e-4
Alton,6.58e-4
Ivan,6.58e-4
Ervin,6.55e-4
Juan,6.54e-4
Ted,6.53e-4
Lowell,6.51e-4
Wilfred,6.38e-4
Jesus,6.28e-4
Dewey,6.23e-4
Allan,6.16e-4
Freddie,6.14e-4
Lonnie,6.12e-4
Mark,6.03e-4
Antonio,6e-4
Carroll,5.98e-4
Rufus,5.96e-4
Isaac,5.94e-4
Elbert,5.84e-4
Nelson,5.8e-4
Irvin,5.73e-4
Myron,5.64e-4
Eldon,5.5e-4
Nathan,5.48e-4
Gerard,5.43e-4
Karl,5.4e-4
Wendell,5.37e-4
Emil,5.35e-4
Julian,5.35e-4
Forrest,5.28e-4
Nick,5.28e-4
Malcolm,5.27e-4
Sylvester,5.25e-4
Johnie,5.24e-4
Loren,5.23e-4
Neil,5.22e-4
Norbert,5.19e-4
Darrell,5.18e-4
Loyd,5.17e-4
Pete,5.15e-4
Perry,5.03e-4
Laurence,5.02e-4
Ellis,4.99e-4
Bert,4.92e-4
Ramon,4.91e-4
Doyle,4.89e-4
Seymour,4.89e-4
Felix,4.85e-4
Fredrick,4.85e-4
Rodney,4.83e-4
Troy,4.83e-4
Owen,4.74e-4
Mack,4.73e-4
Aaron,4.69e-4
Burton,4.69e-4
Carlos,4.67e-4
Francisco,4.65e-4
Elwood,4.57e-4
Byron,4.56e-4
Sherman,4.54e-4
Amos,4.5e-4
Rex,4.5e-4
Percy,4.47e-4
Grady,4.44e-4
Irwin,4.43e-4
Murray,4.4e-4
Otto,4.37e-4
Bobbie,4.33e-4
Dominick,4.29e-4
Tommie,4.26e-4
August,4.25e-4
Grover,4.23e-4
Mario,4.23e-4
Emmett,4.19e-4
Jackie,4.18e-4
Carlton,4.16e-4
Roosevelt,4.14e-4
Ruben,4.11e-4
Dwight,3.99e-4
Wilson,3.97e-4
Harley,3.95e-4
Ross,3.9e-4
Lynn,3.86e-4
Reginald,3.84e-4
Boyd,3.79e-4
Benny,3.68e-4
Harlan,3.67e-4
Laverne,3.63e-4
Austin,3.57e-4
Dallas,3.56e-4
Dominic,3.56e-4
Pedro,3.55e-4
Morton,3.53e-4
Adolph,3.52e-4
Erwin,3.51e-4
Abraham,3.51e-4
Aubrey,3.39e-4
Adam,3.38e-4
Joel,3.37e-4
Cornelius,3.35e-4
Merlin,3.35e-4
Millard,3.35e-4
Elvin,3.34e-4
Elton,3.32e-4
Neal,3.29e-4
Louie,3.26e-4
Preston,3.26e-4
Edmond,3.25e-4
Wade,3.24e-4
Reuben,3.23e-4
Dave,3.22e-4
Conrad,3.21e-4
Garland,3.21e-4
Roscoe,3.21e-4
Luis,3.2e-4
Sheldon,3.18e-4
Charley,3.14e-4
Stuart,3.1e-4
Raul,3.09e-4
Rudy,3.07e-4
Delmar,3.04e-4
Jasper,2.97e-4
Grant,2.96e-4
Maynard,2.94e-4
Alfonso,2.92e-4
Steven,2.91e-4
Wilmer,2.9e-4
Woodrow,2.9e-4
Cleo,2.88e-4
Sammie,2.84e-4
Carmen,2.82e-4
Cleveland,2.8e-4
Rocco,2.8e-4
Timothy,2.8e-4
Moses,2.76e-4
Lionel,2.74e-4
Thurman,2.73e-4
Teddy,2.7e-4
Emanuel,2.66e-4
Roberto,2.64e-4
Andy,2.64e-4
Russel,2.63e-4
Monroe,2.59e-4
Odell,2.58e-4
Patsy,2.58e-4
Will,2.58e-4
Mitchell,2.57e-4
Clark,2.54e-4
Harrison,2.53e-4
Christopher,2.51e-4
Alonzo,2.48e-4
Clair,2.47e-4
Elijah,2.47e-4
Pat,2.47e-4
Ollie,2.46e-4
Gus,2.45e-4
Merrill,2.45e-4
Armand,2.44e-4
Kermit,2.44e-4
Simon,2.44e-4
Marcus,2.43e-4
Salvador,2.43e-4
Sanford,2.43e-4
Mary,2.41e-4
Stewart,2.38e-4
Randolph,2.37e-4
Vito,2.37e-4
Lavern,2.36e-4
Jake,2.35e-4
Weldon,2.32e-4
Jess,2.3e-4
Wilburn,2.3e-4
Cyril,2.27e-4
Buddy,2.26e-4
Jean,2.26e-4
Ned,2.25e-4
Norris,2.25e-4
Clement,2.22e-4
Travis,2.2e-4
Wiley,2.2e-4
Earle,2.18e-4
Hollis,2.17e-4
Marlin,2.16e-4
Levi,2.14e-4
Gabriel,2.14e-4
Basil,2.13e-4
Royce,2.13e-4
Alva,2.12e-4
Truman,2.11e-4
Ed,2.1e-4
Claud,2.09e-4
Buford,2.08e-4
Gregory,2.08e-4
Darwin,2.07e-4
Gale,2.07e-4
Alfredo,2.06e-4
Shirley,2.06e-4
Sterling,2.04e-4
Winston,2.04e-4
Sammy,2.03e-4
Elmo,2.02e-4
Lindy,2.02e-4
Noah,2.02e-4
Roman,2.02e-4
Rolland,2.01e-4
Wilford,2e-4
Ward,1.99e-4
Noel,1.97e-4
Emory,1.96e-4
Guadalupe,1.96e-4
Carol,1.96e-4
Forest,1.96e-4
Edsel,1.92e-4
Lamar,1.92e-4
Eli,1.91e-4
Emery,1.91e-4
Adrian,1.9e-4
Armando,1.9e-4
Mervin,1.9e-4
Vern,1.89e-4
Carmine,1.88e-4
Darrel,1.88e-4
Randall,1.87e-4
Rodolfo,1.86e-4
Rene,1.84e-4
Miles,1.83e-4
Coy,1.83e-4
Lorenzo,1.83e-4
Harris,1.81e-4
Eric,1.79e-4
Solomon,1.79e-4
Danny,1.78e-4
Odis,1.78e-4
Linwood,1.77e-4
Van,1.77e-4
Bud,1.77e-4
Elliott,1.77e-4
Herschel,1.76e-4
Hershel,1.75e-4
Orval,1.75e-4
Thaddeus,1.75e-4
Miguel,1.72e-4
Jackson,1.71e-4
Rafael,1.71e-4
Royal,1.7e-4
Alphonse,1.69e-4
Lenard,1.68e-4
Barney,1.67e-4
Denver,1.67e-4
Milford,1.67e-4
Normand,1.67e-4
Pasquale,1.67e-4
Cletus,1.66e-4
Dudley,1.65e-4
Jeff,1.65e-4
Winfred,1.65e-4
Bruno,1.63e-4
Fernando,1.63e-4
Hal,1.62e-4
Saul,1.62e-4
Emerson,1.61e-4
Frankie,1.61e-4
Elias,1.59e-4
Wilton,1.58e-4
Hector,1.58e-4
Ellsworth,1.57e-4
Delmer,1.56e-4
Spencer,1.56e-4
Ulysses,1.56e-4
Buster,1.55e-4
Silas,1.55e-4
Terry,1.55e-4
Roderick,1.52e-4
Bertram,1.52e-4
Booker,1.52e-4
Scott,1.51e-4
Everette,1.5e-4
Nolan,1.5e-4
Arturo,1.48e-4
Phil,1.45e-4
Freeman,1.44e-4
Sol,1.44e-4
Vance,1.44e-4
Burl,1.42e-4
Frederic,1.42e-4
Al,1.41e-4
Anton,1.41e-4
Evan,1.41e-4
Olen,1.4e-4
Pablo,1.4e-4
Enrique,1.4e-4
Dalton,1.39e-4
Riley,1.39e-4
Augustine,1.38e-4
Tomas,1.36e-4
Luke,1.35e-4
Ferdinand,1.34e-4
Foster,1.34e-4
Arlie,1.34e-4
Augustus,1.34e-4
Clay,1.34e-4
Omer,1.34e-4
Chris,1.33e-4
Carrol,1.32e-4
Domingo,1.32e-4
Elroy,1.32e-4
Ricardo,1.32e-4
Houston,1.31e-4
Lyman,1.3e-4
Milo,1.29e-4
Carlo,1.28e-4
Mathew,1.27e-4
Alberto,1.27e-4
Major,1.27e-4
Morgan,1.27e-4
Hoyt,1.26e-4
Julio,1.26e-4
Lucien,1.25e-4
Hobert,1.24e-4
Noble,1.24e-4
Davis,1.22e-4
Marcel,1.22e-4
Mckinley,1.22e-4
Nickolas,1.22e-4
Wilber,1.22e-4
Alden,1.21e-4
Dana,1.21e-4
Columbus,1.21e-4
Emilio,1.21e-4
Micheal,1.21e-4
Blaine,1.2e-4
Justin,1.2e-4
Newton,1.2e-4
Hiram,1.19e-4
Abe,1.18e-4
Fletcher,1.18e-4
Jeremiah,1.18e-4
Dewitt,1.17e-4
Emile,1.17e-4
Gaylord,1.17e-4
Jules,1.17e-4
Merton,1.16e-4
Orlando,1.15e-4
Raymon,1.15e-4
Kelly,1.15e-4
Harland,1.14e-4
Harmon,1.14e-4
Jewel,1.14e-4
Angel,1.13e-4
Gary,1.13e-4
Hugo,1.13e-4
Joesph,1.13e-4
Lincoln,1.13e-4
Olin,1.13e-4
Stanford,1.13e-4
Anderson,1.12e-4
Felipe,1.12e-4
Mose,1.11e-4
Arden,1.1e-4
Elden,1.1e-4
Hyman,1.1e-4
Jefferson,1.1e-4
Aloysius,1.09e-4
Frances,1.08e-4
Santos,1.08e-4
Dorothy,1.07e-4
Gail,1.07e-4
Kent,1.07e-4
Raleigh,1.07e-4
Galen,1.06e-4
Jerald,1.06e-4
Shelby,1.06e-4
Verne,1.06e-4
Waldo,1.05e-4
Alphonso,1.04e-4
Ignacio,1.03e-4
Domenic,1.03e-4
Lucius,1.03e-4
Vaughn,1.03e-4
Arther,1.02e-4
Elwin,1.02e-4
Ernesto,1.02e-4
Coleman,1.01e-4
Daryl,1.01e-4
Beverly,1e-4
Isaiah,1e-4
Joshua,1e-4
Rosario,1e-4
Bernice,9.9e-5
Ezra,9.9e-5
Lindbergh,9.9e-5
Haywood,9.8e-5
Huey,9.8e-5
Lacy,9.8e-5
Merlyn,9.8e-5
Otha,9.8e-5
Santiago,9.8e-5
Hilton,9.7e-5
Isiah,9.6e-5
Valentine,9.6e-5
Ambrose,9.6e-5
Christian,9.6e-5
Lupe,9.6e-5
Eldridge,9.5e-5
Reed,9.5e-5
Sydney,9.5e-5
Junius,9.4e-5
Rodger,9.4e-5
Avery,9.3e-5
Bennett,9.3e-5
Doris,9.3e-5
Rogers,9.3e-5
Theo,9.3e-5
Winford,9.3e-5
Asa,9.2e-5
Jonathan,9.2e-5
Mason,9.2e-5
Ora,9.2e-5
Bryan,9.1e-5
Gilberto,9.1e-5
Quentin,9.1e-5
Andres,9e-5
Betty,9e-5
Carson,9e-5
Ottis,9e-5
Casimir,9e-5
Cyrus,9e-5
Jewell,9e-5
Monte,8.9e-5
Rupert,8.9e-5
Sebastian,8.9e-5
Benedict,8.8e-5
Craig,8.8e-5
Dee,8.8e-5
Gregorio,8.8e-5
Lemuel,8.8e-5
Maxwell,8.8e-5
Rollin,8.8e-5
Talmadge,8.8e-5
Constantine,8.7e-5
Kyle,8.7e-5
Oren,8.7e-5
Barry,8.6e-5
Guillermo,8.6e-5
Israel,8.6e-5
Kay,8.6e-5
Rubin,8.6e-5
Emmitt,8.5e-5
Hobart,8.5e-5
Palmer,8.5e-5
Alvie,8.4e-5
Dock,8.4e-5
Fay,8.4e-5
Felton,8.4e-5
Garfield,8.4e-5
Granville,8.4e-5
Winfield,8.4e-5
Ernie,8.4e-5
Jason,8.4e-5
Sherwood,8.4e-5
Vicente,8.4e-5
Bradford,8.3e-5
Jordan,8.3e-5
Edd,8.2e-5
Elliot,8.2e-5
Leeroy,8.2e-5
Graham,8.1e-5
Judson,8.1e-5
Stanton,8.1e-5
Albin,8e-5
Alvis,8e-5
Benito,8e-5
Clem,8e-5
Donn,8e-5
Eldred,8e-5
Hermon,8e-5
Napoleon,8e-5
Rayford,8e-5
Theron,8e-5
Gustave,7.9e-5
Helen,7.9e-5
Ivory,7.9e-5
Warner,7.9e-5
Adolfo,7.8e-5
Aldo,7.8e-5
Donnie,7.8e-5
Dorsey,7.8e-5
Jennings,7.8e-5
Raphael,7.8e-5
Ruth,7.8e-5
Theadore,7.8e-5
Bradley,7.8e-5
Elwyn,7.8e-5
Hans,7.8e-5
Mickey,7.8e-5
Carmelo,7.7e-5
Connie,7.7e-5
Dwayne,7.7e-5
Elzie,7.7e-5
Enoch,7.7e-5
Lucian,7.7e-5
Santo,7.7e-5
Valentino,7.7e-5
Alejandro,7.6e-5
Alford,7.6e-5
Bernie,7.6e-5
Isadore,7.6e-5
Murphy,7.6e-5
Clarance,7.5e-5
Claudie,7.5e-5
Dante,7.5e-5
Early,7.5e-5
Shelton,7.5e-5
Antone,7.4e-5
Carter,7.4e-5
Domenick,7.4e-5
Gayle,7.4e-5
Eduardo,7.3e-5
Guido,7.3e-5
Margaret,7.3e-5
Oran,7.3e-5
Sandy,7.3e-5
Taylor,7.3e-5
Walton,7.3e-5
Aron,7.2e-5
Donal,7.2e-5
King,7.2e-5
Burt,7.1e-5
Bonnie,7.1e-5
Brady,7.1e-5
Kendall,7.1e-5
Lois,7.1e-5
Werner,7.1e-5
General,7e-5
Margarito,7e-5
Merritt,7e-5
Porter,7e-5
Ruby,7e-5
Shoji,7e-5
Elisha,6.9e-5
Garth,6.9e-5
Milan,6.9e-5
Pearl,6.9e-5
Rudolf,6.9e-5
Tracy,6.9e-5
Walker,6.9e-5
Dexter,6.8e-5
Edison,6.8e-5
Freddy,6.8e-5
Garrett,6.8e-5
Mahlon,6.8e-5
Omar,6.8e-5
Abel,6.7e-5
Benton,6.7e-5
Bertrand,6.7e-5
Donovan,6.7e-5
Joyce,6.7e-5
Verlin,6.7e-5
Howell,6.6e-5
Lawerence,6.6e-5
Meredith,6.6e-5
Ramiro,6.6e-5
Casper,6.5e-5
Dempsey,6.5e-5
Haskell,6.5e-5
Leander,6.5e-5
Lonzo,6.5e-5
Loyal,6.5e-5
Parker,6.5e-5
Andre,6.5e-5
Bryant,6.5e-5
Cruz,6.5e-5
Denis,6.5e-5
Florian,6.5e-5
Meyer,6.5e-5
Zane,6.5e-5
Boyce,6.4e-5
Brian,6.4e-5
Clare,6.4e-5
Glendon,6.4e-5
Hayward,6.4e-5
Blair,6.3e-5
Evert,6.3e-5
Kennith,6.3e-5
Loy,6.3e-5
Mac,6.3e-5
Matt,6.3e-5
Virginia,6.3e-5
Dayton,6.2e-5
Garnett,6.2e-5
Hardy,6.2e-5
June,6.2e-5
Rosevelt,6.2e-5
Virgle,6.2e-5
Arvid,6.1e-5
Bryce,6.1e-5
Cloyd,6.1e-5
Darold,6.1e-5
Franklyn,6.1e-5
Lon,6.1e-5
Orland,6.1e-5
Refugio,6.1e-5
Allison,6e-5
Beryl,6e-5
Carey,6e-5
Carleton,6e-5
Dillard,6e-5
Fritz,6e-5
Giles,6e-5
Romeo,6e-5
Verl,6e-5
Buck,5.9e-5
Denzil,5.9e-5
Fernand,5.9e-5
Jonas,5.9e-5
Myles,5.9e-5
Prince,5.9e-5
Angus,5.9e-5
Hosea,5.9e-5
Melton,5.9e-5
Reid,5.9e-5
Reynaldo,5.9e-5
Seth,5.9e-5
Vivian,5.9e-5
Williams,5.9e-5
Aurelio,5.8e-5
Carlyle,5.8e-5
Dewayne,5.8e-5
Elgin,5.8e-5
Joaquin,5.8e-5
Kevin,5.8e-5
Lauren,5.8e-5
Manley,5.8e-5
Oswald,5.8e-5
Rowland,5.8e-5
Durward,5.7e-5
Elmore,5.7e-5
Fidel,5.7e-5
Laurel,5.7e-5
Willian,5.7e-5
Addison,5.6e-5
Agustin,5.6e-5
Arlo,5.6e-5
Claire,5.6e-5
Dwain,5.6e-5
Jon,5.6e-5
Logan,5.6e-5
Maxie,5.6e-5
Merl,5.6e-5
Tim,5.6e-5
Vester,5.6e-5
Adolphus,5.5e-5
Barton,5.5e-5
Elvis,5.5e-5
Gaetano,5.5e-5
Hillard,5.5e-5
Ike,5.5e-5
Lawson,5.5e-5
Lucious,5.5e-5
Nicolas,5.5e-5
Americo,5.4e-5
Damon,5.4e-5
Ellwood,5.4e-5
Ford,5.4e-5
Henderson,5.4e-5
Jonnie,5.4e-5
Joy,5.4e-5
Newell,5.4e-5
Otho,5.4e-5
Terrence,5.4e-5
Allie,5.3e-5
Armond,5.3e-5
Denny,5.3e-5
Leonardo,5.3e-5
Lynwood,5.3e-5
Pierre,5.3e-5
Wardell,5.3e-5
Art,5.3e-5
Chauncey,5.3e-5
Emmet,5.3e-5
Federico,5.3e-5
Gaston,5.3e-5
Glynn,5.3e-5
Madison,5.3e-5
Norval,5.3e-5
Urban,5.3e-5
Zack,5.3e-5
Annie,5.2e-5
Evans,5.2e-5
Gonzalo,5.2e-5
Jorge,5.2e-5
Miller,5.2e-5
Oral,5.2e-5
Waymon,5.2e-5
Alois,5.1e-5
Arley,5.1e-5
Audrey,5.1e-5
Brooks,5.1e-5
Issac,5.1e-5
Leopoldo,5.1e-5
Ludwig,5.1e-5
Murry,5.1e-5
Norton,5.1e-5
Norwood,5.1e-5
Orrin,5.1e-5
Willam,5.1e-5
Duncan,5e-5
Johnson,5e-5
Llewellyn,5e-5
Malvin,5e-5
Murl,5e-5
Quincy,5e-5
Regis,5e-5
Webster,5e-5
Clearence,4.9e-5
Elza,4.9e-5
Gino,4.9e-5
Lambert,4.9e-5
Lorin,4.9e-5
Louise,4.9e-5
Ardell,4.8e-5
Earlie,4.8e-5
Elizabeth,4.8e-5
Eloy,4.8e-5
Esteban,4.8e-5
Estel,4.8e-5
Ezekiel,4.8e-5
Hiroshi,4.8e-5
Hunter,4.8e-5
Ignatius,4.8e-5
Judge,4.8e-5
Oneal,4.8e-5
Orvil,4.8e-5
Robin,4.8e-5
Tillman,4.8e-5
Alec,4.7e-5
Arlin,4.7e-5
Artis,4.7e-5
Arvil,4.7e-5
Cary,4.7e-5
Christ,4.7e-5
Clovis,4.7e-5
Dorman,4.7e-5
Gearld,4.7e-5
Gerhard,4.7e-5
Ivy,4.7e-5
Jerrold,4.7e-5
Johny,4.7e-5
Lindsey,4.7e-5
Ocie,4.7e-5
Abner,4.7e-5
Akira,4.7e-5
Auther,4.7e-5
Berry,4.7e-5
Crawford,4.7e-5
Curtiss,4.7e-5
Emmit,4.7e-5
Marcos,4.7e-5
Reynold,4.7e-5
Rosendo,4.7e-5
Alvan,4.6e-5
Artie,4.6e-5
Arvel,4.6e-5
Arvin,4.6e-5
Enos,4.6e-5
Gustav,4.6e-5
Hayden,4.6e-5
Henery,4.6e-5
Jarvis,4.6e-5
Melville,4.6e-5
Orin,4.6e-5
Quinton,4.6e-5
Trinidad,4.6e-5
Von,4.6e-5
Wm,4.6e-5
Baxter,4.5e-5
Cleve,4.5e-5
Cornell,4.5e-5
Hamilton,4.5e-5
Kirby,4.5e-5
Leamon,4.5e-5
Lenord,4.5e-5
Loran,4.5e-5
Mariano,4.5e-5
Marlyn,4.5e-5
Mitchel,4.5e-5
Obie,4.5e-5
Rueben,4.5e-5
Sylvan,4.5e-5
Vernie,4.5e-5
Watson,4.5e-5
Abram,4.4e-5
Cedric,4.4e-5
Deane,4.4e-5
Delton,4.4e-5
Ennis,4.4e-5
Farrell,4.4e-5
Hazel,4.4e-5
Lesley,4.4e-5
Marcellus,4.4e-5
Maria,4.4e-5
Nels,4.4e-5
Olan,4.4e-5
Sonny,4.4e-5
Val,4.4e-5
Weston,4.4e-5
Wylie,4.4e-5
Anna,4.3e-5
Ashley,4.3e-5
Benjiman,4.3e-5
Donato,4.3e-5
Faustino,4.3e-5
Gust,4.3e-5
Merwin,4.3e-5
