name,percent
Robert,0.054029
James,0.047072
John,0.047033
William,0.043158
Charles,0.027034
Richard,0.02672
Donald,0.024544
George,0.020796
Joseph,0.019095
Edward,0.015552
Thomas,0.014696
Frank,0.011705
Paul,0.011224
Jack,0.010979
Raymond,0.010747
Harold,0.010539
David,0.01021
Kenneth,0.009776
Walter,0.008905
Eugene,0.008179
Henry,0.007734
Arthur,0.007647
Billy,0.007509
Albert,0.007293
Herbert,0.007105
Ralph,0.006961
Harry,0.006445
Carl,0.006218
Willie,0.005973
Joe,0.005966
Howard,0.00543
Louis,0.005405
Gerald,0.005389
Fred,0.00529
Roy,0.005252
Earl,0.005176
Clarence,0.005161
Lawrence,0.00479
Francis,0.004757
Norman,0.00465
Alfred,0.004454
Leonard,0.00436
Ernest,0.004284
Anthony,0.004273
Ronald,0.004039
Marvin,0.003953
Daniel,0.003948
Stanley,0.003847
Melvin,0.0037
Bobby,0.003542
Leroy,0.00345
Bernard,0.0034390000000000002
Samuel,0.003219
Michael,0.003128
Peter,0.002899
Russell,0.002876
Ray,0.002865
Andrew,0.002782
Floyd,0.002776
Leo,0.00273
Jerry,0.002701
Bill,0.002667
Lloyd,0.002658
Roger,0.002637
Theodore,0.002621
Edwin,0.002618
Gene,0.002539
Frederick,0.002538
Wayne,0.002478
Elmer,0.002434
Clifford,0.002416
Vernon,0.002415
Dale,0.002408
Clyde,0.002371
Herman,0.00237
Philip,0.002346
Alvin,0.002302
Don,0.002278
Gordon,0.002252
Glenn,0.002201
Leon,0.002107
Vincent,0.002098
Martin,0.002084
Lewis,0.002017
Lee,0.001996
Allen,0.001977
Charlie,0.001973
Lester,0.001901
Bob,0.0019
Harvey,0.001868
Gilbert,0.001856
Warren,0.001841
Milton,0.001838
Jesse,0.001837
Arnold,0.001786
Douglas,0.001778
Chester,0.001776
Jimmie,0.001765
Curtis,0.001759
Victor,0.001757
Cecil,0.001702
Eddie,0.001698
Johnnie,0.001593
Roland,0.001565
Sam,0.001561
Wallace,0.001537
Benjamin,0.00153
Jose,0.001525
Jerome,0.001504
Calvin,0.001503
Manuel,0.001467
Bruce,0.001455
Johnny,0.001387
Willard,0.001363
Edgar,0.001348
Jimmy,0.001342
Oscar,0.001335
Marion,0.001309
Claude,0.001304
Junior,0.001304
Patrick,0.0013
Billie,0.001291
Glen,0.001287
Hubert,0.00125
Maurice,0.001236
Stephen,0.001224
Max,0.001206
Virgil,0.001205
Jessie,0.001197
Everett,0.001186
Jim,0.001168
Dean,0.001164
Wilbur,0.001164
Larry,0.001144
Tom,0.001144
Leslie,0.001134
Duane,0.001126
Keith,0.001123
Hugh,0.001115
Rudolph,0.0011
Homer,0.001086
Nicholas,0.001074
Wesley,0.001063
Tommy,0.001049
Luther,0.001013
Alan,9.94e-4
Morris,9.89e-4
Franklin,9.58e-4
Sidney,9.55e-4
Phillip,0.00093000000000000005
Willis,9.26e-4
Lyle,9.08e-4
Horace,9.06e-4
Earnest,9.01e-4
Dennis,9e-4
Alexander,8.87e-4
Delbert,8.71e-4
Bennie,8.65e-4
Ben,8.64e-4
Salvatore,8.37e-4
Allan,8.36e-4
Oliver,8.01e-4
Steve,8e-4
Juan,7.92e-4
Tony,7.84e-4
Clayton,7.72e-4
Dick,7.65e-4
Ted,7.62e-4
Jay,7.59e-4
Julius,7.55e-4
Edmund,7.5e-4
Freddie,7.42e-4
Guy,7.4e-4
Orville,7.3e-4
Dan,7.21e-4
Angelo,7.17e-4
Otis,7.14e-4
Clifton,7.07e-4
Jackie,7.05e-4
Alex,7e-4
Jesus,6.93e-4
Clinton,6.87e-4
Leland,6.86e-4
Nathaniel,6.84e-4
Irving,6.81e-4
Archie,6.63e-4
Antonio,6.6e-4
Merle,6.6e-4
Matthew,6.58e-4
Lonnie,6.51e-4
Alton,6.48e-4
Carroll,6.36e-4
Lowell,6.34e-4
Neil,6.32e-4
Darrell,6.28e-4
Marshall,6.27e-4
Ramon,6.25e-4
Mike,6.24e-4
Wilbert,6.21e-4
Ira,5.96e-4
Myron,5.96e-4
Irvin,5.87e-4
Ivan,5.87e-4
Jacob,5.85e-4
Ervin,5.82e-4
Wendell,5.79e-4
Karl,5.73e-4
Dewey,5.7e-4
Wilfred,5.52e-4
Bobbie,5.45e-4
Malcolm,5.44e-4
Forrest,5.42e-4
Elbert,5.41e-4
Julian,5.34e-4
Nelson,5.31e-4
Nick,5.3e-4
Isaac,5.29e-4
Laurence,5.28e-4
Pete,5.26e-4
Eldon,5.24e-4
Norbert,5.23e-4
Mark,5.21e-4
Perry,5.21e-4
Sylvester,5.16e-4
Rufus,5.12e-4
Bert,5.11e-4
Doyle,5.06e-4
Carlos,5.03e-4
Loren,4.99e-4
Gerard,4.98e-4
Ellis,4.94e-4
Burton,4.92e-4
Rodney,4.86e-4
Gary,4.84e-4
Francisco,4.78e-4
Owen,4.75e-4
Byron,4.72e-4
Tommie,4.66e-4
Nathan,4.65e-4
Mack,4.6e-4
Troy,4.57e-4
Fredrick,4.56e-4
Loyd,4.55e-4
Sherman,4.55e-4
Grady,4.54e-4
Irwin,4.52e-4
Carlton,4.51e-4
Roosevelt,4.5e-4
Emil,4.49e-4
Felix,4.48e-4
Percy,4.46e-4
Rex,4.46e-4
Johnie,4.41e-4
Benny,4.37e-4
Ruben,4.36e-4
Pedro,4.27e-4
Dwight,4.26e-4
Aaron,4.24e-4
Seymour,4.21e-4
Dominick,4.18e-4
Boyd,4.13e-4
Otto,4.11e-4
August,4.09e-4
Conrad,4.01e-4
Mario,3.99e-4
Reginald,3.94e-4
Murray,3.93e-4
Grover,3.91e-4
Harley,3.84e-4
Raul,3.82e-4
Emmett,3.8e-4
Joel,3.77e-4
Lynn,3.75e-4
Ross,3.74e-4
Elwood,3.71e-4
Sheldon,3.63e-4
Wilson,3.62e-4
Dallas,3.59e-4
Dominic,3.57e-4
Aubrey,3.56e-4
Morton,3.52e-4
Rudy,3.5e-4
Stuart,3.5e-4
Garland,3.49e-4
Louie,3.44e-4
Erwin,3.41e-4
Amos,3.4e-4
Cornelius,3.4e-4
Teddy,3.4e-4
Luis,3.39e-4
Laverne,3.34e-4
Pat,3.31e-4
Austin,3.28e-4
Alfonso,3.24e-4
Harlan,3.22e-4
Buddy,3.2e-4
Roberto,3.19e-4
Roscoe,3.14e-4
Preston,3.13e-4
Abraham,3.11e-4
Neal,3.07e-4
Maynard,3.04e-4
Adolph,3.01e-4
Dave,2.97e-4
Merlin,2.96e-4
Mary,2.96e-4
Charley,2.9e-4
Millard,2.9e-4
Edmond,2.88e-4
Sanford,2.86e-4
Moses,2.85e-4
Danny,2.84e-4
Adam,2.78e-4
Sammie,2.78e-4
Wade,2.77e-4
Jasper,2.76e-4
Elton,2.75e-4
Sammy,2.73e-4
Elvin,2.72e-4
Delmar,2.68e-4
Grant,2.68e-4
Salvador,2.68e-4
Steven,2.67e-4
Reuben,2.64e-4
Odell,2.63e-4
Timothy,2.63e-4
Jean,2.59e-4
Clair,2.58e-4
Ned,2.54e-4
Royce,2.54e-4
Darwin,2.53e-4
Weldon,2.53e-4
Christopher,2.52e-4
Kermit,2.49e-4
Will,2.49e-4
Monroe,2.48e-4
Rocco,2.48e-4
Carmen,2.46e-4
Travis,2.46e-4
Alfredo,2.45e-4
Merrill,2.43e-4
Wilmer,2.42e-4
Simon,2.41e-4
Marlin,2.39e-4
Lionel,2.39e-4
Shirley,2.39e-4
Armand,2.38e-4
Earle,2.35e-4
Mitchell,2.34e-4
Russel,2.34e-4
Gus,2.33e-4
Andy,2.29e-4
Patsy,2.29e-4
Emanuel,2.28e-4
Lavern,2.28e-4
Vito,2.27e-4
Darrel,2.25e-4
Thurman,2.25e-4
Jake,2.24e-4
Marcus,2.24e-4
Sterling,2.24e-4
Ollie,2.23e-4
Rolland,2.22e-4
Clark,2.21e-4
Cleveland,2.21e-4
Elijah,2.21e-4
Guadalupe,2.21e-4
Miguel,2.21e-4
Noel,2.19e-4
Alva,2.17e-4
Basil,2.16e-4
Gregory,2.16e-4
Alonzo,2.15e-4
Stewart,2.15e-4
Gabriel,2.13e-4
Hollis,2.11e-4
Armando,2.1e-4
Wilburn,2.1e-4
Clement,2.08e-4
Norris,2.08e-4
Wiley,2.08e-4
Buford,2.06e-4
Jess,2.05e-4
Normand,2.04e-4
Adrian,2.03e-4
Frankie,2.03e-4
Emory,2.02e-4
Terry,2.02e-4
Forest,2.01e-4
Levi,2.01e-4
Lorenzo,2e-4
Harrison,1.99e-4
Truman,1.96e-4
Lamar,1.95e-4
Woodrow,1.95e-4
Wilford,1.94e-4
Harris,1.92e-4
Mervin,1.92e-4
Carol,1.92e-4
Randolph,1.92e-4
Hershel,1.9e-4
Rafael,1.9e-4
Rodolfo,1.89e-4
Royal,1.89e-4
Randall,1.88e-4
Emery,1.87e-4
Ed,1.85e-4
Eric,1.85e-4
Barney,1.84e-4
Hoover,1.84e-4
Solomon,1.84e-4
Arturo,1.83e-4
Ricardo,1.83e-4
Jackson,1.82e-4
Winston,1.82e-4
Eli,1.8e-4
Noah,1.79e-4
Cyril,1.78e-4
Rene,1.78e-4
Coy,1.77e-4
Cleo,1.76e-4
Hal,1.76e-4
Huey,1.75e-4
Delmer,1.74e-4
Hector,1.74e-4
Claud,1.74e-4
Alphonse,1.72e-4
Ward,1.72e-4
Winfred,1.72e-4
Van,1.71e-4
Enrique,1.68e-4
Roman,1.68e-4
Dudley,1.67e-4
Miles,1.67e-4
Milford,1.67e-4
Vern,1.67e-4
Pablo,1.65e-4
Carmine,1.64e-4
Carrol,1.64e-4
Freeman,1.63e-4
Jerald,1.63e-4
Lenard,1.63e-4
Bud,1.62e-4
Orval,1.62e-4
Elias,1.61e-4
Elliott,1.61e-4
Herschel,1.61e-4
Jeff,1.59e-4
Roderick,1.59e-4
Silas,1.58e-4
Everette,1.57e-4
Pasquale,1.55e-4
Chris,1.54e-4
Al,1.53e-4
Elmo,1.53e-4
Gale,1.52e-4
Ellsworth,1.5e-4
Frederic,1.5e-4
Alden,1.48e-4
Scott,1.47e-4
Thaddeus,1.47e-4
Riley,1.46e-4
Linwood,1.46e-4
Wilton,1.46e-4
Cletus,1.44e-4
Phil,1.43e-4
Spencer,1.43e-4
Ulysses,1.43e-4
Booker,1.42e-4
Denver,1.42e-4
Odis,1.42e-4
Saul,1.41e-4
Anton,1.4e-4
Blaine,1.38e-4
Luke,1.38e-4
Hiram,1.37e-4
Hugo,1.36e-4
Elroy,1.36e-4
Lyman,1.36e-4
Alberto,1.35e-4
Hoyt,1.35e-4
Fernando,1.34e-4
Barry,1.33e-4
Ernesto,1.33e-4
Gail,1.33e-4
Bruno,1.31e-4
Emilio,1.31e-4
Julio,1.31e-4
Milo,1.29e-4
Bertram,1.28e-4
Donnie,1.28e-4
Vance,1.28e-4
Nolan,1.27e-4
Omer,1.27e-4
Domingo,1.27e-4
Kelly,1.27e-4
Mathew,1.26e-4
Augustine,1.25e-4
Gilberto,1.25e-4
Houston,1.25e-4
Kent,1.25e-4
Olen,1.25e-4
Ferdinand,1.24e-4
Morgan,1.24e-4
Isaiah,1.23e-4
Tomas,1.23e-4
Burl,1.21e-4
Buster,1.21e-4
Olin,1.21e-4
Raymon,1.21e-4
Betty,1.2e-4
Dalton,1.19e-4
Angel,1.18e-4
Benito,1.18e-4
Ignacio,1.17e-4
Arther,1.17e-4
Carlo,1.16e-4
Columbus,1.16e-4
Marcel,1.16e-4
Emerson,1.15e-4
Maxwell,1.14e-4
Fletcher,1.13e-4
Bryan,1.12e-4
Elden,1.11e-4
Major,1.11e-4
Dana,1.1e-4
Daryl,1.1e-4
Galen,1.1e-4
Isiah,1.1e-4
Joesph,1.1e-4
Vaughn,1.1e-4
Donn,1.09e-4
Jules,1.09e-4
Jason,1.08e-4
Mckinley,1.08e-4
Dorothy,1.08e-4
Evan,1.08e-4
Coleman,1.07e-4
Hobert,1.07e-4
Stanford,1.07e-4
Arlie,1.06e-4
Newton,1.06e-4
Verlin,1.06e-4
Verne,1.06e-4
Ernie,1.05e-4
Harland,1.05e-4
Palmer,1.05e-4
Waldo,1.05e-4
Warner,1.05e-4
Foster,1.04e-4
Rodger,1.04e-4
Beverly,1.03e-4
Jeremiah,1.03e-4
Otha,1.03e-4
Santiago,1.03e-4
Talmadge,1.02e-4
Alphonso,1e-4
Brian,1e-4
Dewitt,1e-4
Emile,1e-4
Harmon,1e-4
Reed,1e-4
Bradley,9.9e-5
Davis,9.9e-5
Hilton,9.9e-5
Lemuel,9.9e-5
Micheal,9.9e-5
Shelby,9.9e-5
Sol,9.9e-5
Dee,9.9e-5
Doris,9.9e-5
Junius,9.9e-5
Clay,9.8e-5
Elwin,9.8e-5
Gaylord,9.8e-5
Justin,9.8e-5
Lupe,9.8e-5
Rogers,9.8e-5
Aloysius,9.7e-5
Benedict,9.6e-5
Craig,9.6e-5
Merton,9.6e-5
Oren,9.6e-5
Wilber,9.6e-5
Augustus,9.5e-5
Ezra,9.5e-5
Graham,9.5e-5
Mickey,9.5e-5
Noble,9.5e-5
Ambrose,9.4e-5
Anderson,9.4e-5
Bennett,9.4e-5
Dwayne,9.4e-5
Freddy,9.4e-5
Gregorio,9.4e-5
Jewel,9.4e-5
Judson,9.4e-5
Ottis,9.3e-5
Avery,9.2e-5
Santo,9.2e-5
Andres,9.1e-5
Constantine,9.1e-5
Monte,9.1e-5
Orlando,9.1e-5
Ronnie,9.1e-5
Lincoln,9e-5
Hermon,8.9e-5
Lacy,8.9e-5
Rollin,8.9e-5
Walker,8.9e-5
Edsel,8.9e-5
Mason,8.9e-5
Mose,8.9e-5
Quentin,8.9e-5
Vicente,8.9e-5
Adolfo,8.8e-5
Arden,8.8e-5
Boyce,8.8e-5
Sebastian,8.8e-5
Sherwood,8.8e-5
Valentine,8.8e-5
Abel,8.7e-5
Arlen,8.7e-5
Eduardo,8.7e-5
Frances,8.7e-5
Napoleon,8.7e-5
Eldridge,8.6e-5
Felipe,8.6e-5
Christian,8.5e-5
Guillermo,8.5e-5
Jefferson,8.5e-5
King,8.5e-5
Nickolas,8.5e-5
Raphael,8.5e-5
Theron,8.5e-5
Alford,8.4e-5
Dorsey,8.4e-5
Felton,8.4e-5
Merlyn,8.4e-5
Dexter,8.3e-5
Granville,8.3e-5
Jonathan,8.3e-5
Raleigh,8.3e-5
Romeo,8.3e-5
Santos,8.3e-5
Bernice,8.2e-5
Connie,8.2e-5
Eldred,8.2e-5
Jewell,8.2e-5
Taylor,8.2e-5
Davey,8.1e-5
Rayford,8.1e-5
Sydney,8.1e-5
Winford,8.1e-5
Bernie,8e-5
Jordan,8e-5
Ramiro,8e-5
Casimir,8e-5
Clarance,8e-5
Domenic,8e-5
Gustave,8e-5
Dewayne,7.9e-5
Hans,7.9e-5
Fidel,7.8e-5
Haywood,7.8e-5
Donovan,7.7e-5
Rupert,7.7e-5
Bradford,7.6e-5
Parker,7.6e-5
Rosario,7.6e-5
Willian,7.6e-5
Alejandro,7.5e-5
Arlo,7.5e-5
Lindy,7.5e-5
Ora,7.5e-5
Porter,7.5e-5
Alvie,7.4e-5
Bertrand,7.4e-5
Cruz,7.4e-5
Darold,7.4e-5
Gayle,7.4e-5
Ivory,7.4e-5
Lucien,7.4e-5
Alvis,7.3e-5
Bryant,7.3e-5
Carey,7.3e-5
Walton,7.3e-5
Elvis,7.2e-5
Fay,7.2e-5
Kay,7.2e-5
Kyle,7.2e-5
Leeroy,7.2e-5
Lucius,7.2e-5
Merritt,7.2e-5
Donal,7.1e-5
Elwyn,7.1e-5
Kennith,7.1e-5
Mahlon,7.1e-5
Nicolas,7.1e-5
Rubin,7.1e-5
Andre,7e-5
Burt,7e-5
Edd,7e-5
Israel,7e-5
Emmitt,7e-5
Evert,7e-5
Haskell,7e-5
Helen,7e-5
Hobart,7e-5
Lois,7e-5
Sonny,7e-5
Cyrus,6.9e-5
Dillard,6.9e-5
Dwain,6.9e-5
Garfield,6.9e-5
Garrett,6.9e-5
Joyce,6.9e-5
Kevin,6.9e-5
Margaret,6.9e-5
Milan,6.9e-5
Stanton,6.9e-5
Blair,6.8e-5
Derald,6.8e-5
Lauren,6.8e-5
Margarito,6.8e-5
Americo,6.7e-5
Aron,6.7e-5
Enoch,6.7e-5
Joshua,6.7e-5
Theo,6.7e-5
Werner,6.7e-5
Bonnie,6.6e-5
Dock,6.6e-5
Franklyn,6.6e-5
Garth,6.6e-5
Jennings,6.6e-5
Jerrold,6.6e-5
Pearl,6.6e-5
Reynaldo,6.6e-5
Tim,6.6e-5
Albin,6.5e-5
Asa,6.5e-5
Carson,6.5e-5
Denis,6.5e-5
Domenick,6.5e-5
Hardy,6.5e-5
Loran,6.5e-5
Loy,6.5e-5
Shelton,6.5e-5
Terrence,6.5e-5
Carleton,6.4e-5
Carter,6.4e-5
Clem,6.4e-5
Duncan,6.4e-5
Early,6.4e-5
Elzie,6.4e-5
Kirby,6.4e-5
Waymon,6.4e-5
Aldo,6.3e-5
Arvid,6.3e-5
Claudie,6.3e-5
Curtiss,6.3e-5
Denny,6.3e-5
Estel,6.3e-5
Hayward,6.3e-5
Johny,6.3e-5
Myles,6.3e-5
Rowland,6.3e-5
Benton,6.2e-5
Giles,6.2e-5
Hyman,6.2e-5
June,6.2e-5
Lucian,6.2e-5
Marlyn,6.2e-5
Orin,6.2e-5
Rudolf,6.2e-5
Ruth,6.2e-5
Sandy,6.2e-5
Cloyd,6.1e-5
Fredric,6.1e-5
Jerold,6.1e-5
Jonas,6.1e-5
Leopoldo,6.1e-5
Logan,6.1e-5
Loyal,6.1e-5
Regis,6.1e-5
Bryce,6.1e-5
Denzil,6.1e-5
Florian,6.1e-5
Hazel,6.1e-5
Kurt,6.1e-5
Orrin,6.1e-5
Rosevelt,6.1e-5
Willam,6.1e-5
Casper,6e-5
Edison,6e-5
Mac,6e-5
Clovis,5.9e-5
Dante,5.9e-5
Durward,5.9e-5
Hillard,5.9e-5
Lawerence,5.9e-5
Maxie,5.9e-5
Murphy,5.9e-5
Agustin,5.8e-5
Arvin,5.8e-5
Clare,5.8e-5
Glendon,5.8e-5
Matt,5.8e-5
Meredith,5.8e-5
Omar,5.8e-5
Prince,5.8e-5
Ruby,5.8e-5
Seth,5.8e-5
Theadore,5.8e-5
Arvil,5.7e-5
Barton,5.7e-5
Elmore,5.7e-5
Ike,5.7e-5
Lucious,5.7e-5
Wylie,5.7e-5
Aurelio,5.6e-5
Barbara,5.6e-5
Berry,5.6e-5
Crawford,5.6e-5
Durwood,5.6e-5
Guido,5.6e-5
Lawson,5.6e-5
Marcelino,5.6e-5
Newell,5.6e-5
Norval,5.6e-5
Oran,5.6e-5
Otho,5.6e-5
Winfield,5.6e-5
Abe,5.5e-5
Claire,5.5e-5
Elizabeth,5.5e-5
Elliot,5.5e-5
Gaston,5.5e-5
Humberto,5.5e-5
Hunter,5.5e-5
Issac,5.5e-5
Armond,5.4e-5
Artis,5.4e-5
Carlyle,5.4e-5
Eliseo,5.4e-5
Elisha,5.4e-5
Fritz,5.4e-5
Gino,5.4e-5
Hilario,5.4e-5
Leander,5.4e-5
Merl,5.4e-5
Robin,5.4e-5
Sumner,5.4e-5
Verl,5.4e-5
Virginia,5.4e-5
Wardell,5.4e-5
Auther,5.3e-5
Beryl,5.3e-5
Davie,5.3e-5
Dayton,5.3e-5
Gearld,5.3e-5
Kendall,5.3e-5
Leonardo,5.3e-5
Lorin,5.3e-5
Milburn,5.3e-5
Reynold,5.3e-5
Zane,5.3e-5
Audrey,5.2e-5
Isadore,5.2e-5
Joaquin,5.2e-5
Johnson,5.2e-5
Lon,5.2e-5
Louise,5.2e-5
Norton,5.2e-5
Norwood,5.2e-5
Williams,5.2e-5
Abner,5.2e-5
Courtney,5.2e-5
Hilbert,5.2e-5
Ismael,5.2e-5
Ken,5.2e-5
Meyer,5.2e-5
Murry,5.2e-5
Obie,5.2e-5
Pierre,5.2e-5
Webster,5.2e-5
Alois,5.1e-5
Antone,5.1e-5
Arlin,5.1e-5
Brooks,5.1e-5
Deane,5.1e-5
Lindsey,5.1e-5
Llewellyn,5.1e-5
Melton,5.1e-5
Ocie,5.1e-5
Oneal,5.1e-5
Orvil,5.1e-5
Urban,5.1e-5
Abram,5e-5
Arvel,5e-5
Eddy,5e-5
Eloy,5e-5
Emmit,5e-5
Esteban,5e-5
Gaetano,5e-5
Gustav,5e-5
Joan,5e-5
Madison,5e-5
Orland,5e-5
Sherwin,5e-5
Adolphus,4.9e-5
Arley,4.9e-5
Dolores,4.9e-5
Evans,4.9e-5
Gorden,4.9e-5
Jere,4.9e-5
Lavon,4.9e-5
Sylvan,4.9e-5
Thad,4.9e-5
Tracy,4.9e-5
Vivian,4.9e-5
Cleve,4.8e-5
Delton,4.8e-5
Garnett,4.8e-5
Gerhard,4.8e-5
Gonzalo,4.8e-5
Hamilton,4.8e-5
Jon,4.8e-5
Lambert,4.8e-5
Leamon,4.8e-5
Miller,4.8e-5
Adelbert,4.7e-5
Art,4.7e-5
Buck,4.7e-5
Burnell,4.7e-5
Clint,4.7e-5
Ford,4.7e-5
Lynwood,4.7e-5
Mildred,4.7e-5
Oswald,4.7e-5
Refugio,4.7e-5
Rose,4.7e-5
Benjiman,4.6e-5
Brady,4.6e-5
Chauncey,4.6e-5
Dwaine,4.6e-5
Ennis,4.6e-5
Garry,4.6e-5
Harvie,4.6e-5
Huston,4.6e-5
Terence,4.6e-5
Cleon,4.5e-5
Duwayne,4.5e-5
Federico,4.5e-5
Henderson,4.5e-5
Ignatius,4.5e-5
Jonnie,4.5e-5
Lonzo,4.5e-5
Addison,4.4e-5
Clearence,4.4e-5
Conley,4.4e-5
Dempsey,4.4e-5
Ellwood,4.4e-5
Ezell,4.4e-5
Genaro,4.4e-5
Hayden,4.4e-5
Ivy,4.4e-5
Kenny,4.4e-5
Lane,4.4e-5
Reid,4.4e-5
Rollie,4.4e-5
Trinidad,4.4e-5
Turner,4.4e-5
Allison,4.3e-5
Annie,4.3e-5
Christ,4.3e-5
Damon,4.3e-5
Glynn,4.3e-5
Hilary,4.3e-5
Marco,4.3e-5
Marcos,4.3e-5
Richmond,4.3e-5
Verle,4.3e-5
Vester,4.3e-5
Alice,4.2e-5
Farrell,4.2e-5
Harrell,4.2e-5
Judge,4.2e-5
Lucio,4.2e-5
Malvin,4.2e-5
Oral,4.2e-5
Rogelio,4.2e-5
Rolf,4.2e-5
Vernal,4.2e-5
Welton,4.2e-5
Alfonzo,4.2e-5
Allie,4.2e-5
Arnulfo,4.2e-5
Cliff,4.2e-5
