name,percent
Robert,0.055021
James,0.047781
John,0.046417
William,0.041855
Richard,0.028491
Charles,0.028197
Donald,0.025723
George,0.020155
Joseph,0.018579
Edward,0.015346
Thomas,0.015058
Paul,0.011466
Frank,0.011101
Jack,0.011009
David,0.010864
Kenneth,0.010371
Raymond,0.010363
Harold,0.01032
Walter,0.008608
Billy,0.008226
Eugene,0.007978
Henry,0.007602
Arthur,0.007324
Albert,0.007025
Ralph,0.006762
Carl,0.006161
Joe,0.006091
Harry,0.006058
Willie,0.005913
Gerald,0.005742
Howard,0.005612
Fred,0.005356
Roy,0.005233
Louis,0.005158
Herbert,0.005024
Lawrence,0.00499
Ronald,0.004988
Earl,0.004931
Clarence,0.004859
Norman,0.004692
Bobby,0.004593
Francis,0.004421
Ernest,0.004238
Anthony,0.004136
Leonard,0.004125
Alfred,0.004033
Daniel,0.003953
Marvin,0.003899
Stanley,0.003885
Melvin,0.003588
Jerry,0.003446
Bernard,0.00339
Leroy,0.003373
Michael,0.003136
Samuel,0.003121
Peter,0.00289
Roger,0.002883
Ray,0.002879
Bill,0.002796
Russell,0.00274
Floyd,0.002724
Andrew,0.002711
Leo,0.002682
Dale,0.002648
Wayne,0.002638
Edwin,0.002635
Theodore,0.002616
Don,0.002588
Lloyd,0.002512
Gene,0.002466
Glenn,0.002442
Vernon,0.002392
Frederick,0.002388
Clifford,0.002386
Philip,0.002346
Clyde,0.002333
Gordon,0.002313
Herman,0.002294
Alvin,0.002225
Elmer,0.002196
Leon,0.002122
Lee,0.002093
Martin,0.002062
Vincent,0.002049
Allen,0.002016
Jimmie,0.001994
Lewis,0.001988
Bob,0.001986
Douglas,0.001918
Charlie,0.001876
Gilbert,0.001874
Harvey,0.001825
Milton,0.001814
Jesse,0.0018
Lester,0.00179
Warren,0.001775
Eddie,0.001747
Arnold,0.001725
Cecil,0.001665
Victor,0.001627
Johnny,0.001609
Jimmy,0.001593
Chester,0.001585
Johnnie,0.001581
Jerome,0.00157
Larry,0.001526
Curtis,0.001523
Bruce,0.001522
Roland,0.001522
Sam,0.001482
Calvin,0.001432
Wallace,0.001431
Benjamin,0.001417
Glen,0.001414
Jose,0.001413
Maurice,0.001374
Willard,0.00136
Patrick,0.001356
Edgar,0.001353
Duane,0.001348
Manuel,0.001345
Claude,0.001313
Billie,0.001301
Jim,0.001297
Oscar,0.001297
Marion,0.001234
Tommy,0.001229
Virgil,0.001209
Dean,0.001206
Keith,0.001197
Hugh,0.001185
Tom,0.001183
Jessie,0.00118
Junior,0.001172
Everett,0.001172
Alan,0.001156
Hubert,0.001129
Stephen,0.001115
Leslie,0.001098
Rudolph,0.00108
Wilbur,0.001075
Wesley,0.001052
Max,0.001046
Phillip,0.00104
Dennis,0.001038
Homer,0.001037
Nicholas,0.001001
Luther,9.78e-4
Franklin,9.57e-4
Sidney,9.47e-4
Delbert,8.98e-4
Morris,8.9e-4
Ben,8.77e-4
Earnest,8.77e-4
Allan,8.75e-4
Ted,8.68e-4
Jackie,8.64e-4
Horace,8.6e-4
Willis,8.58e-4
Lyle,8.39e-4
Dick,8.3e-4
Bennie,8.12e-4
Tony,8.08e-4
Juan,8.02e-4
Dan,7.99e-4
Jay,7.92e-4
Salvatore,7.83e-4
Alexander,7.72e-4
Steve,7.64e-4
Oliver,7.55e-4
Freddie,7.46e-4
Otis,7.38e-4
Darrell,7.35e-4
Guy,7.33e-4
Neil,7.3e-4
Julius,7.21e-4
Edmund,7.12e-4
Clayton,7.08e-4
Archie,6.8e-4
Alex,6.74e-4
Clifton,6.73e-4
Carroll,6.7e-4
Alton,6.68e-4
Nathaniel,6.67e-4
Ramon,6.67e-4
Jesus,6.65e-4
Orville,6.61e-4
Marshall,6.58e-4
Antonio,6.55e-4
Angelo,6.43e-4
Lowell,6.39e-4
Wilbert,6.38e-4
Gary,6.35e-4
Lonnie,6.34e-4
Merle,6.31e-4
Mike,6.3e-4
Myron,6.28e-4
Leland,6.25e-4
Ira,6.22e-4
Bobbie,6.19e-4
Clinton,6.17e-4
Wendell,5.95e-4
Ivan,5.92e-4
Matthew,5.82e-4
Dewey,5.79e-4
Karl,5.76e-4
Irving,5.7e-4
Rodney,5.67e-4
Nelson,5.58e-4
Nick,5.56e-4
Ervin,5.52e-4
Jacob,5.5e-4
Elbert,5.4e-4
Gerard,5.34e-4
Doyle,5.33e-4
Wilfred,5.33e-4
Irvin,5.3e-4
Sylvester,5.28e-4
Mark,5.26e-4
Julian,5.22e-4
Perry,5.14e-4
Carlos,5.1e-4
Pete,5.1e-4
Eldon,5.09e-4
Rufus,5.01e-4
Laurence,4.99e-4
Burton,4.97e-4
Norbert,4.95e-4
Malcolm,4.92e-4
Isaac,4.85e-4
Fredrick,4.84e-4
Bert,4.8e-4
Rex,4.79e-4
Dwight,4.79e-4
Loren,4.77e-4
Nathan,4.77e-4
Benny,4.72e-4
Forrest,4.72e-4
Roosevelt,4.71e-4
Tommie,4.71e-4
Troy,4.71e-4
Ellis,4.62e-4
Ruben,4.59e-4
Felix,4.56e-4
Owen,4.53e-4
Emil,4.51e-4
Grady,4.5e-4
Conrad,4.48e-4
Mack,4.48e-4
Loyd,4.43e-4
Pedro,4.42e-4
Aaron,4.41e-4
Ross,4.41e-4
Irwin,4.3e-4
Francisco,4.23e-4
Sherman,4.18e-4
Byron,4.17e-4
Carlton,4.16e-4
Johnie,4.16e-4
Amos,4.09e-4
Elwood,4.06e-4
Harley,4.03e-4
Joel,4.03e-4
Lynn,4.03e-4
Mario,3.96e-4
Seymour,3.94e-4
Buddy,3.88e-4
Otto,3.88e-4
Emmett,3.87e-4
Rudy,3.87e-4
August,3.83e-4
Boyd,3.83e-4
Percy,3.83e-4
Wilson,3.78e-4
Harlan,3.76e-4
Dominick,3.75e-4
Reginald,3.73e-4
Teddy,3.72e-4
Murray,3.65e-4
Stuart,3.63e-4
Sheldon,3.61e-4
Raul,3.59e-4
Grover,3.54e-4
Laverne,3.54e-4
Roberto,3.52e-4
Louie,3.49e-4
Aubrey,3.47e-4
Garland,3.45e-4
Danny,3.43e-4
Austin,3.41e-4
Dallas,3.39e-4
Neal,3.39e-4
Preston,3.36e-4
Dominic,3.35e-4
Alfonso,3.31e-4
Luis,3.3e-4
Erwin,3.28e-4
Pat,3.28e-4
Cornelius,3.23e-4
Morton,3.23e-4
Edmond,3.2e-4
Maynard,3.16e-4
Roscoe,3.12e-4
Sammie,3.11e-4
Abraham,3.05e-4
Sammy,3.05e-4
Mary,3.03e-4
Dave,3.01e-4
Millard,3e-4
Elvin,2.99e-4
Delmar,2.96e-4
Merlin,2.96e-4
Clair,2.77e-4
Steven,2.77e-4
Marlin,2.76e-4
Timothy,2.71e-4
Grant,2.69e-4
Elton,2.66e-4
Wade,2.65e-4
Salvador,2.62e-4
Terry,2.62e-4
Adolph,2.61e-4
Charley,2.56e-4
Moses,2.56e-4
Royce,2.56e-4
Cleveland,2.55e-4
Jasper,2.54e-4
Jean,2.54e-4
Simon,2.51e-4
Lionel,2.49e-4
Reuben,2.48e-4
Darwin,2.46e-4
Kermit,2.45e-4
Marcus,2.45e-4
Carmen,2.43e-4
Sanford,2.43e-4
Adam,2.41e-4
Randolph,2.41e-4
Shirley,2.41e-4
Alonzo,2.38e-4
Christopher,2.38e-4
Hollis,2.38e-4
Alfredo,2.37e-4
Armando,2.36e-4
Wilmer,2.36e-4
Darrel,2.35e-4
Odell,2.35e-4
Lavern,2.34e-4
Gus,2.32e-4
Thurman,2.31e-4
Merrill,2.3e-4
Monroe,2.3e-4
Ned,2.3e-4
Stewart,2.3e-4
Will,2.3e-4
Andy,2.29e-4
Ollie,2.29e-4
Frankie,2.28e-4
Emanuel,2.26e-4
Clark,2.25e-4
Travis,2.25e-4
Wilburn,2.25e-4
Mitchell,2.22e-4
Gregory,2.19e-4
Guadalupe,2.18e-4
Weldon,2.16e-4
Harrison,2.15e-4
Armand,2.14e-4
Barry,2.12e-4
Buford,2.12e-4
Randall,2.11e-4
Rocco,2.11e-4
Ed,2.07e-4
Norris,2.04e-4
Rolland,2.03e-4
Clement,2.02e-4
Lamar,2.02e-4
Elijah,1.99e-4
Russel,1.99e-4
Ward,1.99e-4
Van,1.97e-4
Vern,1.97e-4
Gabriel,1.95e-4
Jake,1.95e-4
Miguel,1.95e-4
Carol,1.94e-4
Barney,1.92e-4
Jackson,1.92e-4
Patsy,1.92e-4
Ricardo,1.92e-4
Basil,1.91e-4
Coy,1.9e-4
Noel,1.9e-4
Rafael,1.9e-4
Wiley,1.89e-4
Cyril,1.88e-4
Lorenzo,1.88e-4
Woodrow,1.88e-4
Cleo,1.87e-4
Earle,1.87e-4
Wilford,1.86e-4
Alva,1.84e-4
Eric,1.84e-4
Sterling,1.84e-4
Jess,1.83e-4
Forest,1.83e-4
Pablo,1.83e-4
Dudley,1.82e-4
Adrian,1.81e-4
Normand,1.81e-4
Rodolfo,1.79e-4
Truman,1.79e-4
Vito,1.79e-4
Emory,1.78e-4
Booker,1.77e-4
Hershel,1.77e-4
Winston,1.77e-4
Gale,1.76e-4
Carmine,1.75e-4
Claud,1.74e-4
Hector,1.74e-4
Levi,1.74e-4
Mervin,1.74e-4
Emery,1.72e-4
Solomon,1.72e-4
Eli,1.7e-4
Jerald,1.7e-4
Noah,1.7e-4
Carrol,1.69e-4
Silas,1.68e-4
Winfred,1.64e-4
Elmo,1.63e-4
Phil,1.63e-4
Arturo,1.61e-4
Harris,1.61e-4
Linwood,1.61e-4
Rene,1.6e-4
Donnie,1.58e-4
Enrique,1.58e-4
Nolan,1.58e-4
Bud,1.57e-4
Cletus,1.57e-4
Delmer,1.57e-4
Jeff,1.57e-4
Elliott,1.56e-4
Emilio,1.56e-4
Huey,1.54e-4
Fernando,1.53e-4
Thaddeus,1.53e-4
Chris,1.52e-4
Elias,1.52e-4
Milford,1.52e-4
Orval,1.52e-4
Emerson,1.52e-4
Al,1.51e-4
Herschel,1.51e-4
Kent,1.49e-4
Angel,1.48e-4
Ernesto,1.48e-4
Lenard,1.47e-4
Miles,1.47e-4
Freeman,1.45e-4
Roman,1.45e-4
Frederic,1.44e-4
Pasquale,1.44e-4
Riley,1.44e-4
Hoyt,1.43e-4
Bruno,1.42e-4
Royal,1.42e-4
Julio,1.41e-4
Alphonse,1.4e-4
Bertram,1.4e-4
Blaine,1.4e-4
Tomas,1.4e-4
Vance,1.39e-4
Alberto,1.38e-4
Betty,1.38e-4
Milo,1.38e-4
Olin,1.38e-4
Roderick,1.36e-4
Spencer,1.36e-4
Dorothy,1.36e-4
Hal,1.36e-4
Saul,1.34e-4
Gail,1.33e-4
Lyman,1.32e-4
Ulysses,1.32e-4
Vaughn,1.32e-4
Alden,1.29e-4
Anton,1.29e-4
Ferdinand,1.29e-4
Odis,1.29e-4
Scott,1.29e-4
Hiram,1.29e-4
Monte,1.29e-4
Wilber,1.29e-4
Hugo,1.28e-4
Wilton,1.28e-4
Buster,1.27e-4
Ignacio,1.27e-4
Major,1.27e-4
Ronnie,1.25e-4
Dalton,1.24e-4
Luke,1.24e-4
Domingo,1.23e-4
Arlen,1.22e-4
Felipe,1.22e-4
Gilberto,1.21e-4
Merlyn,1.21e-4
Arden,1.21e-4
Denver,1.21e-4
Dwayne,1.21e-4
Elroy,1.21e-4
Omer,1.21e-4
Olen,1.2e-4
Burl,1.19e-4
Daryl,1.19e-4
Everette,1.19e-4
Gaylord,1.18e-4
Hobert,1.18e-4
Arlie,1.17e-4
Carlo,1.17e-4
Clay,1.16e-4
Connie,1.16e-4
Alphonso,1.14e-4
Marcel,1.14e-4
Frances,1.13e-4
Rodger,1.13e-4
Dewitt,1.13e-4
Houston,1.12e-4
Jeremiah,1.12e-4
Raymon,1.12e-4
Evan,1.11e-4
Bradley,1.1e-4
Doris,1.1e-4
Ellsworth,1.1e-4
Mickey,1.1e-4
Abel,1.09e-4
Andres,1.09e-4
Harmon,1.09e-4
Micheal,1.09e-4
Augustine,1.08e-4
Augustus,1.08e-4
Bryan,1.08e-4
Dana,1.08e-4
Anderson,1.07e-4
Fletcher,1.07e-4
Foster,1.07e-4
Emile,1.06e-4
Mathew,1.06e-4
Verne,1.06e-4
Freddy,1.05e-4
Isaiah,1.05e-4
Jules,1.05e-4
Kelly,1.05e-4
Rollin,1.05e-4
Santiago,1.05e-4
Arther,1.04e-4
Columbus,1.03e-4
Orlando,1.03e-4
Ramiro,1.03e-4
Sebastian,1.02e-4
Waldo,1.01e-4
Noble,1e-4
Rogers,1e-4
Justin,9.9e-5
Merton,9.9e-5
Nickolas,9.9e-5
Valentine,9.9e-5
Jewel,9.8e-5
Shelby,9.8e-5
Ezra,9.7e-5
Davis,9.7e-5
Lupe,9.7e-5
Theron,9.7e-5
Morgan,9.6e-5
Quentin,9.6e-5
Coleman,9.5e-5
Hilton,9.5e-5
Alford,9.4e-5
Carson,9.4e-5
Lucien,9.4e-5
Warner,9.4e-5
Clarance,9.3e-5
Edd,9.3e-5
Isiah,9.3e-5
Jason,9.3e-5
Kay,9.3e-5
Ambrose,9.2e-5
Craig,9.2e-5
Edsel,9.2e-5
Harland,9.2e-5
Mckinley,9.2e-5
Reed,9.2e-5
Talmadge,9.2e-5
Beverly,9.1e-5
Donn,9.1e-5
Elden,9.1e-5
Galen,9.1e-5
Graham,9.1e-5
Joesph,9.1e-5
Jonathan,9.1e-5
Alejandro,9e-5
Eduardo,9e-5
Ernie,9e-5
Lemuel,9e-5
Mose,9e-5
Stanford,9e-5
Avery,9e-5
Benito,9e-5
Guillermo,9e-5
Hans,9e-5
Israel,9e-5
Lacy,9e-5
Romeo,9e-5
Jefferson,8.9e-5
Newton,8.9e-5
Palmer,8.9e-5
Bernie,8.8e-5
Jerrold,8.8e-5
Kennith,8.8e-5
Constantine,8.7e-5
Donal,8.7e-5
Hermon,8.7e-5
Maxwell,8.7e-5
Raphael,8.6e-5
Santos,8.6e-5
Sol,8.6e-5
Winford,8.6e-5
Aurelio,8.4e-5
Granville,8.4e-5
Christian,8.3e-5
Cyrus,8.3e-5
Enoch,8.3e-5
Mason,8.3e-5
Domenic,8.2e-5
Donovan,8.2e-5
Werner,8.2e-5
Casimir,8.2e-5
Rubin,8.2e-5
Vicente,8.2e-5
Aloysius,8.1e-5
Brian,8.1e-5
Hoover,8.1e-5
King,8.1e-5
Otha,8.1e-5
Sonny,8.1e-5
Adolfo,8e-5
Joshua,8e-5
Judson,8e-5
Rayford,8e-5
Theo,8e-5
Walker,8e-5
Alvis,7.9e-5
Dexter,7.9e-5
Dorsey,7.9e-5
Gayle,7.9e-5
Haywood,7.9e-5
Kyle,7.9e-5
Raleigh,7.9e-5
Benedict,7.8e-5
Bradford,7.8e-5
Claudie,7.8e-5
Denis,7.8e-5
Elwin,7.8e-5
Felton,7.8e-5
Lois,7.8e-5
Sherwood,7.8e-5
Boyce,7.7e-5
Dee,7.7e-5
Santo,7.7e-5
Dock,7.6e-5
Haskell,7.6e-5
Jon,7.6e-5
Lincoln,7.6e-5
Loy,7.6e-5
Lucius,7.6e-5
Ora,7.6e-5
Oren,7.6e-5
Abe,7.5e-5
Gregorio,7.5e-5
Theadore,7.5e-5
Fay,7.4e-5
Kevin,7.4e-5
Rosario,7.4e-5
Alvie,7.4e-5
Bennett,7.4e-5
Bryce,7.4e-5
Helen,7.4e-5
Lucian,7.4e-5
Eldridge,7.3e-5
Junius,7.3e-5
Sydney,7.3e-5
Eldred,7.2e-5
Gino,7.2e-5
Elvis,7.1e-5
Fidel,7.1e-5
Marlyn,7.1e-5
Napoleon,7.1e-5
Ottis,7.1e-5
Walton,7.1e-5
Leeroy,7e-5
Asa,6.9e-5
Blair,6.9e-5
Burt,6.9e-5
June,6.9e-5
Rupert,6.9e-5
Taylor,6.9e-5
Aldo,6.8e-5
Benton,6.8e-5
Dolores,6.8e-5
Elwyn,6.8e-5
Jerold,6.8e-5
Jonas,6.8e-5
Kurt,6.8e-5
Porter,6.8e-5
Reynold,6.8e-5
Bernice,6.7e-5
Dewayne,6.7e-5
Dillard,6.7e-5
Dwain,6.7e-5
Elzie,6.7e-5
Emmitt,6.7e-5
Farrell,6.7e-5
Hobart,6.7e-5
Jordan,6.7e-5
Joyce,6.7e-5
Ken,6.7e-5
Nicolas,6.7e-5
Denny,6.6e-5
Franklyn,6.6e-5
Guido,6.6e-5
Ismael,6.6e-5
Sandy,6.6e-5
Waymon,6.6e-5
Andre,6.6e-5
Barbara,6.6e-5
Crawford,6.6e-5
Elliot,6.6e-5
Jewell,6.6e-5
Lawerence,6.6e-5
Merritt,6.6e-5
Williams,6.6e-5
Willian,6.6e-5
Zane,6.6e-5
Joaquin,6.5e-5
Lindsey,6.5e-5
Bonnie,6.4e-5
Fredric,6.4e-5
Garfield,6.4e-5
Ignatius,6.4e-5
Lon,6.4e-5
Milan,6.4e-5
Orin,6.4e-5
Regis,6.4e-5
Elisha,6.3e-5
Glendon,6.3e-5
Gustave,6.3e-5
Matt,6.3e-5
Myles,6.3e-5
Robin,6.3e-5
Ruth,6.3e-5
Alois,6.2e-5
Clem,6.2e-5
Delton,6.2e-5
Hayward,6.2e-5
Mahlon,6.2e-5
Margaret,6.2e-5
Oswald,6.2e-5
Arvil,6.1e-5
Domenick,6.1e-5
Elmore,6.1e-5
Ivory,6.1e-5
Oran,6.1e-5
Reynaldo,6.1e-5
Agustin,6e-5
Joan,6e-5
Verlin,6e-5
Virginia,6e-5
Albin,5.9e-5
Antone,5.9e-5
Ardell,5.9e-5
Aron,5.9e-5
Brady,5.9e-5
Buck,5.9e-5
Duncan,5.9e-5
Kendall,5.9e-5
Kirby,5.9e-5
Meredith,5.9e-5
Pearl,5.9e-5
Rudolf,5.9e-5
Shelton,5.9e-5
Terrence,5.9e-5
Carleton,5.8e-5
Eddy,5.8e-5
Glynn,5.8e-5
Vernie,5.8e-5
Arvid,5.8e-5
Carey,5.8e-5
Clovis,5.8e-5
Florian,5.8e-5
Loran,5.8e-5
Melton,5.8e-5
Rowland,5.8e-5
Val,5.8e-5
Barton,5.7e-5
Carmelo,5.7e-5
Cruz,5.7e-5
Evans,5.7e-5
Lindy,5.7e-5
Mac,5.7e-5
Omar,5.7e-5
Virgle,5.7e-5
Winfield,5.7e-5
Chauncey,5.6e-5
Furman,5.6e-5
Garry,5.6e-5
Gerry,5.6e-5
Giles,5.6e-5
Maxie,5.6e-5
Miller,5.6e-5
Norval,5.6e-5
Prince,5.6e-5
Carter,5.5e-5
Dwaine,5.5e-5
Estel,5.5e-5
Loyal,5.5e-5
Murry,5.5e-5
Newell,5.5e-5
Norton,5.5e-5
Ruby,5.5e-5
Arlo,5.4e-5
Audrey,5.4e-5
Berry,5.4e-5
Bertrand,5.4e-5
Bryant,5.4e-5
Darold,5.4e-5
Murphy,5.4e-5
Rose,5.4e-5
Tim,5.4e-5
Tracy,5.4e-5
Art,5.3e-5
Arvin,5.3e-5
Clint,5.3e-5
Edison,5.3e-5
Fritz,5.3e-5
Gearld,5.3e-5
Isadore,5.3e-5
Leander,5.3e-5
Malvin,5.3e-5
Margarito,5.3e-5
Pierre,5.3e-5
Rosendo,5.3e-5
Willam,5.3e-5
Auther,5.2e-5
Carlyle,5.2e-5
Clare,5.2e-5
Davie,5.2e-5
Dorman,5.2e-5
Ezell,5.2e-5
Garnett,5.2e-5
Hardy,5.2e-5
Ike,5.2e-5
Lucious,5.2e-5
Marcelino,5.2e-5
Casper,5.1e-5
Dannie,5.1e-5
Dayton,5.1e-5
Derald,5.1e-5
Norwood,5.1e-5
Obie,5.1e-5
Reid,5.1e-5
Addison,5.1e-5
Arlin,5.1e-5
Derl,5.1e-5
Emmet,5.1e-5
Lambert,5.1e-5
Leopoldo,5.1e-5
Mariano,5.1e-5
Stanton,5.1e-5
Vester,5.1e-5
Adolphus,5e-5
Early,5e-5
Eloy,5e-5
Jere,5e-5
Kenny,5e-5
Lauren,5e-5
Lorin,5e-5
Orrin,5e-5
Wylie,5e-5
Arnulfo,4.9e-5
Cedric,4.9e-5
Cleon,4.9e-5
Cloyd,4.9e-5
Damon,4.9e-5
Dempsey,4.9e-5
Farris,4.9e-5
Gerold,4.9e-5
Gonzalo,4.9e-5
Harlen,4.9e-5
Humberto,4.9e-5
Jennings,4.9e-5
Maria,4.9e-5
Pierce,4.9e-5
Seth,4.9e-5
Beryl,4.8e-5
Brooks,4.8e-5
Burnell,4.8e-5
Cary,4.8e-5
Davey,4.8e-5
Ezekiel,4.8e-5
Garth,4.8e-5
Hillard,4.8e-5
Jorge,4.8e-5
Lavon,4.8e-5
Lynwood,4.8e-5
Silvio,4.8e-5
Arlan,4.7e-5
Dante,4.7e-5
Deane,4.7e-5
Hazel,4.7e-5
Hyman,4.7e-5
Lane,4.7e-5
Lenord,4.7e-5
Louise,4.7e-5
Oneal,4.7e-5
Refugio,4.7e-5
Rollie,4.7e-5
Turner,4.7e-5
Winton,4.7e-5
Christ,4.6e-5
Earlie,4.6e-5
Federico,4.6e-5
Garrett,4.6e-5
Johnson,4.6e-5
Joy,4.6e-5
Lawson,4.6e-5
Marco,4.6e-5
Nunzio,4.6e-5
Patricia,4.6e-5
Richmond,4.6e-5
Sherwin,4.6e-5
Thad,4.6e-5
Urban,4.6e-5
Alice,4.5e-5
Anna,4.5e-5
Author,4.5e-5
Curtiss,4.5e-5
Dino,4.5e-5
Gustav,4.5e-5
Howell,4.5e-5
Ivy,4.5e-5
Lenwood,4.5e-5
Rosevelt,4.5e-5
Verlyn,4.5e-5
Adan,4.4e-5
Annie,4.4e-5
Clive,4.4e-5
Duwayne,4.4e-5
Evelyn,4.4e-5
Evert,4.4e-5
Hayden,4.4e-5
Madison,4.4e-5
Parker,4.4e-5
Artis,4.3e-5
Johny,4.3e-5
Judge,4.3e-5
Leamon,4.3e-5
Llewellyn,4.3e-5
Lonzo,4.3e-5
Melville,4.3e-5
Orland,4.3e-5
Otho,4.3e-5
Webster,4.3e-5
Abner,4.3e-5
Allison,4.3e-5
Artie,4.3e-5
Durwood,4.3e-5
Elizabeth,4.3e-5
Emmit,4.3e-5
Florentino,4.3e-5
Hamilton,4.3e-5
Hosea,4.3e-5
Marcellus,4.3e-5
Ransom,4.3e-5
Rueben,4.3e-5
Thornton,4.3e-5
Wally,4.3e-5
Benjiman,4.2e-5
Cameron,4.2e-5
Claire,4.2e-5
Finis,4.2e-5
Gaston,4.2e-5
Genaro,4.2e-5
General,4.2e-5
Glenwood,4.2e-5
Hurley,4.2e-5
Jodie,4.2e-5
Marshal,4.2e-5
Mervyn,4.2e-5
