name,percent
Robert,0.056598
James,0.04785
John,0.04528
William,0.04045
Richard,0.029759
Charles,0.027985
Donald,0.027211
George,0.019331
Joseph,0.018071
Thomas,0.01575
Edward,0.014635
Paul,0.011463
David,0.011019
Kenneth,0.010816
Jack,0.010745
Frank,0.010733
Raymond,0.010138
Harold,0.009997
Billy,0.008658
Walter,0.008355
Eugene,0.007622
Henry,0.007295
Arthur,0.007045
Albert,0.006664
Ralph,0.006498
Gerald,0.006382
Ronald,0.006291
Carl,0.006156
Joe,0.006018
Harry,0.005656
Willie,0.005568
Bobby,0.005485
Fred,0.005333
Howard,0.005259
Roy,0.005131
Norman,0.00507
Louis,0.005055
Lawrence,0.005017
Clarence,0.004733
Earl,0.004711
Herbert,0.004475
Francis,0.004421
Jerry,0.004092
Daniel,0.004074
Marvin,0.004066
Anthony,0.004018
Ernest,0.004014
Leonard,0.004002
Stanley,0.003931
Alfred,0.003692
Melvin,0.003463
Leroy,0.003404
Roger,0.003393
Bernard,0.003291
Michael,0.003266
Samuel,0.003154
Bill,0.003017
Wayne,0.003003
Don,0.002972
Ray,0.002953
Peter,0.002917
Dale,0.002818
Russell,0.002754
Gene,0.002589
Andrew,0.002532
Floyd,0.00253
Leo,0.002528
Edwin,0.002526
Lloyd,0.002523
Theodore,0.002496
Philip,0.002481
Glenn,0.002454
Frederick,0.002306
Vernon,0.002305
Clifford,0.002294
Gordon,0.002241
Clyde,0.002174
Bob,0.002171
Allen,0.002161
Alvin,0.002151
Jimmie,0.00214
Herman,0.002122
Elmer,0.002115
Leon,0.002099
Douglas,0.002057
Lewis,0.002019
Vincent,0.002019
Larry,0.00201
Jimmy,0.00199
Lee,0.00198
Martin,0.001967
Gilbert,0.001864
Harvey,0.001844
Charlie,0.001839
Eddie,0.001829
Lester,0.001793
Jesse,0.001774
Arnold,0.001719
Warren,0.001713
Milton,0.001712
Bruce,0.001667
Cecil,0.001658
Jerome,0.001633
Duane,0.001617
Chester,0.001607
Johnny,0.001603
Roland,0.001589
Curtis,0.00153
Victor,0.001518
Johnnie,0.001488
Patrick,0.00147
Glen,0.001464
Benjamin,0.001457
Wallace,0.001447
Tommy,0.001436
Jim,0.001422
Maurice,0.001398
Sam,0.001364
Calvin,0.001344
Alan,0.001328
Virgil,0.0012979999999999999
Willard,0.00129
Keith,0.001288
Edgar,0.001284
Tom,0.001272
Jose,0.001269
Dean,0.001259
Billie,0.001256
Oscar,0.001251
Stephen,0.001245
Hugh,0.001242
Marion,0.001225
Manuel,0.001223
Claude,0.001219
Jessie,0.001179
Hubert,0.001151
Everett,0.001147
Dennis,0.001126
Leslie,0.001114
Max,0.001105
Phillip,0.001099
Jackie,0.001048
Wesley,0.001042
Homer,0.001031
Rudolph,0.001031
Nicholas,0.001028
Lowell,0.001022
Franklin,0.001021
Wilbur,0.00102
Junior,9.99e-4
Allan,9.35e-4
Gary,9.33e-4
Dick,9.25e-4
Morris,9.24e-4
Ted,9.2e-4
Luther,8.97e-4
Lyle,8.81e-4
Sidney,8.8e-4
Willis,8.7e-4
Delbert,8.69e-4
Horace,8.69e-4
Ben,8.55e-4
Earnest,8.49e-4
Dan,8.27e-4
Neil,8.24e-4
Jay,8.11e-4
Clayton,7.79e-4
Darrell,7.79e-4
Bennie,7.69e-4
Tony,7.57e-4
Freddie,7.51e-4
Alexander,7.4e-4
Steve,7.37e-4
Oliver,7.28e-4
Guy,7.27e-4
Salvatore,7.16e-4
Archie,7.04e-4
Carroll,7.01e-4
Bobbie,6.95e-4
Juan,6.95e-4
Alex,6.81e-4
Otis,6.81e-4
Lonnie,6.74e-4
Alton,6.64e-4
Edmund,6.63e-4
Julius,6.63e-4
Rodney,6.62e-4
Leland,6.5e-4
Clifton,6.45e-4
Mike,6.44e-4
Clinton,6.42e-4
Myron,6.37e-4
Wilbert,6.31e-4
Angelo,6.29e-4
Doyle,6.27e-4
Marshall,6.24e-4
Mark,6.23e-4
Merle,6.18e-4
Nathaniel,6.17e-4
Ramon,6.16e-4
Orville,6.1e-4
Ivan,6.04e-4
Wendell,6e-4
Karl,5.94e-4
Jesus,5.89e-4
Antonio,5.81e-4
Ira,5.76e-4
Nelson,5.69e-4
Matthew,5.68e-4
Benny,5.62e-4
Dewey,5.59e-4
Pete,5.54e-4
Malcolm,5.47e-4
Irving,5.46e-4
Conrad,5.44e-4
Loren,5.38e-4
Jacob,5.33e-4
Ervin,5.31e-4
Dwight,5.3e-4
Elbert,5.29e-4
Eldon,5.27e-4
Gerard,5.16e-4
Irvin,5.11e-4
Carlos,5.09e-4
Perry,5.06e-4
Sylvester,4.9e-4
Rex,4.85e-4
Wilfred,4.84e-4
Laurence,4.83e-4
Loyd,4.82e-4
Nick,4.79e-4
Carlton,4.73e-4
Fredrick,4.71e-4
Byron,4.68e-4
Julian,4.68e-4
Norbert,4.68e-4
Tommie,4.61e-4
Troy,4.55e-4
Mack,4.49e-4
Rufus,4.49e-4
Felix,4.48e-4
Joel,4.47e-4
Burton,4.43e-4
Forrest,4.42e-4
Roosevelt,4.39e-4
Irwin,4.37e-4
Ruben,4.34e-4
Aaron,4.31e-4
Bert,4.3e-4
Buddy,4.3e-4
Ellis,4.27e-4
Owen,4.25e-4
Ross,4.23e-4
Grady,4.17e-4
Emil,4.17e-4
Isaac,4.16e-4
Sherman,4.15e-4
Nathan,4.13e-4
Harley,4.1e-4
Johnie,4.09e-4
Lynn,4.01e-4
Francisco,3.99e-4
Boyd,3.97e-4
Harlan,3.97e-4
Teddy,3.97e-4
Reginald,3.96e-4
August,3.95e-4
Elwood,3.93e-4
Rudy,3.92e-4
Dallas,3.86e-4
Grover,3.86e-4
Percy,3.86e-4
Pat,3.82e-4
Sheldon,3.82e-4
Emmett,3.79e-4
Morton,3.78e-4
Stuart,3.74e-4
Mario,3.7e-4
Laverne,3.69e-4
Dominick,3.66e-4
Danny,3.64e-4
Dave,3.59e-4
Aubrey,3.58e-4
Murray,3.53e-4
Dominic,3.49e-4
Neal,3.47e-4
Amos,3.44e-4
Merlin,3.43e-4
Otto,3.43e-4
Pedro,3.42e-4
Cornelius,3.38e-4
Garland,3.38e-4
Raul,3.38e-4
Delmar,3.29e-4
Austin,3.27e-4
Maynard,3.26e-4
Sammie,3.25e-4
Alfonso,3.24e-4
Louie,3.24e-4
Sammy,3.24e-4
Timothy,3.24e-4
Seymour,3.2e-4
Wilson,3.16e-4
Preston,3.14e-4
Erwin,3.13e-4
Mary,3.03e-4
Edmond,2.96e-4
Guadalupe,2.96e-4
Roberto,2.91e-4
Darrel,2.85e-4
Elvin,2.84e-4
Adam,2.82e-4
Marlin,2.82e-4
Wade,2.82e-4
Barry,2.8e-4
Moses,2.8e-4
Royce,2.77e-4
Adolph,2.74e-4
Steven,2.74e-4
Abraham,2.71e-4
Lionel,2.71e-4
Terry,2.7e-4
Jean,2.69e-4
Sanford,2.69e-4
Elton,2.66e-4
Travis,2.66e-4
Thurman,2.65e-4
Dudley,2.62e-4
Frankie,2.61e-4
Noel,2.59e-4
Luis,2.57e-4
Mitchell,2.53e-4
Wilmer,2.47e-4
Norris,2.46e-4
Odell,2.46e-4
Salvador,2.45e-4
Grant,2.43e-4
Darwin,2.42e-4
Roscoe,2.42e-4
Charley,2.41e-4
Gregory,2.41e-4
Merrill,2.39e-4
Clair,2.38e-4
Ned,2.37e-4
Jasper,2.36e-4
Kermit,2.35e-4
Lavern,2.35e-4
Monroe,2.35e-4
Reuben,2.34e-4
Millard,2.33e-4
Weldon,2.32e-4
Carol,2.31e-4
Ollie,2.31e-4
Jerald,2.29e-4
Carmen,2.28e-4
Cleveland,2.28e-4
Clark,2.27e-4
Wilburn,2.27e-4
Andy,2.27e-4
Shirley,2.26e-4
Christopher,2.25e-4
Ed,2.25e-4
Hollis,2.25e-4
Gus,2.23e-4
Donnie,2.2e-4
Alonzo,2.19e-4
Will,2.19e-4
Woodrow,2.18e-4
Clement,2.15e-4
Simon,2.15e-4
Randolph,2.13e-4
Wiley,2.11e-4
Marcus,2.1e-4
Harrison,2.08e-4
Patsy,2.08e-4
Armand,2.07e-4
Cleo,2.07e-4
Armando,2.06e-4
Emory,2.03e-4
Stewart,2.03e-4
Rocco,2.02e-4
Lamar,2e-4
Adrian,1.99e-4
Alva,1.99e-4
Jake,1.99e-4
Eric,1.98e-4
Vito,1.96e-4
Gabriel,1.95e-4
Alfredo,1.94e-4
Bud,1.94e-4
Phil,1.94e-4
Randall,1.94e-4
Wilford,1.94e-4
Rolland,1.93e-4
Alphonse,1.88e-4
Coy,1.88e-4
Levi,1.88e-4
Vern,1.88e-4
Buford,1.87e-4
Forest,1.86e-4
Emanuel,1.85e-4
Truman,1.83e-4
Elijah,1.83e-4
Lorenzo,1.82e-4
Sterling,1.8e-4
Ronnie,1.79e-4
Carmine,1.78e-4
Miguel,1.78e-4
Hector,1.77e-4
Jackson,1.76e-4
Normand,1.76e-4
Rafael,1.76e-4
Russel,1.76e-4
Al,1.74e-4
Roman,1.73e-4
Van,1.73e-4
Harris,1.7e-4
Claud,1.68e-4
Mervin,1.68e-4
Barney,1.68e-4
Earle,1.68e-4
Noah,1.68e-4
Ward,1.68e-4
Kent,1.66e-4
Winston,1.66e-4
Emery,1.65e-4
Herschel,1.65e-4
Ricardo,1.65e-4
Cyril,1.64e-4
Fernando,1.64e-4
Hershel,1.61e-4
Carrol,1.6e-4
Delmer,1.6e-4
Eli,1.6e-4
Gale,1.58e-4
Everette,1.56e-4
Miles,1.56e-4
Silas,1.56e-4
Gaylord,1.55e-4
Hal,1.54e-4
Rodolfo,1.54e-4
Huey,1.53e-4
Winfred,1.53e-4
Bradley,1.5e-4
Rene,1.5e-4
Milford,1.49e-4
Linwood,1.48e-4
Nolan,1.48e-4
Burl,1.47e-4
Jess,1.46e-4
Pablo,1.46e-4
Arturo,1.45e-4
Basil,1.44e-4
Chris,1.44e-4
Roderick,1.44e-4
Solomon,1.44e-4
Enrique,1.43e-4
Jeff,1.43e-4
Betty,1.42e-4
Elliott,1.4e-4
Anton,1.39e-4
Elias,1.39e-4
Vance,1.39e-4
Booker,1.39e-4
Freeman,1.39e-4
Dwayne,1.38e-4
Gilberto,1.38e-4
Royal,1.38e-4
Dalton,1.37e-4
Lenard,1.37e-4
Ulysses,1.37e-4
Rodger,1.36e-4
Alberto,1.34e-4
Luke,1.34e-4
Ernesto,1.33e-4
Orval,1.33e-4
Arlen,1.32e-4
Bertram,1.32e-4
Frederic,1.32e-4
Dorothy,1.31e-4
Odis,1.31e-4
Pasquale,1.31e-4
Arlie,1.3e-4
Spencer,1.3e-4
Thaddeus,1.3e-4
Mickey,1.29e-4
Scott,1.29e-4
Elroy,1.28e-4
Riley,1.28e-4
Saul,1.28e-4
Elmo,1.27e-4
Emilio,1.27e-4
Wilton,1.27e-4
Domingo,1.26e-4
Gail,1.26e-4
Morgan,1.25e-4
Alden,1.24e-4
Hoyt,1.24e-4
Vaughn,1.24e-4
Cletus,1.24e-4
Dewayne,1.24e-4
Julio,1.24e-4
Dana,1.23e-4
Jules,1.22e-4
Stanford,1.22e-4
Kelly,1.21e-4
Lupe,1.2e-4
Merlyn,1.2e-4
Milo,1.2e-4
Arther,1.18e-4
Blaine,1.18e-4
Freddy,1.18e-4
Hobert,1.18e-4
Olin,1.18e-4
Monte,1.17e-4
Carlo,1.16e-4
Daryl,1.16e-4
Emerson,1.16e-4
Bryan,1.15e-4
Connie,1.15e-4
Houston,1.15e-4
Kay,1.15e-4
Arden,1.14e-4
Bruno,1.13e-4
Felipe,1.13e-4
Hiram,1.13e-4
Lyman,1.13e-4
Micheal,1.13e-4
Davis,1.12e-4
Denver,1.12e-4
Newton,1.12e-4
Alphonso,1.11e-4
Emile,1.11e-4
Theron,1.11e-4
Augustine,1.1e-4
Ellsworth,1.1e-4
Galen,1.1e-4
Omer,1.1e-4
Jonathan,1.1e-4
Boyce,1.09e-4
Clay,1.09e-4
Frances,1.09e-4
Hilton,1.09e-4
Olen,1.09e-4
Rogers,1.09e-4
Raymon,1.08e-4
Craig,1.07e-4
Elden,1.07e-4
Jeremiah,1.07e-4
Tomas,1.07e-4
Bernie,1.06e-4
Buster,1.05e-4
Evan,1.05e-4
Kevin,1.05e-4
Marcel,1.05e-4
Wilber,1.05e-4
Columbus,1.04e-4
Foster,1.04e-4
Rollin,1.04e-4
Lincoln,1.03e-4
Orlando,1.03e-4
Shelby,1.03e-4
Augustus,1.02e-4
Isiah,1.02e-4
Reed,1.02e-4
Ferdinand,1.01e-4
Ignacio,1.01e-4
Angel,1e-4
Kennith,1e-4
Otha,1e-4
Elwin,9.9e-5
Jefferson,9.9e-5
Mckinley,9.9e-5
Benito,9.8e-5
Edsel,9.8e-5
Harland,9.7e-5
Quentin,9.7e-5
Isaiah,9.6e-5
Jerold,9.6e-5
Jordan,9.5e-5
Santiago,9.5e-5
Joesph,9.5e-5
Verne,9.5e-5
Constantine,9.4e-5
Fletcher,9.4e-5
Guillermo,9.4e-5
Talmadge,9.4e-5
Anderson,9.3e-5
Dewitt,9.3e-5
Graham,9.3e-5
Verlin,9.3e-5
Denis,9.2e-5
Donovan,9.2e-5
Gregorio,9.2e-5
Lucien,9.2e-5
Donal,9.1e-5
Harmon,9.1e-5
Hugo,9.1e-5
Judson,9.1e-5
Mathew,9.1e-5
Raleigh,9.1e-5
Warner,9.1e-5
Brian,9e-5
Dee,9e-5
Jerrold,9e-5
Jewel,9e-5
Joshua,9e-5
Major,9e-5
Noble,9e-5
Waldo,9e-5
Doris,8.9e-5
Gayle,8.9e-5
Ken,8.9e-5
Bennett,8.8e-5
Jewell,8.8e-5
Ramiro,8.8e-5
Sebastian,8.8e-5
Abel,8.7e-5
Ottis,8.7e-5
Reynaldo,8.7e-5
Rupert,8.7e-5
Beverly,8.6e-5
Palmer,8.6e-5
Valentine,8.6e-5
Eduardo,8.5e-5
Fredric,8.5e-5
Hermon,8.4e-5
Sherwood,8.4e-5
Alejandro,8.3e-5
Lemuel,8.3e-5
Alvis,8.2e-5
Bradford,8.2e-5
Domenic,8.2e-5
Christian,8.1e-5
Coleman,8.1e-5
Cyrus,8.1e-5
Granville,8.1e-5
Marlyn,8.1e-5
Ora,8.1e-5
Santos,8.1e-5
Winford,8.1e-5
Dwain,8e-5
Ernie,8e-5
Loyal,8e-5
Oren,8e-5
Raphael,8e-5
Theo,8e-5
Barbara,7.9e-5
Haywood,7.9e-5
Jon,7.9e-5
Joyce,7.9e-5
Mason,7.9e-5
Maxwell,7.9e-5
Walton,7.9e-5
Carson,7.8e-5
Dorsey,7.8e-5
Ezra,7.8e-5
Fay,7.8e-5
Hans,7.8e-5
Jason,7.8e-5
Mose,7.8e-5
Andre,7.7e-5
Farrell,7.7e-5
Garry,7.7e-5
Burt,7.6e-5
Joan,7.6e-5
Regis,7.6e-5
Aloysius,7.5e-5
Andres,7.5e-5
Emmitt,7.5e-5
Abe,7.4e-5
Eldred,7.4e-5
Junius,7.4e-5
Kyle,7.4e-5
Lacy,7.4e-5
Loy,7.4e-5
Rayford,7.4e-5
Walker,7.4e-5
Carter,7.3e-5
Edd,7.3e-5
Haskell,7.3e-5
Hayward,7.2e-5
Justin,7.2e-5
Vicente,7.2e-5
Werner,7.2e-5
Arlo,7.1e-5
Aurelio,7.1e-5
Bryant,7.1e-5
Darold,7.1e-5
Edison,7.1e-5
Gustave,7.1e-5
Lauren,7.1e-5
Lois,7.1e-5
Theadore,7.1e-5
Willian,7.1e-5
Avery,7e-5
Hyman,7e-5
Ismael,7e-5
Margaret,7e-5
Merton,7e-5
Sydney,7e-5
Adolfo,6.9e-5
Bryce,6.9e-5
Mac,6.9e-5
Milan,6.9e-5
Porter,6.9e-5
Sol,6.9e-5
Waymon,6.9e-5
Clarance,6.8e-5
Denzil,6.8e-5
Dino,6.8e-5
Fidel,6.8e-5
Hobart,6.8e-5
Israel,6.8e-5
King,6.8e-5
Winfield,6.8e-5
Alford,6.7e-5
Ambrose,6.7e-5
Casimir,6.7e-5
Garrett,6.7e-5
Napoleon,6.7e-5
Sandy,6.7e-5
Terrence,6.7e-5
Tim,6.7e-5
Alvie,6.6e-5
Barton,6.6e-5
Blair,6.6e-5
Donn,6.6e-5
Obie,6.6e-5
Zane,6.6e-5
Bernice,6.6e-5
Felton,6.6e-5
Fritz,6.6e-5
Garfield,6.6e-5
Gearld,6.6e-5
Kenny,6.6e-5
Myles,6.6e-5
Nicolas,6.6e-5
Rosario,6.6e-5
Bonnie,6.5e-5
Cruz,6.5e-5
Elwyn,6.5e-5
Glendon,6.5e-5
Lucius,6.5e-5
Mahlon,6.5e-5
Meredith,6.5e-5
Merritt,6.5e-5
Rubin,6.5e-5
Asa,6.4e-5
Elmore,6.4e-5
Glynn,6.4e-5
Ivory,6.4e-5
Reynold,6.4e-5
Albin,6.3e-5
Benedict,6.3e-5
Buck,6.3e-5
Domenick,6.3e-5
Federico,6.3e-5
Florian,6.3e-5
Helen,6.3e-5
Sonny,6.3e-5
Stanton,6.3e-5
Beryl,6.2e-5
Carlyle,6.2e-5
Dayton,6.2e-5
Dexter,6.2e-5
Enoch,6.2e-5
Gerry,6.2e-5
Giles,6.2e-5
Margarito,6.2e-5
Melton,6.2e-5
Norton,6.2e-5
Arvil,6.1e-5
Bertrand,6.1e-5
Carleton,6.1e-5
Claire,6.1e-5
Durwood,6.1e-5
Elliot,6.1e-5
Lucian,6.1e-5
Nickolas,6.1e-5
Pearl,6.1e-5
Romeo,6.1e-5
Tracy,6.1e-5
Dock,6e-5
Duncan,6e-5
Isadore,6e-5
Pierre,6e-5
Arvin,5.9e-5
Benton,5.9e-5
Dillard,5.9e-5
Elisha,5.9e-5
Elzie,5.9e-5
Jennings,5.9e-5
Ruby,5.9e-5
Agustin,5.8e-5
Arlin,5.8e-5
Emmit,5.8e-5
June,5.8e-5
Maxie,5.8e-5
Miller,5.8e-5
Santo,5.8e-5
Art,5.7e-5
Elvis,5.7e-5
Evert,5.7e-5
Hardy,5.7e-5
Humberto,5.7e-5
Jere,5.7e-5
Oran,5.7e-5
Ruth,5.7e-5
Berry,5.6e-5
Denny,5.6e-5
Eddy,5.6e-5
Matt,5.6e-5
Robin,5.6e-5
Rosevelt,5.6e-5
Urban,5.6e-5
Adolphus,5.5e-5
Clare,5.5e-5
Eldridge,5.5e-5
Howell,5.5e-5
Jonas,5.5e-5
Murphy,5.5e-5
Rowland,5.5e-5
Verl,5.5e-5
Willam,5.5e-5
Aldo,5.4e-5
Courtney,5.4e-5
Crawford,5.4e-5
Curtiss,5.4e-5
Deane,5.4e-5
Oneal,5.4e-5
Carey,5.3e-5
Derald,5.3e-5
Hamilton,5.3e-5
Jorge,5.3e-5
Murry,5.3e-5
Norwood,5.3e-5
Allyn,5.2e-5
Brady,5.2e-5
Cornell,5.2e-5
Dannie,5.2e-5
Dell,5.2e-5
Delton,5.2e-5
Eloy,5.2e-5
Hazel,5.2e-5
Kurt,5.2e-5
Lafayette,5.2e-5
Lawerence,5.2e-5
Marcelino,5.2e-5
Parker,5.2e-5
Seth,5.2e-5
Val,5.2e-5
Virginia,5.2e-5
Wally,5.2e-5
Webster,5.2e-5
Williams,5.2e-5
Aron,5.1e-5
Arvid,5.1e-5
Chauncey,5.1e-5
Estel,5.1e-5
Franklyn,5.1e-5
Genaro,5.1e-5
Ike,5.1e-5
Kendall,5.1e-5
Leeroy,5.1e-5
Melvyn,5.1e-5
Brooks,5.1e-5
Gaston,5.1e-5
Gino,5.1e-5
Lon,5.1e-5
Marco,5.1e-5
Marcos,5.1e-5
Mariano,5.1e-5
Orin,5.1e-5
Otho,5.1e-5
Refugio,5.1e-5
Taylor,5.1e-5
Audrey,5e-5
Carmelo,5e-5
Claudie,5e-5
Garth,5e-5
Merl,5e-5
Monty,5e-5
Newell,5e-5
Verle,5e-5
Angus,4.9e-5
Cloyd,4.9e-5
Duwayne,4.9e-5
Evans,4.9e-5
Guido,4.9e-5
Joaquin,4.9e-5
Joy,4.9e-5
Oswald,4.9e-5
Shelton,4.9e-5
Sherwin,4.9e-5
Adelbert,4.8e-5
Ardell,4.8e-5
Clive,4.8e-5
Damon,4.8e-5
Dante,4.8e-5
Garnett,4.8e-5
General,4.8e-5
Johny,4.8e-5
Lynwood,4.8e-5
Marcellus,4.8e-5
Odie,4.8e-5
Trinidad,4.8e-5
Wylie,4.8e-5
Abram,4.7e-5
Addison,4.7e-5
Allie,4.7e-5
Artis,4.7e-5
Dickie,4.7e-5
Jarvis,4.7e-5
Kirby,4.7e-5
Leander,4.7e-5
Merwin,4.7e-5
Prince,4.7e-5
Reid,4.7e-5
Von,4.7e-5
Annie,4.6e-5
Casper,4.6e-5
Clem,4.6e-5
Cleon,4.6e-5
Ezell,4.6e-5
Hoover,4.6e-5
Hunter,4.6e-5
Jan,4.6e-5
Lorin,4.6e-5
Ludwig,4.6e-5
Mildred,4.6e-5
Pierce,4.6e-5
Rudolf,4.6e-5
Whitney,4.6e-5
Wyman,4.6e-5
Arlan,4.5e-5
Arlis,4.5e-5
Brice,4.5e-5
Burnell,4.5e-5
Durward,4.5e-5
Elizabeth,4.5e-5
Ewell,4.5e-5
Foy,4.5e-5
Glenwood,4.5e-5
Harlen,4.5e-5
Hosea,4.5e-5
Judge,4.5e-5
Kaye,4.5e-5
Lindy,4.5e-5
Luciano,4.5e-5
Norval,4.5e-5
Ocie,4.5e-5
Olan,4.5e-5
Orrin,4.5e-5
Terence,4.5e-5
Antone,4.4e-5
Armond,4.4e-5
Arvel,4.4e-5
Cliff,4.4e-5
Dolores,4.4e-5
Gonzalo,4.4e-5
Ivy,4.4e-5
Jones,4.4e-5
Kenton,4.4e-5
Lawson,4.4e-5
Loran,4.4e-5
Omar,4.4e-5
Raoul,4.4e-5
Rogelio,4.4e-5
Thad,4.4e-5
Abner,4.3e-5
Arland,4.3e-5
Cary,4.3e-5
Christ,4.3e-5
Clovis,4.3e-5
Gorden,4.3e-5
Hillard,4.3e-5
Lambert,4.3e-5
Leamon,4.3e-5
Patricia,4.3e-5
Sherrill,4.3e-5
Watson,4.3e-5
Buddie,4.2e-5
Darl,4.2e-5
Esteban,4.2e-5
Hayes,4.2e-5
Hilary,4.2e-5
Jamie,4.2e-5
Mitchel,4.2e-5
Raymundo,4.2e-5
Reece,4.2e-5
Talmage,4.2e-5
Vester,4.2e-5
Cameron,4.1e-5
Cedric,4.1e-5
Cleve,4.1e-5
Davey,4.1e-5
Denton,4.1e-5
Early,4.1e-5
Jonnie,4.1e-5
