name,percent
Robert,0.052583
James,0.0511
John,0.044022
William,0.037841
Richard,0.031227
Donald,0.028637
Charles,0.028068
George,0.017416
Thomas,0.016368
Joseph,0.016109
Ronald,0.013264
David,0.013183
Edward,0.013116
Paul,0.011487
Kenneth,0.011114
Frank,0.010024
Jack,0.009409
Harold,0.009346
Raymond,0.009023
Billy,0.009005
Walter,0.007609
Gerald,0.00736
Bobby,0.007087
Eugene,0.006728
Jerry,0.006712
Joe,0.006674
Henry,0.006344
Carl,0.006289
Arthur,0.006079
Willie,0.005975
Ralph,0.005912
Albert,0.005654
Fred,0.005143
Lawrence,0.005014
Harry,0.004801
Roy,0.004798
Howard,0.004769
Norman,0.004697
Roger,0.00449
Louis,0.004407
Earl,0.004359
Daniel,0.004239
Larry,0.004212
Marvin,0.003981
Clarence,0.003966
Franklin,0.003916
Michael,0.00387
Wayne,0.0038
Francis,0.003776
Don,0.003696
Ernest,0.003623
Anthony,0.003613
Leonard,0.003601
Leroy,0.003554
Jimmy,0.003483
Melvin,0.003483
Herbert,0.00339
Stanley,0.003365
Bill,0.003332
Gary,0.003159
Peter,0.0031
Dale,0.003053
Ray,0.002983
Alfred,0.002977
Bernard,0.002963
Samuel,0.002958
Gene,0.002686
Jimmie,0.002675
Philip,0.002622
Russell,0.002573
Gordon,0.002482
Douglas,0.002392
Floyd,0.002385
Theodore,0.002375
Bob,0.002334
Andrew,0.002302
Frederick,0.002288
Bruce,0.002264
Lee,0.00224
Edwin,0.002211
Lloyd,0.002203
Glenn,0.002201
Johnny,0.0022
Clyde,0.002197
Clifford,0.002182
Leo,0.002174
Leon,0.002167
Allen,0.002114
Vernon,0.002096
Jim,0.002079
Martin,0.002049
Eddie,0.002038
Alvin,0.002023
Lewis,0.001943
Dennis,0.00193
Warren,0.001909
Herman,0.001892
Tommy,0.001827
Harvey,0.001826
Charlie,0.001784
Vincent,0.001755
Jesse,0.001748
Curtis,0.001737
Duane,0.001729
Arnold,0.001679
Jerome,0.001671
Gilbert,0.00167
Elmer,0.001609
Patrick,0.001602
Lester,0.001581
Cecil,0.001498
Phillip,0.001488
Tom,0.001486
Jackie,0.001475
Milton,0.001423
Johnnie,0.001418
Benjamin,0.001397
Dean,0.001392
Roland,0.001359
Glen,0.001357
Stephen,0.001342
Victor,0.001341
Chester,0.001302
Alan,0.001289
Keith,0.001275
Max,0.001254
Sam,0.001247
Calvin,0.001238
Wallace,0.00123
Claude,0.001192
Manuel,0.00118
Maurice,0.00117
Jose,0.001148
Leslie,0.001144
Hugh,0.001117
Willard,0.001108
Edgar,0.00108
Dick,0.001067
Marion,0.001064
Virgil,0.00106
Darrell,0.001059
Wesley,0.001052
Oscar,0.001032
Jessie,0.001027
Everett,0.001009
Ted,9.91e-4
Billie,9.77e-4
Lowell,9.7e-4
Roosevelt,9.55e-4
Hubert,9.42e-4
Allan,9.36e-4
Freddie,9.31e-4
Neil,8.98e-4
Dan,8.86e-4
Lyle,8.84e-4
Homer,8.81e-4
Morris,8.8e-4
Jay,8.78e-4
Rodney,8.77e-4
Sidney,8.76e-4
Earnest,8.65e-4
Wilbur,8.62e-4
Delbert,8.42e-4
Carroll,8.24e-4
Nicholas,8.23e-4
Willis,8.17e-4
Luther,8.11e-4
Tony,7.92e-4
Ben,7.84e-4
Bennie,7.68e-4
Junior,7.67e-4
Horace,7.65e-4
Joel,7.64e-4
Nathaniel,7.38e-4
Rudolph,7.33e-4
Steve,7.25e-4
Guy,7.23e-4
Otis,7.2e-4
Ronnie,7.16e-4
Lonnie,7.07e-4
Oliver,6.92e-4
Terry,6.79e-4
Clayton,6.74e-4
Alton,6.7e-4
Mark,6.65e-4
Karl,6.48e-4
Benny,6.47e-4
Marshall,6.35e-4
Clifton,6.29e-4
Leland,6.27e-4
Bobbie,6.22e-4
Archie,6.19e-4
Mike,6.12e-4
Clinton,6.03e-4
Salvatore,6.03e-4
Juan,5.99e-4
Rex,5.96e-4
Alex,5.85e-4
Wendell,5.82e-4
Alexander,5.8e-4
Ivan,5.77e-4
Matthew,5.72e-4
Danny,5.7e-4
Doyle,5.7e-4
Pete,5.68e-4
Edmund,5.66e-4
Merle,5.65e-4
Wilbert,5.61e-4
Orville,5.59e-4
Julius,5.46e-4
Myron,5.45e-4
Eldon,5.36e-4
Loren,5.36e-4
Ira,5.35e-4
Nelson,5.35e-4
Lynn,5.32e-4
Carlos,5.27e-4
Ramon,5.2e-4
Gerard,5.14e-4
Perry,5.14e-4
Jacob,5.13e-4
Troy,5.09e-4
Ervin,5.05e-4
Jesus,5.05e-4
Elbert,4.94e-4
Barry,4.91e-4
Buddy,4.84e-4
Dewey,4.83e-4
Dwight,4.77e-4
Conrad,4.69e-4
Sylvester,4.69e-4
Malcolm,4.68e-4
Antonio,4.66e-4
Angelo,4.65e-4
Stuart,4.64e-4
Laurence,4.63e-4
Isaac,4.55e-4
Rufus,4.52e-4
Aaron,4.51e-4
Carlton,4.51e-4
Julian,4.49e-4
Pat,4.46e-4
Irvin,4.45e-4
Jon,4.44e-4
Nathan,4.41e-4
Rudy,4.41e-4
Tommie,4.39e-4
Mack,4.38e-4
Nick,4.38e-4
Sheldon,4.35e-4
Teddy,4.34e-4
Dave,4.33e-4
Grady,4.32e-4
Fredrick,4.3e-4
Ross,4.18e-4
Ruben,4.17e-4
Neal,4.13e-4
Sherman,4.11e-4
Owen,4.09e-4
Burton,4.08e-4
Ellis,4.05e-4
Clark,4.02e-4
Byron,4.01e-4
Bert,3.98e-4
Wilfred,3.98e-4
Norbert,3.97e-4
Irving,3.96e-4
Sammy,3.89e-4
Forrest,3.88e-4
Dallas,3.8e-4
Donnie,3.78e-4
Boyd,3.74e-4
Harlan,3.7e-4
Felix,3.67e-4
Garland,3.56e-4
Reginald,3.54e-4
Elwood,3.52e-4
Harley,3.52e-4
Percy,3.52e-4
Aubrey,3.51e-4
Irwin,3.44e-4
Travis,3.44e-4
Pedro,3.42e-4
Loyd,3.41e-4
Darrel,3.37e-4
Johnie,3.37e-4
Preston,3.36e-4
Maynard,3.34e-4
Wilson,3.32e-4
Louie,3.26e-4
Sammie,3.2e-4
Amos,3.19e-4
Emmett,3.19e-4
Frankie,3.19e-4
Timothy,3.18e-4
Emil,3.16e-4
Lionel,3.15e-4
Francisco,3.11e-4
Gregory,3.1e-4
Noel,3.09e-4
Marlin,3.06e-4
Laverne,3.05e-4
Steven,3.04e-4
Otto,3e-4
Grover,2.98e-4
Cornelius,2.96e-4
Elton,2.94e-4
Raul,2.94e-4
Morton,2.91e-4
Mario,2.88e-4
Wade,2.87e-4
Delmar,2.85e-4
Mary,2.85e-4
Darwin,2.83e-4
Royce,2.79e-4
Luis,2.78e-4
August,2.77e-4
Edmond,2.71e-4
Jerald,2.7e-4
Shirley,2.7e-4
Moses,2.7e-4
Erwin,2.69e-4
Merlin,2.67e-4
Roberto,2.65e-4
Randall,2.62e-4
Thurman,2.59e-4
Christopher,2.57e-4
Roscoe,2.56e-4
Phil,2.55e-4
Alfonso,2.54e-4
Grant,2.54e-4
Kermit,2.54e-4
Ned,2.53e-4
Sanford,2.52e-4
Elvin,2.51e-4
Mitchell,2.47e-4
Ed,2.46e-4
Gale,2.45e-4
Murray,2.45e-4
Randolph,2.45e-4
Eric,2.44e-4
Odell,2.4e-4
Charley,2.39e-4
Alonzo,2.38e-4
Dominick,2.38e-4
Carol,2.38e-4
Austin,2.37e-4
Kent,2.35e-4
Millard,2.35e-4
Jasper,2.31e-4
Lavern,2.31e-4
Abraham,2.29e-4
Dominic,2.28e-4
Norris,2.27e-4
Merrill,2.25e-4
Clair,2.24e-4
Adam,2.22e-4
Weldon,2.22e-4
Marcus,2.16e-4
Wilburn,2.16e-4
Coy,2.15e-4
Rolland,2.13e-4
Reuben,2.12e-4
Wiley,2.12e-4
Carmen,2.11e-4
Lorenzo,2.09e-4
Hollis,2.08e-4
Lamar,2.07e-4
Will,2.05e-4
Woodrow,2.05e-4
Stewart,2.01e-4
Cleveland,2e-4
Gail,2e-4
Monroe,1.99e-4
Adolph,1.98e-4
Andy,1.98e-4
Buford,1.98e-4
Cleo,1.96e-4
Delano,1.96e-4
Elijah,1.96e-4
Arlen,1.94e-4
Hal,1.93e-4
Adrian,1.91e-4
Truman,1.91e-4
Barney,1.89e-4
Harrison,1.89e-4
Elliott,1.88e-4
Gus,1.88e-4
Armand,1.87e-4
Dwayne,1.87e-4
Guadalupe,1.86e-4
Levi,1.86e-4
Wilmer,1.86e-4
Simon,1.85e-4
Winston,1.85e-4
Al,1.83e-4
Wilford,1.82e-4
Dudley,1.8e-4
Jake,1.79e-4
Nolan,1.79e-4
Ricardo,1.79e-4
Ward,1.77e-4
Brian,1.76e-4
Armando,1.75e-4
Hector,1.75e-4
Olin,1.75e-4
Seymour,1.75e-4
Frederic,1.74e-4
Huey,1.74e-4
Spencer,1.74e-4
Sterling,1.74e-4
Ollie,1.73e-4
Van,1.72e-4
Clement,1.71e-4
Delmer,1.71e-4
Salvador,1.71e-4
Chris,1.7e-4
Jean,1.69e-4
Emery,1.68e-4
Alfredo,1.66e-4
Eli,1.66e-4
Vern,1.65e-4
Emanuel,1.64e-4
Freddy,1.64e-4
Jackson,1.64e-4
Russel,1.64e-4
Carrol,1.63e-4
Linwood,1.62e-4
Betty,1.61e-4
Scott,1.61e-4
Earle,1.6e-4
Roderick,1.59e-4
Vance,1.59e-4
Gayle,1.58e-4
Harris,1.58e-4
Mickey,1.58e-4
Bradley,1.56e-4
Jess,1.56e-4
Mervin,1.56e-4
Emory,1.56e-4
Booker,1.55e-4
Garry,1.55e-4
Gabriel,1.54e-4
Bud,1.53e-4
Hershel,1.53e-4
Warner,1.51e-4
Basil,1.5e-4
Kay,1.5e-4
Daryl,1.49e-4
Alva,1.46e-4
Riley,1.46e-4
Rodger,1.46e-4
Miles,1.45e-4
Rene,1.45e-4
Ken,1.44e-4
Rocco,1.44e-4
Kevin,1.42e-4
Miguel,1.42e-4
Milford,1.41e-4
Cyril,1.4e-4
Solomon,1.4e-4
Monte,1.39e-4
Rodolfo,1.39e-4
Blaine,1.39e-4
Jan,1.39e-4
Noah,1.39e-4
Arden,1.38e-4
Arturo,1.38e-4
Ernesto,1.38e-4
Tomas,1.37e-4
Ulysses,1.37e-4
Alden,1.36e-4
Carmine,1.36e-4
Claud,1.36e-4
Dalton,1.36e-4
Kelly,1.36e-4
Denis,1.35e-4
Connie,1.34e-4
Jerold,1.33e-4
Normand,1.33e-4
Pablo,1.33e-4
Silas,1.33e-4
Raymon,1.32e-4
Vito,1.32e-4
Bernie,1.31e-4
Winfred,1.31e-4
Craig,1.3e-4
Elmo,1.3e-4
Forest,1.29e-4
Fredric,1.29e-4
Alphonse,1.28e-4
Evan,1.28e-4
Galen,1.28e-4
Roman,1.28e-4
Cletus,1.27e-4
Elden,1.26e-4
Herschel,1.26e-4
Sonny,1.26e-4
Fernando,1.25e-4
Freeman,1.25e-4
Jonathan,1.25e-4
Shelby,1.25e-4
Denny,1.24e-4
Gaylord,1.24e-4
Rafael,1.24e-4
Odis,1.23e-4
Vaughn,1.23e-4
Emerson,1.23e-4
Saul,1.23e-4
Terrence,1.23e-4
Ernie,1.22e-4
Orval,1.22e-4
Dana,1.21e-4
Dewayne,1.21e-4
Elias,1.21e-4
Milo,1.21e-4
Alberto,1.2e-4
Denver,1.2e-4
Royal,1.2e-4
Everette,1.19e-4
Patsy,1.19e-4
Alphonso,1.18e-4
Emilio,1.18e-4
Thaddeus,1.18e-4
Domingo,1.16e-4
Felipe,1.16e-4
Morgan,1.16e-4
Wilton,1.16e-4
Boyce,1.15e-4
Bryan,1.15e-4
Jeremiah,1.15e-4
Lenard,1.15e-4
Luke,1.15e-4
Jeff,1.14e-4
Kennith,1.14e-4
Burl,1.13e-4
Jerrold,1.13e-4
Lyman,1.13e-4
Olen,1.13e-4
Angel,1.12e-4
Augustine,1.12e-4
Maxie,1.12e-4
Barbara,1.11e-4
Elroy,1.11e-4
Fletcher,1.11e-4
Gilberto,1.11e-4
Davis,1.1e-4
Coleman,1.09e-4
Clay,1.08e-4
Dorothy,1.08e-4
Hoyt,1.08e-4
Buster,1.07e-4
Merlyn,1.07e-4
Tim,1.07e-4
Otha,1.06e-4
Anton,1.06e-4
Bruno,1.06e-4
Lynwood,1.06e-4
Foster,1.05e-4
Talmadge,1.05e-4
Dee,1.04e-4
Frances,1.04e-4
Graham,1.04e-4
Arlie,1.03e-4
Donovan,1.03e-4
Houston,1.03e-4
Julio,1.03e-4
Orlando,1.03e-4
Bennett,1.02e-4
Columbus,1.01e-4
Enrique,1.01e-4
Raleigh,1.01e-4
Theron,1.01e-4
Augustus,1e-4
Joshua,1e-4
Ezra,9.9e-5
Micheal,9.9e-5
Gerry,9.8e-5
Hiram,9.8e-5
Ignacio,9.8e-5
Jefferson,9.8e-5
Rosevelt,9.8e-5
Benito,9.7e-5
Stanford,9.7e-5
Beverly,9.6e-5
Pasquale,9.6e-5
Ramiro,9.5e-5
Rogers,9.5e-5
Tracy,9.5e-5
Jules,9.4e-5
Marcel,9.4e-5
Hermon,9.3e-5
Lupe,9.3e-5
Arther,9.2e-5
Dwain,9.2e-5
Newton,9.2e-5
Carter,9.1e-5
Ellsworth,9.1e-5
Lucien,9.1e-5
Avery,9e-5
Bradford,9e-5
Darryl,9e-5
Gearld,9e-5
Robin,9e-5
Rollin,9e-5
Bertram,9e-5
Donn,9e-5
Hobert,9e-5
Terrance,9e-5
Bonnie,8.9e-5
Jere,8.9e-5
Major,8.9e-5
Abel,8.8e-5
Anderson,8.8e-5
Andres,8.8e-5
Carey,8.8e-5
Doris,8.8e-5
Eduardo,8.8e-5
Isaiah,8.8e-5
Lacy,8.8e-5
Lanny,8.8e-5
Omer,8.8e-5
Rayford,8.8e-5
Santiago,8.8e-5
Christian,8.7e-5
Clarance,8.7e-5
Hans,8.7e-5
Lincoln,8.7e-5
Sherwood,8.7e-5
Harmon,8.6e-5
Jason,8.6e-5
Mathew,8.6e-5
King,8.5e-5
Mason,8.5e-5
Jewel,8.4e-5
Winford,8.4e-5
Bryant,8.3e-5
Dickie,8.3e-5
Hilton,8.3e-5
Lemuel,8.3e-5
Noble,8.3e-5
Verne,8.3e-5
Cyrus,8.2e-5
Edd,8.2e-5
Harland,8.2e-5
Kyle,8.2e-5
Reed,8.2e-5
Carlo,8.1e-5
Granville,8.1e-5
Guillermo,8.1e-5
Haywood,8.1e-5
Jordan,8.1e-5
Judson,8.1e-5
Mac,8.1e-5
Alford,8e-5
Elwin,8e-5
Joan,8e-5
Joesph,8e-5
Marlyn,8e-5
Wilber,8e-5
Carson,7.9e-5
Kenny,7.9e-5
Loy,7.9e-5
Reynaldo,7.9e-5
Darold,7.8e-5
Dillard,7.8e-5
Fay,7.8e-5
Ferdinand,7.8e-5
Franklyn,7.8e-5
Barton,7.7e-5
Hayward,7.7e-5
Santos,7.7e-5
Sebastian,7.7e-5
Arlin,7.6e-5
Dewitt,7.6e-5
Dorsey,7.6e-5
Ora,7.6e-5
Donal,7.5e-5
Isiah,7.5e-5
Mckinley,7.5e-5
Regis,7.5e-5
Sydney,7.5e-5
Alvis,7.4e-5
Andre,7.4e-5
Asa,7.4e-5
Elliot,7.4e-5
Glynn,7.4e-5
Gregorio,7.4e-5
Merton,7.4e-5
Sandy,7.4e-5
Alejandro,7.4e-5
Jewell,7.4e-5
Napoleon,7.4e-5
Delton,7.3e-5
Shelton,7.3e-5
Dexter,7.2e-5
Emile,7.2e-5
Farrell,7.2e-5
Felton,7.2e-5
Verlin,7.2e-5
Abe,7.1e-5
Ivory,7.1e-5
Mahlon,7.1e-5
Waldo,7.1e-5
Ambrose,7e-5
Benedict,7e-5
Claudie,7e-5
Elvis,7e-5
Enoch,7e-5
Garrett,7e-5
Garth,7e-5
Kirby,7e-5
Melvyn,7e-5
Mose,7e-5
Oren,7e-5
Zane,7e-5
Art,6.9e-5
Chuck,6.9e-5
Glendon,6.9e-5
Israel,6.9e-5
Junius,6.9e-5
Emmitt,6.8e-5
Theadore,6.8e-5
Bryce,6.7e-5
Lafayette,6.7e-5
Lawerence,6.7e-5
Walker,6.7e-5
Wardell,6.7e-5
Burt,6.6e-5
Fritz,6.6e-5
Palmer,6.6e-5
Seth,6.6e-5
Taylor,6.6e-5
Bernice,6.5e-5
Bertrand,6.5e-5
Elwyn,6.5e-5
Joyce,6.5e-5
Kurt,6.5e-5
Lauren,6.5e-5
Nickolas,6.5e-5
Quentin,6.5e-5
Rupert,6.5e-5
Justin,6.4e-5
Patricia,6.4e-5
Vicente,6.4e-5
Walton,6.4e-5
Howell,6.3e-5
Kendall,6.3e-5
Maxwell,6.3e-5
Monty,6.3e-5
Myles,6.3e-5
Adolfo,6.2e-5
Arlan,6.2e-5
Arlo,6.2e-5
Blair,6.2e-5
Buck,6.2e-5
Clem,6.2e-5
Duwayne,6.2e-5
Hugo,6.2e-5
Jennings,6.2e-5
Jonas,6.2e-5
Lucius,6.2e-5
Terence,6.2e-5
Damon,6.1e-5
Ottis,6.1e-5
Ron,6.1e-5
Ruth,6.1e-5
Colin,6e-5
Dannie,6e-5
Denzil,6e-5
Eloy,6e-5
Fidel,6e-5
Lois,6e-5
Margaret,6e-5
Von,6e-5
Wally,6e-5
Winfield,6e-5
Aloysius,5.9e-5
Arvin,5.9e-5
Logan,5.9e-5
Melton,5.9e-5
Oran,5.9e-5
Ronny,5.9e-5
Val,5.9e-5
Valentine,5.9e-5
Clovis,5.8e-5
June,5.8e-5
Lon,5.8e-5
Merritt,5.8e-5
Reynold,5.8e-5
Eddy,5.7e-5
Estel,5.7e-5
Gerold,5.7e-5
Margarito,5.7e-5
Rowland,5.7e-5
Waymon,5.7e-5
Cleve,5.7e-5
Eldridge,5.7e-5
Garfield,5.7e-5
Giles,5.7e-5
Kirk,5.7e-5
Leeroy,5.7e-5
Matt,5.7e-5
Parker,5.7e-5
Quinton,5.7e-5
Stanton,5.7e-5
Aron,5.6e-5
Aurelio,5.6e-5
Bart,5.6e-5
Cloyd,5.6e-5
Deane,5.6e-5
Durwood,5.6e-5
Elisha,5.6e-5
Loran,5.6e-5
Murphy,5.6e-5
Porter,5.6e-5
Raphael,5.6e-5
Robbie,5.6e-5
Beryl,5.5e-5
Carleton,5.5e-5
Cary,5.5e-5
Dock,5.5e-5
Dwaine,5.5e-5
Early,5.5e-5
Eldred,5.5e-5
Haskell,5.5e-5
Romeo,5.5e-5
Santo,5.5e-5
Arvil,5.4e-5
Brady,5.4e-5
Cliff,5.4e-5
General,5.4e-5
Hardy,5.4e-5
Nicolas,5.4e-5
Terrell,5.4e-5
Webster,5.4e-5
Willian,5.4e-5
Leamon,5.3e-5
Leander,5.3e-5
Marland,5.3e-5
Rogelio,5.3e-5
Rubin,5.3e-5
Stan,5.3e-5
Theo,5.3e-5
Williams,5.3e-5
Artis,5.2e-5
Auther,5.2e-5
Cleon,5.2e-5
Edsel,5.2e-5
Florian,5.2e-5
Lucious,5.2e-5
Meredith,5.2e-5
Milan,5.2e-5
Norton,5.2e-5
Alvie,5.1e-5
Carlyle,5.1e-5
Derald,5.1e-5
Judge,5.1e-5
Lavon,5.1e-5
Toby,5.1e-5
Arlyn,5e-5
Brooks,5e-5
Cruz,5e-5
Curtiss,5e-5
Duncan,5e-5
Lindsey,5e-5
Ruby,5e-5
Agustin,4.9e-5
Benton,4.9e-5
Cornell,4.9e-5
Federico,4.9e-5
Jonnie,4.9e-5
Lucian,4.9e-5
Miller,4.9e-5
Norwood,4.9e-5
Oneal,4.9e-5
Orin,4.9e-5
Rolf,4.9e-5
Verl,4.9e-5
Wayland,4.9e-5
Casimir,4.8e-5
Conley,4.8e-5
Dayton,4.8e-5
Jacky,4.8e-5
Loyal,4.8e-5
Verlyn,4.8e-5
Wylie,4.8e-5
Adolphus,4.7e-5
Arvid,4.7e-5
Joaquin,4.7e-5
Leonardo,4.7e-5
Louise,4.7e-5
Mitchel,4.7e-5
Orrin,4.7e-5
Pierre,4.7e-5
Reid,4.7e-5
Allison,4.6e-5
Audrey,4.6e-5
Clare,4.6e-5
Durward,4.6e-5
Gonzalo,4.6e-5
Gustav,4.6e-5
Helen,4.6e-5
Ike,4.6e-5
Omar,4.6e-5
Prince,4.6e-5
Virginia,4.6e-5
Annie,4.5e-5
Elmore,4.5e-5
Gustave,4.5e-5
Harlen,4.5e-5
Harrell,4.5e-5
Jerrell,4.5e-5
Malvin,4.5e-5
Mervyn,4.5e-5
Obie,4.5e-5
Albin,4.4e-5
Douglass,4.4e-5
Edison,4.4e-5
Eliseo,4.4e-5
Esteban,4.4e-5
Evert,4.4e-5
Hayden,4.4e-5
Hosea,4.4e-5
Issac,4.4e-5
Jeffrey,4.4e-5
Laurel,4.4e-5
Nancy,4.4e-5
Welton,4.4e-5
Adan,4.3e-5
Berry,4.3e-5
Ennis,4.3e-5
Lawson,4.3e-5
Merl,4.3e-5
Rose,4.3e-5
Sherwin,4.3e-5
Sol,4.3e-5
Thad,4.3e-5
Tillman,4.3e-5
Valentin,4.3e-5
Angus,4.2e-5
Brent,4.2e-5
Constantine,4.2e-5
Henderson,4.2e-5
Humberto,4.2e-5
Hunter,4.2e-5
Huston,4.2e-5
Jamie,4.2e-5
Lane,4.2e-5
Lonzo,4.2e-5
Quincy,4.2e-5
Refugio,4.2e-5
Rollie,4.2e-5
Virgle,4.2e-5
Werner,4.2e-5
Antone,4.1e-5
Claire,4.1e-5
Dell,4.1e-5
Dolores,4.1e-5
Elzie,4.1e-5
Ezekiel,4.1e-5
Gino,4.1e-5
Laurie,4.1e-5
Madison,4.1e-5
Otho,4.1e-5
Verle,4.1e-5
Weston,4.1e-5
Arley,4.1e-5
Arlis,4.1e-5
Artie,4.1e-5
Buddie,4.1e-5
Clarke,4.1e-5
Dennie,4.1e-5
Dino,4.1e-5
Dorris,4.1e-5
Elizabeth,4.1e-5
Hazel,4.1e-5
Kaye,4.1e-5
Kerry,4.1e-5
Lesley,4.1e-5
Norval,4.1e-5
Trinidad,4.1e-5
Vester,4.1e-5
Addison,4e-5
Alfonzo,4e-5
Ardell,4e-5
Cameron,4e-5
Delmas,4e-5
Dempsey,4e-5
Derrell,4e-5
Domenic,4e-5
Ferrell,4e-5
Garnett,4e-5
Garold,4e-5
Gaston,4e-5
Gaylon,4e-5
Jarvis,4e-5
Jerrel,4e-5
Lambert,4e-5
Lindsay,4e-5
