name,percent
Robert,0.054959
James,0.051378
John,0.044802
William,0.037015
Richard,0.031485
Charles,0.027343
Donald,0.026916
Thomas,0.017235
George,0.017097
David,0.016438
Joseph,0.016399
Ronald,0.015897
Edward,0.01333
Kenneth,0.011738
Paul,0.011551
Frank,0.009561
Raymond,0.008882
Jerry,0.008719
Gerald,0.008475
Jack,0.008326
Harold,0.008107
Billy,0.008065
Joe,0.007541
Bobby,0.007268
Larry,0.007157
Walter,0.007084
Carl,0.006184
Henry,0.006061
Eugene,0.005997
Arthur,0.005882
Ralph,0.005665
Willie,0.00566
Michael,0.005453
Albert,0.005418
Roger,0.005364
Fred,0.005263
Lawrence,0.005021
Gary,0.004882
Harry,0.004631
Howard,0.004584
Roy,0.004528
Daniel,0.004523
Norman,0.004366
Louis,0.004154
Wayne,0.004143
Jimmy,0.003955
Earl,0.003858
Anthony,0.00374
Marvin,0.003703
Francis,0.00364
Don,0.0036
Clarence,0.003538
Melvin,0.003499
Leonard,0.003493
Peter,0.003492
Ernest,0.003488
Leroy,0.00342
Stanley,0.003285
Dale,0.00319
Alfred,0.003058
Bill,0.002975
Herbert,0.002924
Philip,0.00285
Ray,0.002763
Franklin,0.002758
Gene,0.002729
Samuel,0.002711
Bernard,0.002681
Russell,0.002665
Frederick,0.002648
Jimmie,0.00257
Johnny,0.002569
Bruce,0.002471
Dennis,0.00247
Gordon,0.002414
Lee,0.002268
Bob,0.002264
Douglas,0.002234
Eddie,0.002209
Glenn,0.002186
Allen,0.002172
Leon,0.002147
Andrew,0.002137
Edwin,0.002136
Jim,0.00213
Floyd,0.002094
Theodore,0.002079
Lloyd,0.002029
Clyde,0.002021
Clifford,0.002007
Tommy,0.001984
Martin,0.001977
Vernon,0.001908
Leo,0.001895
Warren,0.001857
Harvey,0.001853
Jerome,0.00185
Alvin,0.001849
Lewis,0.00175
Stephen,0.001746
Patrick,0.001743
Phillip,0.001734
Charlie,0.001729
Jesse,0.001714
Jackie,0.001705
Herman,0.001698
Curtis,0.001692
Alan,0.001651
Vincent,0.001631
Duane,0.001622
Arnold,0.001606
Tom,0.001592
Gilbert,0.001561
Cecil,0.001481
Lester,0.001454
Victor,0.001425
Roland,0.001402
Johnnie,0.001399
Milton,0.001357
Glen,0.001352
Elmer,0.00132
Keith,0.001319
Benjamin,0.00127
Calvin,0.00127
Dean,0.001252
Terry,0.001216
Chester,0.001198
Leslie,0.001173
Max,0.001173
Wallace,0.001172
Sam,0.001165
Claude,0.001147
Darrell,0.001136
Freddie,0.001124
Manuel,0.0011
Maurice,0.001086
Willard,0.001082
Allan,0.001058
Jose,0.001052
Jay,0.001039
Dick,0.001023
Hugh,0.001007
Edgar,0.001
Ted,9.99e-4
Wesley,9.99e-4
Ronnie,9.97e-4
Joel,9.95e-4
Marion,9.84e-4
Virgil,9.71e-4
Lowell,9.59e-4
Jessie,9.53e-4
Oscar,9.5e-4
Rodney,9.49e-4
Everett,9.13e-4
Dan,9.04e-4
Sidney,8.93e-4
Nicholas,8.7e-4
Neil,8.62e-4
Lyle,8.52e-4
Tony,8.41e-4
Hubert,8.33e-4
Bennie,8.3e-4
Delbert,8.3e-4
Morris,7.94e-4
Karl,7.81e-4
Homer,7.78e-4
Billie,7.73e-4
Earnest,7.68e-4
Ben,7.67e-4
Jon,7.66e-4
Luther,7.54e-4
Carroll,7.42e-4
Wilbur,7.33e-4
Mike,7.27e-4
Willis,7.22e-4
Danny,7.12e-4
Lonnie,7.07e-4
Steve,6.99e-4
Benny,6.91e-4
Nathaniel,6.9e-4
Roosevelt,6.88e-4
Guy,6.7e-4
Mark,6.69e-4
Marshall,6.68e-4
Barry,6.66e-4
Clayton,6.62e-4
Otis,6.58e-4
Horace,6.52e-4
Alton,6.32e-4
Clinton,6.13e-4
Archie,6.1e-4
Rudolph,6.05e-4
Junior,5.98e-4
Clifton,5.96e-4
Nelson,5.93e-4
Fredrick,5.9e-4
Wendell,5.9e-4
Bobbie,5.87e-4
Alexander,5.78e-4
Lynn,5.77e-4
Rex,5.76e-4
Matthew,5.73e-4
Leland,5.59e-4
Doyle,5.58e-4
Oliver,5.53e-4
Wilbert,5.51e-4
Juan,5.44e-4
Salvatore,5.42e-4
Merle,5.34e-4
Alex,5.3e-4
Pete,5.23e-4
Edmund,5.21e-4
Julius,5.14e-4
Loren,5.13e-4
Stuart,5.1e-4
Eldon,5.07e-4
Carlos,5.02e-4
Troy,5.01e-4
Malcolm,4.99e-4
Dave,4.94e-4
Buddy,4.91e-4
Orville,4.84e-4
Ivan,4.81e-4
Donnie,4.74e-4
Tommie,4.74e-4
Perry,4.72e-4
Jacob,4.71e-4
Myron,4.71e-4
Ira,4.69e-4
Dewey,4.67e-4
Elbert,4.62e-4
Antonio,4.61e-4
Sherman,4.55e-4
Ramon,4.54e-4
Carlton,4.53e-4
Ruben,4.53e-4
Ervin,4.48e-4
Sylvester,4.48e-4
Ross,4.47e-4
Grady,4.41e-4
Gerard,4.4e-4
Jesus,4.39e-4
Nathan,4.36e-4
Sammy,4.34e-4
Byron,4.32e-4
Mack,4.26e-4
Sheldon,4.26e-4
Rufus,4.24e-4
Julian,4.2e-4
Aaron,4.17e-4
Irvin,4.17e-4
Steven,4.17e-4
Timothy,4.13e-4
Clark,4.12e-4
Conrad,4.1e-4
Kent,4.1e-4
Burton,4.08e-4
Teddy,4.05e-4
Laurence,4.04e-4
Ellis,4.01e-4
Isaac,3.98e-4
Pat,3.97e-4
Wilfred,3.96e-4
Nick,3.95e-4
Dwight,3.93e-4
Neal,3.93e-4
Darrel,3.84e-4
Angelo,3.82e-4
Harlan,3.76e-4
Felix,3.71e-4
Gregory,3.71e-4
Jerald,3.7e-4
Wilson,3.69e-4
Forrest,3.68e-4
Rudy,3.65e-4
Owen,3.61e-4
Shirley,3.58e-4
Reginald,3.53e-4
Bert,3.52e-4
Irwin,3.47e-4
Norbert,3.46e-4
Aubrey,3.39e-4
Percy,3.38e-4
Dallas,3.38e-4
Boyd,3.35e-4
Loyd,3.35e-4
Harley,3.32e-4
Huey,3.32e-4
Brian,3.23e-4
Frankie,3.23e-4
Louie,3.23e-4
Garland,3.22e-4
Irving,3.21e-4
Marlin,3.17e-4
Preston,3.14e-4
Travis,3.14e-4
Noel,3.07e-4
Royce,3e-4
Sammie,2.98e-4
Pedro,2.97e-4
Emmett,2.96e-4
Edmond,2.92e-4
Francisco,2.92e-4
Delmar,2.88e-4
Darwin,2.85e-4
Johnie,2.84e-4
Kermit,2.84e-4
Wade,2.82e-4
Elwood,2.79e-4
Eric,2.79e-4
Amos,2.76e-4
Mario,2.76e-4
Mary,2.75e-4
Lionel,2.74e-4
Cornelius,2.72e-4
August,2.71e-4
Alfonso,2.7e-4
Maynard,2.69e-4
Phil,2.69e-4
Woodrow,2.67e-4
Grover,2.65e-4
Raul,2.65e-4
Christopher,2.6e-4
Randall,2.6e-4
Morton,2.59e-4
Laverne,2.59e-4
Merlin,2.59e-4
Otto,2.58e-4
Randolph,2.58e-4
Stewart,2.57e-4
Emil,2.56e-4
Jan,2.56e-4
Thurman,2.56e-4
Mitchell,2.55e-4
Garry,2.53e-4
Ned,2.49e-4
Dominic,2.48e-4
Carol,2.46e-4
Roberto,2.46e-4
Ed,2.43e-4
Wiley,2.39e-4
Elton,2.37e-4
Grant,2.36e-4
Austin,2.35e-4
Gale,2.34e-4
Erwin,2.33e-4
Norris,2.32e-4
Roscoe,2.28e-4
Charley,2.24e-4
Jasper,2.24e-4
Millard,2.24e-4
Dominick,2.23e-4
Will,2.22e-4
Merrill,2.19e-4
Moses,2.18e-4
Rodger,2.17e-4
Luis,2.15e-4
Elvin,2.13e-4
Sanford,2.13e-4
Clair,2.12e-4
Andy,2.11e-4
Cleveland,2.1e-4
Monroe,2.1e-4
Murray,2.1e-4
Elijah,2.07e-4
Gail,2.07e-4
Weldon,2.07e-4
Odell,2.05e-4
Adrian,2.04e-4
Bradley,2.04e-4
Scott,2.04e-4
Abraham,2.02e-4
Adam,2.02e-4
Terrence,2.01e-4
Dwayne,2e-4
Armand,1.97e-4
Ken,1.97e-4
Reuben,1.97e-4
Carmen,1.96e-4
Marcus,1.95e-4
Barney,1.94e-4
Daryl,1.94e-4
Alonzo,1.93e-4
Craig,1.92e-4
Emanuel,1.91e-4
Gabriel,1.9e-4
Ollie,1.89e-4
Al,1.88e-4
Emory,1.85e-4
Lamar,1.85e-4
Mervin,1.84e-4
Jake,1.82e-4
Sterling,1.81e-4
Lorenzo,1.81e-4
Spencer,1.81e-4
Wilburn,1.81e-4
Adolph,1.8e-4
Arlen,1.8e-4
Chris,1.79e-4
Basil,1.78e-4
Salvador,1.78e-4
Freddy,1.77e-4
Wilmer,1.74e-4
Rolland,1.73e-4
Darryl,1.71e-4
Delmer,1.69e-4
Gayle,1.69e-4
Gus,1.69e-4
Harrison,1.69e-4
Monte,1.69e-4
Roderick,1.69e-4
Jean,1.68e-4
Coy,1.67e-4
Miles,1.67e-4
Alva,1.66e-4
Cleo,1.66e-4
Simon,1.66e-4
Truman,1.65e-4
Frederic,1.65e-4
Hollis,1.65e-4
Russel,1.65e-4
Winston,1.65e-4
Alfredo,1.64e-4
Landon,1.64e-4
Lavern,1.63e-4
Jonathan,1.62e-4
Mickey,1.62e-4
Carrol,1.6e-4
Van,1.6e-4
Jackson,1.58e-4
Levi,1.58e-4
Denis,1.56e-4
Nolan,1.56e-4
Olin,1.56e-4
Vance,1.56e-4
Armando,1.55e-4
Guadalupe,1.55e-4
Hector,1.55e-4
Rene,1.55e-4
Dudley,1.53e-4
Dewayne,1.52e-4
Seymour,1.52e-4
Buford,1.51e-4
Clement,1.5e-4
Eli,1.5e-4
Rocco,1.49e-4
Jess,1.49e-4
Wilford,1.49e-4
Linwood,1.48e-4
Ricardo,1.48e-4
Riley,1.47e-4
Bud,1.46e-4
Kevin,1.46e-4
Elliott,1.45e-4
Miguel,1.44e-4
Vern,1.44e-4
Booker,1.42e-4
Solomon,1.42e-4
Delano,1.41e-4
Earle,1.41e-4
Shelby,1.41e-4
Dalton,1.4e-4
Fredric,1.4e-4
Hal,1.39e-4
Blaine,1.37e-4
Hershel,1.37e-4
Noah,1.37e-4
Silas,1.37e-4
Tomas,1.35e-4
Elmo,1.34e-4
Emery,1.34e-4
Harris,1.34e-4
Vito,1.34e-4
Wilton,1.34e-4
Ernie,1.33e-4
Denny,1.31e-4
Ernesto,1.31e-4
Galen,1.31e-4
Ward,1.31e-4
Carmine,1.3e-4
Denver,1.3e-4
Kelly,1.3e-4
Lenard,1.3e-4
Kay,1.29e-4
Terrance,1.29e-4
Warner,1.28e-4
Winfred,1.27e-4
Freeman,1.26e-4
Gerry,1.26e-4
Milford,1.26e-4
Cyril,1.25e-4
Kenny,1.25e-4
Lanny,1.25e-4
Tim,1.25e-4
Rodolfo,1.23e-4
Connie,1.22e-4
Elroy,1.22e-4
Everette,1.22e-4
Arden,1.21e-4
Claud,1.2e-4
Jeff,1.2e-4
Micheal,1.2e-4
Royal,1.2e-4
Bernie,1.19e-4
Burl,1.19e-4
Cletus,1.18e-4
Herschel,1.18e-4
Kennith,1.18e-4
Clay,1.17e-4
Davis,1.14e-4
Enrique,1.14e-4
Fernando,1.14e-4
Alden,1.13e-4
Alphonse,1.13e-4
Melvyn,1.13e-4
Milo,1.13e-4
Saul,1.13e-4
Ulysses,1.13e-4
Vaughn,1.13e-4
Forest,1.12e-4
Jerold,1.12e-4
Sonny,1.12e-4
Dana,1.11e-4
Gaylord,1.11e-4
Morgan,1.11e-4
Rafael,1.1e-4
Roman,1.1e-4
Alberto,1.09e-4
Betty,1.09e-4
Elias,1.09e-4
Ferdinand,1.09e-4
Gilberto,1.09e-4
Luke,1.09e-4
Patsy,1.09e-4
Hoyt,1.08e-4
Pablo,1.08e-4
Ramiro,1.08e-4
Bryan,1.07e-4
Lyman,1.07e-4
Normand,1.07e-4
Arturo,1.06e-4
Dickie,1.06e-4
Jerrold,1.05e-4
Maxie,1.05e-4
Hiram,1.04e-4
Barbara,1.03e-4
Odis,1.03e-4
Pasquale,1.02e-4
Emerson,1.02e-4
Terence,1.02e-4
Anton,1.01e-4
Dwain,1.01e-4
Jeremiah,1.01e-4
Raymon,1.01e-4
Alphonso,1e-4
Anderson,1e-4
Bennett,1e-4
Ellsworth,1e-4
Gearld,1e-4
Kurt,1e-4
Thaddeus,1e-4
Buster,9.9e-5
Isaiah,9.9e-5
Major,9.8e-5
Augustus,9.7e-5
Felipe,9.7e-5
Merlyn,9.7e-5
Olen,9.7e-5
Orval,9.7e-5
Rogers,9.7e-5
Sherwood,9.7e-5
Bradford,9.6e-5
Dorothy,9.6e-5
Wilber,9.5e-5
Arlie,9.4e-5
Dee,9.4e-5
Houston,9.4e-5
Joshua,9.4e-5
Patricia,9.4e-5
Isiah,9.3e-5
Barton,9.2e-5
Carter,9.2e-5
Emilio,9.2e-5
Winford,9.2e-5
Dewitt,9.1e-5
Evan,9.1e-5
Ezra,9.1e-5
Jason,9.1e-5
Orlando,9.1e-5
Angel,9e-5
Domingo,9e-5
Harmon,9e-5
Kyle,9e-5
Graham,8.9e-5
Shelton,8.9e-5
Theron,8.9e-5
Waymon,8.9e-5
Fletcher,8.8e-5
Haywood,8.8e-5
Ron,8.8e-5
Rupert,8.8e-5
Tracy,8.8e-5
Benito,8.7e-5
Coleman,8.7e-5
Talmadge,8.7e-5
Beverly,8.6e-5
Boyce,8.6e-5
Ignacio,8.6e-5
Santiago,8.6e-5
Waldo,8.6e-5
Christian,8.6e-5
Emile,8.6e-5
Ronny,8.6e-5
Augustine,8.5e-5
Columbus,8.5e-5
Stanford,8.5e-5
Carson,8.4e-5
Jules,8.4e-5
Lupe,8.4e-5
Noble,8.4e-5
Alford,8.3e-5
Darold,8.3e-5
Felton,8.3e-5
Lacy,8.3e-5
Verlin,8.3e-5
Andres,8.2e-5
Arlan,8.2e-5
Joesph,8.1e-5
Bruno,8e-5
Foster,8e-5
Lemuel,8e-5
Julio,7.9e-5
Mathew,7.8e-5
Palmer,7.8e-5
Sydney,7.8e-5
Verne,7.8e-5
Bonnie,7.7e-5
Dannie,7.7e-5
Eddy,7.7e-5
Kirby,7.7e-5
Mason,7.7e-5
Rayford,7.7e-5
Rollin,7.7e-5
Carey,7.6e-5
Donal,7.6e-5
Elliot,7.6e-5
Hobert,7.6e-5
Kendall,7.6e-5
Lynwood,7.6e-5
Margaret,7.6e-5
Theadore,7.6e-5
Cary,7.5e-5
Cyrus,7.5e-5
Doris,7.5e-5
Elden,7.5e-5
Hayward,7.5e-5
Israel,7.5e-5
Joan,7.5e-5
Robin,7.5e-5
Ambrose,7.4e-5
Bertram,7.4e-5
Donovan,7.4e-5
Guillermo,7.4e-5
Jewel,7.4e-5
Kerry,7.4e-5
Monty,7.4e-5
Otha,7.4e-5
Regis,7.4e-5
Burt,7.3e-5
Jewell,7.3e-5
Marlyn,7.3e-5
Newton,7.3e-5
Raleigh,7.3e-5
Reed,7.3e-5
Andre,7.2e-5
Carlo,7.2e-5
Farrell,7.2e-5
Franklyn,7.2e-5
Lawerence,7.2e-5
Hans,7.1e-5
Mac,7.1e-5
Omer,7.1e-5
Eduardo,7.1e-5
Ora,7.1e-5
Rosevelt,7.1e-5
Sandy,7.1e-5
Val,7.1e-5
Abel,7e-5
Sherrill,7e-5
Bertrand,6.9e-5
Chuck,6.9e-5
Haskell,6.9e-5
Jere,6.9e-5
Napoleon,6.9e-5
Theo,6.9e-5
Art,6.8e-5
Arther,6.8e-5
Bryant,6.8e-5
Elwin,6.8e-5
Enoch,6.8e-5
Hugo,6.8e-5
Joyce,6.8e-5
Lance,6.8e-5
Melton,6.8e-5
Milan,6.8e-5
Reynaldo,6.8e-5
Garold,6.7e-5
Ivory,6.7e-5
King,6.7e-5
Myles,6.7e-5
Ottis,6.7e-5
Walton,6.7e-5
Abe,6.6e-5
Buck,6.6e-5
Domenic,6.6e-5
Lincoln,6.6e-5
Meredith,6.6e-5
Arvin,6.5e-5
Damon,6.5e-5
Garrett,6.5e-5
Granville,6.5e-5
Harland,6.5e-5
Jeffrey,6.5e-5
Lon,6.5e-5
Merritt,6.5e-5
Arlin,6.4e-5
Delton,6.4e-5
Dorsey,6.4e-5
Duncan,6.4e-5
Jerrell,6.4e-5
Jordan,6.4e-5
Leeroy,6.4e-5
Mckinley,6.4e-5
Raphael,6.4e-5
Claudie,6.3e-5
Dexter,6.3e-5
Eldridge,6.3e-5
Howell,6.3e-5
Jefferson,6.3e-5
Wally,6.3e-5
Donn,6.2e-5
Loy,6.2e-5
Nickolas,6.2e-5
Taylor,6.2e-5
Valentine,6.2e-5
Avery,6.1e-5
Benton,6.1e-5
Brent,6.1e-5
Harlen,6.1e-5
Jennings,6.1e-5
Loran,6.1e-5
Matt,6.1e-5
Oren,6.1e-5
Sebastian,6.1e-5
Stan,6.1e-5
Terrell,6.1e-5
Arlo,6e-5
Emmitt,6e-5
Frances,6e-5
Fritz,6e-5
Glendon,6e-5
Hermon,6e-5
Lafayette,6e-5
Loyal,6e-5
Mose,6e-5
Zane,6e-5
Benedict,5.9e-5
Bryce,5.9e-5
Carleton,5.9e-5
Denzil,5.9e-5
Lucius,5.9e-5
Nancy,5.9e-5
Pierre,5.9e-5
Stanton,5.9e-5
Alejandro,5.8e-5
Clarance,5.8e-5
Gaylon,5.8e-5
Justin,5.8e-5
Lucien,5.8e-5
Merton,5.8e-5
Rayburn,5.8e-5
Fay,5.7e-5
Judson,5.7e-5
Santo,5.7e-5
Winfield,5.7e-5
Aloysius,5.6e-5
Alvie,5.6e-5
Artis,5.6e-5
Dayton,5.6e-5
Derald,5.6e-5
Dwaine,5.6e-5
Newell,5.6e-5
Obie,5.6e-5
Randy,5.6e-5
Reynold,5.6e-5
Santos,5.6e-5
Walker,5.6e-5
Asa,5.5e-5
Durwood,5.5e-5
Garnett,5.5e-5
Hilton,5.5e-5
Maxwell,5.5e-5
Toby,5.5e-5
Alvis,5.5e-5
Cruz,5.5e-5
Elvis,5.5e-5
Garth,5.5e-5
Lauren,5.5e-5
Porter,5.5e-5
Sherwin,5.5e-5
Wylie,5.5e-5
Dillard,5.4e-5
Glynn,5.4e-5
Hardy,5.4e-5
Marcel,5.4e-5
Bernice,5.3e-5
Cliff,5.3e-5
Cloyd,5.3e-5
Gregorio,5.3e-5
Jacky,5.3e-5
Lane,5.3e-5
Quentin,5.3e-5
Rubin,5.3e-5
Arvid,5.2e-5
Prince,5.2e-5
Rogelio,5.2e-5
Gorden,5.1e-5
Leigh,5.1e-5
Madison,5.1e-5
Brady,5e-5
Carlyle,5e-5
Curtiss,5e-5
Elmore,5e-5
Elwyn,5e-5
Elzie,5e-5
Furman,5e-5
Genaro,5e-5
Hosea,5e-5
Junius,5e-5
Kirk,5e-5
Mahlon,5e-5
Oran,5e-5
Willam,5e-5
Cleve,4.9e-5
Early,4.9e-5
Edsel,4.9e-5
Ezell,4.9e-5
Helen,4.9e-5
Jonas,4.9e-5
Seth,4.9e-5
Edd,4.8e-5
Eloy,4.8e-5
General,4.8e-5
Giles,4.8e-5
Lindsey,4.8e-5
Mervyn,4.8e-5
Parker,4.8e-5
Reid,4.8e-5
Thad,4.8e-5
Virginia,4.8e-5
Windell,4.8e-5
Agustin,4.7e-5
Blair,4.7e-5
Clem,4.7e-5
Emmit,4.7e-5
Kim,4.7e-5
Lavon,4.7e-5
Margarito,4.7e-5
Romeo,4.7e-5
Sal,4.7e-5
Willian,4.7e-5
Constantine,4.6e-5
Cornell,4.6e-5
Curley,4.6e-5
Evans,4.6e-5
Fidel,4.6e-5
Gerold,4.6e-5
Jamie,4.6e-5
Robbie,4.6e-5
Rolf,4.6e-5
Trinidad,4.6e-5
Vicente,4.6e-5
Wardell,4.6e-5
Arlyn,4.5e-5
Deane,4.5e-5
Elisha,4.5e-5
Garfield,4.5e-5
Issac,4.5e-5
June,4.5e-5
Louise,4.5e-5
Pierce,4.5e-5
Ruby,4.5e-5
Verle,4.5e-5
Albin,4.4e-5
Allison,4.4e-5
Aron,4.4e-5
Arvil,4.4e-5
Brice,4.4e-5
Duwayne,4.4e-5
Elizabeth,4.4e-5
Florian,4.4e-5
Joy,4.4e-5
Leander,4.4e-5
Lucian,4.4e-5
Lucious,4.4e-5
Wayland,4.4e-5
Chauncey,4.3e-5
Cleon,4.3e-5
Colin,4.3e-5
Errol,4.3e-5
Gustave,4.3e-5
Joaquin,4.3e-5
Llewellyn,4.3e-5
Nicolas,4.3e-5
Rosario,4.3e-5
Webster,4.3e-5
Werner,4.3e-5
Adolphus,4.2e-5
Darvin,4.2e-5
Hurley,4.2e-5
Marc,4.2e-5
Otho,4.2e-5
Stacy,4.2e-5
Verlyn,4.2e-5
Adolfo,4.1e-5
Arley,4.1e-5
Brooks,4.1e-5
Clarke,4.1e-5
Dock,4.1e-5
Foy,4.1e-5
Hayden,4.1e-5
Humberto,4.1e-5
Ian,4.1e-5
Lambert,4.1e-5
Lindsay,4.1e-5
Murphy,4.1e-5
Omar,4.1e-5
Reggie,4.1e-5
Sol,4.1e-5
Author,4e-5
Cedric,4e-5
Geoffrey,4e-5
Jonnie,4e-5
Josh,4e-5
Logan,4e-5
Mel,4e-5
Merl,4e-5
Norwood,4e-5
Rowland,4e-5
Ruth,4e-5
Sergio,4e-5
Alois,3.9e-5
Arlis,3.9e-5
Audrey,3.9e-5
Aurelio,3.9e-5
Clint,3.9e-5
Dino,3.9e-5
Evert,3.9e-5
Gonzalo,3.9e-5
Harrell,3.9e-5
Herb,3.9e-5
Hobart,3.9e-5
Huston,3.9e-5
Kenton,3.9e-5
Lawson,3.9e-5
Nevin,3.9e-5
Orin,3.9e-5
Prentice,3.9e-5
Rexford,3.9e-5
Todd,3.9e-5
Watson,3.9e-5
Wyman,3.9e-5
Ardell,3.9e-5
Burnell,3.9e-5
Clare,3.9e-5
Del,3.9e-5
Dell,3.9e-5
Derrell,3.9e-5
Douglass,3.9e-5
Edison,3.9e-5
Federico,3.9e-5
Harlow,3.9e-5
Henderson,3.9e-5
Hershell,3.9e-5
Hilario,3.9e-5
Ike,3.9e-5
Isadore,3.9e-5
Jorge,3.9e-5
Layton,3.9e-5
Lenwood,3.9e-5
Lonzo,3.9e-5
Pearl,3.9e-5
Quinton,3.9e-5
Williams,3.9e-5
Berry,3.8e-5
Burley,3.8e-5
Cameron,3.8e-5
Claire,3.8e-5
Donnell,3.8e-5
Gaston,3.8e-5
