name,percent
Robert,0.056541
James,0.05174
John,0.044571
William,0.037234
Richard,0.030145
Charles,0.027896
Donald,0.025484
David,0.019193
Thomas,0.018087
George,0.016859
Ronald,0.016586
Joseph,0.01583
Edward,0.01365
Kenneth,0.012079
Paul,0.011772
Larry,0.009444
Jerry,0.009424
Frank,0.00926
Raymond,0.008765
Gerald,0.008612
Harold,0.007812
Billy,0.007589
Jack,0.007488
Bobby,0.007081
Joe,0.007071
Walter,0.006841
Michael,0.006491
Carl,0.006314
Gary,0.006194
Henry,0.006101
Arthur,0.005779
Willie,0.005685
Eugene,0.005479
Ralph,0.005407
Fred,0.005254
Roger,0.005222
Albert,0.005178
Lawrence,0.005033
Daniel,0.004688
Roy,0.004471
Harry,0.004403
Howard,0.004299
Norman,0.004274
Wayne,0.004223
Jimmy,0.004128
Louis,0.003984
Anthony,0.003965
Earl,0.003606
Marvin,0.003572
Melvin,0.003554
Don,0.003488
Peter,0.003483
Ernest,0.00344
Clarence,0.003431
Francis,0.003413
Leroy,0.003253
Leonard,0.003184
Stanley,0.003184
Dale,0.003051
Alfred,0.002907
Gene,0.002898
Philip,0.002888
Dennis,0.002886
Bill,0.002853
Herbert,0.002779
Samuel,0.002775
Russell,0.00265
Frederick,0.00263
Johnny,0.002584
Bruce,0.00257
Ray,0.002493
Jimmie,0.002454
Bernard,0.002444
Douglas,0.002385
Gordon,0.002314
Franklin,0.002302
Allen,0.002301
Lee,0.002286
Andrew,0.002201
Floyd,0.00218
Bob,0.002163
Jim,0.00215
Eddie,0.002148
Tommy,0.002128
Leon,0.002127
Theodore,0.002119
Martin,0.0020830000000000002
Glenn,0.002069
Edwin,0.002066
Clifford,0.002041
Lloyd,0.001969
Stephen,0.001954
Clyde,0.001922
Patrick,0.001913
Harvey,0.001902
Vernon,0.001894
Leo,0.001845
Phillip,0.001833
Alvin,0.001816
Jerome,0.001808
Herman,0.001713
Jesse,0.001708
Alan,0.001684
Vincent,0.001678
Lewis,0.001677
Warren,0.001663
Jackie,0.001658
Tom,0.001654
Curtis,0.001635
Charlie,0.001605
Arnold,0.001581
Terry,0.00154
Gilbert,0.001537
Cecil,0.001493
Duane,0.001493
Lester,0.001443
Victor,0.001408
Johnnie,0.00135
Benjamin,0.001304
Elmer,0.001297
Milton,0.001265
Glen,0.001245
Keith,0.001228
Allan,0.001225
Calvin,0.00122
Roland,0.001204
Dean,0.001203
Ronnie,0.001175
Chester,0.00116
Darrell,0.001152
Leslie,0.001135
Sam,0.00111
Wallace,0.001089
Willard,0.001065
Freddie,0.001063
Claude,0.001044
Jay,0.001043
Manuel,0.001037
Joel,0.001021
Marion,0.00102
Max,0.00101
Jose,9.9e-4
Hugh,9.79e-4
Edgar,9.78e-4
Maurice,9.76e-4
Wesley,9.74e-4
Ted,9.69e-4
Jessie,9.49e-4
Dan,9.47e-4
Jon,9.43e-4
Rodney,9.35e-4
Danny,9.33e-4
Dick,9.24e-4
Oscar,9.04e-4
Lowell,8.96e-4
Everett,8.87e-4
Virgil,8.86e-4
Neil,8.84e-4
Nicholas,8.56e-4
Tony,8.43e-4
Delbert,8.33e-4
Karl,8.29e-4
Sidney,8.25e-4
Hubert,8.16e-4
Homer,8.14e-4
Bennie,8.1e-4
Lyle,8.03e-4
Mike,8.01e-4
Luther,7.91e-4
Lonnie,7.82e-4
Morris,7.82e-4
Steve,7.74e-4
Alton,7.62e-4
Earnest,7.61e-4
Ben,7.46e-4
Mark,7.4e-4
Marshall,7.37e-4
Carroll,7.14e-4
Benny,6.94e-4
Horace,6.78e-4
Guy,6.69e-4
Wilbur,6.65e-4
Barry,6.63e-4
Willis,6.63e-4
Billie,6.53e-4
Nathaniel,6.43e-4
Lynn,6.42e-4
Clayton,6.38e-4
Otis,6.24e-4
Roosevelt,6.2e-4
Timothy,6.16e-4
Alexander,6.15e-4
Clifton,6.1e-4
Clinton,6.05e-4
Nelson,6.04e-4
Archie,5.9e-4
Rudolph,5.75e-4
Stuart,5.68e-4
Donnie,5.66e-4
Oliver,5.57e-4
Matthew,5.54e-4
Fredrick,5.5e-4
Rex,5.49e-4
Bobbie,5.46e-4
Dave,5.44e-4
Wendell,5.34e-4
Doyle,5.26e-4
Ira,5.25e-4
Juan,5.22e-4
Julius,5.19e-4
Alex,5.17e-4
Junior,5.15e-4
Leland,5.08e-4
Tommie,5.07e-4
Wilbert,5.06e-4
Buddy,5.03e-4
Carlton,5.01e-4
Ivan,5.01e-4
Perry,4.98e-4
Sherman,4.96e-4
Troy,4.96e-4
Jacob,4.91e-4
Salvatore,4.91e-4
Steven,4.89e-4
Carlos,4.86e-4
Edmund,4.79e-4
Byron,4.77e-4
Brian,4.75e-4
Merle,4.74e-4
Orville,4.71e-4
Myron,4.7e-4
Pete,4.68e-4
Jesus,4.67e-4
Gregory,4.64e-4
Grady,4.59e-4
Malcolm,4.59e-4
Eldon,4.48e-4
Ruben,4.48e-4
Loren,4.44e-4
Pat,4.41e-4
Dewey,4.39e-4
Gerard,4.37e-4
Sylvester,4.37e-4
Elbert,4.37e-4
Rufus,4.36e-4
Mack,4.3e-4
Ramon,4.3e-4
Sammy,4.3e-4
Aaron,4.25e-4
Ross,4.25e-4
Irvin,4.15e-4
Ellis,4.14e-4
Julian,4.11e-4
Laurence,4.1e-4
Isaac,4.08e-4
Antonio,4.07e-4
Sheldon,3.99e-4
Teddy,3.99e-4
Clark,3.96e-4
Nathan,3.96e-4
Neal,3.94e-4
Ervin,3.89e-4
Conrad,3.83e-4
Forrest,3.83e-4
Boyd,3.83e-4
Angelo,3.78e-4
Owen,3.77e-4
Burton,3.76e-4
Jerald,3.76e-4
Dallas,3.72e-4
Dwight,3.72e-4
Kent,3.71e-4
Felix,3.63e-4
Wilfred,3.63e-4
Nick,3.61e-4
Reginald,3.56e-4
Bert,3.53e-4
Frankie,3.5e-4
Aubrey,3.44e-4
Darrel,3.43e-4
Garland,3.42e-4
Noel,3.42e-4
Loyd,3.4e-4
Harley,3.32e-4
Preston,3.29e-4
Woodrow,3.27e-4
Randall,3.26e-4
Percy,3.25e-4
Wilson,3.23e-4
Rudy,3.15e-4
Marlin,3.14e-4
Irving,3.09e-4
Shirley,3.08e-4
Louie,3.05e-4
Harlan,3.04e-4
Norbert,3.04e-4
Craig,3.02e-4
Elwood,2.99e-4
Pedro,2.97e-4
Royce,2.97e-4
Travis,2.93e-4
Emmett,2.92e-4
Wade,2.86e-4
Laverne,2.79e-4
Eric,2.75e-4
Johnie,2.75e-4
Sammie,2.75e-4
August,2.75e-4
Randolph,2.75e-4
Darwin,2.74e-4
Francisco,2.71e-4
Christopher,2.68e-4
Grover,2.68e-4
Kermit,2.68e-4
Roberto,2.68e-4
Garry,2.67e-4
Irwin,2.64e-4
Ned,2.64e-4
Phil,2.64e-4
Mary,2.64e-4
Gale,2.6e-4
Amos,2.59e-4
Carol,2.56e-4
Maynard,2.55e-4
Cornelius,2.54e-4
Moses,2.54e-4
Emil,2.53e-4
Grant,2.52e-4
Otto,2.51e-4
Mario,2.5e-4
Alfonso,2.45e-4
Ed,2.43e-4
Edmond,2.42e-4
Luis,2.42e-4
Millard,2.42e-4
Raul,2.41e-4
Dominic,2.37e-4
Delmar,2.36e-4
Thurman,2.33e-4
Merlin,2.32e-4
Murray,2.3e-4
Stewart,2.29e-4
Dominick,2.28e-4
Mitchell,2.28e-4
Lionel,2.26e-4
Terrence,2.25e-4
Cleveland,2.24e-4
Jan,2.24e-4
Austin,2.2e-4
Norris,2.14e-4
Elton,2.13e-4
Andy,2.12e-4
Weldon,2.12e-4
Elvin,2.1e-4
Daryl,2.1e-4
Will,2.1e-4
Sanford,2.09e-4
Alonzo,2.07e-4
Marcus,2.07e-4
Freddy,2.06e-4
Adrian,2.04e-4
Adam,2.03e-4
Darryl,2.03e-4
Lamar,2.02e-4
Merrill,2.02e-4
Rodger,2.02e-4
Wiley,2.02e-4
Melvyn,2.01e-4
Roscoe,2.01e-4
Scott,2e-4
Gail,1.99e-4
Jasper,1.99e-4
Morton,1.99e-4
Ollie,1.98e-4
Bradley,1.97e-4
Carmen,1.97e-4
Abraham,1.96e-4
Huey,1.96e-4
Odell,1.95e-4
Harrison,1.94e-4
Lorenzo,1.94e-4
Elijah,1.93e-4
Barney,1.91e-4
Al,1.87e-4
Ken,1.87e-4
Shelby,1.87e-4
Dwayne,1.86e-4
Lavern,1.86e-4
Reuben,1.85e-4
Rolland,1.84e-4
Kenny,1.83e-4
Chris,1.82e-4
Clair,1.81e-4
Denis,1.81e-4
Jonathan,1.81e-4
Emanuel,1.8e-4
Ricardo,1.8e-4
Coy,1.79e-4
Erwin,1.79e-4
Simon,1.79e-4
Hollis,1.78e-4
Monroe,1.78e-4
Buford,1.77e-4
Frederic,1.77e-4
Truman,1.77e-4
Mervin,1.76e-4
Monte,1.76e-4
Van,1.76e-4
Winston,1.76e-4
Adolph,1.75e-4
Hal,1.75e-4
Linwood,1.74e-4
Armand,1.73e-4
Clement,1.73e-4
Roderick,1.72e-4
Charley,1.7e-4
Guadalupe,1.7e-4
Emory,1.69e-4
Nolan,1.67e-4
Russel,1.67e-4
Armando,1.66e-4
Wilmer,1.66e-4
Spencer,1.65e-4
Alfredo,1.63e-4
Kevin,1.63e-4
Wilburn,1.63e-4
Hershel,1.62e-4
Rene,1.61e-4
Lanny,1.59e-4
Gabriel,1.58e-4
Mickey,1.58e-4
Delmer,1.57e-4
Jake,1.57e-4
Kennith,1.56e-4
Fredric,1.55e-4
Levi,1.54e-4
Gerry,1.53e-4
Sterling,1.52e-4
Denver,1.51e-4
Tim,1.5e-4
Wilford,1.5e-4
Harris,1.46e-4
Jackson,1.46e-4
Winfred,1.45e-4
Cleo,1.44e-4
Dudley,1.44e-4
Carrol,1.43e-4
Ernie,1.43e-4
Jean,1.43e-4
Jess,1.43e-4
Alva,1.42e-4
Hector,1.42e-4
Elliott,1.41e-4
Jeff,1.41e-4
Vern,1.4e-4
Fernando,1.37e-4
Ward,1.37e-4
Freeman,1.35e-4
Miles,1.35e-4
Dewayne,1.34e-4
Terrance,1.34e-4
Warner,1.34e-4
Basil,1.33e-4
Earle,1.33e-4
Gayle,1.33e-4
Seymour,1.33e-4
Arlen,1.32e-4
Barbara,1.32e-4
Eli,1.32e-4
Gus,1.32e-4
Miguel,1.32e-4
Salvador,1.32e-4
Bernie,1.31e-4
Forest,1.31e-4
Micheal,1.31e-4
Noah,1.31e-4
Milford,1.3e-4
Denny,1.29e-4
Emery,1.29e-4
Arturo,1.28e-4
Dalton,1.28e-4
Riley,1.28e-4
Olin,1.27e-4
Ronny,1.27e-4
Galen,1.26e-4
Jerrold,1.25e-4
Ron,1.25e-4
Solomon,1.25e-4
Vance,1.25e-4
Enrique,1.24e-4
Errol,1.24e-4
Delano,1.24e-4
Kurt,1.24e-4
Lenard,1.24e-4
Booker,1.23e-4
Pablo,1.23e-4
Vito,1.23e-4
Alden,1.21e-4
Bryan,1.21e-4
Dana,1.21e-4
Herschel,1.21e-4
Rogers,1.21e-4
Royal,1.2e-4
Bradford,1.19e-4
Bud,1.19e-4
Kay,1.18e-4
Blaine,1.17e-4
Elmo,1.17e-4
Elroy,1.17e-4
Rocco,1.17e-4
Burl,1.16e-4
Alberto,1.15e-4
Jerold,1.15e-4
Kelly,1.15e-4
Connie,1.14e-4
Gilberto,1.14e-4
Normand,1.14e-4
Anton,1.13e-4
Rayford,1.13e-4
Sonny,1.13e-4
Wilton,1.13e-4
Alphonso,1.12e-4
Everette,1.12e-4
Odis,1.12e-4
Tomas,1.12e-4
Ulysses,1.12e-4
Betty,1.11e-4
Thaddeus,1.11e-4
Terence,1.1e-4
Cletus,1.09e-4
Evan,1.09e-4
Arden,1.08e-4
Davis,1.08e-4
Julio,1.08e-4
Clay,1.07e-4
Cyril,1.07e-4
Dickie,1.07e-4
Buster,1.06e-4
Claud,1.06e-4
Emerson,1.06e-4
Andre,1.05e-4
Carmine,1.05e-4
Rodolfo,1.05e-4
Shelton,1.05e-4
Gaylord,1.04e-4
Isaiah,1.03e-4
Luke,1.03e-4
Olen,1.03e-4
Pasquale,1.03e-4
Saul,1.03e-4
Elias,1.02e-4
Eddy,1.02e-4
Milo,1.02e-4
Barton,1.01e-4
Gearld,1.01e-4
Silas,1.01e-4
Columbus,1e-4
Hoyt,1e-4
Jeremiah,1e-4
Domingo,9.8e-5
Lyman,9.8e-5
Fletcher,9.7e-5
Rafael,9.7e-5
Vaughn,9.7e-5
Kyle,9.6e-5
Angel,9.5e-5
Dwain,9.5e-5
Merlyn,9.4e-5
Ernesto,9.3e-5
Foster,9.3e-5
Graham,9.3e-5
Raymon,9.3e-5
Boyce,9.2e-5
Morgan,9.2e-5
Dewitt,9.2e-5
Lacy,9.2e-5
Orval,9.2e-5
Carson,9.1e-5
Carter,9.1e-5
Hiram,9.1e-5
Patricia,9.1e-5
Chuck,9e-5
Felton,9e-5
Kirby,9e-5
Beverly,8.9e-5
Mckinley,8.9e-5
Patsy,8.9e-5
Dee,8.8e-5
Denzil,8.8e-5
Ignacio,8.8e-5
Newton,8.8e-5
Verlin,8.8e-5
Elden,8.7e-5
Ellsworth,8.7e-5
Houston,8.7e-5
Jules,8.7e-5
Lupe,8.7e-5
Monty,8.6e-5
Dannie,8.5e-5
Felipe,8.5e-5
Major,8.5e-5
Orlando,8.5e-5
Robin,8.5e-5
Theron,8.5e-5
Arlie,8.4e-5
Augustus,8.4e-5
Joshua,8.4e-5
Ramiro,8.4e-5
Sydney,8.4e-5
Abel,8.3e-5
Brent,8.3e-5
Doris,8.3e-5
Emilio,8.3e-5
Harmon,8.3e-5
Jere,8.3e-5
Lemuel,8.3e-5
Maxie,8.3e-5
Elliot,8.1e-5
Joesph,8.1e-5
Augustine,8.1e-5
Joan,8.1e-5
Hilton,8e-5
Jeffrey,8e-5
Lauren,8e-5
Otha,8e-5
Reynaldo,8e-5
Tracy,8e-5
Alphonse,7.9e-5
Carey,7.9e-5
Carlo,7.9e-5
Haywood,7.9e-5
Joyce,7.9e-5
Nancy,7.9e-5
Roman,7.9e-5
Anderson,7.8e-5
Arther,7.8e-5
Bennett,7.8e-5
Christian,7.8e-5
Dexter,7.8e-5
Emile,7.8e-5
Hermon,7.8e-5
Isiah,7.8e-5
King,7.8e-5
Stanford,7.8e-5
Taylor,7.8e-5
Frances,7.7e-5
Harland,7.7e-5
Raleigh,7.7e-5
Arvin,7.6e-5
Garth,7.6e-5
Noble,7.6e-5
Santiago,7.6e-5
Sherwood,7.6e-5
Walker,7.6e-5
Benito,7.5e-5
Hayward,7.5e-5
Hobert,7.5e-5
Marlyn,7.5e-5
Reynold,7.5e-5
Waymon,7.5e-5
Jason,7.4e-5
Lucius,7.4e-5
Randy,7.4e-5
Santos,7.4e-5
Talmadge,7.4e-5
Bruno,7.3e-5
Coleman,7.3e-5
Regis,7.3e-5
Rosevelt,7.3e-5
Winford,7.3e-5
Lon,7.2e-5
Rayburn,7.2e-5
Sandy,7.2e-5
Vicente,7.2e-5
Andres,7.1e-5
Art,7.1e-5
Emmitt,7.1e-5
Judson,7.1e-5
Rollin,7.1e-5
Cyrus,7e-5
Eduardo,7e-5
Fritz,7e-5
Hugo,7e-5
Kendall,7e-5
Melton,7e-5
Alford,7e-5
Bertram,7e-5
Bonnie,7e-5
Ivory,7e-5
Lincoln,7e-5
Omer,7e-5
Alejandro,6.9e-5
Garrett,6.9e-5
Jewel,6.9e-5
Mathew,6.9e-5
Merton,6.9e-5
Myles,6.9e-5
Dorothy,6.8e-5
Stan,6.8e-5
Buck,6.7e-5
Cary,6.7e-5
Jefferson,6.7e-5
Loy,6.7e-5
Verne,6.7e-5
Ezra,6.6e-5
Franklyn,6.6e-5
Jordan,6.6e-5
Justin,6.6e-5
Kirk,6.6e-5
Lynwood,6.6e-5
Alvis,6.5e-5
Arvid,6.5e-5
Bryant,6.5e-5
Darold,6.5e-5
Duncan,6.5e-5
Granville,6.5e-5
Tyrone,6.5e-5
Val,6.5e-5
Delton,6.4e-5
Donn,6.4e-5
Hardy,6.4e-5
Israel,6.4e-5
Lance,6.4e-5
Leeroy,6.4e-5
Mac,6.4e-5
Mason,6.4e-5
Palmer,6.4e-5
Wilber,6.4e-5
Burt,6.3e-5
Clarance,6.3e-5
Damon,6.3e-5
Donal,6.3e-5
Farrell,6.3e-5
Hans,6.3e-5
Marcel,6.3e-5
Alvie,6.2e-5
Elwin,6.2e-5
Guillermo,6.2e-5
Margaret,6.2e-5
Ora,6.2e-5
Ottis,6.2e-5
Wally,6.2e-5
Artis,6.1e-5
Avery,6.1e-5
Benedict,6.1e-5
Bryce,6.1e-5
Dillard,6.1e-5
Glynn,6.1e-5
Napoleon,6.1e-5
Reed,6.1e-5
Terrell,6.1e-5
Arlo,6e-5
Helen,6e-5
Mose,6e-5
Oren,6e-5
Toby,6e-5
Asa,5.9e-5
Carleton,5.9e-5
Dorsey,5.9e-5
Eldridge,5.9e-5
Kerry,5.9e-5
Porter,5.9e-5
Walton,5.9e-5
Abe,5.9e-5
Cliff,5.9e-5
Donovan,5.9e-5
Dwaine,5.9e-5
Glendon,5.9e-5
Lawerence,5.9e-5
Valentine,5.9e-5
Werner,5.9e-5
Ambrose,5.8e-5
Brooks,5.8e-5
Milan,5.8e-5
Pierre,5.8e-5
Raphael,5.8e-5
Stanton,5.8e-5
Waldo,5.8e-5
Winfield,5.8e-5
Curtiss,5.7e-5
Dayton,5.7e-5
Ferdinand,5.7e-5
Loran,5.7e-5
Merritt,5.7e-5
Prince,5.7e-5
Sebastian,5.7e-5
Arvil,5.6e-5
Domenic,5.6e-5
Fidel,5.6e-5
Haskell,5.6e-5
Howell,5.6e-5
Mahlon,5.6e-5
Adolfo,5.5e-5
Edd,5.5e-5
Jacky,5.5e-5
Landon,5.5e-5
Lane,5.5e-5
Lucious,5.5e-5
Quentin,5.5e-5
Romeo,5.5e-5
Seth,5.5e-5
Theadore,5.5e-5
Cruz,5.4e-5
Durwood,5.4e-5
Junius,5.4e-5
Lindsey,5.4e-5
Benton,5.3e-5
Claudie,5.3e-5
Enoch,5.3e-5
Gerold,5.3e-5
Jewell,5.3e-5
Kim,5.3e-5
Rosario,5.3e-5
Williams,5.3e-5
Derald,5.2e-5
Arlan,5.1e-5
Arlin,5.1e-5
Leigh,5.1e-5
Marc,5.1e-5
Thad,5.1e-5
Virgle,5.1e-5
Bertrand,5e-5
Cedric,5e-5
Early,5e-5
Gregorio,5e-5
Mervyn,5e-5
Nicolas,5e-5
Oneal,5e-5
Bart,4.9e-5
Berry,4.9e-5
Garfield,4.9e-5
Hosea,4.9e-5
Obie,4.9e-5
Rollie,4.9e-5
Ruby,4.9e-5
Aron,4.9e-5
Auther,4.9e-5
Clovis,4.9e-5
Dorris,4.9e-5
Duwayne,4.9e-5
Eldred,4.9e-5
June,4.9e-5
Lonzo,4.9e-5
Maxwell,4.9e-5
Meredith,4.9e-5
Murphy,4.9e-5
Colin,4.8e-5
Cornell,4.8e-5
Leander,4.8e-5
Milburn,4.8e-5
Newell,4.8e-5
Rubin,4.8e-5
Rupert,4.8e-5
Sal,4.8e-5
Sherrill,4.8e-5
Von,4.8e-5
Wardell,4.8e-5
Gaylon,4.7e-5
Geoffrey,4.7e-5
Issac,4.7e-5
Lafayette,4.7e-5
Norton,4.7e-5
Sharon,4.7e-5
Todd,4.7e-5
Webster,4.7e-5
Brady,4.6e-5
Burnell,4.6e-5
Elizabeth,4.6e-5
Estel,4.6e-5
Leamon,4.6e-5
Lucian,4.6e-5
Nickolas,4.6e-5
Omar,4.6e-5
Orin,4.6e-5
Reid,4.6e-5
Tillman,4.6e-5
Agustin,4.5e-5
Author,4.5e-5
Bernice,4.5e-5
Clint,4.5e-5
Donny,4.5e-5
Elvis,4.5e-5
Evert,4.5e-5
Garold,4.5e-5
Gustave,4.5e-5
Ian,4.5e-5
Ismael,4.5e-5
Jarvis,4.5e-5
Matt,4.5e-5
Ruth,4.5e-5
Weston,4.5e-5
Windell,4.5e-5
Wylie,4.5e-5
Zane,4.5e-5
Annie,4.4e-5
Arley,4.4e-5
Clem,4.4e-5
Dorman,4.4e-5
Elisha,4.4e-5
Farris,4.4e-5
Jerrell,4.4e-5
Lucien,4.4e-5
Norwood,4.4e-5
Orrin,4.4e-5
Raymundo,4.4e-5
Refugio,4.4e-5
Allyn,4.3e-5
Blair,4.3e-5
Clare,4.3e-5
Delmas,4.3e-5
Dwane,4.3e-5
Eloy,4.3e-5
Ezell,4.3e-5
Fay,4.3e-5
Florian,4.3e-5
Loyal,4.3e-5
Miller,4.3e-5
Pierce,4.3e-5
Verl,4.3e-5
Wayland,4.3e-5
Adan,4.2e-5
Carlyle,4.2e-5
Dell,4.2e-5
Domenick,4.2e-5
Douglass,4.2e-5
Herb,4.2e-5
Llewellyn,4.2e-5
Parker,4.2e-5
Rogelio,4.2e-5
Willam,4.2e-5
Allison,4.1e-5
Dennie,4.1e-5
Doug,4.1e-5
Duke,4.1e-5
Jonas,4.1e-5
Kenton,4.1e-5
Marilyn,4.1e-5
Marty,4.1e-5
Carolyn,4e-5
Courtney,4e-5
Durward,4e-5
Elmore,4e-5
Elwyn,4e-5
Ferrell,4e-5
Harrell,4e-5
Hobart,4e-5
Jennings,4e-5
Joy,4e-5
Lenwood,4e-5
Lois,4e-5
Merl,4e-5
Norval,4e-5
Pearl,4e-5
Willian,4e-5
Arland,3.9e-5
Clarke,3.9e-5
Eliseo,3.9e-5
Elzie,3.9e-5
Evans,3.9e-5
Gino,3.9e-5
Jorge,3.9e-5
Lovell,3.9e-5
Mariano,3.9e-5
Mel,3.9e-5
Santo,3.9e-5
Casimir,3.8e-5
Chauncey,3.8e-5
Darvin,3.8e-5
Deane,3.8e-5
Delvin,3.8e-5
Derrell,3.8e-5
Giles,3.8e-5
Janet,3.8e-5
Lawson,3.8e-5
Leopoldo,3.8e-5
Levon,3.8e-5
Lindsay,3.8e-5
Margarito,3.8e-5
Ozell,3.8e-5
Reese,3.8e-5
Rose,3.8e-5
Adolphus,3.8e-5
Alice,3.8e-5
Aloysius,3.8e-5
Arlis,3.8e-5
Audrey,3.8e-5
Bailey,3.8e-5
Beryl,3.8e-5
Buddie,3.8e-5
Constantine,3.8e-5
Del,3.8e-5
Dempsey,3.8e-5
Federico,3.8e-5
Gaylen,3.8e-5
Heyward,3.8e-5
Lamont,3.8e-5
Sid,3.8e-5
Verlyn,3.8e-5
Abner,3.7e-5
Armond,3.7e-5
