name,percent
James,0.052662
Robert,0.051586
John,0.046173
William,0.037753
Richard,0.031545
Charles,0.026715
David,0.023344
Thomas,0.020226
Donald,0.019478
Ronald,0.017491
George,0.015442000000000001
Joseph,0.015348
Larry,0.014507
Jerry,0.012812
Kenneth,0.012753
Edward,0.012147
Paul,0.011894
Michael,0.011153
Gary,0.010598
Frank,0.008938
Gerald,0.008629
Raymond,0.008064
Harold,0.006808
Dennis,0.006613
Walter,0.00652
Roger,0.006408
Billy,0.006401
Joe,0.006088
Jack,0.005938
Bobby,0.005806
Henry,0.005748
Carl,0.005694
Arthur,0.005489
Daniel,0.005242
Lawrence,0.005208
Willie,0.005205
Ralph,0.004918
Eugene,0.004891
Wayne,0.004827
Fred,0.004707
Albert,0.004694
Roy,0.004694
Peter,0.00426
Jimmy,0.00419
Howard,0.004067
Anthony,0.00402
Harry,0.003942
Norman,0.003864
Stephen,0.003729
Louis,0.003645
Johnny,0.003371
Earl,0.003327
Melvin,0.003318
Leonard,0.003216
Bruce,0.003198
Douglas,0.003146
Dale,0.003117
Ernest,0.003113
Stanley,0.003112
Philip,0.0031
Francis,0.003041
Don,0.002992
Marvin,0.002957
Clarence,0.002937
Samuel,0.002834
Leroy,0.002794
Bill,0.002754
Frederick,0.002605
Alfred,0.002585
Gene,0.002579
Allen,0.002556
Russell,0.002537
Terry,0.002512
Patrick,0.002433
Herbert,0.00242
Tommy,0.002384
Ray,0.002359
Jim,0.002288
Phillip,0.002214
Lee,0.002213
Eddie,0.002174
Bernard,0.002081
Glenn,0.002081
Andrew,0.002052
Martin,0.002045
Jimmie,0.002031
Franklin,0.002013
Alan,0.002005
Leon,0.001955
Theodore,0.001945
Gordon,0.001936
Tom,0.00193
Jesse,0.0018600000000000001
Clifford,0.001841
Jerome,0.001835
Edwin,0.001785
Curtis,0.001771
Harvey,0.001756
Bob,0.001755
Lloyd,0.001743
Ronnie,0.00173
Clyde,0.001698
Floyd,0.001696
Vincent,0.001664
Vernon,0.001638
Alvin,0.001614
Lewis,0.001601
Jackie,0.001589
Barry,0.001547
Warren,0.001529
Charlie,0.001487
Leo,0.001476
Herman,0.001411
Wendell,0.00137
Allan,0.001353
Lester,0.001345
Cecil,0.001339
Arnold,0.001328
Steven,0.001323
Victor,0.001322
Steve,0.00131
Mike,0.001307
Jon,0.001304
Gilbert,0.001288
Keith,0.001277
Danny,0.001248
Calvin,0.001238
Benjamin,0.00122
Johnnie,0.001216
Darrell,0.001208
Glen,0.001207
Milton,0.001202
Rodney,0.00118
Timothy,0.001169
Duane,0.001167
Leslie,0.001151
Chester,0.00114
Freddie,0.001112
Jay,0.001091
Joel,0.00108
Roland,0.001068
Tony,0.001037
Dean,0.001032
Elmer,0.001025
Claude,0.001009
Manuel,9.88e-4
Wallace,9.88e-4
Jose,9.86e-4
Mark,9.83e-4
Sam,9.66e-4
Willard,9.57e-4
Wesley,9.47e-4
Lonnie,9.31e-4
Nicholas,0.00093000000000000005
Dan,9.24e-4
Neil,8.99e-4
Hugh,8.93e-4
Marion,8.85e-4
Lynn,8.84e-4
Ted,8.83e-4
Maurice,8.7e-4
Jessie,8.59e-4
Brian,8.54e-4
Edgar,8.3e-4
Max,8e-4
Virgil,7.89e-4
Oscar,7.88e-4
Sidney,7.81e-4
Everett,7.79e-4
Morris,7.68e-4
Dick,7.67e-4
Lowell,7.34e-4
Lyle,7.3e-4
Karl,7.23e-4
Bennie,7.13e-4
Nathaniel,7.04e-4
Luther,6.94e-4
Benny,6.88e-4
Ben,6.87e-4
Delbert,6.86e-4
Marshall,6.82e-4
Nelson,6.81e-4
Jeffrey,6.76e-4
Earnest,6.73e-4
Homer,6.52e-4
Dave,6.47e-4
Hubert,6.44e-4
Alexander,6.43e-4
Gregory,6.41e-4
Carroll,6.35e-4
Fredrick,6.25e-4
Guy,6.03e-4
Wilbur,5.95e-4
Alton,5.82e-4
Stuart,5.74e-4
Juan,5.69e-4
Donnie,5.69e-4
Otis,5.6e-4
Matthew,5.59e-4
Carlos,5.56e-4
Horace,5.56e-4
Clifton,5.41e-4
Clinton,5.35e-4
Roosevelt,5.33e-4
Ira,5.27e-4
Rudolph,5.25e-4
Doyle,5.24e-4
Alex,5.19e-4
Willis,5.14e-4
Leland,5.12e-4
Clayton,5.09e-4
Laurence,5.09e-4
Archie,5.05e-4
Loren,4.93e-4
Oliver,4.9e-4
Sammy,4.88e-4
Kent,4.88e-4
Troy,4.87e-4
Myron,4.79e-4
Wilbert,4.78e-4
Julius,4.76e-4
Tommie,4.7e-4
Garry,4.68e-4
Gerard,4.66e-4
Perry,4.66e-4
Byron,4.63e-4
Malcolm,4.61e-4
Rex,4.61e-4
Dewey,4.57e-4
Ivan,4.55e-4
Sherman,4.5e-4
Salvatore,4.48e-4
Randall,4.47e-4
Jacob,4.34e-4
Pete,4.34e-4
Reginald,4.34e-4
Julian,4.32e-4
Aaron,4.31e-4
Neal,4.27e-4
Jerald,4.22e-4
Christopher,4.21e-4
Edmund,4.2e-4
Nathan,4.19e-4
Carlton,4.15e-4
Grady,4.13e-4
Isaac,4.09e-4
Dallas,4.08e-4
Eldon,4.07e-4
Eric,4.07e-4
Pat,4.07e-4
Billie,4.04e-4
Darrel,3.99e-4
Elbert,3.95e-4
Merle,3.92e-4
Jesus,3.91e-4
Sylvester,3.91e-4
Orville,3.9e-4
Antonio,3.87e-4
Dwight,3.85e-4
Mack,3.85e-4
Ross,3.85e-4
Rufus,3.85e-4
Buddy,3.78e-4
Teddy,3.78e-4
Wilson,3.77e-4
Ruben,3.74e-4
Woodrow,3.74e-4
Bobbie,3.73e-4
Ramon,3.71e-4
Ellis,3.66e-4
Junior,3.62e-4
Clark,3.6e-4
Rudy,3.6e-4
Ervin,3.53e-4
Irvin,3.47e-4
Wade,3.47e-4
Forrest,3.43e-4
Nick,3.43e-4
Darryl,3.42e-4
Terrence,3.36e-4
Angelo,3.32e-4
Frankie,3.31e-4
Felix,3.29e-4
Sheldon,3.25e-4
Bert,3.24e-4
Craig,3.23e-4
Randolph,3.23e-4
Preston,3.21e-4
Conrad,3.17e-4
Noel,3.16e-4
Boyd,3.15e-4
Garland,3.1e-4
Mickey,3.07e-4
Owen,3.05e-4
Travis,2.99e-4
Aubrey,2.99e-4
Phil,2.98e-4
Tyrone,2.97e-4
Jan,2.95e-4
Burton,2.92e-4
Harley,2.92e-4
Sammie,2.89e-4
Scott,2.88e-4
Emmett,2.85e-4
Daryl,2.82e-4
Royce,2.82e-4
Tim,2.81e-4
Louie,2.8e-4
Loyd,2.78e-4
Winston,2.78e-4
Percy,2.78e-4
Wilfred,2.74e-4
Mitchell,2.73e-4
Grant,2.69e-4
Pedro,2.68e-4
Kenny,2.67e-4
Rodger,2.66e-4
Chris,2.65e-4
Marlin,2.65e-4
Darwin,2.61e-4
Freddy,2.59e-4
Roberto,2.59e-4
Grover,2.58e-4
Gale,2.57e-4
Ken,2.57e-4
Francisco,2.56e-4
Mary,2.56e-4
Raul,2.55e-4
Lanny,2.54e-4
Harlan,2.53e-4
Kermit,2.52e-4
Kevin,2.51e-4
Micheal,2.51e-4
Mario,2.48e-4
Irving,2.45e-4
Brent,2.43e-4
Elwood,2.43e-4
Norbert,2.42e-4
Ned,2.37e-4
Jeff,2.34e-4
Jonathan,2.34e-4
Amos,2.33e-4
Moses,2.33e-4
Edmond,2.31e-4
Denis,2.29e-4
Alfonso,2.27e-4
Stewart,2.27e-4
Cleveland,2.24e-4
Emil,2.22e-4
Cornelius,2.21e-4
Lionel,2.19e-4
Murray,2.19e-4
Spencer,2.18e-4
Andy,2.17e-4
August,2.17e-4
Maynard,2.16e-4
Alonzo,2.15e-4
Lance,2.15e-4
Terrance,2.15e-4
Melvyn,2.14e-4
Carol,2.13e-4
Marcus,2.13e-4
Ed,2.12e-4
Merlin,2.1e-4
Errol,2.08e-4
Austin,2.06e-4
Luis,2.04e-4
Thurman,2.03e-4
Sanford,2.02e-4
Elton,2.02e-4
Adrian,2e-4
Dominick,2e-4
Dominic,1.97e-4
Monte,1.96e-4
Dwayne,1.95e-4
Bradley,1.94e-4
Laverne,1.94e-4
Irwin,1.92e-4
Johnie,1.92e-4
Otto,1.91e-4
Adam,1.91e-4
Delmar,1.9e-4
Nolan,1.87e-4
Jasper,1.86e-4
Abraham,1.86e-4
Carmen,1.86e-4
Gerry,1.82e-4
Merrill,1.81e-4
Ron,1.81e-4
Shirley,1.81e-4
Wiley,1.81e-4
Roscoe,1.79e-4
Lamar,1.78e-4
Truman,1.77e-4
Will,1.77e-4
Millard,1.76e-4
Ricardo,1.75e-4
Salvador,1.75e-4
Odell,1.75e-4
Lorenzo,1.74e-4
Weldon,1.74e-4
Norris,1.73e-4
Sterling,1.72e-4
Elijah,1.71e-4
Charley,1.7e-4
Bryan,1.7e-4
Robin,1.7e-4
Elvin,1.69e-4
Elliott,1.67e-4
Frederic,1.67e-4
Ollie,1.67e-4
Hollis,1.66e-4
Armando,1.64e-4
Guadalupe,1.64e-4
Hal,1.64e-4
Monroe,1.64e-4
Barney,1.64e-4
Kurt,1.64e-4
Simon,1.64e-4
Coy,1.63e-4
Hector,1.63e-4
Kennith,1.62e-4
Gabriel,1.61e-4
Gail,1.6e-4
Reuben,1.59e-4
Denny,1.58e-4
Emanuel,1.57e-4
Emory,1.57e-4
Buford,1.56e-4
Erwin,1.55e-4
Wilburn,1.55e-4
Jerold,1.54e-4
Randy,1.54e-4
Harrison,1.49e-4
Shelby,1.49e-4
Adolph,1.48e-4
Jake,1.48e-4
Van,1.48e-4
Clair,1.47e-4
Lavern,1.47e-4
Rolland,1.47e-4
Ernie,1.45e-4
Carrol,1.43e-4
Galen,1.43e-4
Jess,1.43e-4
Miguel,1.43e-4
Alfredo,1.43e-4
Rene,1.43e-4
Jackson,1.41e-4
Al,1.39e-4
Fernando,1.39e-4
Vance,1.39e-4
Vern,1.39e-4
Levi,1.38e-4
Linwood,1.37e-4
Roderick,1.37e-4
Arturo,1.36e-4
Clement,1.35e-4
Connie,1.34e-4
Harris,1.33e-4
Wilmer,1.33e-4
Booker,1.32e-4
Dewayne,1.32e-4
Dudley,1.32e-4
Ulysses,1.32e-4
Hershel,1.3e-4
Gus,1.29e-4
Russel,1.28e-4
Winfred,1.28e-4
Jean,1.27e-4
Miles,1.27e-4
Noah,1.27e-4
Mervin,1.27e-4
Riley,1.27e-4
Solomon,1.27e-4
Geoffrey,1.25e-4
Ronny,1.23e-4
Armand,1.22e-4
Fredric,1.22e-4
Jerrold,1.22e-4
Emery,1.21e-4
Kelly,1.2e-4
Wilford,1.2e-4
Alphonso,1.19e-4
Dana,1.19e-4
Denver,1.19e-4
Eli,1.19e-4
Ward,1.19e-4
Barbara,1.18e-4
Basil,1.18e-4
Dickie,1.18e-4
Patricia,1.18e-4
Alberto,1.17e-4
Cleo,1.17e-4
Vaughn,1.17e-4
Gayle,1.16e-4
Alva,1.16e-4
Milford,1.16e-4
Terence,1.15e-4
Blaine,1.14e-4
Delmer,1.14e-4
Cary,1.13e-4
Gearld,1.11e-4
Herschel,1.11e-4
Morton,1.1e-4
Kirk,1.1e-4
Lenard,1.1e-4
Morgan,1.1e-4
Tracy,1.09e-4
Clay,1.08e-4
Dalton,1.08e-4
Jeffery,1.08e-4
Earle,1.07e-4
Gaylord,1.07e-4
Major,1.07e-4
Bradford,1.06e-4
Houston,1.06e-4
Royal,1.06e-4
Evan,1.05e-4
Emerson,1.05e-4
Forest,1.05e-4
Kay,1.05e-4
Roman,1.05e-4
Enrique,1.04e-4
Everette,1.04e-4
Rocco,1.04e-4
Rodolfo,1.04e-4
Domingo,1.03e-4
Marc,1.03e-4
Monty,1.03e-4
Chuck,1.02e-4
Ernesto,1.02e-4
Freeman,1.02e-4
Rafael,1.02e-4
Thaddeus,1.02e-4
Cyril,1.01e-4
Jeremiah,1.01e-4
Odis,1.01e-4
Dannie,1e-4
Silas,1e-4
Davis,1e-4
Sherwood,1e-4
Terrell,1e-4
Lyman,9.9e-5
Alden,9.8e-5
Andre,9.8e-5
Barton,9.8e-5
Bernie,9.8e-5
Windell,9.8e-5
Betty,9.6e-5
Hiram,9.6e-5
Luke,9.6e-5
Orlando,9.6e-5
Rogers,9.6e-5
Arlen,9.5e-5
Burl,9.5e-5
Isaiah,9.5e-5
Julio,9.5e-5
Kerry,9.5e-5
Claud,9.4e-5
Jere,9.4e-5
Elroy,9.4e-5
Sonny,9.4e-5
Tomas,9.4e-5
Vito,9.4e-5
Dwain,9.3e-5
Pablo,9.3e-5
Dexter,9.2e-5
Kendall,9.2e-5
Pasquale,9.2e-5
Talmadge,9.2e-5
Warner,9.2e-5
Garrett,9.1e-5
Gilberto,9.1e-5
Carson,9e-5
Joesph,8.9e-5
Anton,8.9e-5
Bryant,8.9e-5
Carmine,8.9e-5
Wilton,8.9e-5
Arden,8.8e-5
Elias,8.7e-5
Huey,8.7e-5
Boyce,8.6e-5
Elmo,8.6e-5
Harmon,8.6e-5
Jefferson,8.6e-5
Kirby,8.6e-5
Abel,8.5e-5
Alphonse,8.5e-5
Olen,8.5e-5
Anderson,8.4e-5
Lupe,8.4e-5
Milo,8.4e-5
Orval,8.4e-5
Shelton,8.4e-5
Bennett,8.4e-5
Christian,8.4e-5
Dee,8.4e-5
Eddy,8.3e-5
Arther,8.2e-5
Jules,8.2e-5
Bud,8.1e-5
Carey,8.1e-5
Cletus,8.1e-5
Jason,8.1e-5
Rayford,8.1e-5
Augustine,8e-5
Beverly,8e-5
Buster,8e-5
Felton,8e-5
Hilton,8e-5
Reynaldo,8e-5
Augustus,7.9e-5
Felipe,7.9e-5
Fletcher,7.9e-5
Kyle,7.9e-5
Olin,7.9e-5
Raymon,7.9e-5
Haywood,7.8e-5
Normand,7.8e-5
Theron,7.8e-5
Benito,7.7e-5
Emilio,7.7e-5
Reed,7.7e-5
Angel,7.6e-5
Foster,7.6e-5
Lon,7.6e-5
Mathew,7.6e-5
Sandy,7.6e-5
Hoyt,7.5e-5
Joshua,7.5e-5
Arlie,7.4e-5
Carter,7.4e-5
Coleman,7.4e-5
Duncan,7.4e-5
Elliot,7.4e-5
Maxie,7.4e-5
Merlyn,7.4e-5
Rollin,7.4e-5
Todd,7.4e-5
Waymon,7.4e-5
Dorsey,7.3e-5
Raleigh,7.3e-5
Saul,7.3e-5
Wilber,7.3e-5
Alejandro,7.3e-5
Art,7.3e-5
Avery,7.3e-5
Garth,7.3e-5
Graham,7.3e-5
Judson,7.3e-5
Lynwood,7.3e-5
Columbus,7.2e-5
Donn,7.2e-5
Dorothy,7.2e-5
Jacky,7.2e-5
Doug,7.1e-5
Hobert,7.1e-5
Justin,7.1e-5
Oren,7.1e-5
Reggie,7.1e-5
Seymour,7.1e-5
Val,7.1e-5
Bertram,7e-5
Donovan,7e-5
Joyce,7e-5
Andres,6.9e-5
Elden,6.9e-5
Isiah,6.9e-5
Judith,6.9e-5
Meredith,6.9e-5
Santos,6.9e-5
Gaylon,6.8e-5
Stan,6.8e-5
Franklyn,6.7e-5
Ignacio,6.7e-5
Ivory,6.7e-5
Lacy,6.7e-5
Otha,6.7e-5
Dewitt,6.7e-5
Garfield,6.7e-5
Glynn,6.7e-5
Mose,6.7e-5
Noble,6.7e-5
Stanford,6.7e-5
Patsy,6.6e-5
Vicente,6.6e-5
Darold,6.5e-5
Elvis,6.5e-5
Mason,6.5e-5
Ramiro,6.5e-5
Alvis,6.4e-5
Bart,6.4e-5
Hermon,6.4e-5
Toby,6.4e-5
Winford,6.4e-5
Cordell,6.3e-5
Emmitt,6.3e-5
King,6.3e-5
Mckinley,6.3e-5
Burt,6.2e-5
Donny,6.2e-5
Doris,6.2e-5
Granville,6.2e-5
Lemuel,6.2e-5
Robbie,6.2e-5
Wally,6.2e-5
Eldridge,6.2e-5
Emile,6.2e-5
Harland,6.2e-5
Israel,6.2e-5
Mac,6.2e-5
Regis,6.2e-5
Taylor,6.2e-5
Theadore,6.2e-5
Walker,6.2e-5
Williams,6.2e-5
Cliff,6.1e-5
Cyrus,6.1e-5
Guillermo,6.1e-5
Nancy,6.1e-5
Orrin,6.1e-5
Raphael,6.1e-5
Rosevelt,6.1e-5
Verlin,6.1e-5
Lonny,6e-5
Stanton,6e-5
Arlin,5.9e-5
Artis,5.9e-5
Cruz,5.9e-5
Delton,5.9e-5
Lincoln,5.9e-5
Lucius,5.9e-5
Melton,5.9e-5
Omer,5.9e-5
Santiago,5.9e-5
Ellsworth,5.8e-5
Fritz,5.8e-5
Hans,5.8e-5
Adolfo,5.7e-5
Alford,5.7e-5
Bonnie,5.7e-5
Bryce,5.7e-5
Garold,5.7e-5
Reynold,5.7e-5
Sydney,5.7e-5
Zane,5.7e-5
Bruno,5.7e-5
Jorge,5.7e-5
Lane,5.7e-5
Lawerence,5.7e-5
Lucien,5.7e-5
Matt,5.7e-5
Mel,5.7e-5
Myles,5.7e-5
Newton,5.7e-5
Palmer,5.7e-5
Stephan,5.7e-5
Tex,5.7e-5
Woody,5.7e-5
Arlan,5.6e-5
Edd,5.6e-5
Hayward,5.6e-5
Jewel,5.6e-5
Kim,5.6e-5
Margaret,5.6e-5
Leigh,5.5e-5
Parker,5.5e-5
Ambrose,5.4e-5
Damon,5.4e-5
Domenic,5.4e-5
Eduardo,5.4e-5
Elwin,5.4e-5
Lamont,5.4e-5
Lauren,5.4e-5
Nicky,5.4e-5
Reid,5.4e-5
Benedict,5.3e-5
Curtiss,5.3e-5
Joan,5.3e-5
Joey,5.3e-5
Sharon,5.3e-5
Verne,5.3e-5
Clarance,5.2e-5
Duwayne,5.2e-5
Enoch,5.2e-5
Hardy,5.2e-5
Rayburn,5.2e-5
Walton,5.2e-5
Artie,5.1e-5
Brooks,5.1e-5
Carleton,5.1e-5
Eloy,5.1e-5
Farrell,5.1e-5
Ferdinand,5.1e-5
Nickolas,5.1e-5
Porter,5.1e-5
Rogelio,5.1e-5
Wilkie,5.1e-5
Edsel,5.1e-5
Ezra,5.1e-5
Frances,5.1e-5
Prince,5.1e-5
Wardell,5.1e-5
Willian,5.1e-5
Arvid,5e-5
Arvin,5e-5
Bertrand,5e-5
Fay,5e-5
Gregg,5e-5
Howell,5e-5
Jame,5e-5
Linda,5e-5
Maxwell,5e-5
Napoleon,5e-5
Nicolas,5e-5
Obie,5e-5
Benton,4.9e-5
Berry,4.9e-5
Carlo,4.9e-5
Clint,4.9e-5
Glendon,4.9e-5
Greg,4.9e-5
Haskell,4.9e-5
Loy,4.9e-5
Scotty,4.9e-5
Toney,4.9e-5
Colin,4.8e-5
Delano,4.8e-5
Ian,4.8e-5
Jordan,4.8e-5
Leeroy,4.8e-5
Lesley,4.8e-5
Ottis,4.8e-5
Pierre,4.8e-5
Prentice,4.8e-5
Randell,4.8e-5
Seth,4.8e-5
Waldo,4.8e-5
Wayland,4.8e-5
Aurelio,4.7e-5
Elisha,4.7e-5
Garnett,4.7e-5
Jerrell,4.7e-5
Logan,4.7e-5
Margarito,4.7e-5
Quentin,4.7e-5
Rupert,4.7e-5
Douglass,4.6e-5
Hosea,4.6e-5
Jewell,4.6e-5
Leander,4.6e-5
Marlyn,4.6e-5
Rick,4.6e-5
Abe,4.6e-5
Crawford,4.6e-5
Dennie,4.6e-5
Fidel,4.6e-5
Gonzalo,4.6e-5
Winfield,4.6e-5
Asa,4.5e-5
Dock,4.5e-5
General,4.5e-5
Mahlon,4.5e-5
Marcel,4.5e-5
Merritt,4.5e-5
Newell,4.5e-5
Sherrill,4.5e-5
Agustin,4.4e-5
Danial,4.4e-5
Donal,4.4e-5
Durwood,4.4e-5
Elizabeth,4.4e-5
Elzie,4.4e-5
Gloria,4.4e-5
Jonas,4.4e-5
Rollie,4.4e-5
Alvie,4.3e-5
Claudie,4.3e-5
Cornell,4.3e-5
Dillard,4.3e-5
Gerold,4.3e-5
Milan,4.3e-5
Murphy,4.3e-5
Randal,4.3e-5
Rubin,4.3e-5
Sal,4.3e-5
Sebastian,4.3e-5
Thad,4.3e-5
Werner,4.3e-5
Willam,4.3e-5
Aloysius,4.2e-5
Brady,4.2e-5
Burnell,4.2e-5
Cloyd,4.2e-5
Harrell,4.2e-5
Marty,4.2e-5
Valentine,4.2e-5
Whitney,4.2e-5
Adolphus,4.1e-5
Arlo,4.1e-5
Ashley,4.1e-5
Auther,4.1e-5
Bernice,4.1e-5
Darvin,4.1e-5
Derald,4.1e-5
Derrell,4.1e-5
Drew,4.1e-5
Dwaine,4.1e-5
Ezekiel,4.1e-5
Gregorio,4.1e-5
Oneal,4.1e-5
Ora,4.1e-5
Romeo,4.1e-5
Sandra,4.1e-5
Wylie,4.1e-5
Blair,4e-5
Federico,4e-5
Humberto,4e-5
Isidro,4e-5
Lindsey,4e-5
Lonzo,4e-5
Ricky,4e-5
Stacy,4e-5
Weston,4e-5
Arlyn,4e-5
Buck,4e-5
Donna,4e-5
Harlen,4e-5
Janice,4e-5
Javier,4e-5
Len,4e-5
Lenord,4e-5
Orin,4e-5
Von,4e-5
Allyn,3.9e-5
Arvil,3.9e-5
Author,3.9e-5
Barrie,3.9e-5
Carolyn,3.9e-5
Gustave,3.9e-5
Herb,3.9e-5
Leamon,3.9e-5
Lorin,3.9e-5
Lyndon,3.9e-5
Marcos,3.9e-5
Virgle,3.9e-5
Wyatt,3.9e-5
Cedric,3.8e-5
Del,3.8e-5
Duke,3.8e-5
Laurance,3.8e-5
Linus,3.8e-5
Loyal,3.8e-5
Lucious,3.8e-5
Madison,3.8e-5
Martha,3.8e-5
Merton,3.8e-5
Ruby,3.8e-5
Verl,3.8e-5
Vernell,3.8e-5
Wendel,3.8e-5
Woodie,3.8e-5
Autry,3.7e-5
Clem,3.7e-5
Dayton,3.7e-5
Early,3.7e-5
Erik,3.7e-5
Genaro,3.7e-5
Hazel,3.7e-5
Jennings,3.7e-5
Lafayette,3.7e-5
Lindell,3.7e-5
Loran,3.7e-5
Miller,3.7e-5
Mitchel,3.7e-5
Norval,3.7e-5
Tillman,3.7e-5
Virginia,3.7e-5
Dell,3.6e-5
Earlie,3.6e-5
Edison,3.6e-5
Ezell,3.6e-5
Giles,3.6e-5
Hobart,3.6e-5
Jerrel,3.6e-5
Judy,3.6e-5
Junius,3.6e-5
Llewellyn,3.6e-5
Omar,3.6e-5
Reyes,3.6e-5
Rowland,3.6e-5
Sheridan,3.6e-5
Albin,3.5e-5
Arlis,3.5e-5
Clovis,3.5e-5
Constantine,3.5e-5
Farris,3.5e-5
Jamie,3.5e-5
