name,percent
James,0.054812
Robert,0.051017
John,0.046898
William,0.038958
Richard,0.030941
David,0.025498
Charles,0.025466
Thomas,0.022085
Ronald,0.019266
Donald,0.017004
Joseph,0.015928
Larry,0.015686
Michael,0.015434
George,0.01511
Kenneth,0.01293
Jerry,0.012412
Edward,0.012399
Gary,0.012128
Paul,0.011707
Dennis,0.009433
Frank,0.008698
Gerald,0.008149
Douglas,0.007976
Raymond,0.007886
Roger,0.00652
Walter,0.006155
Harold,0.006092
Daniel,0.006045
Arthur,0.005702
Lawrence,0.005429
Henry,0.005367
Stephen,0.005329
Joe,0.005241
Jack,0.005227
Billy,0.005189
Carl,0.00516
Willie,0.005041
Ralph,0.00471
Peter,0.004677
Albert,0.004608
Wayne,0.004604
Roy,0.004481
Bobby,0.004437
Anthony,0.004412
Eugene,0.004327
Fred,0.004324
Jimmy,0.004218
Harry,0.003994
Howard,0.003951
Bruce,0.003826
Louis,0.00366
Terry,0.003417
Norman,0.003321
Philip,0.003269
Stanley,0.003256
Johnny,0.003255
Leonard,0.003103
Francis,0.003051
Samuel,0.00298
Melvin,0.00297
Ernest,0.002894
Earl,0.002875
Dale,0.002749
Patrick,0.002708
Marvin,0.002696
Bill,0.002693
Clarence,0.002657
Frederick,0.002656
Leroy,0.002639
Russell,0.002607
Allen,0.002539
Don,0.002529
Tommy,0.002507
Jim,0.0025
Steven,0.002489
Alfred,0.002417
Phillip,0.002398
Ronnie,0.00239
Barry,0.002278
Andrew,0.002236
Alan,0.002228
Gene,0.002219
Herbert,0.00221
Ray,0.002174
Martin,0.002165
Eddie,0.002139
Lee,0.002078
Glenn,0.002049
Tom,0.002041
Bernard,0.001933
Theodore,0.001891
Gordon,0.001847
Leon,0.001807
Jimmie,0.001801
Clifford,0.001797
Lloyd,0.00175
Warren,0.001722
Curtis,0.001715
Jesse,0.001705
Victor,0.001702
Steve,0.001689
Vincent,0.001689
Franklin,0.00168
Jerome,0.001662
Mike,0.00163
Edwin,0.001628
Harvey,0.001622
Timothy,0.001619
Clyde,0.001566
Bob,0.001565
Danny,0.001565
Lewis,0.001551
Floyd,0.001541
Vernon,0.001494
Alvin,0.001471
Jeffrey,0.001462
Mark,0.001453
Charlie,0.001324
Jackie,0.001311
Leo,0.001276
Keith,0.001269
Rodney,0.001266
Herman,0.001264
Allan,0.001254
Jon,0.001253
Lester,0.001243
Leslie,0.001234
Gilbert,0.001226
Arnold,0.001198
Benjamin,0.001198
Cecil,0.001152
Duane,0.001149
Jay,0.001137
Joel,0.001132
Darrell,0.001128
Calvin,0.001124
Chester,0.001106
Johnnie,0.001106
Brian,0.001081
Freddie,0.00107
Nicholas,0.001068
Milton,0.001067
Roland,0.00103
Glen,0.001006
Tony,0.001002
Lynn,9.92e-4
Dan,9.55e-4
Lonnie,9.37e-4
Claude,9.36e-4
Jose,9.28e-4
Dean,9.12e-4
Manuel,9.11e-4
Sam,9.08e-4
Wesley,8.94e-4
Hugh,8.91e-4
Ted,8.89e-4
Wallace,8.75e-4
Elmer,8.72e-4
Willard,8.45e-4
Neil,7.82e-4
Everett,7.51e-4
Marion,7.48e-4
Dave,7.47e-4
Edgar,7.47e-4
Gregory,7.28e-4
Maurice,7.28e-4
Jessie,7.12e-4
Virgil,7.1e-4
Sidney,7.09e-4
Max,6.88e-4
Stuart,6.86e-4
Oscar,6.78e-4
Marshall,6.75e-4
Morris,6.46e-4
Lyle,6.34e-4
Craig,6.32e-4
Lowell,6.28e-4
Bennie,6.27e-4
Benny,6.24e-4
Karl,6.24e-4
Nelson,6.19e-4
Eric,6.16e-4
Dick,6.11e-4
Alexander,6.1e-4
Luther,6.09e-4
Ben,6.02e-4
Wendell,6e-4
Nathaniel,5.98e-4
Matthew,5.97e-4
Donnie,5.95e-4
Earnest,5.95e-4
Mack,5.94e-4
Sammy,5.92e-4
Gerard,5.9e-4
Christopher,5.8e-4
Guy,5.67e-4
Delbert,5.65e-4
Clifton,5.63e-4
Hubert,5.61e-4
Carroll,5.58e-4
Fredrick,5.58e-4
Homer,5.54e-4
Garry,5.41e-4
Ira,5.41e-4
Randall,5.39e-4
Clinton,5.24e-4
Otis,5.24e-4
Horace,5.17e-4
Dwight,5.1e-4
Kent,5.1e-4
Juan,5.09e-4
Perry,5.01e-4
Clayton,4.97e-4
Wilbur,4.89e-4
Alex,4.82e-4
Archie,4.82e-4
Leland,4.78e-4
Loren,4.78e-4
Laurence,4.73e-4
Willis,4.73e-4
Carlos,4.68e-4
Rudolph,4.67e-4
Byron,4.57e-4
Jerald,4.57e-4
Wilbert,4.54e-4
Reginald,4.5e-4
Alton,4.45e-4
Oliver,4.34e-4
Roosevelt,4.34e-4
Tommie,4.28e-4
Edmund,4.28e-4
Myron,4.25e-4
Salvatore,4.23e-4
Malcolm,4.08e-4
Troy,4.08e-4
Neal,4.05e-4
Aaron,4.04e-4
Doyle,4.02e-4
Pete,3.97e-4
Julius,3.96e-4
Terrence,3.94e-4
Ross,3.94e-4
Jonathan,3.93e-4
Sherman,3.91e-4
Clark,3.82e-4
Randolph,3.81e-4
Pat,3.79e-4
Jesus,3.78e-4
Kevin,3.77e-4
Julian,3.76e-4
Darrel,3.73e-4
Jacob,3.73e-4
Winston,3.71e-4
Nathan,3.69e-4
Micheal,3.69e-4
Rex,3.69e-4
Scott,3.69e-4
Antonio,3.68e-4
Nick,3.68e-4
Carlton,3.67e-4
Teddy,3.67e-4
Tim,3.64e-4
Jan,3.64e-4
Ruben,3.64e-4
Dewey,3.59e-4
Buddy,3.54e-4
Sylvester,3.5e-4
Ervin,3.49e-4
Frankie,3.48e-4
Ellis,3.47e-4
Mitchell,3.47e-4
Ivan,3.45e-4
Dallas,3.41e-4
Woodrow,3.4e-4
Grady,3.4e-4
Conrad,3.38e-4
Rudy,3.38e-4
Elbert,3.37e-4
Darryl,3.33e-4
Wilson,3.31e-4
Rufus,3.24e-4
Ramon,3.22e-4
Eldon,3.18e-4
Isaac,3.18e-4
Preston,3.16e-4
Irvin,3.15e-4
Orville,3.15e-4
Merle,3.13e-4
Mickey,3.1e-4
Billie,3.09e-4
Angelo,3.08e-4
Sheldon,3.08e-4
Jeff,3e-4
Ron,3e-4
Bert,2.97e-4
Sammie,2.95e-4
Owen,2.95e-4
Junior,2.94e-4
Lanny,2.94e-4
Forrest,2.92e-4
Rodger,2.92e-4
Ken,2.91e-4
Grant,2.87e-4
Phil,2.87e-4
Kenny,2.86e-4
Aubrey,2.85e-4
Felix,2.83e-4
Mac,2.81e-4
Terrance,2.81e-4
Boyd,2.8e-4
Denis,2.78e-4
Chris,2.73e-4
Stewart,2.73e-4
Percy,2.72e-4
Bobbie,2.71e-4
Randy,2.68e-4
Garland,2.68e-4
Wade,2.64e-4
Noel,2.61e-4
Travis,2.56e-4
Harlan,2.53e-4
Roberto,2.51e-4
Colin,2.48e-4
Emmett,2.46e-4
Loyd,2.45e-4
Raul,2.44e-4
Bradley,2.43e-4
Louie,2.43e-4
Wilfred,2.42e-4
Lance,2.41e-4
Freddy,2.39e-4
Daryl,2.38e-4
Tyrone,2.38e-4
Grover,2.36e-4
Gerry,2.34e-4
Pedro,2.32e-4
Darwin,2.32e-4
Royce,2.31e-4
Andy,2.29e-4
Dominick,2.28e-4
Harley,2.27e-4
Brent,2.25e-4
Burton,2.24e-4
Spencer,2.24e-4
Norbert,2.18e-4
Denny,2.16e-4
Marlin,2.15e-4
Dominic,2.14e-4
Francisco,2.12e-4
Mario,2.12e-4
Gale,2.12e-4
Austin,2.11e-4
Bryan,2.11e-4
Edmond,2.11e-4
Irving,2.11e-4
Kermit,2.08e-4
Mcarthur,2.05e-4
Elwood,2.02e-4
Ed,2e-4
Melvyn,2e-4
Jeffery,2e-4
August,1.98e-4
Lionel,1.96e-4
Mary,1.96e-4
Cleveland,1.95e-4
Cornelius,1.95e-4
Moses,1.95e-4
Sanford,1.94e-4
Ned,1.93e-4
Thurman,1.93e-4
Marcus,1.9e-4
Amos,1.9e-4
Carol,1.9e-4
Alfonso,1.89e-4
Carmen,1.87e-4
Emil,1.85e-4
Kurt,1.83e-4
Luis,1.83e-4
Armando,1.83e-4
Frederic,1.83e-4
Robin,1.83e-4
Sterling,1.83e-4
Murray,1.81e-4
Elliott,1.79e-4
Kelly,1.78e-4
Ronny,1.75e-4
Alonzo,1.75e-4
Lorenzo,1.75e-4
Elijah,1.73e-4
Adam,1.72e-4
Jasper,1.71e-4
Adrian,1.68e-4
Ollie,1.68e-4
Geoffrey,1.67e-4
Abraham,1.66e-4
Maynard,1.66e-4
Salvador,1.66e-4
Irwin,1.65e-4
Weldon,1.64e-4
Merrill,1.63e-4
Doug,1.63e-4
Otto,1.63e-4
Jerold,1.61e-4
Millard,1.61e-4
Gail,1.61e-4
Norris,1.61e-4
Roscoe,1.61e-4
Errol,1.59e-4
Lamar,1.59e-4
Al,1.58e-4
Johnie,1.58e-4
Reuben,1.58e-4
Marc,1.57e-4
Laverne,1.56e-4
Will,1.56e-4
Elvin,1.56e-4
Rene,1.56e-4
Delmar,1.55e-4
Merlin,1.53e-4
Elton,1.53e-4
Van,1.51e-4
Harrison,1.5e-4
Linwood,1.49e-4
Simon,1.48e-4
Cary,1.47e-4
Odell,1.46e-4
Wiley,1.46e-4
Shirley,1.46e-4
Emory,1.45e-4
Galen,1.45e-4
Hal,1.45e-4
Ricardo,1.45e-4
Terence,1.45e-4
Roderick,1.43e-4
Arturo,1.43e-4
Fredric,1.42e-4
Charley,1.41e-4
Monte,1.41e-4
Alfredo,1.41e-4
Dwayne,1.41e-4
Erwin,1.4e-4
Jake,1.4e-4
Jackson,1.39e-4
Hector,1.39e-4
Gabriel,1.38e-4
Clement,1.36e-4
Ernie,1.36e-4
Guadalupe,1.36e-4
Jess,1.35e-4
Nolan,1.34e-4
Coy,1.34e-4
Monroe,1.34e-4
Emanuel,1.31e-4
Jerrold,1.31e-4
Fernando,1.3e-4
Levi,1.3e-4
Miguel,1.3e-4
Buford,1.29e-4
Mervin,1.29e-4
Noah,1.29e-4
Clair,1.29e-4
Dudley,1.29e-4
Hershel,1.29e-4
Kennith,1.28e-4
Barney,1.27e-4
Armand,1.26e-4
Hollis,1.26e-4
Harris,1.24e-4
Miles,1.24e-4
Chuck,1.23e-4
Gus,1.21e-4
Kirk,1.21e-4
Truman,1.21e-4
Basil,1.2e-4
Rocco,1.19e-4
Vaughn,1.19e-4
Rolland,1.18e-4
Barbara,1.16e-4
Ernesto,1.16e-4
Connie,1.16e-4
Dana,1.14e-4
Emery,1.14e-4
Russel,1.14e-4
Booker,1.13e-4
Bradford,1.13e-4
Dewayne,1.13e-4
Patricia,1.13e-4
Shelby,1.13e-4
Vern,1.13e-4
Jean,1.12e-4
Ward,1.12e-4
Cleo,1.11e-4
Dickie,1.11e-4
Gaylord,1.11e-4
Riley,1.11e-4
Evan,1.1e-4
Denver,1.09e-4
Lavern,1.07e-4
Wilford,1.07e-4
Vance,1.07e-4
Blaine,1.06e-4
Rafael,1.06e-4
Solomon,1.06e-4
Alberto,1.04e-4
Wilmer,1.04e-4
Winfred,1.04e-4
Rodolfo,1.03e-4
Wilburn,1.03e-4
Enrique,1.02e-4
Silas,1.02e-4
Ulysses,1.02e-4
Thaddeus,1.02e-4
Alphonso,1.01e-4
Earle,1.01e-4
Stan,1.01e-4
Tomas,1.01e-4
Tracy,1.01e-4
Macarthur,1e-4
Dexter,9.9e-5
Stephan,9.9e-5
Everette,9.8e-5
Andre,9.7e-5
Kirby,9.7e-5
Barton,9.7e-5
Freeman,9.7e-5
Kerry,9.7e-5
Bernie,9.6e-5
Delmer,9.5e-5
Todd,9.5e-5
Wilton,9.4e-5
Carey,9.4e-5
Cyril,9.3e-5
Herschel,9.3e-5
Reed,9.3e-5
Vito,9.3e-5
Alva,9.2e-5
Eddy,9.2e-5
Eli,9.2e-5
Elliot,9.2e-5
Gilberto,9.2e-5
Dannie,9.2e-5
Gearld,9.2e-5
Jeremiah,9.2e-5
Monty,9.2e-5
Carmine,9e-5
Carrol,9e-5
Forest,9e-5
Dalton,8.9e-5
Raleigh,8.9e-5
Elmo,8.9e-5
Clay,8.8e-5
Rogers,8.8e-5
Royal,8.8e-5
Adolph,8.7e-5
Domingo,8.7e-5
Major,8.7e-5
Davis,8.7e-5
Linda,8.6e-5
Odis,8.6e-5
Theron,8.6e-5
Toby,8.6e-5
Elroy,8.5e-5
Burl,8.5e-5
Lyman,8.5e-5
Orval,8.5e-5
Pablo,8.5e-5
Art,8.4e-5
Lenard,8.4e-5
Pasquale,8.4e-5
Houston,8.3e-5
Jason,8.3e-5
Morton,8.3e-5
Roman,8.3e-5
Emerson,8.2e-5
Foster,8.2e-5
Orlando,8.2e-5
Sonny,8.2e-5
Carson,8.2e-5
Douglass,8.2e-5
Duncan,8.2e-5
Felipe,8.2e-5
Hiram,8.2e-5
Anderson,8.1e-5
Morgan,8.1e-5
Sandy,8.1e-5
Joshua,8e-5
Kendall,8e-5
Carter,8e-5
Kyle,8e-5
Lupe,8e-5
Alden,7.9e-5
Betty,7.9e-5
Elias,7.9e-5
Fletcher,7.9e-5
Milford,7.9e-5
Arden,7.8e-5
Augustus,7.8e-5
Bud,7.8e-5
Hoyt,7.8e-5
Jere,7.8e-5
Luke,7.8e-5
Ricky,7.8e-5
Joesph,7.7e-5
Quentin,7.7e-5
Santiago,7.7e-5
Alphonse,7.7e-5
Christian,7.7e-5
Newton,7.7e-5
Dwain,7.6e-5
Justin,7.6e-5
Saul,7.6e-5
Abel,7.5e-5
Angel,7.5e-5
Anton,7.5e-5
Andres,7.5e-5
Jules,7.5e-5
Felton,7.4e-5
King,7.4e-5
Mose,7.4e-5
Garrett,7.3e-5
Lamont,7.3e-5
Mason,7.3e-5
Santos,7.3e-5
Shelton,7.3e-5
Val,7.3e-5
Bryant,7.2e-5
Claud,7.2e-5
Gayle,7.2e-5
Sherwood,7.2e-5
Terrell,7.2e-5
Bennett,7.2e-5
Garth,7.2e-5
Greg,7.2e-5
Maxie,7.2e-5
Reynaldo,7.2e-5
Graham,7.1e-5
Hobert,7.1e-5
Isaiah,7.1e-5
Jefferson,7.1e-5
Julio,7.1e-5
Sydney,7.1e-5
Isiah,7e-5
Rollin,7e-5
Donn,7e-5
Olen,7e-5
Reggie,7e-5
Darold,6.9e-5
Judson,6.9e-5
Lacy,6.9e-5
Meredith,6.9e-5
Olin,6.9e-5
Rick,6.9e-5
Augustine,6.8e-5
Damon,6.8e-5
Huey,6.8e-5
Ivory,6.8e-5
Joey,6.8e-5
Kay,6.8e-5
Lincoln,6.8e-5
Mckinley,6.8e-5
Ramiro,6.8e-5
Stanford,6.8e-5
Donny,6.7e-5
Lynwood,6.7e-5
Wally,6.7e-5
Bart,6.6e-5
Buster,6.6e-5
Emmitt,6.6e-5
Haywood,6.6e-5
Noble,6.6e-5
Regis,6.6e-5
Arlen,6.5e-5
Arlie,6.5e-5
Benedict,6.5e-5
Columbus,6.5e-5
Hilton,6.5e-5
Rayford,6.5e-5
Franklyn,6.5e-5
Normand,6.5e-5
Emilio,6.4e-5
Lawerence,6.4e-5
Waymon,6.3e-5
Cletus,6.3e-5
Kim,6.3e-5
Alford,6.2e-5
Beverly,6.2e-5
Blair,6.2e-5
Boyce,6.2e-5
Emile,6.2e-5
Gregg,6.2e-5
Nickolas,6.2e-5
Verne,6.2e-5
Bertram,6.1e-5
Dee,6.1e-5
Dewitt,6.1e-5
Lemuel,6.1e-5
Marty,6.1e-5
Otha,6.1e-5
Ambrose,6e-5
Bonnie,6e-5
Glynn,6e-5
Hardy,6e-5
Ignacio,6e-5
Jeffry,6e-5
Avery,5.8e-5
Curtiss,5.8e-5
Dorsey,5.8e-5
Jacky,5.8e-5
Seth,5.8e-5
Brooks,5.8e-5
Lane,5.8e-5
Lon,5.8e-5
Marcel,5.8e-5
Napoleon,5.8e-5
Seymour,5.8e-5
Warner,5.8e-5
Winford,5.8e-5
Arther,5.7e-5
Benito,5.7e-5
Harmon,5.7e-5
Mel,5.7e-5
Bruno,5.6e-5
Gerold,5.6e-5
Ian,5.6e-5
Joyce,5.6e-5
Myles,5.6e-5
Nicky,5.6e-5
Lyndon,5.5e-5
Sharon,5.5e-5
Talmadge,5.5e-5
Alvis,5.5e-5
Carleton,5.5e-5
Carlo,5.5e-5
Lucien,5.5e-5
Mathew,5.5e-5
Cruz,5.4e-5
Melton,5.4e-5
Sandra,5.4e-5
Sebastian,5.4e-5
Cliff,5.3e-5
Delmas,5.3e-5
Judith,5.3e-5
Lonny,5.3e-5
Merlyn,5.3e-5
Matt,5.3e-5
Palmer,5.3e-5
Wilber,5.3e-5
Burt,5.2e-5
Hans,5.2e-5
Hayward,5.2e-5
Reid,5.2e-5
Walton,5.2e-5
Eldridge,5.1e-5
Elwin,5.1e-5
Fidel,5.1e-5
Hermon,5.1e-5
Omer,5.1e-5
Porter,5.1e-5
Stanton,5.1e-5
Artis,5e-5
Ashley,5e-5
Elden,5e-5
Jewel,5e-5
Milan,5e-5
Milo,5e-5
Theadore,5e-5
Walker,5e-5
Windell,5e-5
Adolfo,5e-5
Benton,5e-5
Ferdinand,5e-5
Michel,5e-5
Oren,5e-5
Robbie,5e-5
Cyrus,4.9e-5
Dennie,4.9e-5
Harland,4.9e-5
Leigh,4.9e-5
Reynold,4.9e-5
Allyn,4.8e-5
Coleman,4.8e-5
Humberto,4.8e-5
Patsy,4.8e-5
Raphael,4.8e-5
Rogelio,4.8e-5
Verlin,4.8e-5
Woody,4.8e-5
Ellsworth,4.8e-5
Gaylon,4.8e-5
Joan,4.8e-5
Rickey,4.8e-5
Taylor,4.8e-5
Granville,4.7e-5
Israel,4.7e-5
Clint,4.6e-5
Curt,4.6e-5
Denton,4.6e-5
Donovan,4.6e-5
Herb,4.6e-5
Ismael,4.6e-5
Karen,4.6e-5
Nancy,4.6e-5
Orin,4.6e-5
Ottis,4.6e-5
Wardell,4.6e-5
Alvie,4.5e-5
Bryce,4.5e-5
Farrell,4.5e-5
Lawson,4.5e-5
Lindsey,4.5e-5
Margaret,4.5e-5
Maxwell,4.5e-5
Abe,4.5e-5
Elwyn,4.5e-5
Haskell,4.5e-5
Loran,4.5e-5
Lucius,4.5e-5
Randal,4.5e-5
Randell,4.5e-5
Sherrill,4.5e-5
Waldo,4.5e-5
Berry,4.4e-5
Cornell,4.4e-5
Delano,4.4e-5
Delton,4.4e-5
Dorothy,4.4e-5
Eduardo,4.4e-5
Garfield,4.4e-5
Garold,4.4e-5
Gregorio,4.4e-5
Jordan,4.4e-5
Orrin,4.4e-5
Raymon,4.4e-5
Darell,4.3e-5
Glendon,4.3e-5
Lauren,4.3e-5
Pierre,4.3e-5
Rupert,4.3e-5
Zane,4.3e-5
Alejandro,4.3e-5
Brad,4.3e-5
Carolyn,4.3e-5
Junius,4.3e-5
Lesley,4.3e-5
Loy,4.3e-5
Lucian,4.3e-5
Mahlon,4.3e-5
Ora,4.3e-5
Thad,4.3e-5
Toney,4.3e-5
Denzil,4.2e-5
Dillard,4.2e-5
Enoch,4.2e-5
Ezra,4.2e-5
Rod,4.2e-5
Wayland,4.2e-5
Barrie,4.1e-5
Brady,4.1e-5
Danial,4.1e-5
Erik,4.1e-5
Frances,4.1e-5
Leander,4.1e-5
Murphy,4.1e-5
Nicolas,4.1e-5
Sal,4.1e-5
Willian,4.1e-5
Domenic,4e-5
Jamie,4e-5
Jewell,4e-5
Jorge,4e-5
Mitchel,4e-5
Oran,4e-5
Rollie,4e-5
Vince,4e-5
Arlan,4e-5
Arvin,4e-5
Asa,4e-5
Claudie,4e-5
Cordell,4e-5
Courtney,4e-5
Dayton,4e-5
Donal,4e-5
Donnell,4e-5
Doris,4e-5
Fritz,4e-5
Javier,4e-5
Judy,4e-5
Trinidad,4e-5
Arlin,3.9e-5
Casey,3.9e-5
Drew,3.9e-5
Eloy,3.9e-5
Elvis,3.9e-5
Lorin,3.9e-5
Loyal,3.9e-5
Margarito,3.9e-5
Niles,3.9e-5
Rowland,3.9e-5
Arvid,3.8e-5
Arvil,3.8e-5
Early,3.8e-5
General,3.8e-5
Jame,3.8e-5
Jennings,3.8e-5
Jeremy,3.8e-5
Leeroy,3.8e-5
Susan,3.8e-5
Vicente,3.8e-5
Willam,3.8e-5
Bertrand,3.8e-5
Cedric,3.8e-5
Cleve,3.8e-5
Duwayne,3.8e-5
Isidro,3.8e-5
Johnson,3.8e-5
Jonas,3.8e-5
Merritt,3.8e-5
Merton,3.8e-5
Newell,3.8e-5
Rondal,3.8e-5
Williams,3.8e-5
Bernice,3.7e-5
Elizabeth,3.7e-5
Ezell,3.7e-5
Guillermo,3.7e-5
Lois,3.7e-5
Rosevelt,3.7e-5
Auther,3.6e-5
Cameron,3.6e-5
Chauncey,3.6e-5
Dell,3.6e-5
Walt,3.6e-5
Artie,3.6e-5
Collin,3.6e-5
Del,3.6e-5
Donna,3.6e-5
Fay,3.6e-5
Hobart,3.6e-5
Hugo,3.6e-5
Jerrell,3.6e-5
Lary,3.6e-5
Reyes,3.6e-5
Shannon,3.6e-5
Valentine,3.6e-5
Wyatt,3.6e-5
Albin,3.5e-5
Durwood,3.5e-5
Edd,3.5e-5
Giles,3.5e-5
Harrell,3.5e-5
Jaime,3.5e-5
Joaquin,3.5e-5
Noe,3.5e-5
Obie,3.5e-5
Parker,3.5e-5
Rocky,3.5e-5
Rubin,3.5e-5
Scotty,3.5e-5
Tex,3.5e-5
Arlyn,3.4e-5
Constantine,3.4e-5
Davie,3.4e-5
Derrell,3.4e-5
Garnett,3.4e-5
Gloria,3.4e-5
Issac,3.4e-5
Kenton,3.4e-5
Lucious,3.4e-5
Murry,3.4e-5
Quinton,3.4e-5
Winfield,3.4e-5
Wylie,3.4e-5
Adan,3.3e-5
Clarance,3.3e-5
Clem,3.3e-5
Edison,3.3e-5
Eliseo,3.3e-5
Hayden,3.3e-5
Howell,3.3e-5
Leighton,3.3e-5
Lorenza,3.3e-5
Lou,3.3e-5
Adolphus,3.3e-5
Cloyd,3.3e-5
Domenick,3.3e-5
Elzie,3.3e-5
Ferrell,3.3e-5
Lafayette,3.3e-5
Marcos,3.3e-5
Romeo,3.3e-5
Wayman,3.3e-5
Arlo,3.2e-5
Author,3.2e-5
Blake,3.2e-5
Clearence,3.2e-5
Derald,3.2e-5
Ike,3.2e-5
Janice,3.2e-5
Jonnie,3.2e-5
Leamon,3.2e-5
