name,percent
James,0.052999
Robert,0.050947
John,0.048019
William,0.03639
Richard,0.035667
David,0.028154
Michael,0.024981
Thomas,0.023546
Charles,0.023164
Ronald,0.019308
Larry,0.017233
Gary,0.016299
Donald,0.015905
Joseph,0.014724
Kenneth,0.01336
George,0.013064
Dennis,0.01299
Paul,0.012745
Edward,0.011266
Jerry,0.010653
Daniel,0.007789
Frank,0.007684
Roger,0.007521
Stephen,0.007163
Raymond,0.006842
Terry,0.006462
Gerald,0.006078
Steven,0.005377
Wayne,0.00534
Walter,0.005238
Lawrence,0.005164
Bruce,0.005132
Harold,0.005084
Douglas,0.005049
Jack,0.004725
Joe,0.004566
Arthur,0.004563
Peter,0.004537
Carl,0.004475
Willie,0.004454
Henry,0.004428
Jimmy,0.004335
Roy,0.004195
Anthony,0.004112
Billy,0.004071
Danny,0.004033
Johnny,0.004011
Ralph,0.003997
Alan,0.003933
Fred,0.003649
Harry,0.003649
Albert,0.003632
Bobby,0.00349
Ronnie,0.003466
Howard,0.00345
Gregory,0.0034390000000000002
Eugene,0.003427
Mark,0.003237
Patrick,0.00321
Timothy,0.003128
Philip,0.00309
Dale,0.003047
Louis,0.002979
Mike,0.002935
Stanley,0.002892
Russell,0.002864
Leonard,0.002842
Barry,0.002805
Steve,0.002771
Samuel,0.002734
Ernest,0.002663
Bill,0.002642
Jim,0.00263
Allen,0.002602
Frederick,0.002567
Norman,0.002522
Tommy,0.00252
Jeffrey,0.002501
Don,0.002486
Francis,0.002421
Glenn,0.002354
Earl,0.002322
Phillip,0.002299
Eddie,0.00228
Melvin,0.00228
Andrew,0.002274
Tom,0.002199
Marvin,0.002182
Clarence,0.002162
Leroy,0.002092
Lee,0.002033
Martin,0.002024
Rodney,0.002
Alfred,0.001957
Ray,0.001928
Keith,0.001735
Herbert,0.001712
Gene,0.001668
Curtis,0.001651
Clifford,0.001585
Theodore,0.001582
Bernard,0.001578
Brian,0.001566
Jimmie,0.001551
Warren,0.001536
Lloyd,0.001511
Bob,0.00151
Craig,0.001494
Jesse,0.00149
Vincent,0.001467
Gordon,0.001457
Edwin,0.001438
Leon,0.001411
Jerome,0.001385
Jay,0.001335
Dan,0.001328
Jon,0.001315
Lewis,0.001304
Victor,0.001295
Leslie,0.001294
Floyd,0.001286
Clyde,0.001251
Harvey,0.001251
Randall,0.00125
Allan,0.001246
Alvin,0.001246
Joel,0.001211
Calvin,0.001198
Tony,0.001197
Vernon,0.001196
Darrell,0.001156
Dean,0.001141
Jose,0.001127
Eric,0.001106
Charlie,0.001086
Lonnie,0.001078
Gilbert,0.001063
Dwight,0.00106
Jackie,0.001045
Franklin,0.001043
Johnnie,0.001041
Duane,0.001037
Nicholas,0.001017
Glen,0.001016
Lester,0.001016
Benjamin,0.001005
Leo,9.96e-4
Randy,9.93e-4
Christopher,9.82e-4
Chester,9.78e-4
Freddie,9.67e-4
Herman,9.66e-4
Arnold,9.53e-4
Scott,9.28e-4
Lynn,9.22e-4
Milton,9.12e-4
Ted,9.04e-4
Manuel,9.02e-4
Cecil,8.53e-4
Dave,8.47e-4
Neil,8.14e-4
Garry,7.96e-4
Claude,7.93e-4
Sam,7.91e-4
Donnie,7.73e-4
Roland,7.62e-4
Wesley,7.58e-4
Micheal,7.53e-4
Wallace,7.33e-4
Sammy,7.19e-4
Juan,6.86e-4
Tim,6.85e-4
Jonathan,6.67e-4
Hugh,6.57e-4
Marshall,0.00064899999999999995
Maurice,6.41e-4
Willard,6.39e-4
Elmer,6.31e-4
Kevin,6.31e-4
Stuart,6.24e-4
Jessie,6.2e-4
Oscar,6.16e-4
Sidney,6.1e-4
Benny,6.07e-4
Karl,6.04e-4
Guy,5.9e-4
Nathaniel,5.9e-4
Alexander,5.87e-4
Marion,5.73e-4
Terrence,5.66e-4
Everett,5.66e-4
Edgar,5.54e-4
Morris,5.53e-4
Matthew,5.41e-4
Kent,5.37e-4
Bennie,5.36e-4
Gerard,5.33e-4
Virgil,5.32e-4
Carlos,5.26e-4
Perry,5.2e-4
Lyle,5.19e-4
Earnest,5.12e-4
Fredrick,5.11e-4
Max,5.06e-4
Randolph,5.05e-4
Rick,5.03e-4
Dick,5.03e-4
Ron,5e-4
Chris,4.99e-4
Ben,4.96e-4
Greg,4.92e-4
Luther,4.92e-4
Clifton,4.85e-4
Clinton,4.85e-4
Marc,4.78e-4
Byron,4.75e-4
Ira,4.75e-4
Otis,4.74e-4
Jeff,4.65e-4
Ricky,4.64e-4
Clayton,4.56e-4
Nelson,4.49e-4
Reginald,4.35e-4
Alex,4.29e-4
Laurence,4.27e-4
Jesus,4.25e-4
Ken,4.16e-4
Pete,4.16e-4
Hubert,4.13e-4
Delbert,4.12e-4
Carroll,4.12e-4
Neal,4.09e-4
Horace,4.09e-4
Antonio,4.05e-4
Mitchell,4.02e-4
Rex,4.02e-4
Darryl,3.96e-4
Lowell,3.95e-4
Ruben,3.94e-4
Loren,3.94e-4
Rodger,3.92e-4
Ross,3.92e-4
Troy,3.89e-4
Edmund,3.85e-4
Terrance,3.81e-4
Rudy,3.81e-4
Rudolph,3.8e-4
Malcolm,3.79e-4
Archie,3.75e-4
Pat,3.75e-4
Oliver,3.73e-4
Wendell,3.72e-4
Kenny,3.69e-4
Alton,3.68e-4
Daryl,3.63e-4
Homer,3.6e-4
Frankie,3.56e-4
Tommie,3.55e-4
Willis,3.55e-4
Dana,3.51e-4
Aaron,3.51e-4
Wilbert,3.49e-4
Leland,3.44e-4
Darrel,3.44e-4
Jan,3.43e-4
Nick,3.43e-4
Van,3.42e-4
Mack,3.41e-4
Jerald,3.4e-4
Bradley,3.39e-4
Nathan,3.37e-4
Jeffery,3.36e-4
Teddy,3.35e-4
Myron,3.32e-4
Phil,3.3e-4
Julius,3.28e-4
Carlton,3.27e-4
Sylvester,3.25e-4
Julian,3.19e-4
Wilbur,3.19e-4
Sherman,3.18e-4
Dewey,3.16e-4
Clark,3.15e-4
Roosevelt,3.11e-4
Isaac,3.1e-4
Doyle,3.06e-4
Brent,3.06e-4
Ellis,3.04e-4
Salvatore,3.03e-4
Roberto,3e-4
Forrest,2.98e-4
Kerry,2.98e-4
Mickey,2.97e-4
Rickey,2.94e-4
Raul,2.89e-4
Ivan,2.87e-4
Tyrone,2.87e-4
Woodrow,2.86e-4
Wade,2.86e-4
Rufus,2.83e-4
Ramon,2.8e-4
Bryan,2.8e-4
Geoffrey,2.78e-4
Preston,2.75e-4
Francisco,2.75e-4
Jacob,2.74e-4
Denis,2.73e-4
Pedro,2.72e-4
Felix,2.71e-4
Grady,2.63e-4
Andy,2.61e-4
Robin,2.6e-4
Wilson,2.59e-4
Elbert,2.55e-4
Ervin,2.55e-4
Lance,2.51e-4
Sammie,2.49e-4
Kim,2.46e-4
Travis,2.46e-4
Freddy,2.46e-4
Merle,2.46e-4
Ed,2.45e-4
Sheldon,2.39e-4
Owen,2.37e-4
Denny,2.37e-4
Garland,2.37e-4
Grant,2.35e-4
Luis,2.34e-4
Stewart,2.34e-4
Dallas,2.3e-4
Guadalupe,2.3e-4
Mario,2.3e-4
Marcus,2.27e-4
Kurt,2.26e-4
Irvin,2.24e-4
Conrad,2.23e-4
Armando,2.22e-4
Buddy,2.21e-4
Bert,2.2e-4
Boyd,2.18e-4
Angelo,2.15e-4
Emmett,2.15e-4
Ernie,2.15e-4
Louie,2.14e-4
Junior,2.13e-4
Ronny,2.13e-4
Royce,2.13e-4
Ricardo,2.12e-4
Terence,2.11e-4
Billie,2.1e-4
Eldon,2.1e-4
Percy,2.07e-4
Gerry,2.04e-4
Noel,2.03e-4
Aubrey,2.03e-4
Harlan,2.03e-4
Chuck,2.01e-4
Lanny,2e-4
Orville,2e-4
Lionel,1.99e-4
Loyd,1.98e-4
Rene,1.98e-4
Marlin,1.96e-4
Wilfred,1.95e-4
Gregg,1.94e-4
Harley,1.94e-4
Edmond,1.9e-4
Doug,1.89e-4
Grover,1.89e-4
Cleveland,1.87e-4
Cary,1.84e-4
Gale,1.84e-4
Dwayne,1.84e-4
Roderick,1.83e-4
Spencer,1.83e-4
Hector,1.83e-4
Darwin,1.81e-4
Alfonso,1.8e-4
Sanford,1.8e-4
Dominic,1.8e-4
Vaughn,1.79e-4
Lorenzo,1.76e-4
Adrian,1.75e-4
Al,1.75e-4
Frederic,1.75e-4
Alfredo,1.74e-4
Truman,1.73e-4
Burton,1.72e-4
Arturo,1.7e-4
Kelly,1.69e-4
Salvador,1.69e-4
Irving,1.67e-4
Ned,1.67e-4
Winston,1.65e-4
Elliott,1.64e-4
Dannie,1.59e-4
Hal,1.59e-4
Austin,1.58e-4
Alonzo,1.57e-4
Miguel,1.57e-4
Amos,1.53e-4
Moses,1.53e-4
Thurman,1.53e-4
Bradford,1.52e-4
Kirk,1.49e-4
Emil,1.49e-4
Adam,1.48e-4
Dominick,1.48e-4
Kermit,1.48e-4
Elwood,1.46e-4
Norris,1.46e-4
Murray,1.45e-4
Todd,1.44e-4
Norbert,1.43e-4
August,1.42e-4
Drew,1.42e-4
Linwood,1.41e-4
Sterling,1.41e-4
Rodolfo,1.4e-4
Bobbie,1.39e-4
Cornelius,1.39e-4
Reuben,1.38e-4
Barney,1.36e-4
Roscoe,1.36e-4
Vance,1.36e-4
Elton,1.35e-4
Monte,1.35e-4
Jess,1.35e-4
Millard,1.33e-4
Fernando,1.32e-4
Lamar,1.32e-4
Ward,1.32e-4
Elijah,1.31e-4
Abraham,1.29e-4
Carmen,1.29e-4
Galen,1.29e-4
Gail,1.27e-4
Simon,1.27e-4
Stephan,1.27e-4
Maynard,1.27e-4
Odell,1.26e-4
Stan,1.26e-4
Will,1.26e-4
Merlin,1.24e-4
Elvin,1.23e-4
Miles,1.23e-4
Enrique,1.22e-4
Weldon,1.22e-4
Rafael,1.21e-4
Fredric,1.21e-4
Eddy,1.2e-4
Jasper,1.2e-4
Hollis,1.19e-4
Harrison,1.18e-4
Jake,1.18e-4
Ollie,1.18e-4
Monty,1.17e-4
Nolan,1.17e-4
Ernesto,1.16e-4
Jerrold,1.16e-4
Kirby,1.16e-4
Domingo,1.15e-4
Elliot,1.15e-4
Merrill,1.15e-4
Dewayne,1.13e-4
Randal,1.13e-4
Terrell,1.13e-4
Johnie,1.13e-4
Mary,1.13e-4
Blaine,1.12e-4
Wiley,1.12e-4
Alphonso,1.12e-4
Delmar,1.12e-4
Emory,1.12e-4
Monroe,1.11e-4
Russel,1.11e-4
Christian,1.1e-4
Otto,1.1e-4
Emanuel,1.09e-4
Connie,1.09e-4
Levi,1.08e-4
Sandy,1.08e-4
Jackson,1.07e-4
Irwin,1.06e-4
Kennith,1.06e-4
Alberto,1.05e-4
Carey,1.05e-4
Tomas,1.05e-4
Carol,1.04e-4
Gabriel,1.04e-4
Ramiro,1.04e-4
Rod,1.04e-4
Dudley,1.03e-4
Shelby,1.03e-4
Laverne,1.02e-4
Coy,1.02e-4
Pablo,1.02e-4
Andre,1.01e-4
Thaddeus,1.01e-4
Erwin,1.01e-4
Evan,1.01e-4
Denver,1e-4
Donny,1e-4
Rickie,1e-4
Riley,1e-4
Brad,9.9e-5
Harris,9.8e-5
Gus,9.7e-5
Vern,9.7e-5
Charley,9.6e-5
Ulysses,9.5e-5
Errol,9.5e-5
Garrett,9.5e-5
Tracy,9.5e-5
Booker,9.4e-5
Dexter,9.4e-5
Jerold,9.4e-5
Armand,9.3e-5
Lupe,9.3e-5
Reynaldo,9.3e-5
Jean,9.2e-5
Clement,9.2e-5
Morgan,9e-5
Lon,9e-5
Colin,8.9e-5
Gayle,8.9e-5
Lamont,8.9e-5
Mac,8.9e-5
Dickie,8.9e-5
Kendall,8.9e-5
Marty,8.9e-5
Mervin,8.9e-5
Carter,8.8e-5
Davis,8.8e-5
Buford,8.7e-5
Shirley,8.7e-5
Clair,8.7e-5
Rolland,8.6e-5
Bernie,8.5e-5
Silas,8.5e-5
Dane,8.4e-5
Herschel,8.4e-5
Justin,8.4e-5
Angel,8.3e-5
Gilberto,8.3e-5
Rocco,8.3e-5
Julio,8.2e-5
Rogers,8.2e-5
Reed,8.2e-5
Solomon,8.1e-5
Cornell,8.1e-5
Earle,8.1e-5
Felipe,8.1e-5
Wilburn,8.1e-5
Dalton,8e-5
Jeffry,8e-5
Bennett,7.9e-5
Carson,7.9e-5
Cleo,7.9e-5
Donn,7.9e-5
Noah,7.9e-5
Santiago,7.9e-5
Everette,7.8e-5
Hershel,7.8e-5
Delmer,7.8e-5
Joesph,7.8e-5
Lavern,7.8e-5
Luke,7.8e-5
Sonny,7.8e-5
Toby,7.8e-5
Art,7.7e-5
Isaiah,7.6e-5
Ignacio,7.6e-5
Wilford,7.6e-5
Wilmer,7.6e-5
Michel,7.5e-5
Barton,7.5e-5
Benito,7.5e-5
Carmine,7.5e-5
Emery,7.5e-5
Dwain,7.4e-5
Eduardo,7.4e-5
Duncan,7.3e-5
Jefferson,7.3e-5
Joey,7.3e-5
Jorge,7.3e-5
Lane,7.3e-5
Royal,7.3e-5
Abel,7.2e-5
Jacky,7.2e-5
Jason,7.2e-5
Quentin,7.2e-5
Anton,7.1e-5
Basil,7.1e-5
Gaylord,7.1e-5
Isiah,7.1e-5
Jeremiah,7.1e-5
Santos,7.1e-5
Alva,7e-5
Eli,7e-5
Linda,7e-5
Orlando,7e-5
Arlen,6.9e-5
Bryant,6.9e-5
Freeman,6.9e-5
Woody,6.9e-5
Clay,6.9e-5
Lenard,6.9e-5
Bryce,6.8e-5
Joshua,6.8e-5
Nicky,6.8e-5
Andres,6.7e-5
Pasquale,6.7e-5
Patricia,6.7e-5
Randell,6.7e-5
Barbara,6.6e-5
Major,6.6e-5
Javier,6.6e-5
Theron,6.6e-5
Fletcher,6.5e-5
Kyle,6.5e-5
Winfred,6.5e-5
Augustus,6.4e-5
Houston,6.4e-5
Val,6.4e-5
Israel,6.4e-5
Bud,6.3e-5
Milford,6.3e-5
Reggie,6.3e-5
Vito,6.3e-5
Alejandro,6.2e-5
Damon,6.2e-5
Wally,6.2e-5
Burl,6.2e-5
Dee,6.2e-5
Graham,6.2e-5
Robbie,6.2e-5
Elias,6.1e-5
Gearld,6.1e-5
Jules,6.1e-5
Normand,6.1e-5
Emilio,6.1e-5
Forest,6.1e-5
Saul,6.1e-5
Anderson,6e-5
Elmo,6e-5
Hoyt,6e-5
Raleigh,6e-5
Rogelio,6e-5
Bart,5.9e-5
Cliff,5.9e-5
Garold,5.9e-5
Rayford,5.9e-5
Rocky,5.9e-5
Russ,5.9e-5
Sherwood,5.9e-5
Emerson,5.9e-5
Felton,5.9e-5
Stanford,5.9e-5
Wilton,5.9e-5
Dennie,5.8e-5
Glynn,5.8e-5
Adolph,5.8e-5
Erik,5.8e-5
Ismael,5.8e-5
Jere,5.8e-5
Coleman,5.7e-5
Cyril,5.7e-5
Morton,5.7e-5
Roman,5.7e-5
Curt,5.6e-5
Guillermo,5.6e-5
Ivory,5.6e-5
Lonny,5.6e-5
Reid,5.6e-5
Lindsey,5.5e-5
Milo,5.5e-5
Regis,5.5e-5
Augustine,5.5e-5
Claud,5.5e-5
Kenton,5.5e-5
Lyman,5.5e-5
Maxie,5.5e-5
Odis,5.5e-5
Seth,5.5e-5
Carrol,5.4e-5
Olin,5.4e-5
Cletus,5.3e-5
Eloy,5.3e-5
Foster,5.3e-5
Judson,5.3e-5
Lawerence,5.3e-5
Reynold,5.3e-5
Shelton,5.3e-5
Boyce,5.3e-5
Dewitt,5.3e-5
Hiram,5.3e-5
Ian,5.3e-5
Mel,5.3e-5
Stanton,5.3e-5
Timmy,5.3e-5
Hayward,5.2e-5
Lacy,5.2e-5
Lemuel,5.2e-5
Shannon,5.2e-5
Alphonse,5.2e-5
Leigh,5.2e-5
Mcarthur,5.2e-5
Mose,5.2e-5
Pierre,5.2e-5
Douglass,5.1e-5
Lynwood,5.1e-5
Sharon,5.1e-5
Arlie,5e-5
Brady,5e-5
Buster,5e-5
Donovan,5e-5
Hilton,5e-5
Mason,5e-5
Meredith,5e-5
Granville,5e-5
Maxwell,5e-5
Mckinley,5e-5
Scotty,5e-5
Verne,5e-5
Elroy,4.9e-5
Lucien,4.9e-5
Newton,4.9e-5
Otha,4.9e-5
Artis,4.9e-5
Blair,4.9e-5
Garth,4.9e-5
Haywood,4.9e-5
Myles,4.9e-5
Olen,4.9e-5
Alden,4.8e-5
Butch,4.8e-5
Emmitt,4.8e-5
Humberto,4.8e-5
King,4.8e-5
Lauren,4.8e-5
Orval,4.8e-5
Roddy,4.8e-5
Avery,4.7e-5
Curtiss,4.7e-5
Darold,4.7e-5
Jaime,4.7e-5
Mathew,4.7e-5
Mitchel,4.7e-5
Nicolas,4.7e-5
Rusty,4.7e-5
Taylor,4.7e-5
Arden,4.7e-5
Clint,4.7e-5
Darnell,4.7e-5
Gaylon,4.7e-5
Rollin,4.7e-5
Sandra,4.7e-5
Sydney,4.7e-5
Alvis,4.6e-5
Cruz,4.6e-5
Domenic,4.6e-5
Hardy,4.6e-5
Matt,4.6e-5
Melvyn,4.6e-5
Walker,4.6e-5
Danial,4.5e-5
Delmas,4.5e-5
Fidel,4.5e-5
Lorin,4.5e-5
Vicente,4.5e-5
Cyrus,4.5e-5
Edd,4.5e-5
Enoch,4.5e-5
Harmon,4.5e-5
Les,4.5e-5
Lincoln,4.5e-5
Emile,4.4e-5
Ashley,4.4e-5
Benedict,4.4e-5
Columbus,4.4e-5
Jeremy,4.4e-5
Jordan,4.4e-5
Noble,4.4e-5
Toney,4.4e-5
Warner,4.4e-5
Winford,4.4e-5
Allyn,4.3e-5
Blake,4.3e-5
Bruno,4.3e-5
Lucius,4.3e-5
Walton,4.3e-5
Waymon,4.3e-5
Ellsworth,4.2e-5
Marcos,4.2e-5
Melton,4.2e-5
Alford,4.2e-5
Berry,4.2e-5
Gregorio,4.2e-5
Huey,4.2e-5
Lenny,4.2e-5
Lyndon,4.2e-5
Raymon,4.2e-5
Adan,4.1e-5
Dorsey,4.1e-5
Gerold,4.1e-5
Hobert,4.1e-5
Raphael,4.1e-5
Burt,4.1e-5
Leonardo,4.1e-5
Ryan,4.1e-5
Tex,4.1e-5
Cedric,4e-5
Len,4e-5
Nickolas,4e-5
Williams,4e-5
Bertram,3.9e-5
Beverly,3.9e-5
Elden,3.9e-5
Margarito,3.9e-5
Adolfo,3.9e-5
Agustin,3.9e-5
Donnell,3.9e-5
Jamie,3.9e-5
Oren,3.9e-5
Brooks,3.8e-5
Clem,3.8e-5
Courtney,3.8e-5
Del,3.8e-5
Jerrell,3.8e-5
Lary,3.8e-5
Marcel,3.8e-5
Nancy,3.8e-5
Prince,3.8e-5
Verlin,3.8e-5
Denzil,3.8e-5
Dillard,3.8e-5
Dwaine,3.8e-5
Garfield,3.8e-5
Hank,3.8e-5
Talmadge,3.8e-5
Wardell,3.8e-5
Alvie,3.7e-5
Bonnie,3.7e-5
Delton,3.7e-5
Merritt,3.7e-5
Benton,3.6e-5
Cameron,3.6e-5
Dorian,3.6e-5
Duwayne,3.6e-5
Hunter,3.6e-5
Judith,3.6e-5
Lindell,3.6e-5
Napoleon,3.6e-5
Quinton,3.6e-5
Winfield,3.6e-5
Dell,3.6e-5
Erick,3.6e-5
Fritz,3.6e-5
Hugo,3.6e-5
Susan,3.6e-5
Herb,3.5e-5
Ike,3.5e-5
Lesley,3.5e-5
Loy,3.5e-5
Rolando,3.5e-5
Rosendo,3.5e-5
Chad,3.5e-5
Clarance,3.5e-5
Evans,3.5e-5
Harland,3.5e-5
Joyce,3.5e-5
Kip,3.5e-5
Parker,3.5e-5
Rubin,3.5e-5
Zane,3.5e-5
Arvid,3.4e-5
Barrie,3.4e-5
Casey,3.4e-5
Jewel,3.4e-5
Leeroy,3.4e-5
Lindsay,3.4e-5
Lucious,3.4e-5
Arlan,3.3e-5
Arvin,3.3e-5
Dock,3.3e-5
Elvis,3.3e-5
Howell,3.3e-5
Kit,3.3e-5
Mikel,3.3e-5
Prentice,3.3e-5
Sebastian,3.3e-5
Donna,3.3e-5
Furman,3.3e-5
Jonas,3.3e-5
Jonathon,3.3e-5
Orin,3.3e-5
Orrin,3.3e-5
Rayburn,3.3e-5
Refugio,3.3e-5
Rich,3.3e-5
Sal,3.3e-5
Stevan,3.3e-5
Thad,3.3e-5
Trinidad,3.3e-5
Walt,3.3e-5
Webster,3.3e-5
Alec,3.2e-5
Artie,3.2e-5
Bernardo,3.2e-5
Ezra,3.2e-5
Harrell,3.2e-5
Jonnie,3.2e-5
Kris,3.2e-5
Lafayette,3.2e-5
Leighton,3.2e-5
Norwood,3.2e-5
Obie,3.2e-5
Porter,3.2e-5
Raymundo,3.2e-5
Rowland,3.2e-5
Sean,3.2e-5
Abe,3.2e-5
Conley,3.2e-5
Cordell,3.2e-5
Denton,3.2e-5
Eldridge,3.2e-5
Federico,3.2e-5
Franklyn,3.2e-5
Jody,3.2e-5
Logan,3.2e-5
Omar,3.2e-5
Reyes,3.2e-5
Stacy,3.2e-5
Tyler,3.2e-5
Vernell,3.2e-5
Darvin,3.1e-5
Garnett,3.1e-5
Issac,3.1e-5
Jewell,3.1e-5
Noe,3.1e-5
Palmer,3.1e-5
Sergio,3.1e-5
Vic,3.1e-5
Windell,3.1e-5
Arlin,3e-5
Arlyn,3e-5
Arther,3e-5
Carlo,3e-5
Clarke,3e-5
Delano,3e-5
Lawson,3e-5
Levon,3e-5
Lyn,3e-5
Brendan,3e-5
Derek,3e-5
Derrell,3e-5
Hermon,3e-5
Hurley,3e-5
Lucian,3e-5
Omer,3e-5
Ottis,3e-5
Patsy,3e-5
Sherrill,3e-5
Von,3e-5
Whitney,3e-5
Willian,3e-5
Zachary,3e-5
Alfonzo,2.9e-5
Allison,2.9e-5
Brett,2.9e-5
Donal,2.9e-5
General,2.9e-5
Gustavo,2.9e-5
Loran,2.9e-5
Madison,2.9e-5
Richie,2.9e-5
Sherwin,2.9e-5
Bertrand,2.9e-5
Betty,2.9e-5
Buck,2.9e-5
Carleton,2.9e-5
Esteban,2.9e-5
Ferdinand,2.9e-5
Ford,2.9e-5
Joaquin,2.9e-5
Junius,2.9e-5
Linton,2.9e-5
Lorenza,2.9e-5
Lou,2.9e-5
Merlyn,2.9e-5
Nels,2.9e-5
Newell,2.9e-5
Patric,2.9e-5
Quincy,2.9e-5
Richmond,2.9e-5
Theadore,2.9e-5
Vince,2.9e-5
Wayman,2.9e-5
Author,2.8e-5
