name,percent
Linda,0.045724
Mary,0.037213
Patricia,0.027245
Barbara,0.023628
Susan,0.021610999999999998
Nancy,0.016844
Deborah,0.016531
Sandra,0.016426
Carol,0.014871
Kathleen,0.01461
Sharon,0.013996
Karen,0.013725
Donna,0.012297
Brenda,0.011831
Margaret,0.010298
Diane,0.010017
Pamela,0.009212
Janet,0.009206
Shirley,0.009032
Carolyn,0.008869
Judith,0.008729
Janice,0.008537
Cynthia,0.008215
Elizabeth,0.008151
Judy,0.008078
Betty,0.00775
Joyce,0.00763
Christine,0.007202
Cheryl,0.006724
Gloria,0.006273
Beverly,0.005975
Martha,0.005586
Bonnie,0.005542
Catherine,0.00549
Dorothy,0.00544
Rebecca,0.005361
Marilyn,0.005282
Kathy,0.00517
Jane,0.005095
Joan,0.005043
Peggy,0.004845
Gail,0.004747
Virginia,0.004724
Connie,0.004638
Ann,0.004506
Kathryn,0.004465
Diana,0.00423
Jean,0.004226
Ruth,0.004052
Helen,0.004016
Frances,0.003968
Wanda,0.003938
Phyllis,0.003806
Paula,0.003773
Jacqueline,0.003673
Rita,0.003654
Alice,0.003617
Katherine,0.003531
Debra,0.003516
Elaine,0.003432
Vicki,0.003317
Sherry,0.003296
Laura,0.003257
Jo,0.003224
Theresa,0.0032
Ellen,0.003162
Joanne,0.003126
Marsha,0.003069
Rose,0.003052
Sheila,0.003026
Suzanne,0.002995
Marie,0.002977
Maria,0.002887
Doris,0.002876
Cathy,0.002861
Lynn,0.002855
Marcia,0.002817
Sally,0.002769
Darlene,0.002747
Charlotte,0.002693
Teresa,0.002687
Denise,0.002574
Lois,0.002561
Anne,0.002535
Constance,0.002523
Evelyn,0.002436
Glenda,0.002394
Sarah,0.002364
Maureen,0.002314
Dianne,0.002232
Eileen,0.002208
Irene,0.002174
Anna,0.002168
Victoria,0.00215
Jeanne,0.002126
Roberta,0.002064
Sylvia,0.002056
Joann,0.002046
Anita,0.002031
Sue,0.00199
Rosemary,0.001965
Geraldine,0.001964
Charlene,0.001961
Norma,0.001938
Lorraine,0.001905
Annie,0.001894
Lynda,0.001873
Vickie,0.001872
Louise,0.001848
Yvonne,0.001848
Julie,0.001787
Marlene,0.001778
Gwendolyn,0.001735
Juanita,0.001722
Valerie,0.001722
Wendy,0.001722
Patsy,0.001669
Jennifer,0.001594
Julia,0.001549
Loretta,0.001547
Marjorie,0.001533
Stephanie,0.001501
Kay,0.001492
Colleen,0.001485
Rhonda,0.001463
Claudia,0.001442
Terry,0.001435
Michele,0.001422
Delores,0.001405
Ruby,0.00138
Jeanette,0.001371
Arlene,0.00136
Gayle,0.001347
Leslie,0.001324
Mildred,0.001308
Janis,0.001305
June,0.001302
Vivian,0.001288
Dolores,0.001269
Carole,0.00126
Andrea,0.001249
Jill,0.001247
Regina,0.001233
Annette,0.001211
Sheryl,0.001203
Josephine,0.001192
Angela,0.00117
Sara,0.00117
Robin,0.001133
Edith,0.001109
Paulette,0.001108
Georgia,0.001106
Lynne,0.001106
Emma,0.001078
Rosa,0.001076
Lillian,0.001073
Edna,0.001054
Audrey,0.001026
Joy,0.001009
Carla,9.97e-4
Penny,9.92e-4
Esther,9.92e-4
Pauline,9.92e-4
Jacquelyn,9.83e-4
Christina,9.82e-4
Janie,9.82e-4
Jan,9.8e-4
Renee,9.64e-4
Priscilla,9.51e-4
Shelley,9.5e-4
Wilma,9.41e-4
Candace,9.37e-4
Michelle,9.29e-4
Belinda,9.29e-4
Eva,9.2e-4
Ethel,9.14e-4
Beth,8.98e-4
Clara,8.97e-4
Yolanda,8.92e-4
Lucille,8.83e-4
Gladys,8.72e-4
Bonita,8.67e-4
Grace,8.56e-4
Cindy,8.36e-4
Margie,8.36e-4
Carmen,8.3e-4
Rachel,8.27e-4
Dianna,8.26e-4
Thelma,8.26e-4
Florence,8.22e-4
Dawn,8.02e-4
Marianne,7.96e-4
Bertha,7.93e-4
Veronica,7.92e-4
Laurie,7.9e-4
Bobbie,7.89e-4
Ella,7.89e-4
Marion,7.88e-4
Eleanor,7.83e-4
Maryann,7.68e-4
Willie,7.61e-4
Lillie,7.48e-4
Billie,7.48e-4
Emily,7.48e-4
Lana,7.47e-4
Bernice,7.41e-4
Lucy,7.34e-4
Toni,7.29e-4
Jackie,7.27e-4
Faye,7.25e-4
Beatrice,7.21e-4
Marian,7.15e-4
Maxine,7.12e-4
Vicky,7.1e-4
Kristine,7.08e-4
Becky,7.02e-4
Ida,6.8e-4
Amy,6.74e-4
Hazel,6.71e-4
Lisa,6.69e-4
Debbie,6.65e-4
Melinda,6.6e-4
Lydia,6.41e-4
Francine,6.39e-4
Nora,6.37e-4
Stella,6.35e-4
Vera,6.33e-4
Rosie,6.28e-4
Terri,6.28e-4
Mona,6.18e-4
Monica,6.01e-4
Alma,6e-4
Bernadette,5.95e-4
Claire,5.92e-4
Ramona,5.9e-4
Myra,5.86e-4
Melanie,5.84e-4
Nina,5.73e-4
Iris,5.62e-4
Melissa,5.56e-4
Carrie,5.52e-4
Shelia,5.46e-4
Susie,5.37e-4
Jessie,5.35e-4
Trudy,5.32e-4
Mattie,5.31e-4
Harriet,5.3e-4
Dana,5.28e-4
Cecilia,5.23e-4
Patty,5.15e-4
Marguerite,5.14e-4
Dora,5.08e-4
Irma,5.07e-4
Deanna,5.07e-4
Betsy,5.06e-4
Jeannette,5.01e-4
Caroline,5e-4
Minnie,5e-4
Rosalie,4.97e-4
Antoinette,4.9e-4
Deloris,4.86e-4
Rosemarie,4.84e-4
Dale,4.82e-4
Miriam,4.78e-4
Holly,4.75e-4
Velma,4.7e-4
Johnnie,4.7e-4
Lee,4.65e-4
Lynette,4.61e-4
Naomi,4.54e-4
Bessie,4.52e-4
Lucinda,4.51e-4
Melody,4.5e-4
Jeannie,4.4e-4
Alicia,4.38e-4
Cecelia,4.37e-4
Olivia,4.36e-4
Candice,4.33e-4
Nadine,4.32e-4
Nellie,4.32e-4
Cathleen,4.32e-4
Madeline,4.32e-4
Laurel,4.31e-4
Doreen,4.29e-4
Geneva,4.28e-4
Agnes,4.24e-4
Mae,4.23e-4
Cora,4.2e-4
Jennie,4.19e-4
Tina,4.13e-4
Verna,4.11e-4
Ernestine,4.1e-4
Patti,4.05e-4
Elsie,3.91e-4
Dixie,3.9e-4
Hilda,3.9e-4
Leona,3.88e-4
Marla,3.88e-4
Roxanne,3.88e-4
Marcella,3.82e-4
Gale,3.75e-4
Ginger,3.75e-4
Susanne,3.74e-4
Guadalupe,3.72e-4
Penelope,3.66e-4
Hattie,3.64e-4
Cassandra,3.63e-4
Kathie,3.6e-4
Lena,3.58e-4
Lola,3.58e-4
Viola,3.57e-4
Della,3.53e-4
Margo,3.5e-4
Gertrude,3.49e-4
Laverne,3.45e-4
Alberta,3.45e-4
Glenna,3.42e-4
Jayne,3.39e-4
Karla,3.37e-4
Pearl,3.34e-4
Rosalind,3.25e-4
Jenny,3.24e-4
Darla,3.22e-4
Molly,3.21e-4
Janette,3.16e-4
Therese,3.15e-4
Flora,3.13e-4
Noreen,3.11e-4
Erma,3.1e-4
Cheri,3.09e-4
Eunice,3.09e-4
Gretchen,3.09e-4
Olga,3.07e-4
Shari,3.05e-4
Daisy,3.04e-4
Fannie,3.04e-4
Celeste,3.02e-4
Lula,3.01e-4
Sherrie,3.01e-4
Margarita,3e-4
Eloise,2.97e-4
Rochelle,2.97e-4
Violet,2.96e-4
Sandy,2.95e-4
Lora,2.92e-4
Patrice,2.92e-4
Saundra,2.91e-4
Corinne,2.91e-4
Unknown,2.91e-4
Celia,2.89e-4
Katie,2.88e-4
Helene,2.88e-4
Roseann,2.83e-4
Adrienne,2.79e-4
Sharron,2.79e-4
Claudette,2.78e-4
Rosetta,2.76e-4
Amelia,2.75e-4
Gay,2.74e-4
Camille,2.72e-4
Diann,2.72e-4
Kerry,2.72e-4
Bettye,2.72e-4
Joanna,2.72e-4
Christy,2.71e-4
Sallie,2.71e-4
Hope,2.7e-4
Sondra,2.7e-4
Ada,2.69e-4
Sherri,2.68e-4
Jamie,2.66e-4
Henrietta,2.63e-4
Mamie,2.63e-4
Lorna,2.62e-4
Polly,2.62e-4
Bette,2.62e-4
Faith,2.61e-4
Gwen,2.6e-4
Myrtle,2.6e-4
Ilene,2.58e-4
Myrna,2.55e-4
Marta,2.54e-4
Kimberly,2.53e-4
Leah,2.52e-4
Maggie,2.51e-4
Pat,2.51e-4
Frankie,2.5e-4
Freda,2.49e-4
Bettie,2.48e-4
Lenora,2.47e-4
Adele,2.46e-4
Jody,2.46e-4
Lauren,2.43e-4
Rosanne,2.41e-4
Lou,2.37e-4
Sheri,2.34e-4
Cherie,2.34e-4
Earnestine,2.3e-4
Jessica,2.3e-4
Delia,2.28e-4
Estella,2.27e-4
April,2.25e-4
Melba,2.24e-4
Jeri,2.22e-4
Natalie,2.21e-4
Tamara,2.2e-4
Genevieve,2.19e-4
Shannon,2.18e-4
Amanda,2.16e-4
Fay,2.16e-4
Marilynn,2.16e-4
Dona,2.14e-4
Nelda,2.13e-4
Katharine,2.12e-4
Rena,2.11e-4
Ruthie,2.11e-4
Teri,2.1e-4
Kaye,2.08e-4
Jeanie,2.07e-4
Nanette,2.07e-4
Isabel,2.06e-4
Karin,2.05e-4
Reba,2.05e-4
Mable,2.04e-4
Nona,2.04e-4
Kristin,2.03e-4
Tanya,2.02e-4
Inez,2.01e-4
Jolene,2.01e-4
Jerry,2e-4
Lila,2e-4
Alison,2e-4
Eugenia,2e-4
Rosalyn,1.98e-4
Coleen,1.98e-4
Sonja,1.96e-4
Debora,1.94e-4
Gracie,1.92e-4
Earlene,1.91e-4
Robyn,1.9e-4
Shelly,1.89e-4
Sonia,1.89e-4
Maryanne,1.88e-4
Carlene,1.88e-4
Janine,1.87e-4
Muriel,1.87e-4
Robbie,1.85e-4
Dee,1.84e-4
Ladonna,1.83e-4
Terrie,1.83e-4
Cathryn,1.82e-4
Crystal,1.81e-4
Jeannine,1.81e-4
Yvette,1.81e-4
Ronda,1.8e-4
Marva,1.8e-4
Rae,1.79e-4
Sadie,1.78e-4
Essie,1.77e-4
Heather,1.77e-4
Althea,1.76e-4
Blanche,1.76e-4
Antonia,1.75e-4
Dorothea,1.75e-4
Jana,1.74e-4
Lorene,1.74e-4
Meredith,1.73e-4
Ollie,1.73e-4
Ava,1.69e-4
Winifred,1.69e-4
Christie,1.68e-4
Jewel,1.67e-4
Nettie,1.67e-4
Etta,1.65e-4
Lenore,1.65e-4
Merry,1.65e-4
Rosalinda,1.65e-4
Bernadine,1.64e-4
Beulah,1.62e-4
Kim,1.62e-4
Eula,1.61e-4
Beverley,1.6e-4
Kristina,1.6e-4
Rhoda,1.58e-4
Lavonne,1.58e-4
Janelle,1.57e-4
Jimmie,1.56e-4
Roseanna,1.56e-4
Candy,1.55e-4
Ora,1.55e-4
Roslyn,1.54e-4
Angelina,1.52e-4
Marietta,1.52e-4
Ina,1.51e-4
Lela,1.51e-4
Clare,1.51e-4
Marylou,1.5e-4
Jeanine,1.5e-4
Dolly,1.49e-4
Lynnette,1.48e-4
Elena,1.47e-4
Maryellen,1.47e-4
Georgette,1.46e-4
Sharlene,1.46e-4
Tommie,1.46e-4
Delois,1.46e-4
Pearlie,1.46e-4
Willa,1.46e-4
Lesley,1.45e-4
Daphne,1.44e-4
Francis,1.44e-4
Jannie,1.44e-4
Harriett,1.43e-4
James,1.43e-4
Lupe,1.42e-4
Cherry,1.42e-4
Dinah,1.41e-4
Heidi,1.41e-4
Madelyn,1.41e-4
Nola,1.41e-4
Shelby,1.41e-4
Josie,1.4e-4
Suzan,1.4e-4
Johanna,1.39e-4
Nita,1.39e-4
Earline,1.39e-4
Leola,1.39e-4
Lizzie,1.39e-4
Nikki,1.39e-4
Angie,1.38e-4
Clarice,1.38e-4
Addie,1.38e-4
Cathie,1.38e-4
Julianne,1.38e-4
Queen,1.38e-4
Sharyn,1.38e-4
Estelle,1.37e-4
Gayla,1.35e-4
Jacque,1.34e-4
Sherrill,1.33e-4
Gilda,1.32e-4
Elvira,1.31e-4
Alexis,1.31e-4
Consuelo,1.31e-4
Kitty,1.3e-4
Pam,1.3e-4
Dorthy,1.3e-4
Roseanne,1.3e-4
Bridget,1.29e-4
Fern,1.29e-4
Patrica,1.29e-4
Mabel,1.29e-4
Elva,1.28e-4
Mari,1.28e-4
Ana,1.27e-4
Malinda,1.27e-4
Arleen,1.26e-4
Karon,1.26e-4
Rene,1.26e-4
Chris,1.26e-4
Edwina,1.26e-4
Jewell,1.26e-4
Marcy,1.25e-4
Melva,1.25e-4
Rosanna,1.25e-4
Helena,1.25e-4
Aurora,1.24e-4
Suzette,1.24e-4
Mollie,1.22e-4
Ola,1.22e-4
Valorie,1.21e-4
Debby,1.21e-4
Cheryle,1.2e-4
Mickey,1.2e-4
Barbra,1.19e-4
Lottie,1.19e-4
Alyce,1.19e-4
Eddie,1.19e-4
Lucia,1.19e-4
Roxie,1.19e-4
Iva,1.18e-4
Mavis,1.18e-4
Sybil,1.18e-4
Cornelia,1.18e-4
Corrine,1.18e-4
Sonya,1.18e-4
Karyn,1.17e-4
Ronnie,1.17e-4
Opal,1.17e-4
Robert,1.17e-4
Valarie,1.17e-4
Dena,1.16e-4
Joe,1.16e-4
Nan,1.15e-4
Colette,1.14e-4
Randy,1.14e-4
Sydney,1.14e-4
Alfreda,1.13e-4
Jerri,1.13e-4
Karol,1.13e-4
Cecile,1.11e-4
Katrina,1.1e-4
Leanne,1.1e-4
Jacalyn,1.09e-4
Blanca,1.09e-4
Kathrine,1.09e-4
Portia,1.09e-4
Benita,1.08e-4
Randi,1.07e-4
Charleen,1.07e-4
Freddie,1.07e-4
Retha,1.07e-4
Elisabeth,1.06e-4
Elise,1.06e-4
Lori,1.06e-4
Effie,1.06e-4
Gina,1.06e-4
Juana,1.06e-4
Madeleine,1.06e-4
May,1.05e-4
Pamala,1.05e-4
Peggie,1.05e-4
Alana,1.05e-4
Josefina,1.05e-4
Margery,1.05e-4
Aleta,1.04e-4
Cinda,1.04e-4
Lyn,1.04e-4
Millie,1.04e-4
Marlys,1.04e-4
Carmela,1.03e-4
Celestine,1.03e-4
Elnora,1.03e-4
Dian,1.02e-4
Frieda,1.02e-4
Loraine,1.02e-4
Michael,1.02e-4
Carlotta,1.02e-4
John,1.02e-4
Madonna,1.02e-4
Maryjane,1.02e-4
Mercedes,1.02e-4
Katheryn,1.01e-4
Tracy,1.01e-4
Ester,1.01e-4
Freida,1.01e-4
Alta,1e-4
Judi,1e-4
Valeria,9.9e-5
Caryn,9.8e-5
Dollie,9.8e-5
Ophelia,9.8e-5
Caren,9.7e-5
Roxann,9.7e-5
Darleen,9.7e-5
Sherryl,9.7e-5
Leila,9.6e-5
Leigh,9.6e-5
Reva,9.6e-5
Esperanza,9.5e-5
Kristi,9.5e-5
Louella,9.5e-5
Reta,9.4e-5
Caryl,9.4e-5
Daryl,9.4e-5
Hannah,9.4e-5
Leanna,9.3e-5
Aileen,9.1e-5
Sharman,9.1e-5
Shirlene,9.1e-5
Angeline,9e-5
Ivy,9e-5
Jacklyn,9e-5
Kathi,9e-5
Letha,9e-5
Nanci,9e-5
Nell,9e-5
Virgie,9e-5
Janell,9e-5
Kristen,9e-5
Annmarie,8.9e-5
Carmella,8.9e-5
Cleo,8.9e-5
Dottie,8.9e-5
Leann,8.9e-5
Allison,8.9e-5
Charles,8.9e-5
Doretha,8.9e-5
Gaye,8.9e-5
Vickey,8.9e-5
Camilla,8.8e-5
Elsa,8.8e-5
Felicia,8.8e-5
Neva,8.8e-5
Debrah,8.7e-5
Charmaine,8.6e-5
Gerry,8.6e-5
Tonya,8.6e-5
Deanne,8.5e-5
Deidre,8.5e-5
Lea,8.5e-5
Ruthann,8.5e-5
Avis,8.5e-5
Imogene,8.5e-5
Sharen,8.5e-5
Roxanna,8.4e-5
Twila,8.4e-5
Vikki,8.4e-5
Beryl,8.3e-5
Oralia,8.3e-5
Goldie,8.2e-5
Susanna,8.2e-5
Deirdre,8.2e-5
Denice,8.2e-5
Marilee,8.2e-5
Minerva,8.2e-5
Elma,8.1e-5
Greta,8.1e-5
Catharine,8.1e-5
Carleen,8e-5
Merle,8e-5
Luann,8e-5
Matilda,8e-5
Vonda,8e-5
Carolann,7.9e-5
Lilly,7.9e-5
Luanne,7.9e-5
Mariann,7.8e-5
Nedra,7.8e-5
Georgianna,7.8e-5
Odessa,7.8e-5
Vernell,7.8e-5
David,7.7e-5
Ingrid,7.7e-5
Jocelyn,7.7e-5
Lily,7.7e-5
Lorena,7.7e-5
Louisa,7.7e-5
Corliss,7.7e-5
Elouise,7.7e-5
Clementine,7.6e-5
Evangeline,7.6e-5
Leta,7.6e-5
Angelita,7.6e-5
Dorene,7.6e-5
Kathaleen,7.6e-5
Lucretia,7.6e-5
Tana,7.6e-5
Concetta,7.5e-5
Delilah,7.5e-5
Ila,7.5e-5
Laureen,7.5e-5
Lonnie,7.5e-5
Carroll,7.4e-5
Cassie,7.4e-5
Erlinda,7.4e-5
Lona,7.4e-5
Margret,7.4e-5
Petra,7.4e-5
Bobby,7.4e-5
Rosella,7.4e-5
Winnie,7.4e-5
Callie,7.3e-5
Lauretta,7.3e-5
Sanjuanita,7.3e-5
Darcy,7.3e-5
Georgina,7.3e-5
William,7.3e-5
Deena,7.2e-5
Luella,7.2e-5
Marina,7.2e-5
Mindy,7.2e-5
Glinda,7.2e-5
Charla,7.1e-5
Ronna,7.1e-5
Shauna,7.1e-5
Joellen,7.1e-5
Manuela,7.1e-5
Marleen,7.1e-5
Meryl,7.1e-5
Nannette,7.1e-5
Suellen,7.1e-5
Maryjo,7e-5
Wilhelmina,7e-5
Adela,6.9e-5
Justine,6.9e-5
Bennie,6.9e-5
Eliza,6.9e-5
Graciela,6.9e-5
Jacquline,6.9e-5
Zelma,6.9e-5
Kathlene,6.8e-5
Letitia,6.8e-5
Pattie,6.8e-5
Winona,6.8e-5
Georgene,6.8e-5
Corine,6.7e-5
Florine,6.7e-5
Judie,6.7e-5
Kristie,6.7e-5
Wilda,6.7e-5
Bethany,6.7e-5
Cathrine,6.7e-5
Erica,6.7e-5
Libby,6.7e-5
Lindsay,6.7e-5
Alexandra,6.6e-5
Deana,6.6e-5
Elida,6.6e-5
Elisa,6.6e-5
Jonnie,6.6e-5
Shawn,6.6e-5
Sophie,6.6e-5
Suzann,6.6e-5
Ardith,6.5e-5
Jacquelin,6.5e-5
Rosario,6.5e-5
Rosita,6.5e-5
Maribeth,6.5e-5
Ofelia,6.5e-5
Renae,6.5e-5
Susann,6.5e-5
Adeline,6.4e-5
Mickie,6.4e-5
Treva,6.4e-5
Abigail,6.3e-5
George,6.3e-5
Krista,6.3e-5
Rona,6.3e-5
Toby,6.3e-5
Danna,6.3e-5
Evangelina,6.3e-5
Jerrie,6.3e-5
Lelia,6.3e-5
Marcie,6.3e-5
Martina,6.3e-5
Rachelle,6.3e-5
Raquel,6.3e-5
Rhea,6.3e-5
Aida,6.2e-5
Annetta,6.2e-5
Dina,6.2e-5
Hilary,6.2e-5
Janna,6.2e-5
Pansy,6.2e-5
Rosalee,6.2e-5
Sophia,6.2e-5
Bonny,6.1e-5
Carolynn,6.1e-5
Estela,6.1e-5
Eve,6.1e-5
Kate,6.1e-5
Kristy,6.1e-5
Leticia,6.1e-5
Linnea,6.1e-5
Marybeth,6.1e-5
Elyse,6.1e-5
Larry,6.1e-5
Cathey,6e-5
Claudine,6e-5
Donita,6e-5
Harriette,6e-5
Sanjuana,6e-5
Charlie,6e-5
Juliana,6e-5
Karan,6e-5
Sherilyn,6e-5
Twyla,6e-5
Delphine,5.9e-5
Isabelle,5.9e-5
Kris,5.9e-5
Lorrie,5.9e-5
Nicki,5.9e-5
Theodora,5.9e-5
Carolina,5.9e-5
Millicent,5.9e-5
Selma,5.9e-5
Tara,5.9e-5
Adrian,5.8e-5
Herlinda,5.8e-5
Kathlyn,5.8e-5
Kyle,5.8e-5
Lessie,5.8e-5
Lizabeth,5.8e-5
Georgiana,5.7e-5
Nancie,5.7e-5
Zelda,5.7e-5
Annabelle,5.7e-5
Hester,5.7e-5
Mitzi,5.7e-5
Mimi,5.6e-5
Olive,5.6e-5
Phoebe,5.6e-5
Rowena,5.6e-5
Silvia,5.6e-5
Rebekah,5.6e-5
Terese,5.6e-5
Belva,5.5e-5
Francisca,5.5e-5
Gearldine,5.5e-5
Juliette,5.5e-5
Kelly,5.5e-5
Lorine,5.5e-5
Margot,5.5e-5
Pamella,5.5e-5
Richard,5.5e-5
Sammie,5.5e-5
Veda,5.5e-5
Fran,5.5e-5
Jerilyn,5.5e-5
Margarett,5.5e-5
Melodie,5.5e-5
Danielle,5.4e-5
Magdalena,5.4e-5
Tammy,5.4e-5
Vernice,5.4e-5
Aline,5.3e-5
Aurelia,5.3e-5
Cristina,5.3e-5
Delma,5.3e-5
Mara,5.3e-5
Marianna,5.3e-5
Phillis,5.3e-5
Candis,5.3e-5
Donnie,5.3e-5
Juliann,5.3e-5
Juliet,5.3e-5
Nicolette,5.3e-5
Pennie,5.3e-5
Roselyn,5.3e-5
Alene,5.2e-5
Enid,5.2e-5
Glynda,5.2e-5
Karolyn,5.2e-5
Kendra,5.2e-5
Norene,5.2e-5
Rosann,5.2e-5
Socorro,5.2e-5
Vanessa,5.2e-5
Clarissa,5.2e-5
Geri,5.2e-5
Nannie,5.2e-5
Vonnie,5.2e-5
Allie,5.1e-5
Merrie,5.1e-5
Sheron,5.1e-5
Shirlee,5.1e-5
Charolette,5.1e-5
Debbra,5.1e-5
Dorinda,5.1e-5
Ernestina,5.1e-5
Jeanetta,5.1e-5
Joycelyn,5.1e-5
Lavon,5.1e-5
Leora,5.1e-5
Lindy,5.1e-5
Luz,5.1e-5
Nicole,5.1e-5
Shellie,5.1e-5
Velda,5.1e-5
Albertha,5e-5
Jannette,5e-5
Jenifer,5e-5
Jodie,5e-5
Lucile,5e-5
Marjory,5e-5
Norine,5e-5
Rachael,5e-5
Sandi,5e-5
Zella,5e-5
Amber,4.9e-5
Annamarie,4.9e-5
Elinor,4.9e-5
Lourdes,4.9e-5
Marlyn,4.9e-5
Marty,4.9e-5
Stacey,4.9e-5
Carmelita,4.9e-5
Cheryll,4.9e-5
Darline,4.9e-5
Elissa,4.9e-5
Evon,4.9e-5
Flossie,4.9e-5
Geralyn,4.9e-5
Jaclyn,4.9e-5
Janey,4.9e-5
Cordelia,4.8e-5
Emilie,4.8e-5
Kathyrn,4.8e-5
Maude,4.8e-5
Regenia,4.8e-5
Thea,4.8e-5
Tracey,4.8e-5
Carrol,4.8e-5
Evonne,4.8e-5
Janeen,4.8e-5
Lavern,4.8e-5
Leslee,4.8e-5
Lolita,4.8e-5
Thomas,4.8e-5
