name,percent
James,0.047336
Robert,0.04593
John,0.043655
Michael,0.03581
David,0.033382
William,0.033372
Richard,0.028027
Thomas,0.02507
Charles,0.021495
Gary,0.018547
Larry,0.017289
Ronald,0.016455
Joseph,0.014855
Donald,0.014836
Kenneth,0.013088
Steven,0.012788
Dennis,0.012553
Paul,0.011948
Stephen,0.011273
George,0.011089
Daniel,0.010552
Edward,0.010299
Mark,0.009137
Jerry,0.008391
Gregory,0.007321
Bruce,0.006965
Roger,0.006891
Douglas,0.006736
Frank,0.006391
Terry,0.006288
Raymond,0.006139
Timothy,0.005771
Lawrence,0.005605
Gerald,0.005344
Wayne,0.005093
Anthony,0.004741
Peter,0.004604
Patrick,0.004496
Danny,0.004482
Walter,0.004288
Alan,0.004255
Willie,0.004249
Jeffrey,0.004209
Carl,0.004005
Harold,0.003961
Arthur,0.003933
Henry,0.003837
Jack,0.003762
Dale,0.003722
Johnny,0.003622
Roy,0.003549
Ralph,0.00352
Philip,0.003336
Joe,0.003321
Albert,0.003166
Jimmy,0.003163
Billy,0.003119
Eugene,0.003017
Glenn,0.003004
Stanley,0.002995
Harry,0.002947
Samuel,0.002872
Howard,0.002842
Phillip,0.002778
Bobby,0.002761
Christopher,0.002756
Louis,0.002721
Andrew,0.002718
Russell,0.002714
Craig,0.002687
Randall,0.002666
Allen,0.002662
Kevin,0.00262
Barry,0.002584
Frederick,0.00256
Ronnie,0.002531
Leonard,0.002516
Keith,0.002512
Brian,0.002452
Randy,0.002396
Ernest,0.002371
Scott,0.002344
Fred,0.00231
Steve,0.002308
Martin,0.0023
Francis,0.002243
Melvin,0.002134
Rodney,0.002117
Eddie,0.002071
Norman,0.002
Lee,0.001984
Earl,0.001973
Marvin,0.001923
Tommy,0.001889
Clarence,0.001836
Alfred,0.001774
Curtis,0.001762
Eric,0.001704
Theodore,0.001629
Clifford,0.001618
Vincent,0.00161
Leroy,0.001564
Jerome,0.001557
Micheal,0.001552
Calvin,0.001512
Victor,0.001495
Don,0.001488
Gordon,0.001479
Bernard,0.001455
Jose,0.001455
Ray,0.001449
Herbert,0.001444
Jesse,0.001433
Mike,0.00143
Jay,0.001419
Darrell,0.001373
Edwin,0.001366
Warren,0.001361
Leon,0.001333
Dean,0.001283
Alvin,0.001246
Gene,0.001233
Benjamin,0.001204
Nicholas,0.001196
Glen,0.001194
Leslie,0.001171
Lloyd,0.001167
Ricky,0.001155
Dan,0.001142
Joel,0.001125
Bill,0.001118
Lewis,0.001117
Juan,0.001116
Vernon,0.001104
Lonnie,0.001099
Clyde,0.001092
Duane,0.001078
Jon,0.001067
Jackie,0.001058
Jim,0.001057
Jimmie,0.001047
Floyd,0.00104
Allan,0.001039
Gilbert,0.001034
Tom,0.001001
Dwight,9.97e-4
Harvey,9.95e-4
Tony,9.7e-4
Lester,9.7e-4
Donnie,9.5e-4
Charlie,9.29e-4
Bradley,8.96e-4
Franklin,8.94e-4
Freddie,8.93e-4
Lynn,8.9e-4
Neil,8.83e-4
Johnnie,8.74e-4
Manuel,8.72e-4
Herman,8.59e-4
Milton,8.53e-4
Leo,8.52e-4
Randolph,8.47e-4
Jonathan,8.47e-4
Garry,8.46e-4
Wesley,8.34e-4
Arnold,8.32e-4
Marc,8.29e-4
Rick,8.18e-4
Chester,7.57e-4
Ted,7.46e-4
Cecil,7.36e-4
Matthew,7.19e-4
Rickey,7.18e-4
Karl,7.15e-4
Reginald,7.14e-4
Terrence,6.98e-4
Claude,6.9e-4
Chris,6.84e-4
Guy,6.82e-4
Nathaniel,6.77e-4
Mitchell,6.76e-4
Kent,6.76e-4
Jeffery,6.68e-4
Dana,6.6e-4
Maurice,6.57e-4
Stuart,6.57e-4
Carlos,6.57e-4
Roland,6.52e-4
Alexander,6.42e-4
Fredrick,6.41e-4
Gerard,6.4e-4
Oscar,6.05e-4
Perry,6.03e-4
Marshall,5.99e-4
Sidney,5.9e-4
Rex,5.88e-4
Kerry,5.86e-4
Wallace,5.81e-4
Clifton,5.65e-4
Kirk,5.65e-4
Ruben,5.64e-4
Jessie,5.6e-4
Darryl,5.59e-4
Daryl,5.37e-4
Bob,5.36e-4
Terrance,5.26e-4
Sam,5.26e-4
Hugh,5.25e-4
Edgar,5.16e-4
Antonio,5.08e-4
Morris,5.04e-4
Brent,5e-4
Earnest,4.88e-4
Sammy,4.87e-4
Dave,4.81e-4
Benny,4.8e-4
Wendell,4.67e-4
Neal,4.64e-4
Willard,4.62e-4
Otis,4.59e-4
Byron,4.56e-4
Lyle,4.55e-4
Clinton,4.54e-4
Marion,4.5e-4
Tyrone,4.49e-4
Nelson,4.44e-4
Laurence,4.43e-4
Elmer,4.42e-4
Greg,4.41e-4
Aaron,4.39e-4
Kim,4.37e-4
Ira,4.36e-4
Kurt,4.34e-4
Virgil,4.32e-4
Jesus,4.27e-4
Ross,4.25e-4
Bennie,4.16e-4
Max,4.16e-4
Luther,4.15e-4
Tim,4.15e-4
Clayton,4.15e-4
Nathan,4.15e-4
Rudolph,4.14e-4
Alex,4.11e-4
Everett,4.1e-4
Mario,4.09e-4
Robin,4.08e-4
Bryan,4.05e-4
Lance,4.04e-4
Ben,3.97e-4
Horace,3.79e-4
Luis,3.61e-4
Frankie,3.59e-4
Raul,3.57e-4
Francisco,3.56e-4
Loren,3.53e-4
Sylvester,3.52e-4
Troy,3.51e-4
Alton,3.5e-4
Sherman,3.48e-4
Clark,3.45e-4
Gregg,3.43e-4
Salvatore,3.39e-4
Geoffrey,3.38e-4
Rudy,3.38e-4
Ricardo,3.36e-4
Rodger,3.35e-4
Jan,3.32e-4
Hubert,3.29e-4
Todd,3.28e-4
Roberto,3.27e-4
Tommie,3.26e-4
Roosevelt,3.24e-4
Wilbert,3.17e-4
Bradford,3.17e-4
Lowell,3.15e-4
Carlton,3.13e-4
Delbert,3.11e-4
Leland,3.1e-4
Isaac,3.09e-4
Marcus,3.08e-4
Ramon,3.08e-4
Pete,3.07e-4
Oliver,3.05e-4
Edmund,3.05e-4
Carroll,3.04e-4
Archie,3.03e-4
Homer,3.03e-4
Teddy,3.02e-4
Jeff,2.98e-4
Malcolm,2.96e-4
Pedro,2.95e-4
Preston,2.93e-4
Darrel,2.92e-4
Myron,2.92e-4
Wade,2.92e-4
Monte,2.9e-4
Doyle,2.87e-4
Kenny,2.84e-4
Julian,2.82e-4
Jerald,2.79e-4
Julius,2.79e-4
Felix,2.76e-4
Mickey,2.75e-4
Wilbur,2.71e-4
Armando,2.69e-4
Randal,2.69e-4
Lanny,2.68e-4
Kelly,2.68e-4
Mack,2.66e-4
Roderick,2.65e-4
Denis,2.64e-4
Van,2.63e-4
Willis,2.62e-4
Hector,2.6e-4
Grant,2.59e-4
Ivan,2.57e-4
Jacob,2.56e-4
Ellis,2.54e-4
Brad,2.51e-4
Forrest,2.51e-4
Miguel,2.47e-4
Terence,2.44e-4
Cary,2.43e-4
Angelo,2.41e-4
Stewart,2.38e-4
Freddy,2.38e-4
Ervin,2.34e-4
Nick,2.32e-4
Grady,2.31e-4
Dallas,2.28e-4
Percy,2.28e-4
Stephan,2.27e-4
Unknown,2.23e-4
Rufus,2.23e-4
Sheldon,2.22e-4
Andy,2.19e-4
Sammie,2.18e-4
Merle,2.17e-4
Dewey,2.16e-4
Owen,2.14e-4
Rene,2.12e-4
Conrad,2.11e-4
Travis,2.11e-4
Pat,2.1e-4
Buddy,2.09e-4
Lorenzo,2.07e-4
Irvin,2.04e-4
Hal,2.03e-4
Rickie,2.03e-4
Arturo,2.02e-4
Garland,2.02e-4
Alonzo,2.01e-4
Lionel,2e-4
Louie,2e-4
Guadalupe,1.99e-4
Alfonso,1.97e-4
Phil,1.97e-4
Wilson,1.92e-4
Vaughn,1.92e-4
Ron,1.91e-4
Fernando,1.91e-4
Elbert,1.9e-4
Ken,1.9e-4
Boyd,1.89e-4
Dwayne,1.88e-4
Monty,1.88e-4
Bert,1.87e-4
Grover,1.84e-4
Salvador,1.84e-4
Gale,1.83e-4
Cleveland,1.82e-4
Woodrow,1.82e-4
Galen,1.8e-4
Royce,1.8e-4
Darwin,1.79e-4
Alfredo,1.79e-4
Miles,1.77e-4
Spencer,1.77e-4
Edmond,1.74e-4
Emmett,1.72e-4
Wilfred,1.69e-4
Ernie,1.69e-4
Noel,1.68e-4
Adam,1.68e-4
Dominic,1.66e-4
Rafael,1.66e-4
Irving,1.66e-4
Rocky,1.65e-4
Adrian,1.63e-4
Denny,1.63e-4
Abraham,1.63e-4
Andre,1.62e-4
Aubrey,1.61e-4
Gerry,1.61e-4
Moses,1.61e-4
Eldon,1.6e-4
Ronny,1.59e-4
Winston,1.58e-4
Marlin,1.57e-4
Amos,1.55e-4
Cornelius,1.55e-4
Elijah,1.55e-4
Ernesto,1.53e-4
Ned,1.53e-4
Lamar,1.52e-4
Carey,1.51e-4
Harlan,1.5e-4
Junior,1.5e-4
Linwood,1.5e-4
Dick,1.48e-4
Christian,1.47e-4
Rodolfo,1.47e-4
Barney,1.46e-4
Orville,1.45e-4
Vance,1.45e-4
Harley,1.44e-4
Dominick,1.42e-4
Gabriel,1.41e-4
Elliott,1.4e-4
Burton,1.4e-4
Sterling,1.39e-4
Billie,1.38e-4
Loyd,1.38e-4
Donn,1.37e-4
Dannie,1.37e-4
Sanford,1.36e-4
Austin,1.33e-4
Kyle,1.33e-4
Norris,1.31e-4
Frederic,1.3e-4
Roscoe,1.3e-4
Alberto,1.3e-4
Angel,1.29e-4
Lon,1.29e-4
Murray,1.29e-4
Blaine,1.29e-4
Kermit,1.28e-4
Enrique,1.25e-4
Simon,1.25e-4
Javier,1.24e-4
Jerrold,1.24e-4
Kirby,1.24e-4
Tracy,1.24e-4
Will,1.23e-4
Emanuel,1.22e-4
Harrison,1.2e-4
Nolan,1.19e-4
Dewayne,1.18e-4
Al,1.18e-4
Brett,1.18e-4
Norbert,1.17e-4
Elton,1.16e-4
Thurman,1.16e-4
Donny,1.15e-4
Alphonso,1.15e-4
Dudley,1.15e-4
Evan,1.15e-4
Jeffry,1.15e-4
Thaddeus,1.15e-4
Fredric,1.14e-4
Jasper,1.14e-4
Jason,1.14e-4
Reuben,1.14e-4
Chuck,1.13e-4
Emil,1.13e-4
August,1.13e-4
Reed,1.13e-4
Wiley,1.12e-4
Terrell,1.12e-4
Derek,1.11e-4
Drew,1.11e-4
Randell,1.11e-4
Carmen,1.1e-4
Colin,1.09e-4
Pablo,1.08e-4
Dexter,1.07e-4
Eddy,1.07e-4
Lamont,1.07e-4
Elliot,1.07e-4
Jess,1.06e-4
Jake,1.06e-4
Julio,1.06e-4
Odell,1.06e-4
Sandy,1.06e-4
Joesph,1.05e-4
Bobbie,1.04e-4
Michel,1.04e-4
Ramiro,1.04e-4
Levi,1.03e-4
Joey,1.03e-4
Jorge,1.03e-4
Kennith,1.02e-4
Clay,1e-4
Doug,1e-4
Millard,1e-4
Elvin,9.9e-5
Marty,9.8e-5
Shawn,9.8e-5
Reynaldo,9.8e-5
Barton,9.7e-5
Elwood,9.7e-5
Ivory,9.7e-5
Rocco,9.7e-5
Weldon,9.7e-5
Charley,9.6e-5
Darnell,9.6e-5
Merlin,9.6e-5
Gail,9.6e-5
Harris,9.5e-5
Luke,9.5e-5
Tomas,9.5e-5
Jerold,9.5e-5
Derrick,9.4e-5
Abel,9.3e-5
Carter,9.2e-5
Ulysses,9.2e-5
Armand,9.1e-5
Jackson,9.1e-5
Jean,9.1e-5
Ward,9.1e-5
Rogers,9.1e-5
Cornell,9e-5
Ed,9e-5
Emory,9e-5
Felipe,9e-5
Garrett,9e-5
Merrill,9e-5
Ollie,9e-5
Danial,9e-5
Gus,9e-5
Orlando,9e-5
Sean,9e-5
Domingo,8.9e-5
Elias,8.9e-5
Jeremiah,8.9e-5
Joshua,8.9e-5
Lane,8.8e-5
Rogelio,8.8e-5
Rory,8.8e-5
Timmy,8.8e-5
Kendall,8.7e-5
Russel,8.7e-5
Maynard,8.5e-5
Jaime,8.4e-5
Noah,8.4e-5
Johnie,8.3e-5
Toby,8.3e-5
Andres,8.2e-5
Curt,8.2e-5
Dane,8.2e-5
Otto,8.2e-5
Riley,8.2e-5
Roman,8.2e-5
Zachary,8.2e-5
Jefferson,8.1e-5
Delmar,8e-5
Eduardo,8e-5
Irwin,8e-5
Stan,8e-5
Booker,7.9e-5
Erwin,7.9e-5
Hollis,7.9e-5
Mervin,7.9e-5
Blair,7.9e-5
Donnell,7.9e-5
Gilberto,7.9e-5
Israel,7.9e-5
Shelby,7.8e-5
Coy,7.8e-5
Reid,7.8e-5
Adolph,7.7e-5
Eli,7.7e-5
Kelvin,7.7e-5
Vern,7.7e-5
Jody,7.6e-5
Solomon,7.6e-5
Isaiah,7.6e-5
Val,7.6e-5
Benito,7.5e-5
Connie,7.5e-5
Reggie,7.5e-5
Lonny,7.4e-5
Major,7.4e-5
Dickie,7.4e-5
Errol,7.4e-5
Duncan,7.3e-5
Bennett,7.3e-5
Blake,7.3e-5
Erik,7.3e-5
Glynn,7.3e-5
Seth,7.3e-5
Cedric,7.2e-5
Ismael,7.2e-5
Winfred,7.2e-5
Denver,7.1e-5
Linda,7.1e-5
Emery,7.1e-5
Ignacio,7.1e-5
Santiago,7.1e-5
Bernie,7e-5
Buford,7e-5
Bart,7e-5
Carol,7e-5
Clement,7e-5
Emilio,7e-5
Guillermo,7e-5
Justin,7e-5
Bryant,6.9e-5
Davis,6.9e-5
Everette,6.9e-5
Lenard,6.9e-5
Carmine,6.9e-5
Santos,6.9e-5
Shelton,6.9e-5
Anton,6.8e-5
Bryce,6.8e-5
Lavern,6.8e-5
Monroe,6.8e-5
Ian,6.8e-5
Mac,6.7e-5
Damon,6.7e-5
Laverne,6.7e-5
Mitchel,6.7e-5
Morgan,6.7e-5
Quentin,6.7e-5
Sonny,6.7e-5
Bud,6.6e-5
Carson,6.6e-5
Mary,6.6e-5
Scotty,6.6e-5
Truman,6.6e-5
Wilford,6.6e-5
Fletcher,6.5e-5
Gearld,6.5e-5
Robbie,6.5e-5
Silas,6.5e-5
Stanford,6.5e-5
Alejandro,6.5e-5
Butch,6.5e-5
Jacky,6.5e-5
Casey,6.4e-5
Hershel,6.4e-5
Pierre,6.4e-5
Stevie,6.4e-5
Dwain,6.3e-5
Earle,6.3e-5
Forest,6.3e-5
Freeman,6.3e-5
Herschel,6.3e-5
Rolland,6.3e-5
Stevan,6.3e-5
Vito,6.3e-5
Mckinley,6.3e-5
Basil,6.2e-5
Haywood,6.2e-5
Royal,6.2e-5
Saul,6.2e-5
Wilton,6.2e-5
Clair,6.2e-5
Lawerence,6.2e-5
Hiram,6.1e-5
Odis,6.1e-5
Augustine,6e-5
Geary,6e-5
Myles,6e-5
Anderson,6e-5
Douglass,6e-5
Jere,6e-5
Lindsey,6e-5
Nicky,6e-5
Stanton,6e-5
Otha,5.9e-5
Arlen,5.8e-5
Kris,5.8e-5
Rand,5.8e-5
Stacy,5.8e-5
Artis,5.6e-5
Emerson,5.6e-5
Burt,5.6e-5
Emmitt,5.6e-5
Brady,5.5e-5
Cleo,5.5e-5
Lupe,5.4e-5
Burl,5.4e-5
Dalton,5.4e-5
Garth,5.4e-5
Graham,5.4e-5
Judson,5.4e-5
Lindsay,5.4e-5
Rayford,5.4e-5
Rusty,5.4e-5
Ryan,5.4e-5
Alva,5.3e-5
Gayle,5.3e-5
Hilton,5.3e-5
Kenton,5.3e-5
Milo,5.3e-5
Theron,5.3e-5
Benedict,5.3e-5
Isiah,5.3e-5
Carrol,5.2e-5
Cliff,5.2e-5
Mikel,5.2e-5
Raleigh,5.2e-5
Wilmer,5.2e-5
Dirk,5.2e-5
Gaylord,5.2e-5
Kip,5.2e-5
Marcos,5.2e-5
Nickolas,5.2e-5
Nicolas,5.2e-5
Sergio,5.2e-5
Gaylon,5.1e-5
Buster,5.1e-5
Lacy,5.1e-5
Shannon,5.1e-5
Pasquale,5e-5
Donovan,4.9e-5
Foster,4.9e-5
Lyman,4.9e-5
Mason,4.9e-5
Normand,4.9e-5
Reynold,4.9e-5
Coleman,4.9e-5
Lannie,4.9e-5
Alden,4.8e-5
Houston,4.8e-5
Jerel,4.8e-5
King,4.8e-5
Marcel,4.8e-5
Mathew,4.8e-5
Wardell,4.8e-5
Felton,4.8e-5
Jamie,4.8e-5
Lincoln,4.8e-5
Sherwood,4.8e-5
Adolfo,4.7e-5
Columbus,4.7e-5
Dee,4.7e-5
Elroy,4.7e-5
Jonathon,4.7e-5
Lemuel,4.7e-5
Williams,4.7e-5
Humberto,4.7e-5
Taylor,4.7e-5
Wilburn,4.7e-5
Alphonse,4.6e-5
Cameron,4.6e-5
Hank,4.6e-5
Patricia,4.6e-5
Randel,4.6e-5
Woody,4.6e-5
Cruz,4.6e-5
Mose,4.6e-5
Rod,4.5e-5
Arden,4.5e-5
Claud,4.5e-5
Cletus,4.5e-5
Cyril,4.5e-5
Delmer,4.5e-5
Gaylen,4.5e-5
Jules,4.5e-5
Milford,4.5e-5
Shirley,4.5e-5
Vicente,4.5e-5
Avery,4.4e-5
Cyrus,4.4e-5
Leigh,4.4e-5
Marco,4.4e-5
Newton,4.4e-5
Dewitt,4.3e-5
Federico,4.3e-5
Hayward,4.3e-5
Huey,4.3e-5
Napoleon,4.3e-5
Sydney,4.3e-5
Tyler,4.3e-5
Augustus,4.2e-5
Eloy,4.2e-5
Lynwood,4.2e-5
Matt,4.2e-5
Olen,4.2e-5
Elmo,4.2e-5
Fidel,4.2e-5
Quinton,4.2e-5
Rolando,4.2e-5
Howell,4.1e-5
Lucius,4.1e-5
Darold,4.1e-5
Ezra,4.1e-5
Lauren,4.1e-5
Rollin,4.1e-5
Terrill,4.1e-5
Bertram,4e-5
Jeremy,4e-5
Lorin,4e-5
Margarito,4e-5
Olin,4e-5
Curtiss,4e-5
Del,4e-5
Erick,4e-5
Gerardo,4e-5
Gregorio,4e-5
Lyndon,4e-5
Regis,4e-5
Rubin,4e-5
Carlo,3.9e-5
Hoyt,3.9e-5
Arnulfo,3.8e-5
Barbara,3.8e-5
Garfield,3.8e-5
Gustavo,3.8e-5
Melton,3.8e-5
Zane,3.8e-5
Boyce,3.8e-5
Bruno,3.8e-5
Emile,3.8e-5
Enoch,3.8e-5
Fritz,3.8e-5
Joaquin,3.8e-5
Jordan,3.8e-5
Lawrance,3.8e-5
Lorenza,3.8e-5
Noble,3.8e-5
Verne,3.8e-5
Waymon,3.8e-5
Dennie,3.7e-5
Issac,3.7e-5
Walton,3.7e-5
Berry,3.7e-5
Kit,3.7e-5
Mel,3.7e-5
Noe,3.7e-5
Von,3.7e-5
Alvis,3.6e-5
Domenic,3.6e-5
Wally,3.6e-5
Carleton,3.6e-5
Chad,3.6e-5
Cleve,3.6e-5
Elvis,3.6e-5
Hans,3.6e-5
Junius,3.6e-5
Len,3.6e-5
Leonardo,3.6e-5
Nancy,3.6e-5
Oren,3.6e-5
Raphael,3.6e-5
Adan,3.5e-5
Alfonzo,3.5e-5
Courtney,3.5e-5
Dwaine,3.5e-5
Elwin,3.5e-5
Ezzard,3.5e-5
Jared,3.5e-5
Jonas,3.5e-5
Lesley,3.5e-5
Lucien,3.5e-5
Alford,3.5e-5
Artie,3.5e-5
Hermon,3.5e-5
Omar,3.5e-5
Randle,3.5e-5
Winford,3.5e-5
Xavier,3.5e-5
Dell,3.4e-5
Delton,3.4e-5
Farrell,3.4e-5
Isidro,3.4e-5
Maxwell,3.4e-5
Parker,3.4e-5
Raymon,3.4e-5
Raymundo,3.4e-5
Toney,3.4e-5
Beverly,3.4e-5
Esteban,3.4e-5
Levon,3.4e-5
Lyn,3.4e-5
Murphy,3.4e-5
Valentin,3.4e-5
Vince,3.4e-5
Brendan,3.3e-5
Clint,3.3e-5
Duke,3.3e-5
Lucious,3.3e-5
Milan,3.3e-5
Roddy,3.3e-5
Tod,3.3e-5
Art,3.2e-5
Carnell,3.2e-5
Corey,3.2e-5
Hugo,3.2e-5
Marcelino,3.2e-5
Shaun,3.2e-5
Trinidad,3.2e-5
Verlin,3.2e-5
Brant,3.2e-5
Brooks,3.2e-5
Edison,3.2e-5
Garold,3.2e-5
Lonzo,3.2e-5
Niles,3.2e-5
Scot,3.2e-5
Wayman,3.2e-5
Ashley,3.1e-5
Carlyle,3.1e-5
Dorsey,3.1e-5
Efrain,3.1e-5
Emmanuel,3.1e-5
Evans,3.1e-5
Franklyn,3.1e-5
Granville,3.1e-5
Maxie,3.1e-5
Theadore,3.1e-5
Arlie,3.1e-5
Benton,3.1e-5
Curley,3.1e-5
Darell,3.1e-5
Denton,3.1e-5
Eldridge,3.1e-5
Hardy,3.1e-5
Jacques,3.1e-5
Lary,3.1e-5
Orval,3.1e-5
Susan,3.1e-5
Valentine,3.1e-5
Alonza,3e-5
Duwayne,3e-5
Gerold,3e-5
Hosea,3e-5
Ike,3e-5
Morton,3e-5
Stacey,3e-5
Adolphus,3e-5
Bonnie,3e-5
Brandon,3e-5
Crawford,3e-5
Ellsworth,3e-5
Hobert,3e-5
Meredith,3e-5
Porter,3e-5
Rupert,3e-5
Shelly,3e-5
Agustin,2.9e-5
Cesar,2.9e-5
Ferdinand,2.9e-5
Gonzalo,2.9e-5
Harmon,2.9e-5
Jed,2.9e-5
Marlon,2.9e-5
Mcarthur,2.9e-5
Reyes,2.9e-5
Russ,2.9e-5
Sherwin,2.9e-5
Stefan,2.9e-5
Vernell,2.9e-5
Walker,2.9e-5
Warner,2.9e-5
Arlin,2.9e-5
Cordell,2.9e-5
Garnett,2.9e-5
Jame,2.9e-5
Jarvis,2.9e-5
Jory,2.9e-5
Lafayette,2.9e-5
Samual,2.9e-5
Alec,2.8e-5
Clarance,2.8e-5
Gil,2.8e-5
Layne,2.8e-5
Merritt,2.8e-5
Prince,2.8e-5
Reese,2.8e-5
Talmadge,2.8e-5
Wyatt,2.8e-5
Bernardo,2.7e-5
Danniel,2.7e-5
Derrell,2.7e-5
Edsel,2.7e-5
Eliot,2.7e-5
Ezell,2.7e-5
Leeroy,2.7e-5
Lenny,2.7e-5
Leonel,2.7e-5
Michial,2.7e-5
Omer,2.7e-5
Ritchie,2.7e-5
Tex,2.7e-5
Windell,2.7e-5
Winfield,2.7e-5
Bryon,2.7e-5
Clarke,2.7e-5
Deryl,2.7e-5
Edwardo,2.7e-5
Elden,2.7e-5
Henderson,2.7e-5
Hunter,2.7e-5
Jerrell,2.7e-5
Lawson,2.7e-5
