name,percent
James,0.044132
Robert,0.043863
John,0.042103
Michael,0.040032
David,0.036351
William,0.031919
Richard,0.029559
Thomas,0.024625
Charles,0.019694
Gary,0.019624
Steven,0.016227
Joseph,0.014462
Donald,0.014327
Larry,0.014316
Ronald,0.01408
Kenneth,0.013119
Mark,0.013014
Dennis,0.012431
Paul,0.012317
Daniel,0.011867
Stephen,0.011679
George,0.010025
Edward,0.009899
Gregory,0.007705
Bruce,0.007337
Jerry,0.007326
Timothy,0.007182
Douglas,0.006927
Terry,0.006301
Roger,0.006142
Jeffrey,0.006096
Frank,0.005724
Raymond,0.005686
Anthony,0.00568
Lawrence,0.005211
Peter,0.004854
Patrick,0.004646
Wayne,0.004608
Gerald,0.004572
Danny,0.00447
Randy,0.004391
Alan,0.004214
Kevin,0.004024
Walter,0.00401
Carl,0.003952
Dale,0.003757
Arthur,0.003672
Willie,0.003659
Keith,0.003629
Henry,0.003537
Harold,0.003526
Jack,0.003513
Johnny,0.003438
Christopher,0.003342
Scott,0.003315
Roy,0.003304
Ralph,0.003278
Stanley,0.0031580000000000002
Craig,0.003135
Philip,0.003116
Glenn,0.003019
Joe,0.002991
Randall,0.002989
Brian,0.002912
Billy,0.002889
Samuel,0.002873
Albert,0.00287
Andrew,0.002829
Barry,0.002788
Russell,0.002703
Eugene,0.002695
Jimmy,0.002692
Howard,0.002653
Phillip,0.002535
Harry,0.002523
Frederick,0.002522
Allen,0.002512
Bobby,0.002511
Louis,0.002485
Martin,0.002393
Ricky,0.00236
Ronnie,0.002348
Leonard,0.00234
Rodney,0.002233
Steve,0.002181
Curtis,0.002115
Ernest,0.002091
Eric,0.002019
Francis,0.002015
Fred,0.00201
Melvin,0.001987
Eddie,0.001848
Lee,0.001846
Micheal,0.001832
Marvin,0.001812
Norman,0.001811
Tommy,0.001785
Earl,0.001754
Clifford,0.001684
Theodore,0.001651
Vincent,0.001601
Clarence,0.001599
Dean,0.001595
Alfred,0.001589
Jerome,0.001549
Jay,0.001532
Victor,0.001516
Calvin,0.001512
Darrell,0.00146
Gordon,0.001433
Bernard,0.001396
Jesse,0.001378
Ray,0.001367
Jose,0.001359
Herbert,0.001344
Leroy,0.00134
Warren,0.00134
Edwin,0.00133
Rick,0.00131
Don,0.001301
Glen,0.001261
Benjamin,0.001239
Dwight,0.00122
Leon,0.001203
Leslie,0.00119
Kim,0.001188
Nicholas,0.001187
Alvin,0.001185
Dan,0.001172
Lloyd,0.001152
Joel,0.00113
Duane,0.001128
Tony,0.001119
Jeffery,0.001112
Jon,0.001088
Mike,0.001069
Vernon,0.001058
Jonathan,0.001047
Gene,0.001046
Rickey,0.001041
Matthew,0.001034
Bradley,0.001033
Jackie,0.001019
Clyde,0.001016
Lewis,0.001008
Allan,9.82e-4
Neil,9.6e-4
Lonnie,9.53e-4
Floyd,9.48e-4
Juan,9.4e-4
Gilbert,9.36e-4
Guy,9.35e-4
Marc,9.28e-4
Randolph,9.22e-4
Donnie,9.18e-4
Garry,9.15e-4
Mitchell,8.85e-4
Lester,8.72e-4
Franklin,8.71e-4
Chris,8.55e-4
Manuel,8.41e-4
Charlie,8.4e-4
Jimmie,8.31e-4
Kent,8.18e-4
Bill,8.08e-4
Wesley,8.07e-4
Harvey,8.06e-4
Lynn,8.06e-4
Milton,7.99e-4
Leo,7.92e-4
Karl,7.9e-4
Jim,7.73e-4
Johnnie,7.69e-4
Herman,7.61e-4
Freddie,7.6e-4
Reginald,7.58e-4
Rex,7.57e-4
Arnold,7.42e-4
Kurt,7.41e-4
Chester,7.34e-4
Tom,7.3e-4
Ted,7.18e-4
Dana,6.99e-4
Gerard,6.78e-4
Cecil,6.74e-4
Alexander,6.52e-4
Roland,6.45e-4
Nathaniel,6.36e-4
Carlos,6.36e-4
Stuart,6.35e-4
Maurice,6.19e-4
Fredrick,6.13e-4
Daryl,6.01e-4
Kerry,5.94e-4
Terrence,5.9e-4
Perry,5.86e-4
Claude,5.81e-4
Neal,5.79e-4
Kirk,5.68e-4
Darryl,5.57e-4
Ruben,5.55e-4
Marshall,5.54e-4
Robin,5.52e-4
Oscar,5.49e-4
Brent,5.47e-4
Antonio,5.43e-4
Jessie,5.27e-4
Sidney,5.16e-4
Hugh,4.97e-4
Wallace,4.97e-4
Mario,4.94e-4
Brad,4.91e-4
Todd,4.85e-4
Sam,4.77e-4
Aaron,4.77e-4
Clifton,4.76e-4
Tyrone,4.71e-4
Ross,4.61e-4
Terrance,4.59e-4
Morris,4.57e-4
Byron,4.57e-4
Lyle,4.56e-4
Benny,4.56e-4
Edgar,4.53e-4
Clinton,4.44e-4
Wendell,4.43e-4
Clayton,4.38e-4
Ricardo,4.37e-4
Nathan,4.3e-4
Bryan,4.28e-4
Laurence,4.27e-4
Nelson,4.21e-4
Earnest,4.1e-4
Kelly,4.09e-4
Jesus,4.07e-4
Willard,4.05e-4
Virgil,4e-4
Marion,4e-4
Rudolph,3.96e-4
Luis,3.93e-4
Sammy,3.92e-4
Greg,3.92e-4
Dave,3.88e-4
Ira,3.87e-4
Max,3.86e-4
Elmer,3.85e-4
Bennie,3.84e-4
Bob,3.81e-4
Otis,3.8e-4
Everett,3.79e-4
Luther,3.75e-4
Gregg,3.71e-4
Rickie,3.7e-4
Randal,3.69e-4
Ben,3.63e-4
Raul,3.62e-4
Lance,3.58e-4
Tim,3.55e-4
Alex,3.54e-4
Carlton,3.51e-4
Francisco,3.51e-4
Roberto,3.5e-4
Marcus,3.43e-4
Loren,3.42e-4
Troy,3.41e-4
Jeff,3.36e-4
Edmund,3.35e-4
Myron,3.34e-4
Bradford,3.33e-4
Frankie,3.32e-4
Horace,3.29e-4
Rudy,3.27e-4
Delbert,3.24e-4
Clark,3.23e-4
Geoffrey,3.17e-4
Jan,3.17e-4
Denis,3.13e-4
Alton,3.11e-4
Sherman,3.08e-4
Malcolm,3.06e-4
Sylvester,3.05e-4
Leland,3.05e-4
Wade,3.02e-4
Salvatore,3e-4
Archie,3e-4
Hector,3e-4
Roosevelt,2.99e-4
Stewart,2.98e-4
Tommie,2.95e-4
Wilbert,2.95e-4
Darrel,2.94e-4
Ramon,2.91e-4
Hubert,2.88e-4
Monte,2.88e-4
Isaac,2.85e-4
Rodger,2.85e-4
Doyle,2.84e-4
Jacob,2.83e-4
Jerald,2.83e-4
Oliver,2.82e-4
Preston,2.82e-4
Kenny,2.81e-4
Grant,2.78e-4
Roderick,2.76e-4
Pedro,2.76e-4
Homer,2.75e-4
Felix,2.74e-4
Rocky,2.74e-4
Teddy,2.73e-4
Van,2.71e-4
Julian,2.65e-4
Armando,2.65e-4
Forrest,2.64e-4
Miguel,2.6e-4
Willis,2.6e-4
Pete,2.56e-4
Angelo,2.53e-4
Mickey,2.52e-4
Ivan,2.52e-4
Unknown,2.52e-4
Lowell,2.48e-4
Julius,2.46e-4
Carroll,2.44e-4
Rufus,2.34e-4
Cary,2.33e-4
Mack,2.32e-4
Owen,2.31e-4
Stephan,2.31e-4
Lorenzo,2.3e-4
Percy,2.25e-4
Terence,2.24e-4
Rene,2.2e-4
Grady,2.19e-4
Ervin,2.18e-4
Dallas,2.16e-4
Nick,2.16e-4
Andy,2.14e-4
Ellis,2.14e-4
Andre,2.13e-4
Dewey,2.13e-4
Fernando,2.13e-4
Arturo,2.1e-4
Wilbur,2.09e-4
Dwayne,2.05e-4
Boyd,2.02e-4
Conrad,2.01e-4
Hal,1.98e-4
Irvin,1.98e-4
Freddy,1.97e-4
Bert,1.95e-4
Kyle,1.94e-4
Alfredo,1.93e-4
Adrian,1.89e-4
Sheldon,1.87e-4
Elbert,1.85e-4
Rafael,1.85e-4
Travis,1.84e-4
Royce,1.83e-4
Wilson,1.83e-4
Woodrow,1.8e-4
Alfonso,1.78e-4
Sammie,1.77e-4
Derek,1.75e-4
Guadalupe,1.75e-4
Garland,1.74e-4
Noel,1.73e-4
Alonzo,1.73e-4
Spencer,1.72e-4
Merle,1.71e-4
Lionel,1.71e-4
Carey,1.7e-4
Cornelius,1.7e-4
Monty,1.69e-4
Cleveland,1.68e-4
Jeffry,1.68e-4
Louie,1.67e-4
Pat,1.67e-4
Dominick,1.67e-4
Tracy,1.66e-4
Salvador,1.65e-4
Christian,1.64e-4
Gale,1.64e-4
Ken,1.63e-4
Lanny,1.63e-4
Emmett,1.61e-4
Buddy,1.61e-4
Harlan,1.61e-4
Vance,1.59e-4
Angel,1.59e-4
Gerry,1.58e-4
Aubrey,1.57e-4
Amos,1.55e-4
Marlin,1.55e-4
Miles,1.55e-4
Darwin,1.54e-4
Galen,1.54e-4
Rodolfo,1.53e-4
Derrick,1.52e-4
Wilfred,1.52e-4
Alberto,1.51e-4
Eldon,1.51e-4
Adam,1.5e-4
Edmond,1.5e-4
Dominic,1.49e-4
Dewayne,1.46e-4
Norris,1.45e-4
Evan,1.44e-4
Moses,1.44e-4
Barney,1.43e-4
Dannie,1.43e-4
Jerrold,1.43e-4
Murray,1.43e-4
Marty,1.42e-4
Frederic,1.4e-4
Ron,1.4e-4
Ernie,1.4e-4
Lamar,1.39e-4
Darnell,1.39e-4
Enrique,1.39e-4
Grover,1.38e-4
Ernesto,1.37e-4
Harley,1.37e-4
Ned,1.36e-4
Ronny,1.36e-4
Al,1.36e-4
Clay,1.36e-4
Alphonso,1.35e-4
Blaine,1.35e-4
Dexter,1.35e-4
Gabriel,1.35e-4
Kirby,1.35e-4
Elijah,1.34e-4
Winston,1.32e-4
Curt,1.31e-4
Kelvin,1.31e-4
Junior,1.3e-4
Phil,1.3e-4
Sterling,1.3e-4
Orville,1.3e-4
Abraham,1.29e-4
Brett,1.29e-4
Jorge,1.29e-4
Irving,1.28e-4
Jess,1.27e-4
Reed,1.27e-4
Denny,1.27e-4
Linwood,1.27e-4
Loyd,1.27e-4
Vaughn,1.27e-4
Javier,1.26e-4
Julio,1.25e-4
Reuben,1.24e-4
Elton,1.24e-4
Joey,1.24e-4
Lon,1.22e-4
Donny,1.22e-4
Elliott,1.21e-4
Sanford,1.21e-4
Randell,1.2e-4
Thaddeus,1.19e-4
Billie,1.18e-4
Harrison,1.18e-4
Roscoe,1.17e-4
Simon,1.17e-4
Michel,1.16e-4
Thurman,1.14e-4
Levi,1.12e-4
Blair,1.11e-4
Burton,1.11e-4
Joesph,1.1e-4
Austin,1.09e-4
Dick,1.09e-4
Cornell,1.09e-4
Jason,1.09e-4
Drew,1.08e-4
Kermit,1.08e-4
Kris,1.08e-4
Emanuel,1.08e-4
Sean,1.08e-4
Blake,1.07e-4
Eddy,1.07e-4
Nolan,1.07e-4
Kennith,1.06e-4
Will,1.06e-4
Dudley,1.06e-4
Jaime,1.05e-4
Tomas,1.05e-4
Jasper,1.05e-4
Sandy,1.05e-4
Emil,1.04e-4
Carmen,1.04e-4
Elliot,1.04e-4
Fredric,1.03e-4
Ramiro,1.02e-4
Stevie,1.02e-4
Reid,1.02e-4
Rocco,1.02e-4
Odell,1.01e-4
Norbert,1e-4
Colin,1e-4
August,9.7e-5
Kendall,9.7e-5
Shawn,9.7e-5
Wiley,9.7e-5
Elwood,9.6e-5
Dane,9.6e-5
Toby,9.6e-5
Geary,9.5e-5
Danial,9.5e-5
Erik,9.5e-5
Lane,9.4e-5
Jody,9.4e-5
Millard,9.4e-5
Lamont,9.3e-5
Ulysses,9.3e-5
Felipe,9.3e-5
Ward,9.3e-5
Donn,9.2e-5
Rogelio,9.2e-5
Timmy,9.2e-5
Casey,9.1e-5
Val,9.1e-5
Gilberto,9e-5
Israel,9e-5
Russel,9e-5
Elvin,9e-5
Jeremiah,9e-5
Terrell,9e-5
Gus,8.9e-5
Robbie,8.9e-5
Alejandro,8.9e-5
Eduardo,8.8e-5
Jake,8.8e-5
Justin,8.8e-5
Orlando,8.8e-5
Joshua,8.8e-5
Pablo,8.7e-5
Zachary,8.7e-5
Garrett,8.7e-5
Gail,8.6e-5
Monroe,8.6e-5
Morgan,8.5e-5
Abel,8.4e-5
Elias,8.4e-5
Riley,8.3e-5
Winfred,8.3e-5
Rory,8.3e-5
Merrill,8.2e-5
Reynaldo,8.2e-5
Ivory,8.2e-5
Jackson,8.1e-5
Charley,8.1e-5
Mitchel,8.1e-5
Weldon,8.1e-5
Luke,8e-5
Mary,8e-5
Bobbie,8e-5
Merlin,8e-5
Carter,7.9e-5
Cedric,7.9e-5
Roman,7.9e-5
Maynard,7.9e-5
Erwin,7.8e-5
Jefferson,7.8e-5
Solomon,7.8e-5
Domingo,7.8e-5
Otto,7.8e-5
Andres,7.7e-5
Chuck,7.7e-5
Nicky,7.7e-5
Barton,7.6e-5
Donnell,7.6e-5
Ollie,7.6e-5
Adolph,7.5e-5
Stan,7.5e-5
Jean,7.4e-5
Bennett,7.3e-5
Harris,7.3e-5
Ismael,7.3e-5
Vern,7.3e-5
Bryant,7.2e-5
Emory,7.2e-5
Rogers,7.2e-5
Duncan,7.2e-5
Hollis,7.2e-5
Noah,7.2e-5
Davis,7.1e-5
Delmar,7.1e-5
Jacky,7.1e-5
Sergio,7.1e-5
Booker,7.1e-5
Emery,7.1e-5
Mathew,7.1e-5
Rolando,7.1e-5
Denver,7e-5
Irwin,7e-5
Jamie,7e-5
Armand,7e-5
Eli,7e-5
Guillermo,7e-5
Linda,7e-5
Bart,6.9e-5
Vito,6.9e-5
Bryce,6.9e-5
Dwain,6.9e-5
Ed,6.9e-5
Isaiah,6.8e-5
Jerold,6.8e-5
Anton,6.8e-5
Shelby,6.8e-5
Emilio,6.7e-5
Hiram,6.7e-5
Lindsey,6.7e-5
Santiago,6.7e-5
Damon,6.7e-5
Dickie,6.7e-5
Clair,6.6e-5
Quentin,6.6e-5
Arlen,6.5e-5
Seth,6.5e-5
Connie,6.5e-5
Coy,6.5e-5
Bernie,6.4e-5
Reggie,6.4e-5
Stanford,6.4e-5
Clement,6.3e-5
Douglass,6.3e-5
Benito,6.3e-5
Butch,6.3e-5
Shelton,6.3e-5
Errol,6.2e-5
Myles,6.2e-5
Ryan,6.2e-5
Sonny,6.2e-5
Hershel,6.2e-5
Carson,6.1e-5
Kenton,6.1e-5
Dalton,6.1e-5
Ian,6.1e-5
Rusty,6.1e-5
Scotty,6e-5
Chad,6e-5
Nickolas,6e-5
Ignacio,5.9e-5
Johnie,5.9e-5
Brady,5.9e-5
Major,5.9e-5
Burt,5.8e-5
Cameron,5.8e-5
Lavern,5.8e-5
Wilford,5.8e-5
Wilton,5.8e-5
Doug,5.7e-5
Mac,5.7e-5
Hilton,5.7e-5
Rand,5.7e-5
Gaylord,5.6e-5
Rayford,5.6e-5
Wilmer,5.6e-5
Buford,5.6e-5
Marco,5.6e-5
Carmine,5.5e-5
Hank,5.5e-5
Dee,5.5e-5
Dirk,5.5e-5
Garth,5.5e-5
Lenard,5.5e-5
Stanton,5.5e-5
Stevan,5.5e-5
Augustus,5.4e-5
Cleo,5.4e-5
Isiah,5.4e-5
Gearld,5.4e-5
Laverne,5.4e-5
Marcel,5.4e-5
Patricia,5.4e-5
Shannon,5.4e-5
Stacy,5.4e-5
Corey,5.3e-5
Lemuel,5.3e-5
Nicolas,5.3e-5
Carol,5.3e-5
Freeman,5.3e-5
Lonny,5.3e-5
Mikel,5.3e-5
Pierre,5.3e-5
Basil,5.2e-5
Glynn,5.2e-5
Pasquale,5.2e-5
Royal,5.2e-5
Saul,5.2e-5
Fletcher,5.2e-5
Gayle,5.2e-5
Taylor,5.2e-5
Anderson,5.1e-5
Bud,5.1e-5
Earle,5.1e-5
Leigh,5.1e-5
Silas,5.1e-5
Jeremy,5.1e-5
Mervin,5.1e-5
Napoleon,5.1e-5
Santos,5.1e-5
Wilburn,5.1e-5
Herschel,5e-5
Kip,5e-5
Marlon,5e-5
Everette,5e-5
Forest,5e-5
Jules,5e-5
Raleigh,5e-5
Felton,4.9e-5
Lacy,4.9e-5
Lindsay,4.9e-5
Otha,4.9e-5
Randel,4.9e-5
Scot,4.9e-5
Alva,4.9e-5
Judson,4.9e-5
Marcos,4.9e-5
Alden,4.8e-5
Houston,4.8e-5
Lawerence,4.8e-5
Lincoln,4.8e-5
Humberto,4.8e-5
Milo,4.8e-5
Ricki,4.8e-5
Graham,4.7e-5
Jere,4.7e-5
Kimberly,4.7e-5
Rolland,4.7e-5
Artis,4.7e-5
King,4.7e-5
Rod,4.7e-5
Deborah,4.6e-5
Del,4.6e-5
Emmitt,4.6e-5
Huey,4.6e-5
Tod,4.6e-5
Alphonse,4.6e-5
Ike,4.6e-5
Jonathon,4.6e-5
Len,4.6e-5
Mckinley,4.6e-5
Mose,4.6e-5
Sherwood,4.6e-5
Lauren,4.5e-5
Noe,4.5e-5
Augustine,4.5e-5
Cliff,4.5e-5
Cyril,4.5e-5
Dwaine,4.5e-5
Raphael,4.5e-5
Theron,4.5e-5
Avery,4.4e-5
Erick,4.4e-5
Mason,4.4e-5
Cruz,4.4e-5
Emerson,4.4e-5
Fidel,4.4e-5
Odis,4.4e-5
Woody,4.4e-5
Elroy,4.3e-5
Beverly,4.3e-5
Bruno,4.3e-5
Clint,4.3e-5
Eloy,4.3e-5
Joaquin,4.3e-5
Jordan,4.3e-5
Xavier,4.3e-5
Leonardo,4.2e-5
Lyman,4.2e-5
Tyler,4.2e-5
Wardell,4.2e-5
Brooks,4.2e-5
Carlo,4.2e-5
Olin,4.2e-5
Ritchie,4.2e-5
Burl,4.1e-5
Coleman,4.1e-5
Foster,4.1e-5
Gustavo,4.1e-5
Hans,4.1e-5
Hugo,4.1e-5
Lynwood,4.1e-5
Murphy,4.1e-5
Berry,4.1e-5
Delmer,4.1e-5
Gil,4.1e-5
Matt,4.1e-5
Milford,4.1e-5
Waymon,4.1e-5
Courtney,4e-5
Cyrus,4e-5
Lesley,4e-5
Von,4e-5
Efrain,4e-5
Lupe,4e-5
Warner,4e-5
Dewitt,3.9e-5
Lucius,3.9e-5
Cletus,3.9e-5
Mel,3.9e-5
Normand,3.9e-5
Quinton,3.9e-5
Vicente,3.9e-5
Barbara,3.8e-5
Curtiss,3.8e-5
Kurtis,3.8e-5
Meredith,3.8e-5
Brandon,3.8e-5
Donell,3.8e-5
Donovan,3.8e-5
Emile,3.8e-5
Kit,3.8e-5
Layne,3.8e-5
Verne,3.8e-5
Zane,3.8e-5
Adolfo,3.7e-5
Brice,3.7e-5
Cleve,3.7e-5
Columbus,3.7e-5
Domenic,3.7e-5
Farrell,3.7e-5
Gerardo,3.7e-5
Haywood,3.6e-5
Maxwell,3.6e-5
Truman,3.6e-5
Buster,3.6e-5
Hayward,3.6e-5
Lawrance,3.6e-5
Lorenza,3.6e-5
Trinidad,3.6e-5
Alec,3.5e-5
Audie,3.5e-5
Bertram,3.5e-5
Boyce,3.5e-5
Derrell,3.5e-5
Garfield,3.5e-5
Carleton,3.5e-5
Dennie,3.5e-5
Ferdinand,3.5e-5
Lorin,3.5e-5
Arnulfo,3.4e-5
Bryon,3.4e-5
Cody,3.4e-5
Darren,3.4e-5
Dell,3.4e-5
Emmanuel,3.4e-5
Gaylen,3.4e-5
Hoyt,3.4e-5
Agustin,3.4e-5
Arlie,3.4e-5
Fritz,3.4e-5
Jarvis,3.4e-5
Lucian,3.4e-5
Raymon,3.4e-5
Rubin,3.4e-5
Toney,3.4e-5
Wally,3.4e-5
Alford,3.3e-5
Arden,3.3e-5
Artie,3.3e-5
Brendan,3.3e-5
Olen,3.3e-5
Regis,3.3e-5
Winford,3.3e-5
Adan,3.3e-5
Cris,3.3e-5
Edwardo,3.3e-5
Kelley,3.3e-5
Nancy,3.3e-5
Robby,3.3e-5
Walker,3.3e-5
Alfonzo,3.2e-5
Benedict,3.2e-5
Darold,3.2e-5
Duwayne,3.2e-5
Elmo,3.2e-5
Gaylon,3.2e-5
Jed,3.2e-5
Melton,3.2e-5
Omar,3.2e-5
Shirley,3.2e-5
Brant,3.2e-5
Dorsey,3.2e-5
Garold,3.2e-5
Gregorio,3.2e-5
Issac,3.2e-5
Lyndon,3.2e-5
Reynold,3.2e-5
Rolf,3.2e-5
Theadore,3.2e-5
Vernell,3.2e-5
Vince,3.2e-5
Bonnie,3.1e-5
Cordell,3.1e-5
Hardy,3.1e-5
Jacques,3.1e-5
Lenny,3.1e-5
Parker,3.1e-5
Rollin,3.1e-5
Stefan,3.1e-5
Ashley,3.1e-5
Bernardo,3.1e-5
Carnell,3.1e-5
Cesar,3.1e-5
Garey,3.1e-5
Mikeal,3.1e-5
Rupert,3.1e-5
Stacey,3.1e-5
Thad,3.1e-5
Trent,3.1e-5
Valentine,3.1e-5
Carrol,3e-5
Enoch,3e-5
Erich,3e-5
Ezell,3e-5
Federico,3e-5
Gerold,3e-5
Lindell,3e-5
Sydney,3e-5
Adolphus,3e-5
Eliot,3e-5
Lucious,3e-5
Michal,3e-5
Randle,3e-5
Rob,3e-5
Windell,3e-5
Darius,2.9e-5
Elden,2.9e-5
Harmon,2.9e-5
Isidro,2.9e-5
Jame,2.9e-5
Jared,2.9e-5
Newton,2.9e-5
Noble,2.9e-5
Prince,2.9e-5
Rodrick,2.9e-5
Skip,2.9e-5
Theodis,2.9e-5
Alvis,2.9e-5
Damian,2.9e-5
Dayton,2.9e-5
Eldridge,2.9e-5
Ezra,2.9e-5
Howell,2.9e-5
Jewel,2.9e-5
Kimball,2.9e-5
Lenwood,2.9e-5
Oren,2.9e-5
Raymundo,2.9e-5
Verlin,2.9e-5
Elwin,2.8e-5
Hobert,2.8e-5
Jonas,2.8e-5
Jonnie,2.8e-5
Mahlon,2.8e-5
Milan,2.8e-5
Susan,2.8e-5
Ambrose,2.8e-5
Britt,2.8e-5
Darell,2.8e-5
Edsel,2.8e-5
Genaro,2.8e-5
Josh,2.8e-5
Loy,2.8e-5
Whitney,2.8e-5
Arlan,2.7e-5
Clarke,2.7e-5
Edison,2.7e-5
Elvis,2.7e-5
Ezzard,2.7e-5
Gonzalo,2.7e-5
Johnathan,2.7e-5
Madison,2.7e-5
Maxie,2.7e-5
Wyatt,2.7e-5
Aron,2.7e-5
Benton,2.7e-5
Carmelo,2.7e-5
Davie,2.7e-5
Donal,2.7e-5
Durwood,2.7e-5
Ethan,2.7e-5
Franklyn,2.7e-5
Granville,2.7e-5
Leopoldo,2.7e-5
Lucien,2.7e-5
Margarito,2.7e-5
Orrin,2.7e-5
Orval,2.7e-5
Terrill,2.7e-5
Brock,2.6e-5
Glendon,2.6e-5
Michale,2.6e-5
Quincy,2.6e-5
Wilfredo,2.6e-5
Wyman,2.6e-5
Arlin,2.6e-5
