name,percent
Michael,0.042792
James,0.041729
Robert,0.041714
John,0.039223
David,0.038474
William,0.02971
Richard,0.027573
Thomas,0.022804
Gary,0.018327
Charles,0.018097
Steven,0.017711
Mark,0.017503
Joseph,0.015091
Donald,0.014155
Ronald,0.013353
Paul,0.012677
Kenneth,0.012649
Daniel,0.01222
Larry,0.011888
Stephen,0.010575
Dennis,0.010048
Edward,0.009435
Jeffrey,0.009213
George,0.009032
Gregory,0.008513
Timothy,0.008418
Terry,0.007505
Kevin,0.007409
Douglas,0.007111
Bruce,0.006834
Jerry,0.0066
Anthony,0.006357
Randy,0.006111
Roger,0.005655
Raymond,0.005439
Frank,0.005316
Peter,0.004864
Patrick,0.004791
Lawrence,0.004639
Scott,0.00457
Wayne,0.004425
Danny,0.004395
Alan,0.004211
Gerald,0.004128
Keith,0.004042
Carl,0.003935
Ricky,0.003935
Brian,0.003909
Walter,0.003611
Dale,0.003598
Craig,0.003474
Arthur,0.003314
Willie,0.003298
Johnny,0.003188
Randall,0.00316
Roy,0.003139
Jack,0.003124
Stanley,0.00311
Henry,0.003097
Christopher,0.003079
Harold,0.003063
Ralph,0.003042
Philip,0.003038
Glenn,0.003015
Billy,0.002924
Rodney,0.002883
Joe,0.002833
Barry,0.00282
Russell,0.002785
Andrew,0.002731
Samuel,0.002724
Bobby,0.002656
Albert,0.002635
Jimmy,0.002579
Phillip,0.002488
Steve,0.002441
Eugene,0.002429
Ronnie,0.002408
Martin,0.002405
Howard,0.002382
Louis,0.002346
Allen,0.002331
Frederick,0.002291
Curtis,0.00222
Leonard,0.002175
Harry,0.002109
Micheal,0.002028
Ernest,0.002024
Eric,0.002017
Jeffery,0.001904
Eddie,0.001819
Melvin,0.001795
Fred,0.001791
Francis,0.001786
Darrell,0.001761
Lee,0.001723
Marvin,0.001685
Earl,0.001655
Tommy,0.001652
Norman,0.001649
Rick,0.00163
Jay,0.001628
Victor,0.001627
Vincent,0.001623
Tony,0.001616
Bradley,0.001561
Jose,0.00156
Clarence,0.001538
Kim,0.001533
Dean,0.001531
Jon,0.001524
Clifford,0.001517
Rickey,0.001511
Jerome,0.0015
Theodore,0.001485
Alfred,0.001474
Calvin,0.001451
Ray,0.001441
Jesse,0.001333
Don,0.001327
Jonathan,0.001326
Gordon,0.001322
Bernard,0.001316
Matthew,0.001299
Leroy,0.001272
Warren,0.001262
Herbert,0.001253
Joel,0.001252
Edwin,0.00123
Mike,0.001212
Glen,0.001207
Benjamin,0.001186
Marc,0.00116
Nicholas,0.001146
Alvin,0.001144
Duane,0.001121
Leslie,0.00108
Garry,0.001071
Dan,0.001049
Leon,0.001034
Mitchell,0.001033
Lloyd,0.001024
Guy,0.001015
Vernon,0.001015
Dwight,9.84e-4
Lonnie,9.49e-4
Jackie,9.46e-4
Allan,9.46e-4
Gilbert,9.45e-4
Neil,9.44e-4
Gene,9.18e-4
Floyd,9.06e-4
Juan,9.01e-4
Brad,8.96e-4
Wesley,8.9e-4
Lewis,8.86e-4
Franklin,8.82e-4
Reginald,8.72e-4
Chris,8.69e-4
Robin,8.67e-4
Clyde,8.62e-4
Donnie,8.54e-4
Randolph,8.53e-4
Lester,8.47e-4
Karl,8.44e-4
Dana,8.4e-4
Kent,8.35e-4
Kurt,8.19e-4
Manuel,8.13e-4
Kerry,8.02e-4
Jimmie,7.79e-4
Carlos,7.79e-4
Leo,7.77e-4
Jim,7.72e-4
Milton,7.6e-4
Bill,7.39e-4
Gerard,7.33e-4
Freddie,7.22e-4
Stuart,7.22e-4
Daryl,7.11e-4
Harvey,7.02e-4
Charlie,7.01e-4
Terrence,6.98e-4
Johnnie,6.97e-4
Chester,6.86e-4
Herman,6.85e-4
Lynn,6.84e-4
Tom,6.7e-4
Kirk,6.66e-4
Rex,6.65e-4
Ted,0.00064899999999999995
Darryl,6.45e-4
Roland,6.4e-4
Cecil,6.31e-4
Todd,6.26e-4
Arnold,6.19e-4
Oscar,6.14e-4
Ruben,6.1e-4
Perry,6.08e-4
Alexander,5.98e-4
Nathaniel,5.97e-4
Bryan,5.95e-4
Fredrick,5.95e-4
Maurice,5.94e-4
Brent,5.93e-4
Tyrone,5.93e-4
Antonio,5.59e-4
Claude,5.52e-4
Terrance,5.44e-4
Marshall,5.32e-4
Ricardo,5.26e-4
Neal,5.24e-4
Mario,5.19e-4
Byron,5.08e-4
Clifton,5.02e-4
Sidney,4.94e-4
Luis,4.92e-4
Rickie,4.86e-4
Ross,4.82e-4
Jessie,4.8e-4
Aaron,4.71e-4
Jeff,4.7e-4
Wallace,4.7e-4
Nathan,4.64e-4
Kelly,4.63e-4
Wendell,4.62e-4
Greg,4.62e-4
Gregg,4.54e-4
Hugh,4.54e-4
Nelson,4.54e-4
Lance,4.44e-4
Morris,4.42e-4
Benny,4.41e-4
Edgar,4.38e-4
Randal,4.34e-4
Marcus,4.33e-4
Lyle,4.31e-4
Sam,4.24e-4
Clayton,4.07e-4
Carlton,4.05e-4
Dave,4.03e-4
Marion,4.02e-4
Francisco,4e-4
Tim,3.93e-4
Clinton,3.82e-4
Jesus,3.8e-4
Rocky,3.79e-4
Raul,3.75e-4
Bradford,3.73e-4
Earnest,3.73e-4
Sammy,3.73e-4
Jan,3.71e-4
Roberto,3.68e-4
Wade,3.66e-4
Everett,3.65e-4
Ben,3.64e-4
Otis,3.63e-4
Bennie,3.6e-4
Virgil,3.6e-4
Alex,3.58e-4
Max,3.58e-4
Clark,3.47e-4
Laurence,3.43e-4
Ira,3.42e-4
Andre,3.42e-4
Frankie,3.4e-4
Bob,3.37e-4
Troy,3.36e-4
Loren,3.32e-4
Willard,3.28e-4
Rudy,3.27e-4
Elmer,3.24e-4
Luther,3.24e-4
Geoffrey,3.22e-4
Terence,3.18e-4
Rudolph,3.15e-4
Hector,3.12e-4
Salvatore,3.09e-4
Myron,3.07e-4
Sylvester,3.07e-4
Rodger,3.02e-4
Grant,3.01e-4
Ramon,3.01e-4
Roosevelt,2.97e-4
Darrel,2.95e-4
Edmund,2.95e-4
Horace,2.94e-4
Miguel,2.92e-4
Delbert,2.91e-4
Pedro,2.91e-4
Alton,2.88e-4
Malcolm,2.87e-4
Stewart,2.85e-4
Julius,2.84e-4
Mickey,2.82e-4
Fernando,2.8e-4
Isaac,2.8e-4
Roderick,2.77e-4
Angelo,2.76e-4
Armando,2.76e-4
Van,2.76e-4
Kenny,2.75e-4
Denis,2.75e-4
Monte,2.75e-4
Felix,2.73e-4
Jacob,2.71e-4
Sherman,2.7e-4
Unknown,2.65e-4
Archie,2.6e-4
Dwayne,2.6e-4
Oliver,2.58e-4
Tommie,2.57e-4
Lorenzo,2.53e-4
Stephan,2.53e-4
Doyle,2.49e-4
Wilbert,2.49e-4
Leland,2.49e-4
Hubert,2.48e-4
Derrick,2.47e-4
Cary,2.46e-4
Jerald,2.45e-4
Forrest,2.43e-4
Joey,2.43e-4
Rene,2.42e-4
Andy,2.41e-4
Pete,2.41e-4
Jeffry,2.41e-4
Ivan,2.4e-4
Julian,2.37e-4
Preston,2.35e-4
Rufus,2.29e-4
Lowell,2.28e-4
Teddy,2.28e-4
Homer,2.22e-4
Mack,2.21e-4
Ervin,2.18e-4
Tracy,2.15e-4
Willis,2.14e-4
Kelvin,2.13e-4
Angel,2.11e-4
Dirk,2.1e-4
Shawn,2.09e-4
Brett,2.08e-4
Carroll,2.08e-4
Nick,2.06e-4
Wilbur,2.06e-4
Grady,2.06e-4
Marty,2.05e-4
Rafael,2.04e-4
Hal,2.02e-4
Arturo,2.01e-4
Sean,2.01e-4
Alfonso,1.99e-4
Alfredo,1.97e-4
Sheldon,1.97e-4
Dallas,1.97e-4
Freddy,1.96e-4
Conrad,1.95e-4
Owen,1.95e-4
Carey,1.94e-4
Ron,1.94e-4
Kyle,1.93e-4
Derek,1.92e-4
Dewey,1.9e-4
Ellis,1.83e-4
Alonzo,1.8e-4
Adrian,1.78e-4
Ken,1.78e-4
Sammie,1.76e-4
Royce,1.76e-4
Travis,1.76e-4
Percy,1.75e-4
Miles,1.72e-4
Shane,1.72e-4
Dominic,1.72e-4
Garland,1.72e-4
Lionel,1.72e-4
Monty,1.71e-4
Noel,1.71e-4
Christian,1.7e-4
Elbert,1.69e-4
Irvin,1.69e-4
Bert,1.68e-4
Jorge,1.68e-4
Jerrold,1.66e-4
Rodolfo,1.66e-4
Guadalupe,1.65e-4
Boyd,1.64e-4
Clay,1.64e-4
Aubrey,1.64e-4
Marlin,1.63e-4
Gerry,1.62e-4
Wilson,1.61e-4
Cornelius,1.6e-4
Buddy,1.58e-4
Dexter,1.58e-4
Blaine,1.58e-4
Kirby,1.58e-4
Alberto,1.57e-4
Cleveland,1.55e-4
Darwin,1.55e-4
Louie,1.53e-4
Dominick,1.52e-4
Ronny,1.52e-4
Curt,1.5e-4
Al,1.5e-4
Pat,1.49e-4
Stevie,1.49e-4
Galen,1.49e-4
Salvador,1.49e-4
Woodrow,1.49e-4
Jason,1.48e-4
Edmond,1.48e-4
Merle,1.47e-4
Abraham,1.46e-4
Jaime,1.44e-4
Elton,1.43e-4
Spencer,1.42e-4
Dewayne,1.42e-4
Darnell,1.41e-4
Rory,1.41e-4
Gabriel,1.39e-4
Lamar,1.39e-4
Murray,1.39e-4
Evan,1.38e-4
Adam,1.37e-4
Dane,1.36e-4
Emmett,1.36e-4
Amos,1.36e-4
Vance,1.35e-4
Enrique,1.34e-4
Joesph,1.34e-4
Blake,1.34e-4
Orlando,1.34e-4
Blair,1.33e-4
Donny,1.33e-4
Ernie,1.33e-4
Harlan,1.33e-4
Alphonso,1.32e-4
Eldon,1.32e-4
Winston,1.31e-4
Moses,1.31e-4
Sandy,1.3e-4
Garth,1.29e-4
Ned,1.26e-4
Barney,1.26e-4
Drew,1.26e-4
Junior,1.25e-4
Elliott,1.24e-4
Thaddeus,1.23e-4
Elijah,1.23e-4
Wilfred,1.23e-4
Gale,1.22e-4
Jamie,1.22e-4
Reed,1.22e-4
Sterling,1.21e-4
Linwood,1.21e-4
Timmy,1.21e-4
Julio,1.2e-4
Irving,1.19e-4
Orville,1.19e-4
Colin,1.19e-4
Javier,1.19e-4
Jess,1.19e-4
Billie,1.18e-4
Norris,1.18e-4
Harley,1.17e-4
Michel,1.17e-4
Lanny,1.16e-4
Austin,1.15e-4
Phil,1.15e-4
Casey,1.14e-4
Vaughn,1.14e-4
Ernesto,1.13e-4
Lamont,1.12e-4
Lon,1.11e-4
Randell,1.11e-4
Ramiro,1.1e-4
Frederic,1.09e-4
Simon,1.09e-4
Robbie,1.09e-4
Abel,1.08e-4
Sanford,1.08e-4
Cedric,1.07e-4
Dannie,1.06e-4
Denny,1.06e-4
Emanuel,1.06e-4
Erik,1.06e-4
Kermit,1.06e-4
Reynaldo,1.06e-4
Seth,1.05e-4
Grover,1.05e-4
Carmen,1.04e-4
Eddy,1.04e-4
Kendall,1.04e-4
Levi,1.04e-4
Damon,1.04e-4
Scot,1.04e-4
Justin,1.03e-4
Jasper,1.01e-4
Vern,1.01e-4
Nolan,1e-4
Marlon,1e-4
Rusty,1e-4
Will,1e-4
Harrison,9.9e-5
Chad,9.9e-5
Rocco,9.9e-5
Cornell,9.8e-5
Danial,9.8e-5
Kris,9.8e-5
Norbert,9.8e-5
Jody,9.7e-5
Zachary,9.7e-5
Eduardo,9.6e-5
Gus,9.6e-5
Hollis,9.5e-5
Luke,9.5e-5
Bart,9.4e-5
Dudley,9.4e-5
Kennith,9.4e-5
Terrell,9.4e-5
Ward,9.4e-5
August,9.3e-5
Elwood,9.2e-5
Loyd,9.2e-5
Burton,9.2e-5
Carter,9.1e-5
Pablo,9.1e-5
Joshua,9.1e-5
Stan,9.1e-5
Thurman,9e-5
Bennett,8.9e-5
Roscoe,8.9e-5
Toby,8.9e-5
Mathew,8.9e-5
Bryant,8.8e-5
Elvin,8.8e-5
Lane,8.8e-5
Reuben,8.8e-5
Emil,8.7e-5
Felipe,8.6e-5
Jefferson,8.6e-5
Millard,8.6e-5
Reid,8.6e-5
Dwain,8.6e-5
Morgan,8.6e-5
Odell,8.6e-5
Doug,8.5e-5
Roman,8.5e-5
Erwin,8.4e-5
Fredric,8.4e-5
Cameron,8.3e-5
Gilberto,8.3e-5
Hank,8.3e-5
Jake,8.3e-5
Ulysses,8.3e-5
Emory,8.3e-5
Tomas,8.2e-5
Garrett,8.2e-5
Ian,8.2e-5
Jeremiah,8.2e-5
Lindsey,8.2e-5
Mary,8.2e-5
Pierre,8.2e-5
Domingo,8.1e-5
Donn,8.1e-5
Ed,8.1e-5
Russel,8.1e-5
Ivory,8e-5
Jerold,8e-5
Riley,8e-5
Solomon,8e-5
Dick,8e-5
Wiley,8e-5
Nicky,7.9e-5
Elliot,7.9e-5
Ismael,7.8e-5
Israel,7.8e-5
Jacky,7.8e-5
Barton,7.8e-5
Brandon,7.8e-5
Elias,7.8e-5
Santos,7.8e-5
Alejandro,7.7e-5
Jean,7.7e-5
Duncan,7.6e-5
Kenton,7.5e-5
Sergio,7.5e-5
Arlen,7.5e-5
Bryce,7.5e-5
Coy,7.5e-5
Mitchel,7.5e-5
Rolando,7.5e-5
Delmar,7.5e-5
Lonny,7.5e-5
Merrill,7.4e-5
Shelby,7.4e-5
Bobbie,7.3e-5
Corey,7.3e-5
Brady,7.2e-5
Donnell,7.2e-5
Merlin,7.2e-5
Otto,7.2e-5
Chuck,7.2e-5
Rogelio,7.2e-5
Geary,7.1e-5
Guillermo,7.1e-5
Adolph,7.1e-5
Bernie,7.1e-5
Kimberly,7.1e-5
Davis,7e-5
Val,7e-5
Matt,7e-5
Weldon,7e-5
Vito,6.9e-5
Winfred,6.9e-5
Andres,6.9e-5
Audie,6.9e-5
Armand,6.8e-5
Burt,6.8e-5
Harris,6.8e-5
Benito,6.8e-5
Ricki,6.8e-5
Rod,6.8e-5
Scotty,6.8e-5
Cory,6.7e-5
Mikel,6.7e-5
Carson,6.7e-5
Clement,6.6e-5
Ryan,6.6e-5
Lenard,6.5e-5
Ollie,6.5e-5
Stanford,6.5e-5
Eli,6.5e-5
Isaiah,6.5e-5
Quentin,6.4e-5
Stacy,6.4e-5
Rogers,6.4e-5
Sonny,6.4e-5
Emilio,6.3e-5
Jonathon,6.3e-5
Maynard,6.3e-5
Noah,6.3e-5
Charley,6.2e-5
Jed,6.2e-5
Avery,6.1e-5
Shelton,6.1e-5
Emery,6.1e-5
Cliff,6e-5
Freeman,6e-5
Del,6e-5
Santiago,6e-5
Shannon,6e-5
Kip,5.9e-5
Ritchie,5.9e-5
Saul,5.9e-5
Anton,5.9e-5
Hans,5.9e-5
Hiram,5.9e-5
Reggie,5.9e-5
Irwin,5.8e-5
Anderson,5.7e-5
Denver,5.7e-5
Emerson,5.7e-5
Ignacio,5.7e-5
Silas,5.7e-5
Tyler,5.7e-5
Jackson,5.7e-5
Douglass,5.6e-5
Linda,5.6e-5
Everette,5.6e-5
Johnie,5.6e-5
Monroe,5.6e-5
Stanton,5.6e-5
Marco,5.5e-5
Rob,5.5e-5
Basil,5.4e-5
Gerardo,5.4e-5
Glynn,5.4e-5
Royal,5.4e-5
Wilfredo,5.4e-5
Dickie,5.4e-5
Gustavo,5.4e-5
Huey,5.4e-5
Major,5.4e-5
Stevan,5.3e-5
Wilford,5.3e-5
Carmine,5.2e-5
Connie,5.2e-5
Felton,5.2e-5
Gail,5.2e-5
Jeremy,5.2e-5
Jordan,5.2e-5
Laverne,5.2e-5
Rand,5.2e-5
Randel,5.2e-5
Raphael,5.2e-5
Efrain,5.2e-5
Hershel,5.2e-5
Kurtis,5.2e-5
Marcel,5.2e-5
Tod,5.2e-5
Xavier,5.2e-5
Lemuel,5.1e-5
Mckinley,5.1e-5
Nickolas,5.1e-5
Nicolas,5.1e-5
Vince,5.1e-5
Myles,5.1e-5
Zane,5.1e-5
Clair,5e-5
Mervin,5e-5
Napoleon,5e-5
Dwaine,4.9e-5
Forest,4.9e-5
Brooks,4.9e-5
Butch,4.9e-5
Earle,4.9e-5
Gil,4.9e-5
Isiah,4.9e-5
Patricia,4.9e-5
Shaun,4.9e-5
Marcos,4.8e-5
Augustus,4.7e-5
Buford,4.7e-5
Dee,4.7e-5
Trent,4.7e-5
Lawerence,4.7e-5
Leigh,4.7e-5
Toney,4.7e-5
Augustine,4.6e-5
Bryon,4.6e-5
Fritz,4.6e-5
Lindsay,4.6e-5
Milo,4.6e-5
Robby,4.6e-5
Fletcher,4.6e-5
Leonardo,4.6e-5
Rayford,4.6e-5
Dalton,4.5e-5
Ricci,4.5e-5
Emmanuel,4.5e-5
Cyril,4.5e-5
Rolland,4.5e-5
Booker,4.4e-5
Graham,4.4e-5
Herschel,4.4e-5
Otha,4.4e-5
Dusty,4.4e-5
Houston,4.4e-5
Jared,4.4e-5
Lenny,4.4e-5
Theron,4.4e-5
Hilton,4.3e-5
Judson,4.3e-5
Alden,4.3e-5
Debra,4.3e-5
Errol,4.3e-5
Gaylon,4.3e-5
Adolfo,4.2e-5
Burl,4.2e-5
Carol,4.2e-5
Courtney,4.2e-5
Dino,4.2e-5
Lyman,4.2e-5
Artis,4.2e-5
Coleman,4.2e-5
Hoyt,4.2e-5
Jacques,4.2e-5
Odis,4.2e-5
Raleigh,4.2e-5
Verne,4.2e-5
Wilburn,4.2e-5
Berry,4.1e-5
Delmer,4.1e-5
Mac,4.1e-5
Mel,4.1e-5
Sherwood,4.1e-5
Vicente,4.1e-5
Britt,4.1e-5
Bud,4.1e-5
Rock,4.1e-5
Taylor,4.1e-5
Von,4.1e-5
Bret,4e-5
Carlo,4e-5
Emmitt,4e-5
Jere,4e-5
Lavern,4e-5
Michale,4e-5
Randle,4e-5
Wilmer,4e-5
Bertram,4e-5
Cleo,4e-5
Clint,4e-5
Elmo,4e-5
Elroy,4e-5
Faron,4e-5
Garold,4e-5
Robbin,4e-5
Russ,4e-5
Gregorio,3.9e-5
Jules,3.9e-5
Wilton,3.9e-5
Curtiss,3.9e-5
Deborah,3.9e-5
Federico,3.9e-5
Hugo,3.9e-5
Keven,3.9e-5
Cleve,3.8e-5
Cyrus,3.8e-5
Domenic,3.8e-5
Fidel,3.8e-5
Johnathan,3.8e-5
Layne,3.8e-5
Lyndon,3.8e-5
Lynwood,3.8e-5
Maxwell,3.8e-5
Dorsey,3.8e-5
Waymon,3.8e-5
Alford,3.7e-5
Donell,3.7e-5
Lupe,3.7e-5
Olen,3.7e-5
Omar,3.7e-5
Reynold,3.7e-5
Rubin,3.7e-5
Arnulfo,3.7e-5
Derrell,3.7e-5
Gavin,3.7e-5
Ike,3.7e-5
Issac,3.7e-5
King,3.7e-5
Cesar,3.6e-5
Cody,3.6e-5
Donovan,3.6e-5
Duke,3.6e-5
Lesley,3.6e-5
Benedict,3.6e-5
Carmelo,3.6e-5
Columbus,3.6e-5
Gearld,3.6e-5
Hayward,3.6e-5
Haywood,3.6e-5
Jarvis,3.6e-5
Kevan,3.6e-5
Kit,3.6e-5
Prince,3.6e-5
Richie,3.6e-5
Rolf,3.6e-5
Truman,3.6e-5
Ashley,3.5e-5
Boyce,3.5e-5
Eloy,3.5e-5
Farrell,3.5e-5
Greggory,3.5e-5
Lauren,3.5e-5
Normand,3.5e-5
Woody,3.5e-5
Alvis,3.5e-5
Chip,3.5e-5
Dennie,3.5e-5
Gayle,3.5e-5
Lucious,3.5e-5
Stacey,3.5e-5
Wardell,3.5e-5
Blane,3.4e-5
Carnell,3.4e-5
Cruz,3.4e-5
Olin,3.4e-5
Quinton,3.4e-5
Reyes,3.4e-5
Alfonzo,3.4e-5
Alva,3.4e-5
Arden,3.4e-5
Arlie,3.4e-5
Dewitt,3.4e-5
Len,3.4e-5
Mason,3.4e-5
Noe,3.4e-5
Scottie,3.4e-5
Agustin,3.3e-5
Bernardo,3.3e-5
Beverly,3.3e-5
Brant,3.3e-5
Brendan,3.3e-5
Chauncey,3.3e-5
Dell,3.3e-5
Demetrius,3.3e-5
Ferdinand,3.3e-5
Gaylord,3.3e-5
Humberto,3.3e-5
Regis,3.3e-5
Walton,3.3e-5
Bruno,3.3e-5
Franklyn,3.3e-5
Hunter,3.3e-5
Joaquin,3.3e-5
Lacy,3.3e-5
Lincoln,3.3e-5
Raymon,3.3e-5
Rollin,3.3e-5
Alphonse,3.2e-5
Claud,3.2e-5
Damian,3.2e-5
Michal,3.2e-5
Milford,3.2e-5
Vernell,3.2e-5
Wally,3.2e-5
Darell,3.2e-5
Rahn,3.2e-5
Shirley,3.2e-5
Susan,3.2e-5
Artie,3.1e-5
Barrett,3.1e-5
Darold,3.1e-5
Edwardo,3.1e-5
Emile,3.1e-5
Kelley,3.1e-5
Kimball,3.1e-5
Thad,3.1e-5
Walker,3.1e-5
Desmond,3.1e-5
Erick,3.1e-5
Ethan,3.1e-5
Maxie,3.1e-5
Melton,3.1e-5
Alvaro,3e-5
Ambrose,3e-5
Cletus,3e-5
Cole,3e-5
Foster,3e-5
Levon,3e-5
Rudolfo,3e-5
Barron,3e-5
Delton,3e-5
Duwayne,3e-5
Kirt,3e-5
Lannie,3e-5
Lucius,3e-5
Marcellus,3e-5
Newton,3e-5
Pasquale,3e-5
Quincy,3e-5
Stefan,3e-5
Erich,3e-5
Gerold,3e-5
Gino,3e-5
Murphy,3e-5
Benton,2.9e-5
Buster,2.9e-5
Clarke,2.9e-5
Elwin,2.9e-5
Gonzalo,2.9e-5
Logan,2.9e-5
Meredith,2.9e-5
Carleton,2.9e-5
Glendon,2.9e-5
Heriberto,2.9e-5
Howell,2.9e-5
Jonas,2.9e-5
Jude,2.9e-5
Levern,2.9e-5
Lex,2.9e-5
Margarito,2.9e-5
Michial,2.9e-5
Noble,2.9e-5
Parker,2.9e-5
Warner,2.9e-5
Wyatt,2.9e-5
Antony,2.8e-5
Aron,2.8e-5
Arvin,2.8e-5
Barbara,2.8e-5
Darcy,2.8e-5
Darius,2.8e-5
Eliot,2.8e-5
Enoch,2.8e-5
Gaylen,2.8e-5
Giles,2.8e-5
Lorenza,2.8e-5
Merritt,2.8e-5
Micky,2.8e-5
Patric,2.8e-5
Raymundo,2.8e-5
Winford,2.8e-5
Abe,2.8e-5
Cordell,2.8e-5
Dwane,2.8e-5
Ezra,2.8e-5
Lucien,2.8e-5
Mariano,2.8e-5
Rowland,2.8e-5
Bradly,2.7e-5
Eldridge,2.7e-5
Harmon,2.7e-5
Kennard,2.7e-5
Lorin,2.7e-5
Lyn,2.7e-5
