name,percent
Mary,0.029135
Susan,0.021909
Linda,0.021216
Debra,0.020366
Karen,0.019354
Deborah,0.0191
Cynthia,0.018742
Patricia,0.018723
Barbara,0.014158
Donna,0.013376
Nancy,0.013118
Pamela,0.011925
Brenda,0.011596
Sharon,0.01158
Sandra,0.01085
Cheryl,0.010799
Diane,0.010529
Carol,0.010441
Cindy,0.009654
Kathy,0.009648
Kathleen,0.009413
Elizabeth,0.008339
Janet,0.007506
Teresa,0.007473
Denise,0.007218
Lisa,0.007213
Debbie,0.006852
Julie,0.006501
Margaret,0.006203
Robin,0.005992
Laura,0.005805
Janice,0.005703
Carolyn,0.005519
Rebecca,0.005477
Kim,0.005448
Theresa,0.005332
Catherine,0.005317
Judy,0.005028
Cathy,0.004914
Joyce,0.00484
Christine,0.004568
Kimberly,0.004505
Diana,0.004491
Ann,0.004312
Lori,0.004273
Shirley,0.004214
Connie,0.004178
Beverly,0.004075
Paula,0.00407
Betty,0.004037
Vicki,0.003862
Rhonda,0.003832
Judith,0.003822
Gail,0.003782
Sherry,0.003725
Jane,0.003713
Darlene,0.00371
Sheila,0.003699
Wanda,0.003669
Joan,0.003614
Lynn,0.003546
Peggy,0.003517
Martha,0.003511
Bonnie,0.003449
Kathryn,0.003436
Gloria,0.003394
Jean,0.003361
Terri,0.003324
Rose,0.00329
Vickie,0.003261
Maria,0.003223
Katherine,0.003165
Laurie,0.003123
Dorothy,0.003055
Virginia,0.002979
Valerie,0.002966
Leslie,0.00291
Rita,0.002869
Michelle,0.002853
Tina,0.002794
Anita,0.002771
Marilyn,0.002735
Jo,0.002728
Ruth,0.002702
Ellen,0.002661
Jennifer,0.002614
Anne,0.002612
Angela,0.002539
Victoria,0.002538
Phyllis,0.00253
Jacqueline,0.002523
Terry,0.002508
Dawn,0.00246
Joanne,0.002435
Helen,0.002391
Elaine,0.002388
Annette,0.002338
Marie,0.002317
Michele,0.00226
Jill,0.002258
Wendy,0.002239
Suzanne,0.002223
Maureen,0.002193
Sue,0.002144
Alice,0.002117
Anna,0.002117
Tammy,0.00208
Beth,0.002076
Sylvia,0.002047
Stephanie,0.002007
Renee,0.001987
Sheryl,0.001968
Frances,0.001951
Amy,0.001943
Sally,0.001906
Sarah,0.001899
Jeanne,0.001882
Colleen,0.001853
Doris,0.001779
Eileen,0.001769
Roberta,0.001765
Julia,0.001759
Regina,0.001744
Yvonne,0.001739
Evelyn,0.001732
Marcia,0.00169
Becky,0.001681
Carla,0.001649
Lorraine,0.001631
Andrea,0.001606
Loretta,0.001594
Gwendolyn,0.001572
Charlotte,0.001555
Glenda,0.001524
Dianne,0.001517
Charlene,0.001503
Joann,0.001457
Penny,0.001451
Marianne,0.00144
Jan,0.001423
Norma,0.001419
Vicky,0.001404
Joy,0.001397
Marsha,0.001393
Lois,0.00137
Melinda,0.001348
Melissa,0.001325
Patti,0.001286
Audrey,0.001232
Doreen,0.001202
Monica,0.001188
Melanie,0.001177
Vivian,0.001159
Constance,0.001153
Dana,0.00115
Juanita,0.001143
Holly,0.001141
Toni,0.001141
Vanessa,0.001138
Lynne,0.001132
Debora,0.001129
Jackie,0.001125
Kay,0.001124
Belinda,0.001119
Yolanda,0.001111
Louise,0.001103
Jeanette,0.001096
Rosemary,0.001084
Irene,0.001078
Christina,0.001074
Sherri,0.00107
Carmen,0.001058
Gayle,0.001044
Patty,0.001037
Carrie,0.001028
Jody,0.001018
Marlene,0.001012
Sara,0.001005
Gina,0.001002
Shelia,9.94e-4
Rosa,9.89e-4
Melody,9.49e-4
Tracy,9.37e-4
Pam,9.34e-4
Veronica,9.27e-4
Grace,9.15e-4
Kelly,9.1e-4
Sandy,9.03e-4
Geraldine,8.83e-4
June,8.83e-4
Tamara,8.8e-4
Annie,8.75e-4
Lee,8.75e-4
Rachel,8.71e-4
Lynda,8.67e-4
Eva,8.59e-4
Ruby,8.5e-4
Roxanne,8.46e-4
Dianna,8.45e-4
Shelley,8.2e-4
Teri,8.18e-4
Ramona,8.15e-4
Arlene,8.09e-4
Claudia,7.93e-4
Delores,7.89e-4
Lydia,7.72e-4
Patsy,7.69e-4
Carole,7.68e-4
Lillian,7.63e-4
Marjorie,7.57e-4
Sheri,7.57e-4
Dolores,7.48e-4
Janis,7.41e-4
Joni,7.32e-4
Karla,7.3e-4
Jayne,7.28e-4
Esther,7.06e-4
Sherrie,6.94e-4
Priscilla,6.92e-4
Heidi,6.92e-4
Josephine,6.87e-4
Jeannie,6.81e-4
Crystal,6.75e-4
Edith,6.73e-4
Mildred,6.71e-4
Maryann,6.65e-4
Lucy,6.43e-4
Marian,6.43e-4
Pauline,6.39e-4
Darla,6.35e-4
Marla,6.34e-4
Nina,6.29e-4
April,6.23e-4
Lauren,6.22e-4
Janie,6.19e-4
Margie,6.14e-4
Deanna,6.14e-4
Jamie,6.09e-4
Georgia,5.94e-4
Susie,5.92e-4
Edna,5.9e-4
Mona,5.88e-4
Emma,5.79e-4
Shelly,5.78e-4
Gale,5.76e-4
Emily,5.76e-4
Tanya,5.74e-4
Jacquelyn,5.71e-4
Robyn,5.65e-4
Bobbie,5.54e-4
Nora,5.53e-4
Candace,5.51e-4
Caroline,5.41e-4
Therese,5.4e-4
Laurel,5.35e-4
Jenny,5.33e-4
Clara,5.31e-4
Cheri,5.3e-4
Myra,5.27e-4
Irma,5.25e-4
Alicia,5.24e-4
Betsy,5.23e-4
Paulette,5.22e-4
Cathleen,5.11e-4
Gladys,5.11e-4
Cecilia,5.04e-4
Natalie,5.03e-4
Marion,5.03e-4
Vera,5.02e-4
Lynette,4.93e-4
Claire,4.91e-4
Lucinda,4.88e-4
Chris,4.87e-4
Bertha,4.85e-4
Erin,4.83e-4
Ginger,4.8e-4
Ronda,4.78e-4
Cassandra,4.76e-4
Luann,4.75e-4
Bernadette,4.73e-4
Billie,4.72e-4
Rosie,4.71e-4
Tracey,4.7e-4
Kristine,4.69e-4
Beatrice,4.68e-4
Bernice,4.68e-4
Alma,4.68e-4
Wilma,4.67e-4
Bonita,4.63e-4
Ella,4.6e-4
Thelma,4.6e-4
Eleanor,4.56e-4
Christy,4.56e-4
Dora,4.55e-4
Antoinette,4.51e-4
Lucille,4.51e-4
Miriam,4.51e-4
Faye,4.48e-4
Terrie,4.41e-4
Jeri,4.36e-4
Sabrina,4.36e-4
Rosemarie,4.34e-4
Patrice,4.33e-4
Sheree,4.33e-4
Jodi,4.31e-4
Nadine,4.28e-4
Francine,4.27e-4
Iris,4.26e-4
Lou,4.21e-4
Ethel,4.2e-4
Florence,4.18e-4
Candy,4.15e-4
Ida,4.14e-4
Jeannette,4.11e-4
Tami,4.07e-4
Jana,4.05e-4
Gwen,3.97e-4
Faith,3.94e-4
Pat,3.88e-4
Shari,3.88e-4
Kerry,3.87e-4
Kristi,3.81e-4
Yvette,3.79e-4
Lillie,3.77e-4
Jennie,3.76e-4
Willie,3.75e-4
Rochelle,3.74e-4
Cherie,3.71e-4
Trudy,3.69e-4
Maxine,3.68e-4
Nanette,3.67e-4
Lorna,3.61e-4
Hazel,3.56e-4
Sonia,3.55e-4
Lora,3.51e-4
Leah,3.5e-4
Stella,3.49e-4
Adrienne,3.48e-4
Kimberley,3.43e-4
Shannon,3.38e-4
Molly,3.33e-4
Naomi,3.32e-4
Shawn,3.31e-4
Celeste,3.3e-4
Karin,3.29e-4
Cecelia,3.26e-4
Marguerite,3.24e-4
Stacy,3.23e-4
Stacey,3.21e-4
Susanne,3.21e-4
Velma,3.19e-4
Dale,3.18e-4
Amanda,3.18e-4
Heather,3.17e-4
Debby,3.16e-4
Lana,3.1e-4
Tonya,3.08e-4
Janette,3.06e-4
Marcella,3.02e-4
Rene,3.02e-4
Jessie,3.01e-4
Bridget,2.99e-4
Kathi,2.98e-4
Tammie,2.95e-4
Leigh,2.94e-4
Lorrie,2.93e-4
Dixie,2.9e-4
Jolene,2.9e-4
Verna,2.88e-4
Mindy,2.86e-4
Laverne,2.85e-4
Margarita,2.81e-4
Hilda,2.8e-4
Gay,2.78e-4
Joanna,2.78e-4
Janine,2.77e-4
Felicia,2.76e-4
Lenora,2.76e-4
Rosanne,2.75e-4
Alison,2.72e-4
Gretchen,2.69e-4
Olga,2.69e-4
Jerri,2.68e-4
Geneva,2.68e-4
Rosalie,2.68e-4
Harriet,2.67e-4
Kathie,2.67e-4
Deloris,2.62e-4
Lena,2.61e-4
Rosalind,2.59e-4
Lorie,2.58e-4
Leticia,2.57e-4
Della,2.57e-4
Candice,2.56e-4
Corinne,2.56e-4
Kristin,2.56e-4
Guadalupe,2.53e-4
Sonja,2.53e-4
Christie,2.52e-4
Luanne,2.51e-4
Amelia,2.49e-4
Leann,2.49e-4
Mattie,2.49e-4
Celia,2.48e-4
Margo,2.47e-4
Olivia,2.47e-4
Cora,2.46e-4
Madeline,2.46e-4
Johnnie,2.44e-4
Katie,2.44e-4
Polly,2.42e-4
Jeanine,2.4e-4
Noreen,2.4e-4
Camille,2.39e-4
Trina,2.39e-4
Jeanie,2.38e-4
Elsie,2.37e-4
Leona,2.37e-4
Freda,2.36e-4
Agnes,2.35e-4
Desiree,2.35e-4
Daisy,2.34e-4
Delia,2.34e-4
Katrina,2.32e-4
Jodie,2.31e-4
Robbie,2.31e-4
Lola,2.3e-4
Marcy,2.29e-4
Rena,2.28e-4
Dee,2.28e-4
Jessica,2.26e-4
Dena,2.26e-4
Ana,2.25e-4
Allison,2.23e-4
Bessie,2.22e-4
Diann,2.19e-4
Tara,2.19e-4
Angie,2.19e-4
Cindi,2.18e-4
Ernestine,2.18e-4
Mae,2.16e-4
Helene,2.16e-4
Denice,2.15e-4
Jeannine,2.13e-4
Viola,2.12e-4
Marta,2.12e-4
Hope,2.11e-4
Pearl,2.11e-4
Leanne,2.1e-4
Isabel,2.09e-4
Mitzi,2.09e-4
Eunice,2.07e-4
Colette,2.07e-4
Alberta,2.06e-4
Ava,2.06e-4
Nellie,2.06e-4
Myrna,2.05e-4
Lesa,2.03e-4
Bernadine,2.02e-4
Bobbi,2.01e-4
Penelope,2.01e-4
Kris,2e-4
Ladonna,1.99e-4
Minnie,1.99e-4
Flora,1.98e-4
Mari,1.96e-4
Kimberlee,1.96e-4
Janelle,1.95e-4
Katharine,1.94e-4
Kristy,1.93e-4
Reba,1.93e-4
Elena,1.92e-4
Valarie,1.92e-4
Lesley,1.89e-4
Sonya,1.88e-4
Ada,1.88e-4
Vickey,1.87e-4
Gracie,1.86e-4
Rae,1.86e-4
Lauri,1.86e-4
Lynnette,1.86e-4
Gayla,1.85e-4
Caren,1.85e-4
Melba,1.85e-4
Roseann,1.85e-4
Violet,1.83e-4
Debi,1.83e-4
Frankie,1.82e-4
Sharron,1.82e-4
Robbin,1.8e-4
Maryanne,1.8e-4
Claudette,1.76e-4
Nita,1.75e-4
Shelby,1.75e-4
Randi,1.74e-4
Julianne,1.73e-4
Sondra,1.73e-4
Suzan,1.73e-4
Erma,1.72e-4
Lila,1.72e-4
Danette,1.71e-4
Elise,1.7e-4
Sallie,1.7e-4
Ingrid,1.69e-4
Ivy,1.69e-4
Kristina,1.69e-4
Rhoda,1.69e-4
Jocelyn,1.68e-4
Eugenia,1.67e-4
Althea,1.67e-4
Suzette,1.65e-4
Dona,1.64e-4
Henrietta,1.64e-4
Lea,1.64e-4
Melodie,1.64e-4
Rosalyn,1.64e-4
Carlene,1.62e-4
Kaye,1.62e-4
Charmaine,1.62e-4
Elsa,1.62e-4
Genevieve,1.6e-4
Kari,1.6e-4
Mariann,1.6e-4
Roslyn,1.59e-4
Lorene,1.58e-4
Roxann,1.57e-4
Elisa,1.57e-4
Hattie,1.56e-4
Malinda,1.55e-4
Geri,1.55e-4
Dinah,1.54e-4
Glenna,1.54e-4
Saundra,1.54e-4
Unknown,1.54e-4
Ruthie,1.54e-4
Coleen,1.53e-4
Geralyn,1.52e-4
Benita,1.51e-4
Elisabeth,1.5e-4
Adele,1.5e-4
Kristie,1.5e-4
Daphne,1.49e-4
Sharlene,1.49e-4
Eloise,1.48e-4
Rosetta,1.48e-4
Felecia,1.47e-4
Lula,1.47e-4
Inez,1.46e-4
Ilene,1.46e-4
Christi,1.45e-4
Cathryn,1.44e-4
Dorothea,1.44e-4
Gertrude,1.43e-4
Cherry,1.43e-4
Deirdre,1.42e-4
Maggie,1.42e-4
Kristen,1.42e-4
Deana,1.41e-4
Fannie,1.41e-4
Vikki,1.41e-4
Clare,1.39e-4
Laureen,1.39e-4
Barb,1.38e-4
Kelley,1.38e-4
Roxane,1.38e-4
Darcy,1.38e-4
Kelli,1.38e-4
Lenore,1.38e-4
Eve,1.37e-4
Maura,1.37e-4
Mamie,1.36e-4
Leisa,1.36e-4
Angelia,1.35e-4
Estella,1.35e-4
Nelda,1.35e-4
Patrica,1.34e-4
James,1.34e-4
Lyn,1.34e-4
Liz,1.33e-4
Renae,1.33e-4
Greta,1.32e-4
Bettie,1.31e-4
Johanna,1.3e-4
Josie,1.3e-4
Tracie,1.3e-4
Alfreda,1.3e-4
Pamala,1.29e-4
Lorri,1.29e-4
Maryellen,1.29e-4
Bette,1.28e-4
Dorene,1.28e-4
Marcie,1.28e-4
Terese,1.28e-4
Alisa,1.27e-4
Debbi,1.27e-4
Georgette,1.27e-4
Susanna,1.27e-4
Fay,1.26e-4
Corrine,1.26e-4
Earnestine,1.26e-4
Teena,1.26e-4
Helena,1.25e-4
Antonia,1.25e-4
Tena,1.25e-4
Kerri,1.24e-4
Kitty,1.24e-4
Danita,1.24e-4
Megan,1.24e-4
Blanca,1.23e-4
Robert,1.23e-4
Cheryle,1.22e-4
Caryn,1.22e-4
Michael,1.22e-4
Silvia,1.22e-4
Valorie,1.22e-4
Avis,1.21e-4
Tamera,1.21e-4
Delois,1.21e-4
Marisa,1.21e-4
Merry,1.21e-4
Pattie,1.2e-4
Angelina,1.19e-4
Karol,1.18e-4
Cathie,1.17e-4
Kathrine,1.17e-4
Lucia,1.16e-4
Tamra,1.16e-4
Bonny,1.15e-4
Deanne,1.14e-4
Annmarie,1.14e-4
Janell,1.14e-4
Krista,1.14e-4
Marilynn,1.14e-4
Jewel,1.13e-4
Marybeth,1.13e-4
Beverley,1.13e-4
Jerry,1.13e-4
Lupe,1.13e-4
Meredith,1.13e-4
Renita,1.13e-4
Dina,1.12e-4
Lavonne,1.12e-4
Marylou,1.12e-4
Deena,1.12e-4
Debrah,1.11e-4
Marina,1.11e-4
Etta,1.1e-4
Tonia,1.1e-4
Leeann,1.09e-4
Myrtle,1.09e-4
Bambi,1.08e-4
Lu,1.08e-4
Ginny,1.08e-4
John,1.08e-4
Traci,1.08e-4
Marietta,1.07e-4
Arleen,1.07e-4
Loraine,1.07e-4
Debbra,1.06e-4
Tricia,1.06e-4
Blanche,1.05e-4
Clarice,1.05e-4
Karyn,1.05e-4
Sandi,1.05e-4
Karon,1.04e-4
Dolly,1.03e-4
Earlene,1.03e-4
Muriel,1.03e-4
Luz,1.03e-4
Maribeth,1.03e-4
Marva,1.03e-4
Sadie,1.03e-4
Winifred,1.03e-4
Janna,1.02e-4
Rachelle,1.02e-4
Rosalinda,1.01e-4
Twila,1.01e-4
Erica,1.01e-4
Sherrill,1.01e-4
Teressa,1.01e-4
Deann,1e-4
Lela,1e-4
Minerva,1e-4
Nan,1e-4
Sherie,1e-4
Elva,1e-4
Judi,1e-4
Libby,1e-4
Eula,9.9e-5
Joanie,9.9e-5
Kendra,9.9e-5
Mollie,9.9e-5
Rebekah,9.9e-5
Sherryl,9.9e-5
Louann,9.8e-5
Nona,9.8e-5
Rosanna,9.8e-5
Edwina,9.7e-5
Kellie,9.7e-5
Graciela,9.6e-5
Dorinda,9.6e-5
Gisele,9.6e-5
Dottie,9.5e-5
Francis,9.5e-5
Nannette,9.5e-5
Vonda,9.4e-5
Ora,9.4e-5
Doretha,9.3e-5
Marilee,9.3e-5
Maryjo,9.3e-5
Nikki,9.3e-5
Elvira,9.3e-5
Lorena,9.3e-5
Shauna,9.3e-5
Kyle,9.3e-5
Neva,9.3e-5
Roxie,9.3e-5
Alexis,9.2e-5
Darleen,9.2e-5
Cinda,9.2e-5
Gaye,9.2e-5
Aileen,9.1e-5
Danielle,9.1e-5
Deidre,9.1e-5
Aida,9.1e-5
Fran,9e-5
Gerri,9e-5
Marci,9e-5
Abigail,9e-5
Millie,9e-5
Fern,8.9e-5
Juliana,8.9e-5
Sophia,8.9e-5
Cecile,8.9e-5
Leesa,8.9e-5
Valeria,8.9e-5
Melva,8.8e-5
Freida,8.8e-5
Lavern,8.8e-5
Clarissa,8.7e-5
Kandy,8.6e-5
Carmela,8.6e-5
Iva,8.6e-5
Nettie,8.6e-5
Madelyn,8.5e-5
Jannie,8.5e-5
Juli,8.5e-5
Leila,8.5e-5
Nanci,8.4e-5
Tommie,8.4e-5
Donita,8.4e-5
Madonna,8.4e-5
Tammi,8.4e-5
Ina,8.3e-5
Alexandra,8.3e-5
Mabel,8.3e-5
Mable,8.3e-5
Hilary,8.2e-5
Deb,8.2e-5
Stacie,8.2e-5
Addie,8.2e-5
Gilda,8.2e-5
Joe,8.2e-5
Lindy,8.1e-5
Roseanne,8.1e-5
Roxanna,8.1e-5
Willa,8.1e-5
Sybil,8.1e-5
Abby,8e-5
Danna,8e-5
Pennie,8e-5
Shawna,8e-5
Cornelia,8e-5
Dani,8e-5
David,8e-5
Dori,8e-5
Gena,8e-5
Ollie,8e-5
Celestine,7.9e-5
Mercedes,7.9e-5
Raquel,7.9e-5
William,7.9e-5
Cara,7.9e-5
Charla,7.9e-5
Aurora,7.8e-5
Karan,7.8e-5
Susana,7.8e-5
Chandra,7.8e-5
Essie,7.8e-5
Mavis,7.8e-5
Monique,7.8e-5
Caryl,7.7e-5
Jenifer,7.7e-5
Miranda,7.7e-5
Sheena,7.7e-5
Kate,7.7e-5
Lourdes,7.7e-5
Pearlie,7.7e-5
Estelle,7.6e-5
Reva,7.6e-5
Tana,7.6e-5
Nola,7.6e-5
Bethany,7.5e-5
Harriett,7.5e-5
Lawanda,7.5e-5
Marty,7.5e-5
Delilah,7.5e-5
Joellen,7.4e-5
Annamarie,7.4e-5
Charles,7.4e-5
Dawna,7.4e-5
Letha,7.4e-5
Migdalia,7.4e-5
Opal,7.4e-5
Randy,7.4e-5
Christa,7.3e-5
Dorthy,7.3e-5
Jewell,7.3e-5
Katheryn,7.3e-5
Martina,7.3e-5
Juliet,7.3e-5
Esperanza,7.2e-5
Retha,7.2e-5
Twyla,7.2e-5
Barbra,7.2e-5
Carleen,7.2e-5
Carmella,7.2e-5
Ester,7.2e-5
Jimmie,7.2e-5
Leola,7.2e-5
Mara,7.2e-5
Portia,7.2e-5
Lily,7.1e-5
Pamella,7.1e-5
Sherree,7.1e-5
Bettye,7.1e-5
Cherri,7.1e-5
Angel,7e-5
Juana,7e-5
May,7e-5
Valencia,7e-5
Tamela,7e-5
Cyndi,6.9e-5
Lilly,6.9e-5
Milagros,6.9e-5
Evangeline,6.9e-5
Georgina,6.9e-5
Carmel,6.8e-5
Beulah,6.8e-5
Carey,6.8e-5
Jacklyn,6.8e-5
Lorelei,6.8e-5
Venita,6.8e-5
Wendi,6.8e-5
Zoe,6.8e-5
Cathrine,6.7e-5
Meryl,6.7e-5
Mickey,6.7e-5
Nicole,6.7e-5
Shirlene,6.7e-5
Mandy,6.7e-5
Aimee,6.6e-5
Bettina,6.6e-5
Shellie,6.6e-5
Caron,6.6e-5
Rhea,6.6e-5
Velda,6.6e-5
Amber,6.5e-5
Dian,6.5e-5
Gabrielle,6.5e-5
Jami,6.5e-5
Jerrie,6.5e-5
Leanna,6.5e-5
Lizabeth,6.5e-5
Rowena,6.5e-5
Treva,6.5e-5
Cathi,6.4e-5
Leta,6.4e-5
Starla,6.4e-5
Catharine,6.4e-5
Rosario,6.4e-5
Consuelo,6.3e-5
Earline,6.3e-5
Frieda,6.3e-5
Reta,6.3e-5
Ronnie,6.3e-5
Daria,6.3e-5
Dayna,6.3e-5
Delphine,6.3e-5
Jaye,6.3e-5
Queen,6.3e-5
Annetta,6.2e-5
Letitia,6.2e-5
Mimi,6.2e-5
Ophelia,6.2e-5
Collette,6.2e-5
Jacquline,6.2e-5
Meg,6.2e-5
Ronna,6.2e-5
Lauretta,6.1e-5
Lottie,6.1e-5
Rosita,6.1e-5
Lucretia,6.1e-5
Zelda,6.1e-5
Carolina,6e-5
Erika,6e-5
Josefina,6e-5
Joycelyn,6e-5
Leslee,6e-5
Lizzie,6e-5
Oralia,6e-5
Romona,6e-5
Beryl,6e-5
Candi,6e-5
Lise,6e-5
Antionette,5.9e-5
Beckie,5.9e-5
Cherrie,5.9e-5
Evonne,5.9e-5
Hannah,5.9e-5
Janeen,5.9e-5
Magdalena,5.9e-5
Sharla,5.9e-5
Thea,5.9e-5
Alyce,5.9e-5
Dollie,5.9e-5
Esmeralda,5.9e-5
Gerry,5.9e-5
Goldie,5.9e-5
Juliann,5.9e-5
Rachael,5.9e-5
Angelita,5.8e-5
Charleen,5.8e-5
Lorinda,5.8e-5
Louisa,5.8e-5
Adela,5.8e-5
Maritza,5.8e-5
Abbie,5.7e-5
Cheryll,5.7e-5
Jacki,5.7e-5
Merri,5.7e-5
Sharen,5.7e-5
Carmelita,5.7e-5
Annemarie,5.6e-5
Carlotta,5.6e-5
Dara,5.6e-5
Elnora,5.6e-5
Margery,5.6e-5
Suzanna,5.6e-5
Joleen,5.6e-5
Katy,5.6e-5
Lonnie,5.6e-5
Nilda,5.6e-5
Peggie,5.6e-5
Richard,5.6e-5
Serena,5.6e-5
Sydney,5.6e-5
Alana,5.5e-5
Daryl,5.5e-5
Keri,5.5e-5
Nedra,5.5e-5
Noemi,5.5e-5
Rona,5.5e-5
Trena,5.5e-5
Bobby,5.5e-5
Eliza,5.5e-5
Lelia,5.5e-5
Shiela,5.5e-5
Vernell,5.5e-5
Winnie,5.5e-5
Winona,5.5e-5
Aleta,5.4e-5
Effie,5.4e-5
Francisca,5.4e-5
Sarita,5.4e-5
Tia,5.4e-5
Virgie,5.4e-5
Cary,5.3e-5
Elida,5.3e-5
Jacalyn,5.3e-5
Juliette,5.3e-5
Anastasia,5.3e-5
Athena,5.3e-5
Cassie,5.3e-5
Cathey,5.3e-5
Eddie,5.3e-5
Lita,5.3e-5
Madeleine,5.3e-5
Starr,5.3e-5
Camilla,5.2e-5
Delma,5.2e-5
Justine,5.2e-5
Mickie,5.2e-5
Ola,5.2e-5
Thomas,5.2e-5
Germaine,5.2e-5
Isabelle,5.2e-5
Laurene,5.2e-5
Petra,5.2e-5
Suzann,5.2e-5
