name,percent
Michael,0.039381
David,0.038738
James,0.036281
John,0.035286
Robert,0.034386
Mark,0.026277
William,0.023719
Richard,0.021783
Thomas,0.018597
Steven,0.015506
Charles,0.014206
Timothy,0.014189
Joseph,0.013632
Kevin,0.01235
Kenneth,0.012302
Jeffrey,0.012121
Paul,0.011866
Daniel,0.011601
Donald,0.01103
Gary,0.010758
Ronald,0.010667
Brian,0.009577
Gregory,0.009169
Scott,0.009121
Larry,0.008499
Anthony,0.008279
Edward,0.007809
Stephen,0.007616
Dennis,0.007404
Douglas,0.00705
Randy,0.00694
George,0.006927
Terry,0.006713
Ricky,0.006092
Christopher,0.006022
Jerry,0.005686
Mike,0.005535
Bruce,0.005499
Keith,0.005428
Peter,0.00521
Steve,0.005109
Frank,0.005044
Patrick,0.004872
Craig,0.004576
Raymond,0.004531
Eric,0.004488
Roger,0.004055
Danny,0.004025
Dale,0.003851
Alan,0.003763
Wayne,0.003639
Jeff,0.003566
Tony,0.003488
Carl,0.003464
Jeffery,0.003449
Russell,0.003449
Joe,0.003408
Andrew,0.00328
Randall,0.003261
Tim,0.00315
Gerald,0.00306
Lawrence,0.003051
Matthew,0.003029
Billy,0.002914
Johnny,0.002911
Walter,0.002827
Rodney,0.00273
Philip,0.002706
Jimmy,0.002692
Jim,0.002625
Chris,0.002619
Bobby,0.002618
Barry,0.002587
Phillip,0.002578
Curtis,0.002548
Arthur,0.002527
Ronnie,0.002524
Willie,0.002477
Glenn,0.002474
Martin,0.002469
Roy,0.002389
Henry,0.002336
Tom,0.002336
Ralph,0.002326
Jack,0.002321
Samuel,0.002288
Harold,0.00228
Jay,0.00228
Rick,0.002276
Greg,0.002142
Darrell,0.00214
Bill,0.002126
Albert,0.00212
Bryan,0.002076
Dean,0.002048
Allen,0.002017
Micheal,0.002016
Todd,0.002002
Stanley,0.001999
Louis,0.001988
Eddie,0.001953
Vincent,0.001946
Bradley,0.001867
Howard,0.001843
Jon,0.001834
Eugene,0.001797
Victor,0.001765
Tommy,0.001738
Leonard,0.001723
Dan,0.001697
Don,0.001672
Fred,0.001651
Jose,0.001649
Frederick,0.001639
Lee,0.001616
Joel,0.001597
Rickey,0.001593
Ernest,0.001537
Dave,0.001531
Harry,0.001513
Ray,0.001482
Marvin,0.001466
Melvin,0.001466
Jonathan,0.001423
Calvin,0.001401
Mitchell,0.00137
Duane,0.00137
Bob,0.001305
Kurt,0.0012979999999999999
Darryl,0.001281
Norman,0.001281
Perry,0.00127
Glen,0.001246
Earl,0.001239
Jerome,0.001236
Francis,0.001224
Edwin,0.001188
Alfred,0.001176
Clifford,0.001167
Marc,0.001154
Kent,0.001137
Kelly,0.001122
Jesse,0.001121
Kirk,0.001113
Reginald,0.00111
Theodore,0.001108
Clarence,0.001096
Karl,0.001086
Brad,0.001084
Benjamin,0.001076
Brent,0.001051
Bernard,0.00105
Alvin,0.00104
Brett,0.001027
Gordon,0.001023
Nicholas,0.001013
Warren,0.001005
Guy,9.36e-4
Leroy,9.31e-4
Wesley,9.24e-4
Shawn,9.08e-4
Carlos,8.91e-4
Gene,8.89e-4
Juan,8.87e-4
Dwayne,8.75e-4
Ron,8.64e-4
Lloyd,8.63e-4
Stuart,8.54e-4
Herbert,8.5e-4
Bret,8.5e-4
Tyrone,8.38e-4
Vernon,8.26e-4
Lonnie,8.18e-4
Leslie,8.11e-4
Kenny,8.09e-4
Leon,8.07e-4
Gilbert,8.05e-4
Kerry,7.86e-4
Doug,7.85e-4
Dana,7.83e-4
Ted,7.73e-4
Ken,7.66e-4
Manuel,7.61e-4
Neil,7.55e-4
Donnie,7.53e-4
Dwight,7.36e-4
Gregg,7.32e-4
Timmy,7.25e-4
Daryl,7.18e-4
Franklin,7.17e-4
Aaron,7.12e-4
Floyd,7.09e-4
Lewis,7.09e-4
Robin,7.06e-4
Garry,6.78e-4
Clyde,6.77e-4
Marty,6.72e-4
Jackie,6.71e-4
Tracy,6.69e-4
Allan,6.63e-4
Randal,6.63e-4
Leo,6.61e-4
Lance,6.6e-4
Charlie,6.53e-4
Gerard,6.47e-4
Nathan,6.34e-4
Antonio,6.33e-4
Ruben,6.27e-4
Maurice,6.27e-4
Ricardo,6.2e-4
Lester,6.16e-4
Andy,6.06e-4
Darren,5.99e-4
Sam,5.97e-4
Jimmie,5.94e-4
Sean,5.94e-4
Rex,5.92e-4
Luis,5.92e-4
Andre,5.89e-4
Freddie,5.77e-4
Wade,5.67e-4
Neal,5.66e-4
Chuck,5.64e-4
Byron,5.64e-4
Milton,5.6e-4
Marcus,5.57e-4
Wendell,5.55e-4
Mario,5.54e-4
Arnold,5.49e-4
Herman,5.47e-4
Derrick,5.45e-4
Johnnie,5.44e-4
Alexander,5.38e-4
Alex,5.37e-4
Roland,5.34e-4
Nathaniel,5.34e-4
Kyle,5.29e-4
Clayton,5.21e-4
Clinton,5.19e-4
Joey,5.19e-4
Kim,5.12e-4
Terrence,5.09e-4
Harvey,5.01e-4
Oscar,5.01e-4
Nelson,5e-4
Randolph,4.96e-4
Nick,4.86e-4
Ross,4.75e-4
Bart,4.71e-4
Cecil,4.67e-4
Kelvin,4.67e-4
Lynn,4.65e-4
Chester,4.61e-4
Derek,4.53e-4
Hugh,4.53e-4
Matt,4.49e-4
Troy,4.43e-4
Jessie,4.43e-4
Pat,4.38e-4
Marshall,4.36e-4
Ben,4.31e-4
Clifton,4.27e-4
Fredrick,4.26e-4
Jesus,4.26e-4
Hector,4.2e-4
Jody,4.15e-4
Roberto,4.13e-4
Frankie,4.03e-4
Sammy,3.97e-4
Wallace,3.96e-4
Claude,3.95e-4
Benny,3.9e-4
Rocky,3.89e-4
Raul,3.88e-4
Clay,3.82e-4
Terrance,3.82e-4
Sidney,3.81e-4
Carlton,3.74e-4
Roderick,3.73e-4
Rory,3.72e-4
Miguel,3.64e-4
Rudy,3.61e-4
Cary,3.59e-4
Jamie,3.57e-4
Pete,3.55e-4
Lyle,3.51e-4
Edgar,3.46e-4
Rickie,3.42e-4
Terence,3.42e-4
Geoffrey,3.4e-4
Jason,3.35e-4
Ramon,3.32e-4
Morris,3.31e-4
Mickey,3.28e-4
Angelo,3.27e-4
Francisco,3.26e-4
Ed,3.21e-4
Everett,3.19e-4
Max,3.19e-4
Phil,3.11e-4
Curt,3.04e-4
Rene,3.03e-4
Virgil,3.02e-4
Pedro,3.01e-4
Darrel,2.99e-4
Stewart,2.98e-4
Clark,2.91e-4
Felix,2.9e-4
Jaime,2.9e-4
Otis,2.86e-4
Bradford,2.84e-4
Loren,2.82e-4
Ivan,2.82e-4
Myron,2.82e-4
Fernando,2.81e-4
Angel,2.8e-4
Armando,2.78e-4
Bennie,2.76e-4
Ira,2.74e-4
Grant,2.73e-4
Adam,2.7e-4
Salvatore,2.7e-4
Christian,2.69e-4
Teddy,2.66e-4
Willard,2.64e-4
Earnest,2.59e-4
Sylvester,2.58e-4
Delbert,2.58e-4
Jacob,2.57e-4
Rusty,2.56e-4
Marion,2.51e-4
Jeffry,2.49e-4
Drew,2.49e-4
Alton,2.48e-4
Lorenzo,2.46e-4
Edmund,2.45e-4
Elmer,2.44e-4
Scot,2.42e-4
Cedric,2.4e-4
Laurence,2.39e-4
Luther,2.39e-4
Isaac,2.36e-4
Sherman,2.36e-4
Julius,2.35e-4
Rafael,2.34e-4
Van,2.33e-4
Travis,2.33e-4
Malcolm,2.31e-4
Dewayne,2.29e-4
Monty,2.29e-4
Shane,2.29e-4
Preston,2.25e-4
Clint,2.23e-4
Rodger,2.23e-4
Rod,2.23e-4
Gerry,2.23e-4
Archie,2.22e-4
Adrian,2.21e-4
Monte,2.18e-4
Kris,2.17e-4
Alfredo,2.16e-4
Arturo,2.16e-4
Roosevelt,2.14e-4
Jorge,2.14e-4
Julian,2.13e-4
Rudolph,2.13e-4
Wilbert,2.11e-4
Lowell,2.11e-4
Horace,2.1e-4
Ernie,2.08e-4
Gabriel,2.08e-4
Noel,2.08e-4
Stevie,2.06e-4
Doyle,2.05e-4
Alonzo,2.03e-4
Carey,2.03e-4
Al,2.02e-4
Javier,2.01e-4
Forrest,2.01e-4
Dominic,2e-4
Leland,1.99e-4
Tommie,1.99e-4
Erik,1.97e-4
Orlando,1.96e-4
Stan,1.94e-4
Hubert,1.94e-4
Hal,1.93e-4
Ervin,1.91e-4
Lionel,1.91e-4
Jerald,1.9e-4
Alberto,1.9e-4
Kendall,1.89e-4
Vance,1.89e-4
Blake,1.88e-4
Willis,1.87e-4
Dexter,1.84e-4
Ryan,1.83e-4
Casey,1.83e-4
Evan,1.83e-4
Darwin,1.82e-4
Robbie,1.81e-4
Alfonso,1.8e-4
Bert,1.79e-4
Owen,1.78e-4
Jan,1.77e-4
Dino,1.75e-4
Stephan,1.75e-4
Boyd,1.74e-4
Sheldon,1.74e-4
Denis,1.72e-4
Dirk,1.71e-4
Homer,1.71e-4
Ronny,1.7e-4
Oliver,1.7e-4
Dallas,1.69e-4
Grady,1.68e-4
Darnell,1.66e-4
Mathew,1.66e-4
Enrique,1.65e-4
Freddy,1.64e-4
Rufus,1.64e-4
Bryant,1.64e-4
Dane,1.63e-4
Luke,1.63e-4
Russ,1.62e-4
Wilbur,1.62e-4
Blaine,1.61e-4
Donny,1.6e-4
Justin,1.59e-4
Kirby,1.59e-4
Rob,1.58e-4
Damon,1.57e-4
Lane,1.57e-4
Mack,1.56e-4
Aubrey,1.56e-4
Royce,1.56e-4
Elbert,1.55e-4
Ernesto,1.55e-4
Dewey,1.52e-4
Salvador,1.51e-4
Dominick,1.51e-4
Joshua,1.51e-4
Vince,1.49e-4
Cornelius,1.48e-4
Louie,1.48e-4
Buddy,1.48e-4
Miles,1.48e-4
Spencer,1.48e-4
Colin,1.47e-4
Eduardo,1.47e-4
Denny,1.46e-4
Ellis,1.45e-4
Wilson,1.45e-4
Abraham,1.44e-4
Cory,1.43e-4
Cliff,1.43e-4
Bryon,1.41e-4
Alphonso,1.39e-4
Carroll,1.39e-4
Shannon,1.37e-4
Corey,1.36e-4
Mitch,1.36e-4
Rodolfo,1.36e-4
Randell,1.36e-4
Toby,1.36e-4
Julio,1.35e-4
Seth,1.35e-4
Conrad,1.34e-4
Stacy,1.34e-4
Emmett,1.33e-4
Nicky,1.3e-4
Sammie,1.29e-4
Irvin,1.27e-4
Moses,1.26e-4
Lamar,1.25e-4
Shaun,1.25e-4
Marlon,1.24e-4
Wilfred,1.23e-4
Edmond,1.22e-4
Elton,1.21e-4
Elvis,1.21e-4
Percy,1.21e-4
Reggie,1.21e-4
Tod,1.21e-4
Zachary,1.21e-4
Amos,1.2e-4
Sterling,1.2e-4
Duncan,1.18e-4
Dwain,1.18e-4
Emanuel,1.18e-4
Ward,1.18e-4
Mitchel,1.17e-4
Cameron,1.17e-4
Lamont,1.17e-4
Wayde,1.16e-4
Sergio,1.15e-4
Chad,1.15e-4
Guadalupe,1.15e-4
Galen,1.14e-4
Joesph,1.13e-4
Barton,1.12e-4
Eddy,1.12e-4
Murray,1.12e-4
Lon,1.12e-4
Cleveland,1.11e-4
Marlin,1.11e-4
Reuben,1.11e-4
Barney,1.09e-4
Garland,1.09e-4
Norris,1.09e-4
Rocco,1.09e-4
Bennett,1.08e-4
Elliott,1.08e-4
Pablo,1.08e-4
Blair,1.08e-4
Jefferson,1.08e-4
Carmen,1.07e-4
Merle,1.06e-4
Jess,1.05e-4
Rich,1.05e-4
Scotty,1.05e-4
Trent,1.05e-4
Michel,1.04e-4
Abel,1.03e-4
Kennith,1.03e-4
Pierre,1.03e-4
Rolando,1.03e-4
Morgan,1.03e-4
Terrell,1.02e-4
Ned,1.02e-4
Dick,1.01e-4
Harlan,1.01e-4
Sandy,1.01e-4
Felipe,1e-4
Israel,1e-4
Gilberto,1e-4
Vaughn,9.8e-5
Reynaldo,9.8e-5
Donnell,9.7e-5
Robby,9.7e-5
Alejandro,9.6e-5
Ian,9.6e-5
Ramiro,9.6e-5
Marco,9.6e-5
Andres,9.5e-5
Linwood,9.5e-5
Thaddeus,9.5e-5
Will,9.5e-5
Simon,9.4e-5
Billie,9.3e-5
Gerardo,9.3e-5
Reed,9.2e-5
Ismael,9.1e-5
Rogelio,9e-5
Russel,9e-5
Garrett,8.9e-5
Kurtis,8.9e-5
Winston,8.9e-5
Austin,8.9e-5
Cornell,8.9e-5
Layne,8.9e-5
Lyndon,8.9e-5
Tomas,8.9e-5
Avery,8.8e-5
Elvin,8.8e-5
Harrison,8.8e-5
Brandon,8.7e-5
Erwin,8.7e-5
Garth,8.7e-5
Timmie,8.7e-5
Ty,8.7e-5
Unknown,8.7e-5
Elijah,8.6e-5
Danial,8.6e-5
Lonny,8.6e-5
Wally,8.6e-5
Loyd,8.5e-5
Nolan,8.5e-5
Bernie,8.5e-5
Levi,8.5e-5
Guillermo,8.4e-5
Junior,8.4e-5
Eldon,8.4e-5
Brendan,8.3e-5
Hans,8.3e-5
Harley,8.3e-5
Woodrow,8.3e-5
Irving,8.1e-5
Orville,8.1e-5
Dannie,8e-5
Gus,8e-5
Roscoe,8e-5
Gino,8e-5
Jasper,8e-5
Solomon,7.9e-5
Burton,7.9e-5
Toney,7.9e-5
Bobbie,7.8e-5
Mary,7.8e-5
Norbert,7.8e-5
Wilfredo,7.8e-5
Grover,7.7e-5
Bryce,7.7e-5
August,7.6e-5
Vern,7.6e-5
Art,7.5e-5
Lenny,7.5e-5
Domingo,7.4e-5
Emil,7.4e-5
Fabian,7.4e-5
Lanny,7.4e-5
Les,7.4e-5
Hank,7.3e-5
Wiley,7.3e-5
Reid,7.3e-5
Santos,7.3e-5
Thurman,7.3e-5
Jordan,7.2e-5
Kenton,7.2e-5
Sanford,7.2e-5
Roman,7.2e-5
Elias,7.1e-5
Frederic,7.1e-5
Jeremiah,7.1e-5
Kip,7.1e-5
Noah,7.1e-5
Marcos,7e-5
Zane,7e-5
Erick,7e-5
Errol,7e-5
Jean,6.9e-5
Kermit,6.9e-5
Donn,6.9e-5
Gustavo,6.9e-5
Mikel,6.9e-5
Otto,6.9e-5
Fidel,6.8e-5
Jake,6.8e-5
Tyler,6.8e-5
Dudley,6.7e-5
Eli,6.6e-5
Emilio,6.6e-5
Shelton,6.6e-5
Kelley,6.6e-5
Bud,6.6e-5
Ulysses,6.6e-5
Antoine,6.5e-5
Anton,6.5e-5
Brady,6.5e-5
Stacey,6.5e-5
Davis,6.5e-5
Del,6.4e-5
Charley,6.4e-5
Chip,6.4e-5
Lindsey,6.4e-5
Weldon,6.4e-5
Winfred,6.4e-5
Wyatt,6.3e-5
Odell,6.3e-5
Saul,6.3e-5
Emory,6.2e-5
Carter,6.1e-5
Fredric,6.1e-5
Rock,6.1e-5
Tad,6.1e-5
Vito,6.1e-5
Shelby,6.1e-5
Val,6e-5
Xavier,6e-5
Clement,6e-5
Jacky,6e-5
Merlin,6e-5
Santiago,6e-5
Dion,5.9e-5
Erich,5.9e-5
Jed,5.9e-5
Josh,5.9e-5
Brooks,5.8e-5
Curtiss,5.8e-5
Coy,5.8e-5
Humberto,5.8e-5
Armand,5.7e-5
Cesar,5.7e-5
Efrain,5.7e-5
Ignacio,5.7e-5
Yancy,5.7e-5
Augustine,5.7e-5
Burt,5.7e-5
Kraig,5.7e-5
Nicolas,5.7e-5
Quentin,5.7e-5
Elwood,5.6e-5
Ivory,5.6e-5
Jerrold,5.6e-5
Jonathon,5.6e-5
Leonardo,5.6e-5
Linda,5.6e-5
Tracey,5.6e-5
Hollis,5.6e-5
Jarvis,5.6e-5
Wes,5.6e-5
Adolph,5.5e-5
Britt,5.5e-5
Derwin,5.5e-5
Gil,5.5e-5
Jeremy,5.5e-5
Elliot,5.4e-5
Jackson,5.4e-5
Myles,5.4e-5
Chet,5.4e-5
Denver,5.4e-5
Lindsay,5.4e-5
Sonny,5.4e-5
Blane,5.3e-5
Carlo,5.3e-5
Carmine,5.3e-5
Maynard,5.3e-5
Arlen,5.2e-5
Butch,5.2e-5
Dwaine,5.2e-5
Marcel,5.2e-5
Jerold,5.2e-5
Riley,5.2e-5
Gale,5.1e-5
Richie,5.1e-5
Adolfo,5.1e-5
Edwardo,5.1e-5
Graham,5.1e-5
Millard,5.1e-5
Harris,5e-5
Johnathan,5e-5
Kimberly,5e-5
Ollie,5e-5
Randel,5e-5
Von,5e-5
Basil,5e-5
Delmar,5e-5
Noe,5e-5
Sal,5e-5
Emmanuel,4.9e-5
Hiram,4.9e-5
Emery,4.9e-5
Duke,4.8e-5
Lupe,4.8e-5
Major,4.8e-5
Gail,4.8e-5
Jacques,4.8e-5
Johnie,4.8e-5
Benito,4.8e-5
Damian,4.8e-5
Darrin,4.8e-5
Lemuel,4.8e-5
Taylor,4.8e-5
Douglass,4.7e-5
Keven,4.7e-5
Lesley,4.7e-5
Merrill,4.7e-5
Stanford,4.7e-5
Broderick,4.7e-5
Isiah,4.7e-5
Scottie,4.7e-5
Audie,4.6e-5
Cris,4.6e-5
Eloy,4.6e-5
Judson,4.6e-5
Aron,4.6e-5
Flint,4.6e-5
Isaiah,4.6e-5
Mervin,4.6e-5
Alec,4.5e-5
Artie,4.5e-5
Darin,4.5e-5
Donell,4.5e-5
Carson,4.5e-5
Felton,4.5e-5
Hugo,4.5e-5
Jude,4.5e-5
Kirt,4.5e-5
Monroe,4.5e-5
Quinton,4.5e-5
Silas,4.5e-5
Thad,4.5e-5
Timmothy,4.5e-5
Freeman,4.4e-5
Len,4.4e-5
Quintin,4.4e-5
Raphael,4.4e-5
Anderson,4.4e-5
Dalton,4.4e-5
Connie,4.3e-5
Dusty,4.3e-5
Kristopher,4.3e-5
Mel,4.3e-5
Alden,4.2e-5
Domenic,4.2e-5
Earle,4.2e-5
Stefan,4.2e-5
Bradly,4.2e-5
Forest,4.2e-5
Joaquin,4.2e-5
Lars,4.2e-5
Bruno,4.2e-5
Fritz,4.2e-5
Kerwin,4.2e-5
Lenard,4.2e-5
Omar,4.2e-5
Royal,4.2e-5
Vicente,4.2e-5
Benedict,4.1e-5
Booker,4.1e-5
Napoleon,4.1e-5
Tab,4.1e-5
Elroy,4.1e-5
Greggory,4.1e-5
Mason,4.1e-5
Susan,4.1e-5
Cody,4e-5
Donovan,4e-5
Everette,4e-5
Patricia,4e-5
Theron,4e-5
Daren,4e-5
Emerson,4e-5
Kennth,4e-5
Rolf,4e-5
Efrem,3.9e-5
Federico,3.9e-5
Irwin,3.9e-5
Roddy,3.9e-5
Wilton,3.9e-5
Cruz,3.9e-5
Dennie,3.9e-5
Ethan,3.9e-5
Bernardo,3.8e-5
Andrea,3.8e-5
Darell,3.8e-5
Maxwell,3.8e-5
Skip,3.8e-5
Artis,3.7e-5
Herschel,3.7e-5
Huey,3.7e-5
Karen,3.7e-5
Walt,3.7e-5
Ashley,3.7e-5
Courtney,3.7e-5
Gregorio,3.7e-5
Hilton,3.7e-5
Leigh,3.7e-5
Nickolas,3.7e-5
Wilford,3.7e-5
Berry,3.6e-5
Derick,3.6e-5
Gaylon,3.6e-5
Gearld,3.6e-5
Glynn,3.6e-5
Jere,3.6e-5
Kenney,3.6e-5
Lincoln,3.6e-5
Pasquale,3.6e-5
Rand,3.6e-5
Ricki,3.6e-5
Sherwood,3.6e-5
Vic,3.6e-5
Wardell,3.6e-5
Wilmer,3.6e-5
Dell,3.6e-5
Heriberto,3.6e-5
Mckinley,3.6e-5
Woody,3.6e-5
Cyrus,3.6e-5
Devin,3.6e-5
Emmitt,3.6e-5
Jefferey,3.6e-5
Kevan,3.6e-5
Stanton,3.6e-5
Willam,3.6e-5
Brien,3.5e-5
Carol,3.5e-5
Dee,3.5e-5
Faron,3.5e-5
Lacy,3.5e-5
Lennie,3.5e-5
Raleigh,3.5e-5
Randle,3.5e-5
Duwayne,3.5e-5
Jared,3.5e-5
Rolland,3.5e-5
Stevan,3.5e-5
Brice,3.4e-5
Carmelo,3.4e-5
Demetrius,3.4e-5
Rodrick,3.4e-5
Agustin,3.4e-5
Augustus,3.4e-5
Barrett,3.4e-5
Moises,3.4e-5
Rogers,3.4e-5
Alfonzo,3.3e-5
Barron,3.3e-5
Clair,3.3e-5
Darius,3.3e-5
Dwane,3.3e-5
Emile,3.3e-5
Fletcher,3.3e-5
Hershel,3.3e-5
Aldo,3.3e-5
Cyril,3.3e-5
Esteban,3.3e-5
Ferdinand,3.3e-5
Jamey,3.3e-5
Milo,3.3e-5
Ritchie,3.3e-5
Adan,3.2e-5
Cole,3.2e-5
Donna,3.2e-5
Laverne,3.2e-5
Lorenza,3.2e-5
Lyman,3.2e-5
Trevor,3.2e-5
Brion,3.2e-5
Deborah,3.2e-5
Lavern,3.2e-5
Mac,3.2e-5
Bartley,3.1e-5
Derrell,3.1e-5
Edison,3.1e-5
Hayward,3.1e-5
Michal,3.1e-5
Micky,3.1e-5
Wilburn,3.1e-5
Antony,3.1e-5
Arden,3.1e-5
Arlan,3.1e-5
Barbara,3.1e-5
Cleve,3.1e-5
Debra,3.1e-5
Delton,3.1e-5
Dickie,3.1e-5
Foster,3.1e-5
Hunter,3.1e-5
Keenan,3.1e-5
Lucius,3.1e-5
Abe,3e-5
Alva,3e-5
Coleman,3e-5
Hoyt,3e-5
Lucious,3e-5
Odis,3e-5
Sid,3e-5
Alphonse,3e-5
Benton,3e-5
Buford,3e-5
Burl,3e-5
Cynthia,3e-5
Jame,3e-5
Kieth,3e-5
Micah,3e-5
Raymon,3e-5
Cleo,3e-5
Collin,3e-5
Ellery,3e-5
Quincy,3e-5
Robbin,3e-5
Waymon,3e-5
Dante,2.9e-5
Gonzalo,2.9e-5
Issac,2.9e-5
Jonas,2.9e-5
Lawerence,2.9e-5
Sydney,2.9e-5
Andra,2.9e-5
Brock,2.9e-5
Chaim,2.9e-5
Darcy,2.9e-5
Farrell,2.9e-5
Genaro,2.9e-5
Isidro,2.9e-5
Leander,2.9e-5
Prince,2.9e-5
Raynard,2.9e-5
Reynold,2.9e-5
Winford,2.9e-5
Bertram,2.8e-5
Chauncey,2.8e-5
Desmond,2.8e-5
Leif,2.8e-5
Lucas,2.8e-5
Maverick,2.8e-5
Olin,2.8e-5
Rhett,2.8e-5
Brant,2.8e-5
Cal,2.8e-5
Charlton,2.8e-5
Ezra,2.8e-5
Grayling,2.8e-5
Jules,2.8e-5
King,2.8e-5
Michale,2.8e-5
Warner,2.8e-5
Williams,2.8e-5
