name,percent
David,0.039669
Michael,0.038868
James,0.035483
John,0.035145
Robert,0.033415
Mark,0.027121
William,0.022783
Richard,0.020106
Thomas,0.018145
Steven,0.015651
Timothy,0.014074
Joseph,0.013739
Charles,0.013704
Jeffrey,0.013314
Kevin,0.013104
Kenneth,0.01278
Daniel,0.011993
Paul,0.011837
Donald,0.010494
Brian,0.01015
Ronald,0.010023
Gary,0.010012
Scott,0.009974
Gregory,0.009384
Anthony,0.009012
Edward,0.007661
Stephen,0.007508
Larry,0.007382
Christopher,0.007148
Douglas,0.006995
Dennis,0.006613
Randy,0.006564
George,0.006494
Terry,0.006422
Keith,0.005628
Mike,0.005566
Jerry,0.005465
Ricky,0.005079
Bruce,0.005057
Frank,0.004968
Peter,0.004949
Craig,0.004948
Steve,0.004919
Eric,0.004866
Patrick,0.004789
Raymond,0.004487
Roger,0.004172
Danny,0.003971
Jeff,0.003925
Alan,0.003859
Andrew,0.003788
Tony,0.003696
Carl,0.003603
Dale,0.003546
Jeffery,0.003538
Russell,0.003454
Joe,0.00338
Wayne,0.003323
Randall,0.003308
Tim,0.0032
Matthew,0.003199
Gerald,0.003031
Chris,0.002997
Lawrence,0.002947
Johnny,0.002855
Phillip,0.00279
Billy,0.002777
Rodney,0.002702
Jimmy,0.002686
Walter,0.002659
Todd,0.002653
Barry,0.002646
Bobby,0.002609
Glenn,0.002566
Jim,0.002562
Philip,0.002546
Martin,0.002537
Jay,0.002484
Curtis,0.002477
Roy,0.002421
Willie,0.00242
Arthur,0.002402
Greg,0.002349
Henry,0.002294
Jack,0.002269
Tom,0.002262
Ronnie,0.002252
Ralph,0.002207
Bryan,0.002207
Bradley,0.00219
Samuel,0.002174
Harold,0.002159
Albert,0.002123
Dean,0.002087
Bill,0.002077
Darryl,0.002049
Jon,0.002033
Vincent,0.002024
Allen,0.002019
Rick,0.001948
Stanley,0.001947
Eddie,0.001936
Victor,0.001932
Darrell,0.001914
Micheal,0.001909
Louis,0.001904
Jose,0.001806
Howard,0.001762
Eugene,0.001733
Joel,0.001714
Dan,0.001709
Tommy,0.001702
Leonard,0.00168
Frederick,0.001607
Don,0.001593
Lee,0.001588
Fred,0.001567
Jonathan,0.001546
Marvin,0.001514
Ernest,0.001473
Ray,0.001421
Dave,0.001407
Dwayne,0.001406
Melvin,0.001392
Harry,0.001391
Mitchell,0.001372
Duane,0.00136
Kelly,0.001357
Calvin,0.001346
Kurt,0.00133
Bob,0.001255
Norman,0.001243
Jerome,0.001235
Brad,0.001224
Karl,0.0012
Marc,0.001196
Tracy,0.001196
Rickey,0.00119
Earl,0.001184
Edwin,0.001143
Clifford,0.00114
Kirk,0.00113
Reginald,0.001128
Glen,0.001127
Francis,0.001118
Perry,0.001114
Kent,0.001109
Alfred,0.001108
Theodore,0.001104
Jesse,0.0011
Brett,0.001072
Nicholas,0.001063
Bernard,0.001063
Brent,0.001045
Benjamin,0.001037
Darren,0.001019
Clarence,0.001016
Kerry,0.001004
Gordon,9.94e-4
Juan,9.62e-4
Stuart,9.58e-4
Troy,9.53e-4
Shawn,9.47e-4
Wesley,9.31e-4
Warren,0.00093000000000000005
Carlos,9.23e-4
Alvin,9.22e-4
Guy,8.98e-4
Kenny,8.96e-4
Ron,8.74e-4
Lance,8.66e-4
Leroy,8.61e-4
Vernon,8.45e-4
Gene,8.27e-4
Gilbert,8.26e-4
Herbert,8.22e-4
Ken,8.21e-4
Aaron,8.17e-4
Lloyd,8.02e-4
Gregg,8.01e-4
Dwight,7.95e-4
Doug,7.91e-4
Lonnie,7.87e-4
Ted,7.82e-4
Manuel,7.76e-4
Leslie,7.73e-4
Dana,7.71e-4
Daryl,7.64e-4
Leon,7.6e-4
Nathan,7.51e-4
Tyrone,7.36e-4
Donnie,7.27e-4
Timmy,7.25e-4
Marty,7.09e-4
Franklin,7.08e-4
Antonio,6.91e-4
Allan,6.79e-4
Floyd,6.77e-4
Neil,6.69e-4
Robin,6.61e-4
Andy,6.59e-4
Sean,6.58e-4
Andre,6.47e-4
Gerard,6.45e-4
Lewis,6.43e-4
Clyde,6.35e-4
Jackie,6.31e-4
Ruben,6.27e-4
Luis,6.16e-4
Maurice,6.11e-4
Marcus,6.11e-4
Mario,6.09e-4
Ricardo,6.07e-4
Lester,6.06e-4
Rex,6.05e-4
Jimmie,6.03e-4
Kelvin,6.01e-4
Chuck,5.89e-4
Randal,5.87e-4
Kyle,5.86e-4
Charlie,5.76e-4
Clayton,5.76e-4
Wade,5.74e-4
Bret,5.73e-4
Garry,5.72e-4
Alex,5.69e-4
Freddie,5.62e-4
Sam,5.59e-4
Alexander,5.57e-4
Joey,5.56e-4
Leo,5.56e-4
Arnold,5.55e-4
Byron,5.5e-4
Neal,5.48e-4
Milton,5.47e-4
Derrick,5.44e-4
Kim,5.33e-4
Nathaniel,5.3e-4
Wendell,5.27e-4
Roland,5.26e-4
Johnnie,5.21e-4
Nick,5.07e-4
Clinton,5.05e-4
Randolph,4.97e-4
Oscar,4.89e-4
Herman,4.83e-4
Derek,4.83e-4
Ross,4.81e-4
Adam,4.7e-4
Terrence,4.7e-4
Nelson,4.67e-4
Pat,4.62e-4
Harvey,4.61e-4
Jody,4.59e-4
Lynn,4.43e-4
Cecil,4.42e-4
Ben,4.4e-4
Roberto,4.4e-4
Chester,4.32e-4
Jason,4.32e-4
Jessie,4.32e-4
Jesus,4.22e-4
Clay,4.19e-4
Fredrick,4.18e-4
Hugh,4.17e-4
Raul,4.17e-4
Bart,4.12e-4
Marshall,4.12e-4
Hector,4.05e-4
Matt,4.05e-4
Clifton,4.02e-4
Sammy,4e-4
Rocky,3.97e-4
Sidney,3.94e-4
Carlton,3.92e-4
Roderick,3.88e-4
Claude,3.86e-4
Rudy,3.83e-4
Miguel,3.82e-4
Frankie,3.76e-4
Geoffrey,3.7e-4
Benny,3.64e-4
Francisco,3.61e-4
Wallace,3.6e-4
Ramon,3.55e-4
Cary,3.5e-4
Pete,3.49e-4
Terence,3.49e-4
Lyle,3.39e-4
Jamie,3.38e-4
Terrance,3.36e-4
Curt,3.32e-4
Grant,3.32e-4
Edgar,3.31e-4
Rene,3.3e-4
Virgil,3.17e-4
Max,3.09e-4
Bradford,3.08e-4
Pedro,3.07e-4
Angelo,3.06e-4
Angel,3.06e-4
Loren,3.04e-4
Christian,3.04e-4
Darrel,3.03e-4
Lorenzo,3.02e-4
Morris,3.02e-4
Felix,3.02e-4
Mickey,2.98e-4
Jaime,2.98e-4
Ed,2.96e-4
Rory,2.95e-4
Everett,2.92e-4
Phil,2.89e-4
Stewart,2.89e-4
Myron,2.84e-4
Armando,2.82e-4
Clark,2.8e-4
Ira,2.77e-4
Ivan,2.76e-4
Earnest,2.74e-4
Teddy,2.71e-4
Salvatore,2.71e-4
Fernando,2.69e-4
Dewayne,2.68e-4
Sherman,2.59e-4
Adrian,2.57e-4
Otis,2.56e-4
Travis,2.56e-4
Drew,2.55e-4
Jorge,2.55e-4
Bennie,2.54e-4
Malcolm,2.53e-4
Rafael,2.51e-4
Marion,2.5e-4
Willard,2.5e-4
Cedric,2.47e-4
Shane,2.47e-4
Luther,2.46e-4
Alton,2.44e-4
Jeffry,2.42e-4
Rickie,2.42e-4
Elmer,2.38e-4
Rusty,2.37e-4
Laurence,2.36e-4
Edmund,2.36e-4
Julius,2.35e-4
Sylvester,2.33e-4
Scot,2.32e-4
Rod,2.29e-4
Alberto,2.28e-4
Delbert,2.27e-4
Jacob,2.27e-4
Julian,2.26e-4
Alfredo,2.22e-4
Monty,2.22e-4
Javier,2.21e-4
Preston,2.21e-4
Van,2.21e-4
Isaac,2.19e-4
Roosevelt,2.19e-4
Clint,2.17e-4
Erik,2.17e-4
Alonzo,2.16e-4
Kris,2.15e-4
Monte,2.15e-4
Lionel,2.14e-4
Wilbert,2.13e-4
Arturo,2.12e-4
Rodger,2.1e-4
Vance,2.08e-4
Evan,2.08e-4
Orlando,2.08e-4
Robbie,2.08e-4
Archie,2.06e-4
Kendall,2.06e-4
Dominic,2.05e-4
Rudolph,2.05e-4
Blake,2.01e-4
Ernie,2.01e-4
Dexter,2e-4
Lowell,1.99e-4
Gabriel,1.98e-4
Gerry,1.97e-4
Luke,1.97e-4
Stevie,1.97e-4
Horace,1.93e-4
Tommie,1.93e-4
Stephan,1.92e-4
Willis,1.91e-4
Leland,1.88e-4
Doyle,1.87e-4
Jerald,1.87e-4
Hal,1.86e-4
Stan,1.86e-4
Hubert,1.85e-4
Forrest,1.84e-4
Al,1.81e-4
Darwin,1.81e-4
Bryant,1.8e-4
Noel,1.8e-4
Sheldon,1.8e-4
Bert,1.8e-4
Owen,1.79e-4
Blaine,1.79e-4
Dino,1.79e-4
Alfonso,1.77e-4
Freddy,1.77e-4
Ryan,1.75e-4
Boyd,1.72e-4
Oliver,1.72e-4
Toby,1.72e-4
Carey,1.7e-4
Jan,1.7e-4
Eduardo,1.69e-4
Dirk,1.69e-4
Enrique,1.69e-4
Denis,1.68e-4
Justin,1.67e-4
Damon,1.67e-4
Ellis,1.66e-4
Donny,1.66e-4
Grady,1.65e-4
Buddy,1.65e-4
Spencer,1.65e-4
Wilbur,1.64e-4
Cory,1.63e-4
Dallas,1.63e-4
Rob,1.63e-4
Ernesto,1.62e-4
Casey,1.61e-4
Dominick,1.6e-4
Kirby,1.6e-4
Julio,1.59e-4
Zachary,1.59e-4
Seth,1.58e-4
Russ,1.57e-4
Mathew,1.56e-4
Ervin,1.56e-4
Salvador,1.55e-4
Vince,1.55e-4
Mitch,1.54e-4
Rufus,1.53e-4
Louie,1.53e-4
Miles,1.52e-4
Ronny,1.52e-4
Darnell,1.51e-4
Homer,1.51e-4
Mack,1.51e-4
Darin,1.5e-4
Randell,1.5e-4
Cornelius,1.49e-4
Rodolfo,1.47e-4
Joshua,1.46e-4
Dewey,1.46e-4
Bryon,1.45e-4
Denny,1.43e-4
Tod,1.42e-4
Corey,1.39e-4
Moses,1.39e-4
Irvin,1.39e-4
Royce,1.39e-4
Colin,1.36e-4
Marlon,1.36e-4
Stacy,1.36e-4
Abraham,1.35e-4
Dane,1.33e-4
Sammie,1.33e-4
Jess,1.33e-4
Alphonso,1.32e-4
Shannon,1.32e-4
Scotty,1.31e-4
Cameron,1.3e-4
Ward,1.3e-4
Wilson,1.3e-4
Conrad,1.29e-4
Sergio,1.28e-4
Rolando,1.28e-4
Lane,1.27e-4
Aubrey,1.27e-4
Elliott,1.27e-4
Carroll,1.26e-4
Percy,1.25e-4
Edmond,1.24e-4
Reggie,1.24e-4
Lamar,1.23e-4
Michel,1.23e-4
Barney,1.23e-4
Joesph,1.23e-4
Elbert,1.22e-4
Amos,1.21e-4
Trent,1.21e-4
Chad,1.19e-4
Garland,1.19e-4
Nicky,1.19e-4
Ty,1.17e-4
Ramiro,1.17e-4
Cliff,1.16e-4
Morgan,1.16e-4
Blair,1.16e-4
Gilberto,1.16e-4
Reuben,1.15e-4
Stacey,1.15e-4
Abel,1.15e-4
Cleveland,1.14e-4
Norris,1.14e-4
Wilfred,1.14e-4
Lyndon,1.14e-4
Ian,1.13e-4
Vaughn,1.13e-4
Barton,1.13e-4
Elvis,1.12e-4
Pierre,1.12e-4
Elton,1.1e-4
Guadalupe,1.1e-4
Shaun,1.09e-4
Sterling,1.09e-4
Reynaldo,1.09e-4
Gerardo,1.08e-4
Israel,1.08e-4
Marlin,1.08e-4
Rocco,1.08e-4
Dwain,1.07e-4
Pablo,1.07e-4
Rich,1.07e-4
Bernie,1.07e-4
Harlan,1.07e-4
Lamont,1.04e-4
Will,1.04e-4
Mitchel,1.03e-4
Donnell,1.03e-4
Simon,1.03e-4
Ned,1.02e-4
Lon,1.02e-4
Terrell,1.02e-4
Thaddeus,1.02e-4
Galen,1.01e-4
Darrin,1.01e-4
Eddy,1.01e-4
Russel,1.01e-4
Murray,1e-4
Brendan,1e-4
Emmett,9.9e-5
Reed,9.8e-5
Andres,9.7e-5
Woodrow,9.7e-5
Ismael,9.7e-5
Emanuel,9.6e-5
Alejandro,9.5e-5
Marco,9.5e-5
Robby,9.5e-5
Austin,9.4e-5
Felipe,9.4e-5
Hans,9.4e-5
Tomas,9.4e-5
Bennett,9.3e-5
Junior,9.3e-5
Kurtis,9.3e-5
Gus,9.2e-5
Garth,9.1e-5
Irving,9.1e-5
Kennith,9.1e-5
Lenny,9.1e-5
Unknown,9e-5
Bobbie,8.9e-5
Guillermo,8.9e-5
Winston,8.9e-5
Avery,8.7e-5
Dion,8.7e-5
Billie,8.7e-5
Erwin,8.7e-5
Tracey,8.7e-5
Bryce,8.6e-5
Burton,8.6e-5
Dick,8.6e-5
Art,8.5e-5
Fabian,8.5e-5
Brandon,8.5e-5
Garrett,8.4e-5
Dannie,8.4e-5
Jasper,8.4e-5
Elijah,8.3e-5
Eldon,8.3e-5
Norbert,8.3e-5
Wilfredo,8.3e-5
Elvin,8.2e-5
Tyler,8.2e-5
Carmen,8.2e-5
Linwood,8.2e-5
Harrison,8.1e-5
Levi,8.1e-5
Merle,8.1e-5
Danial,8.1e-5
Sandy,8.1e-5
Rogelio,8e-5
Domingo,8e-5
Duncan,8e-5
Jefferson,8e-5
Grover,7.9e-5
Lanny,7.9e-5
Les,7.9e-5
Harley,7.9e-5
Elias,7.8e-5
Theron,7.8e-5
Mary,7.8e-5
Kip,7.8e-5
Sanford,7.8e-5
Thurman,7.7e-5
Erich,7.6e-5
Kermit,7.6e-5
Nolan,7.6e-5
Antoine,7.6e-5
Marcos,7.6e-5
Erick,7.5e-5
Kraig,7.5e-5
Daren,7.4e-5
Emil,7.4e-5
Santiago,7.3e-5
Jonathon,7.3e-5
Vito,7.3e-5
Jeremy,7.2e-5
Shelby,7.2e-5
Elliot,7.2e-5
Kenton,7.2e-5
Lonny,7.2e-5
Roscoe,7.2e-5
Hank,7.2e-5
Jake,7.2e-5
Kelley,7.2e-5
Orville,7.2e-5
Anton,7.1e-5
Gino,7.1e-5
Timmie,7.1e-5
Lindsay,7e-5
Dudley,6.9e-5
Jeremiah,6.9e-5
Layne,6.9e-5
Cesar,6.9e-5
Shelton,6.9e-5
Ulysses,6.9e-5
August,6.8e-5
Emilio,6.8e-5
Errol,6.8e-5
Winfred,6.8e-5
Loyd,6.8e-5
Eli,6.7e-5
Tad,6.7e-5
Emery,6.6e-5
Sonny,6.6e-5
Cornell,6.6e-5
Coy,6.6e-5
Jean,6.6e-5
Johnathan,6.6e-5
Santos,6.6e-5
Adolph,6.6e-5
Frederic,6.6e-5
Britt,6.5e-5
Donn,6.5e-5
Gustavo,6.5e-5
Lindsey,6.5e-5
Otto,6.5e-5
Jed,6.5e-5
Odell,6.5e-5
Roman,6.5e-5
Toney,6.5e-5
Carter,6.4e-5
Ignacio,6.4e-5
Keven,6.4e-5
Noah,6.4e-5
Wes,6.4e-5
Del,6.3e-5
Jordan,6.3e-5
Wiley,6.3e-5
Wayde,6.2e-5
Brady,6.2e-5
Quintin,6.2e-5
Charley,6.1e-5
Chip,6.1e-5
Nicolas,6.1e-5
Stefan,6.1e-5
Timmothy,6.1e-5
Vern,6.1e-5
Wally,6.1e-5
Damian,6.1e-5
Davis,6.1e-5
Efrain,6e-5
Emory,6e-5
Benito,6e-5
Ivory,6e-5
Lenard,6e-5
Reid,6e-5
Carlo,6e-5
Gale,6e-5
Josh,6e-5
Solomon,6e-5
Hollis,5.9e-5
Jerold,5.9e-5
Jacky,5.9e-5
Quentin,5.9e-5
Saul,5.9e-5
Humberto,5.8e-5
Weldon,5.8e-5
Xavier,5.8e-5
Marcel,5.7e-5
Mikel,5.7e-5
Hiram,5.7e-5
Millard,5.7e-5
Quinton,5.7e-5
Adolfo,5.6e-5
Randel,5.6e-5
Val,5.6e-5
Butch,5.6e-5
Len,5.6e-5
Carmine,5.5e-5
Scottie,5.5e-5
Bud,5.5e-5
Elwood,5.5e-5
Zane,5.5e-5
Noe,5.4e-5
Thad,5.4e-5
Chet,5.4e-5
Jackson,5.4e-5
Kennedy,5.4e-5
Ollie,5.4e-5
Courtney,5.4e-5
Myles,5.4e-5
Cris,5.3e-5
Derwin,5.2e-5
Blane,5.2e-5
Eloy,5.2e-5
Kirt,5.2e-5
Basil,5.1e-5
Jarvis,5.1e-5
Merrill,5.1e-5
Bradly,5.1e-5
Dwaine,5.1e-5
Fidel,5.1e-5
Jerrold,5.1e-5
Richie,5.1e-5
Jude,5e-5
Von,5e-5
Fredric,5e-5
Mervin,5e-5
Riley,5e-5
Burt,4.9e-5
Devin,4.9e-5
Jacques,4.9e-5
Bruno,4.9e-5
Denver,4.9e-5
Emmanuel,4.9e-5
Harris,4.9e-5
Keenan,4.9e-5
Delmar,4.8e-5
Merlin,4.8e-5
Sal,4.8e-5
Skip,4.8e-5
Wyatt,4.8e-5
Freeman,4.8e-5
Leonardo,4.8e-5
Stanford,4.8e-5
Dee,4.7e-5
Alec,4.7e-5
Gavin,4.7e-5
Rock,4.7e-5
Armand,4.6e-5
Edwardo,4.6e-5
Connie,4.6e-5
Gil,4.6e-5
Mel,4.5e-5
Rolf,4.5e-5
Duke,4.5e-5
Everette,4.5e-5
Greggory,4.5e-5
Hugo,4.5e-5
Isaiah,4.5e-5
Linda,4.5e-5
Omar,4.5e-5
Raynard,4.5e-5
Antony,4.4e-5
Brooks,4.4e-5
Elroy,4.4e-5
Kennth,4.4e-5
Kimberly,4.4e-5
Aron,4.4e-5
Judson,4.4e-5
Royal,4.4e-5
Augustine,4.3e-5
Douglass,4.3e-5
Graham,4.3e-5
Kenney,4.3e-5
Lavern,4.3e-5
Lemuel,4.3e-5
Taylor,4.3e-5
Clement,4.3e-5
Ethan,4.3e-5
Heriberto,4.3e-5
Joaquin,4.3e-5
Raphael,4.3e-5
Carson,4.2e-5
Dalton,4.2e-5
Eliot,4.2e-5
Berry,4.2e-5
Derick,4.2e-5
Dusty,4.2e-5
Emerson,4.2e-5
Forest,4.2e-5
Fritz,4.2e-5
Johnie,4.2e-5
Nickolas,4.2e-5
Vicente,4.2e-5
Ashley,4.1e-5
Curtiss,4.1e-5
Gearld,4.1e-5
Cody,4.1e-5
Hilton,4.1e-5
Lupe,4.1e-5
Audie,4e-5
Domenic,4e-5
Donell,4e-5
Alden,4e-5
Flint,4e-5
Irwin,4e-5
Lisa,4e-5
Roddy,4e-5
Carol,3.9e-5
Darius,3.9e-5
Gregorio,3.9e-5
Lincoln,3.9e-5
Kristopher,3.9e-5
Rodrick,3.9e-5
Tobin,3.9e-5
Anderson,3.8e-5
Cruz,3.8e-5
Desmond,3.8e-5
Dickie,3.8e-5
Duwayne,3.8e-5
Agustin,3.7e-5
Arnulfo,3.7e-5
Robbin,3.7e-5
Stanton,3.7e-5
Susan,3.7e-5
Andrea,3.7e-5
Artis,3.7e-5
Dell,3.7e-5
Demetrius,3.7e-5
Felton,3.7e-5
Laverne,3.7e-5
Maynard,3.7e-5
Wilton,3.7e-5
Benedict,3.6e-5
Darold,3.6e-5
Dwane,3.6e-5
Esteban,3.6e-5
Federico,3.6e-5
Haywood,3.6e-5
Leigh,3.6e-5
Mason,3.6e-5
Pasquale,3.6e-5
Arlen,3.6e-5
Donna,3.6e-5
Jefferey,3.6e-5
Lucas,3.6e-5
Raymon,3.6e-5
Silas,3.6e-5
Vic,3.6e-5
Cyrus,3.6e-5
Faron,3.6e-5
Fletcher,3.6e-5
Leif,3.6e-5
Marcelino,3.6e-5
Rogers,3.6e-5
Glynn,3.5e-5
Lesley,3.5e-5
Moises,3.5e-5
Rayford,3.5e-5
Cyril,3.5e-5
Dante,3.5e-5
Debra,3.5e-5
Donovan,3.5e-5
Kevan,3.5e-5
Lennie,3.5e-5
Reinaldo,3.5e-5
Barrett,3.4e-5
Brice,3.4e-5
Darrick,3.4e-5
Huey,3.4e-5
Kerwin,3.4e-5
Monroe,3.4e-5
Napoleon,3.4e-5
Woody,3.4e-5
Micah,3.4e-5
Titus,3.4e-5
Broderick,3.3e-5
Derrell,3.3e-5
Gonzalo,3.3e-5
Karen,3.3e-5
Mckinley,3.3e-5
Brien,3.3e-5
Cole,3.3e-5
Jame,3.3e-5
Major,3.3e-5
Andra,3.2e-5
Brant,3.2e-5
Buford,3.2e-5
Hayward,3.2e-5
Hunter,3.2e-5
Sebastian,3.2e-5
Wardell,3.2e-5
Wilford,3.2e-5
Wilmer,3.2e-5
Alvaro,3.2e-5
Darry,3.2e-5
Jonas,3.2e-5
Mac,3.2e-5
Patricia,3.2e-5
Ricki,3.2e-5
Truman,3.2e-5
Cynthia,3.1e-5
Earle,3.1e-5
Gaylon,3.1e-5
Barron,3.1e-5
Bernardo,3.1e-5
Clair,3.1e-5
Quinn,3.1e-5
Roel,3.1e-5
Trevor,3.1e-5
Yancy,3.1e-5
Adan,3e-5
Booker,3e-5
Cal,3e-5
Darron,3e-5
Darryle,3e-5
Herb,3e-5
Herschel,3e-5
Rhett,3e-5
Sid,3e-5
Tab,3e-5
Alexis,3e-5
Carmelo,3e-5
Odis,3e-5
Raymundo,3e-5
Stephon,3e-5
Warner,3e-5
Barbara,3e-5
Baron,3e-5
Coleman,3e-5
Darryll,3e-5
Deborah,3e-5
Leonel,3e-5
Lou,3e-5
Paris,3e-5
Waymon,3e-5
Windell,3e-5
Alfonzo,2.9e-5
Benton,2.9e-5
Brenda,2.9e-5
Devon,2.9e-5
Isiah,2.9e-5
Jamey,2.9e-5
Jere,2.9e-5
Leander,2.9e-5
Rolland,2.9e-5
Boyce,2.9e-5
Brock,2.9e-5
Chaim,2.9e-5
Daryle,2.9e-5
Ezra,2.9e-5
Ferdinand,2.9e-5
Hershel,2.9e-5
Issac,2.9e-5
Lars,2.9e-5
Lawerence,2.9e-5
Lyman,2.9e-5
Willam,2.9e-5
Arnoldo,2.8e-5
Dennie,2.8e-5
Jared,2.8e-5
Lacy,2.8e-5
Montgomery,2.8e-5
Prince,2.8e-5
Sandra,2.8e-5
Walt,2.8e-5
Abe,2.8e-5
Alva,2.8e-5
Arnie,2.8e-5
Artie,2.8e-5
Buck,2.8e-5
Chauncey,2.8e-5
Darell,2.8e-5
Dorsey,2.8e-5
Emmitt,2.8e-5
Garret,2.8e-5
Kory,2.8e-5
Quincy,2.8e-5
Regan,2.8e-5
Robb,2.8e-5
Aldo,2.7e-5
Augustus,2.7e-5
Burl,2.7e-5
Elizabeth,2.7e-5
Lauren,2.7e-5
