name,percent
Michael,0.040331
David,0.039334
John,0.037072
James,0.035208
Robert,0.033824
Mark,0.026795
William,0.022276
Richard,0.019084
Thomas,0.017414
Steven,0.014957
Jeffrey,0.014851
Joseph,0.013657
Charles,0.01354
Kevin,0.013409
Timothy,0.013106
Kenneth,0.012103
Daniel,0.012006
Paul,0.01189
Scott,0.011096
Brian,0.010467
Gary,0.010274
Donald,0.009927
Gregory,0.009909
Ronald,0.009653
Anthony,0.009359
Christopher,0.008039
Stephen,0.007448
Douglas,0.007407
Edward,0.007368
Larry,0.006763
George,0.006321
Terry,0.006117
Randy,0.005832
Dennis,0.00579
Keith,0.005701
Mike,0.005408
Jerry,0.005276
Eric,0.005152
Patrick,0.00513
Bruce,0.004974
Frank,0.004834
Peter,0.004794
Craig,0.004752
Ricky,0.004645
Steve,0.004634
Todd,0.004523
Roger,0.004478
Raymond,0.004455
Jeff,0.00439
Jeffery,0.004138
Alan,0.003999
Andrew,0.003937
Tony,0.003848
Danny,0.003806
Russell,0.003405
Carl,0.003362
Chris,0.00334
Dale,0.003334
Matthew,0.003286
Joe,0.003272
Wayne,0.003129
Gerald,0.003071
Randall,0.003055
Glenn,0.002908
Tim,0.002899
Barry,0.002884
Lawrence,0.002823
Billy,0.002797
Phillip,0.002769
Johnny,0.002736
Jimmy,0.002662
Rodney,0.002629
Martin,0.002536
Walter,0.002528
Curtis,0.002523
Bobby,0.002504
Greg,0.002499
Jim,0.00248
Philip,0.002452
Darryl,0.002378
Jay,0.002374
Bryan,0.002335
Roy,0.002302
Dean,0.002284
Arthur,0.002232
Willie,0.002217
Bradley,0.002198
Tom,0.00219
Samuel,0.002166
Jack,0.002151
Henry,0.002142
Ronnie,0.00214
Jon,0.002137
Ralph,0.002059
Harold,0.002059
Allen,0.002034
Albert,0.002003
Vincent,0.002002
Victor,0.001992
Troy,0.001976
Darrell,0.001945
Eddie,0.001892
Micheal,0.001866
Bill,0.001857
Louis,0.001836
Stanley,0.001818
Jose,0.001745
Rick,0.001733
Howard,0.001655
Joel,0.001629
Jonathan,0.001615
Dwayne,0.001613
Eugene,0.001601
Leonard,0.001588
Dan,0.001582
Tommy,0.001577
Frederick,0.001537
Mitchell,0.001485
Tracy,0.001476
Marvin,0.001474
Don,0.001462
Lee,0.001455
Ernest,0.001434
Fred,0.001432
Kelly,0.001392
Ray,0.001355
Calvin,0.001327
Melvin,0.001317
Kurt,0.00131
Dave,0.001299
Harry,0.001272
Duane,0.001266
Marc,0.001256
Glen,0.001246
Norman,0.001245
Jerome,0.001221
Brent,0.001183
Karl,0.00118
Earl,0.00117
Kirk,0.001168
Bob,0.00116
Brad,0.00116
Shawn,0.001151
Reginald,0.001143
Edwin,0.001134
Benjamin,0.001109
Kent,0.001103
Francis,0.001086
Clifford,0.001084
Jesse,0.001067
Theodore,0.001064
Alfred,0.001053
Rickey,0.001045
Perry,0.001031
Clarence,0.001017
Bernard,9.97e-4
Warren,9.65e-4
Nicholas,9.64e-4
Brett,9.59e-4
Juan,9.5e-4
Kerry,9.39e-4
Guy,9.37e-4
Wesley,9.29e-4
Carlos,9.26e-4
Gordon,9.19e-4
Stuart,8.81e-4
Aaron,8.73e-4
Alvin,8.65e-4
Robin,8.58e-4
Ron,8.53e-4
Leroy,8.47e-4
Doug,8.38e-4
Lance,8.36e-4
Darren,8.27e-4
Vernon,8.21e-4
Gregg,8.13e-4
Sean,7.98e-4
Gilbert,7.92e-4
Kenny,7.88e-4
Dana,7.86e-4
Lloyd,7.83e-4
Herbert,7.82e-4
Daryl,7.79e-4
Ted,7.79e-4
Gene,7.73e-4
Manuel,7.71e-4
Dwight,7.7e-4
Ken,7.7e-4
Tyrone,7.54e-4
Leslie,7.52e-4
Lonnie,7.39e-4
Antonio,7.33e-4
Adam,7.32e-4
Leon,7.21e-4
Franklin,7.09e-4
Neil,7.08e-4
Andre,6.96e-4
Derrick,6.95e-4
Nathan,6.89e-4
Timmy,6.85e-4
Marty,6.77e-4
Floyd,6.68e-4
Maurice,6.68e-4
Luis,6.53e-4
Derek,6.5e-4
Ruben,6.41e-4
Donnie,6.38e-4
Andy,6.37e-4
Kelvin,6.33e-4
Clyde,6.24e-4
Allan,6.23e-4
Lewis,6.2e-4
Jackie,6.11e-4
Marcus,6.07e-4
Gerard,6.07e-4
Mario,5.99e-4
Lester,5.97e-4
Chuck,5.95e-4
Rex,5.9e-4
Joey,5.84e-4
Wade,5.77e-4
Ricardo,5.76e-4
Alexander,5.7e-4
Byron,5.68e-4
Jimmie,5.67e-4
Wendell,5.67e-4
Alex,5.65e-4
Charlie,5.65e-4
Sam,5.55e-4
Leo,5.45e-4
Clayton,5.38e-4
Kyle,5.38e-4
Arnold,5.37e-4
Randal,5.36e-4
Freddie,5.31e-4
Roland,5.26e-4
Neal,5.19e-4
Garry,5.19e-4
Kim,5.12e-4
Milton,5.11e-4
Randolph,4.95e-4
Jason,4.94e-4
Johnnie,4.88e-4
Nathaniel,4.87e-4
Oscar,4.84e-4
Ross,4.74e-4
Herman,4.66e-4
Terrence,4.62e-4
Clinton,4.61e-4
Jesus,4.51e-4
Cecil,4.5e-4
Harvey,4.43e-4
Nelson,4.42e-4
Jessie,4.41e-4
Roberto,4.38e-4
Nick,4.34e-4
Ben,4.34e-4
Pat,4.31e-4
Marshall,4.17e-4
Roderick,4.17e-4
Clay,4.16e-4
Fredrick,4.14e-4
Lynn,4.13e-4
Matt,4.12e-4
Hector,4.11e-4
Chester,4.11e-4
Raul,4.08e-4
Clark,4.08e-4
Clifton,4.04e-4
Hugh,4.02e-4
Sidney,3.89e-4
Jody,3.86e-4
Geoffrey,3.83e-4
Miguel,3.81e-4
Grant,3.76e-4
Frankie,3.74e-4
Claude,3.72e-4
Rudy,3.63e-4
Sammy,3.61e-4
Carlton,3.58e-4
Angelo,3.5e-4
Terrance,3.5e-4
Bart,3.48e-4
Bret,3.44e-4
Jamie,3.39e-4
Terence,3.37e-4
Rocky,3.37e-4
Wallace,3.36e-4
Francisco,3.36e-4
Benny,3.31e-4
Ramon,3.28e-4
Rene,3.24e-4
Pete,3.24e-4
Edgar,3.21e-4
Everett,3.21e-4
Robbie,3.17e-4
Ivan,3.11e-4
Angel,3.1e-4
Morris,3.08e-4
Myron,3.07e-4
Jaime,3.06e-4
Curt,3.05e-4
Lyle,3.05e-4
Max,3.01e-4
Darrel,2.99e-4
Loren,2.97e-4
Cedric,2.97e-4
Stewart,2.96e-4
Lorenzo,2.95e-4
Mickey,2.94e-4
Dewayne,2.92e-4
Phil,2.92e-4
Adrian,2.92e-4
Cary,2.9e-4
Virgil,2.9e-4
Pedro,2.83e-4
Teddy,2.83e-4
Fernando,2.82e-4
Christian,2.81e-4
Ed,2.8e-4
Orlando,2.79e-4
Armando,2.78e-4
Felix,2.73e-4
Travis,2.71e-4
Bradford,2.69e-4
Shane,2.69e-4
Rafael,2.68e-4
Rusty,2.67e-4
Drew,2.63e-4
Monte,2.62e-4
Marion,2.61e-4
Salvatore,2.59e-4
Gabriel,2.55e-4
Ira,2.54e-4
Otis,2.53e-4
Jorge,2.51e-4
Laurence,2.51e-4
Monty,2.51e-4
Alton,2.5e-4
Alberto,2.5e-4
Javier,2.47e-4
Julian,2.45e-4
Van,2.44e-4
Earnest,2.44e-4
Edmund,2.43e-4
Erik,2.42e-4
Malcolm,2.42e-4
Sylvester,2.4e-4
Bennie,2.4e-4
Blake,2.38e-4
Jacob,2.36e-4
Tod,2.35e-4
Willard,2.35e-4
Rory,2.33e-4
Kris,2.33e-4
Jeffry,2.31e-4
Sherman,2.3e-4
Arturo,2.26e-4
Evan,2.26e-4
Isaac,2.26e-4
Justin,2.26e-4
Luther,2.26e-4
Elmer,2.22e-4
Delbert,2.21e-4
Rodger,2.21e-4
Alonzo,2.2e-4
Damon,2.17e-4
Vance,2.15e-4
Alfredo,2.15e-4
Scot,2.15e-4
Rickie,2.14e-4
Preston,2.08e-4
Cory,2.07e-4
Dominic,2.07e-4
Jerald,2.07e-4
Rob,2.06e-4
Clint,2.05e-4
Darin,2.03e-4
Stephan,2.01e-4
Noel,2e-4
Leland,2e-4
Forrest,1.99e-4
Ernie,1.98e-4
Julius,1.98e-4
Bryant,1.97e-4
Roosevelt,1.97e-4
Blaine,1.96e-4
Dexter,1.96e-4
Lionel,1.95e-4
Rod,1.95e-4
Kendall,1.92e-4
Luke,1.92e-4
Rudolph,1.9e-4
Sheldon,1.89e-4
Corey,1.88e-4
Alfonso,1.85e-4
Mitch,1.85e-4
Spencer,1.84e-4
Archie,1.84e-4
Ryan,1.82e-4
Lowell,1.81e-4
Tommie,1.79e-4
Doyle,1.77e-4
Horace,1.77e-4
Buddy,1.75e-4
Dirk,1.75e-4
Gerry,1.74e-4
Enrique,1.73e-4
Darwin,1.73e-4
Eduardo,1.72e-4
Hubert,1.72e-4
Dino,1.71e-4
Wilbert,1.71e-4
Zachary,1.7e-4
Stevie,1.69e-4
Chad,1.69e-4
Al,1.68e-4
Willis,1.67e-4
Casey,1.66e-4
Boyd,1.65e-4
Owen,1.64e-4
Colin,1.64e-4
Darnell,1.63e-4
Joshua,1.62e-4
Oliver,1.62e-4
Jan,1.61e-4
Salvador,1.6e-4
Mathew,1.6e-4
Russ,1.59e-4
Dallas,1.58e-4
Ward,1.58e-4
Cornelius,1.57e-4
Hal,1.57e-4
Grady,1.56e-4
Julio,1.56e-4
Shannon,1.55e-4
Stan,1.55e-4
Freddy,1.54e-4
Trent,1.54e-4
Carey,1.53e-4
Louie,1.53e-4
Rufus,1.53e-4
Ellis,1.52e-4
Seth,1.52e-4
Ervin,1.52e-4
Ronny,1.51e-4
Homer,1.51e-4
Vince,1.51e-4
Miles,1.5e-4
Stacy,1.5e-4
Ty,1.49e-4
Bert,1.49e-4
Cameron,1.49e-4
Dominick,1.45e-4
Elliott,1.45e-4
Robby,1.45e-4
Donny,1.44e-4
Stacey,1.44e-4
Wilbur,1.43e-4
Mack,1.43e-4
Scotty,1.43e-4
Denis,1.42e-4
Bryon,1.42e-4
Marlon,1.41e-4
Toby,1.41e-4
Dewey,1.4e-4
Randell,1.4e-4
Rodolfo,1.4e-4
Dane,1.39e-4
Alphonso,1.39e-4
Jess,1.39e-4
Sergio,1.38e-4
Garland,1.37e-4
Kirby,1.34e-4
Shaun,1.33e-4
Ernesto,1.31e-4
Abel,1.3e-4
Cliff,1.29e-4
Abraham,1.28e-4
Joesph,1.28e-4
Conrad,1.27e-4
Royce,1.27e-4
Lamont,1.26e-4
Sammie,1.26e-4
Wilson,1.25e-4
Carroll,1.23e-4
Lane,1.22e-4
Lamar,1.21e-4
Aubrey,1.21e-4
Gilberto,1.21e-4
Denny,1.2e-4
Amos,1.19e-4
Guadalupe,1.19e-4
Reggie,1.18e-4
Elbert,1.18e-4
Irvin,1.17e-4
Rolando,1.17e-4
Pablo,1.17e-4
Michel,1.17e-4
Cleveland,1.16e-4
Moses,1.16e-4
Ian,1.15e-4
Norris,1.15e-4
Reynaldo,1.15e-4
Sandy,1.15e-4
Percy,1.15e-4
Sterling,1.15e-4
Alejandro,1.14e-4
Edmond,1.13e-4
Marlin,1.13e-4
Gerardo,1.12e-4
Brendan,1.11e-4
Eddy,1.11e-4
Pierre,1.1e-4
Blair,1.1e-4
Emmett,1.1e-4
Dion,1.09e-4
Kurtis,1.09e-4
Tracey,1.09e-4
Wilfred,1.09e-4
Rich,1.08e-4
Darrin,1.07e-4
Israel,1.07e-4
Felipe,1.07e-4
Harlan,1.06e-4
Simon,1.06e-4
Galen,1.05e-4
Murray,1.04e-4
Barney,1.04e-4
Reuben,1.04e-4
Will,1.04e-4
Carmen,1.03e-4
Jefferson,1.03e-4
Nicky,1.03e-4
Thaddeus,1.03e-4
Emanuel,1.02e-4
Ramiro,1.02e-4
Mitchel,1.01e-4
Garrett,1e-4
Marco,1e-4
Bernie,9.9e-5
Woodrow,9.9e-5
Garth,9.9e-5
Vaughn,9.9e-5
Kennith,9.8e-5
Barton,9.7e-5
Donnell,9.6e-5
Elton,9.6e-5
Lyndon,9.6e-5
Austin,9.5e-5
Winston,9.5e-5
Hans,9.5e-5
Morgan,9.5e-5
Terrell,9.5e-5
Andres,9.3e-5
Irving,9.2e-5
Lenny,9.2e-5
Tomas,9.2e-5
Tyler,9.2e-5
Lonny,9.1e-5
Ned,9.1e-5
Bennett,9e-5
Danial,9e-5
Elijah,9e-5
Brandon,9e-5
Lon,9e-5
Junior,8.9e-5
Russel,8.9e-5
Daren,8.9e-5
Elias,8.9e-5
Elvin,8.8e-5
Art,8.8e-5
Dwain,8.7e-5
Elliot,8.7e-5
Elvis,8.7e-5
Rocco,8.7e-5
Jordan,8.7e-5
Jeremy,8.6e-5
Kermit,8.6e-5
Kraig,8.6e-5
Toney,8.6e-5
Dick,8.6e-5
Gustavo,8.6e-5
Jed,8.5e-5
Les,8.5e-5
Avery,8.4e-5
Burton,8.4e-5
Reed,8.4e-5
Gus,8.3e-5
Ismael,8.3e-5
Erich,8.3e-5
Kennedy,8.2e-5
Marcos,8.2e-5
Merle,8.2e-5
Quintin,8.2e-5
Sanford,8.2e-5
Xavier,8.2e-5
Loyd,8.1e-5
Dannie,8e-5
Domingo,8e-5
Gino,8e-5
Grover,8e-5
Kip,8e-5
Wilfredo,8e-5
Billie,7.9e-5
Jonathon,7.9e-5
Lanny,7.9e-5
Saul,7.9e-5
Cornell,7.8e-5
Guillermo,7.8e-5
Levi,7.8e-5
Unknown,7.8e-5
Mary,7.8e-5
Orville,7.8e-5
Harley,7.7e-5
Jake,7.7e-5
Thurman,7.7e-5
Chip,7.7e-5
Nolan,7.7e-5
Eldon,7.6e-5
Erwin,7.6e-5
Linwood,7.6e-5
Bryce,7.5e-5
August,7.5e-5
Wally,7.5e-5
Zane,7.5e-5
Chet,7.3e-5
Fabian,7.3e-5
Bobbie,7.3e-5
Antoine,7.2e-5
Jean,7.2e-5
Stefan,7.1e-5
Cesar,7.1e-5
Hank,7.1e-5
Jasper,7.1e-5
Roman,7.1e-5
Efrain,7e-5
Norbert,7e-5
Ulysses,7e-5
Eli,6.9e-5
Leonardo,6.9e-5
Rogelio,6.9e-5
Santos,6.9e-5
Vern,6.9e-5
Emil,6.9e-5
Santiago,6.9e-5
Emilio,6.8e-5
Quentin,6.8e-5
Vito,6.8e-5
Kelley,6.8e-5
Reid,6.8e-5
Duncan,6.7e-5
Lindsey,6.7e-5
Solomon,6.6e-5
Theron,6.6e-5
Brady,6.6e-5
Damian,6.6e-5
Frederic,6.6e-5
Shelton,6.5e-5
Courtney,6.5e-5
Davis,6.5e-5
Erick,6.5e-5
Harrison,6.5e-5
Otto,6.5e-5
Scottie,6.5e-5
Sonny,6.4e-5
Timmie,6.4e-5
Brook,6.4e-5
Brooks,6.3e-5
Kenton,6.3e-5
Johnathan,6.3e-5
Mikel,6.3e-5
Dudley,6.2e-5
Carter,6.2e-5
Josh,6.1e-5
Roscoe,6.1e-5
Shelby,6.1e-5
Wes,6.1e-5
Errol,6e-5
Emmanuel,5.9e-5
Jeremiah,5.9e-5
Ashley,5.8e-5
Devin,5.8e-5
Noah,5.8e-5
Lindsay,5.8e-5
Richie,5.8e-5
Jacques,5.8e-5
Carmine,5.7e-5
Dante,5.7e-5
Winfred,5.7e-5
Emory,5.7e-5
Odell,5.7e-5
Raynard,5.7e-5
Tad,5.7e-5
Emery,5.6e-5
Gil,5.6e-5
Kristopher,5.6e-5
Jerold,5.6e-5
Donovan,5.5e-5
Ivory,5.5e-5
Lincoln,5.5e-5
Bradly,5.5e-5
Humberto,5.5e-5
Quinton,5.5e-5
Wiley,5.5e-5
Butch,5.4e-5
Derwin,5.4e-5
Fidel,5.4e-5
Greggory,5.4e-5
Ignacio,5.4e-5
Myles,5.4e-5
Anton,5.3e-5
Marcel,5.3e-5
Omar,5.3e-5
Randel,5.3e-5
Donn,5.3e-5
Ethan,5.3e-5
Gavin,5.3e-5
Raphael,5.3e-5
Cody,5.2e-5
Hiram,5.2e-5
Noe,5.2e-5
Thad,5.2e-5
Weldon,5.2e-5
Basil,5.2e-5
Carlo,5.2e-5
Shayne,5.2e-5
Clement,5.2e-5
Graham,5.2e-5
Jerrold,5.2e-5
Kimberly,5.2e-5
Timmothy,5.2e-5
Benito,5.1e-5
Coy,5.1e-5
Keven,5.1e-5
Merlin,5.1e-5
Mervin,5.1e-5
Lars,5.1e-5
Len,5.1e-5
Nicolas,5.1e-5
Everette,5e-5
Hollis,5e-5
Layne,5e-5
Ollie,5e-5
Curtiss,5e-5
Faron,5e-5
Jefferey,5e-5
Adolfo,4.9e-5
Carson,4.9e-5
Elwood,4.9e-5
Rhett,4.9e-5
Sebastian,4.9e-5
Taylor,4.9e-5
Armand,4.8e-5
Bruno,4.8e-5
Cris,4.8e-5
Stanford,4.8e-5
Denver,4.8e-5
Edwardo,4.8e-5
Jacky,4.8e-5
Jude,4.8e-5
Micah,4.8e-5
Stephon,4.8e-5
Adolph,4.7e-5
Fredric,4.7e-5
Mel,4.7e-5
Merrill,4.7e-5
Gale,4.7e-5
Riley,4.7e-5
Demetrius,4.6e-5
Lenard,4.6e-5
Britt,4.6e-5
Charley,4.6e-5
Darius,4.6e-5
Kirt,4.6e-5
Augustine,4.5e-5
Cole,4.5e-5
Derick,4.5e-5
Hugo,4.5e-5
Sal,4.5e-5
Audie,4.4e-5
Glynn,4.4e-5
Anderson,4.4e-5
Bud,4.4e-5
Jackson,4.4e-5
Lemuel,4.4e-5
Vicente,4.4e-5
Brien,4.3e-5
Darron,4.3e-5
Isaiah,4.3e-5
Jarvis,4.3e-5
Baron,4.3e-5
Delmar,4.3e-5
Desmond,4.3e-5
Judson,4.3e-5
Lorne,4.3e-5
Alec,4.2e-5
Blane,4.2e-5
Burt,4.2e-5
Lupe,4.2e-5
Mckinley,4.2e-5
Royal,4.2e-5
Antony,4.2e-5
Cyrus,4.2e-5
Del,4.2e-5
Douglass,4.2e-5
Fletcher,4.2e-5
Gregorio,4.2e-5
Elroy,4.1e-5
Mason,4.1e-5
Millard,4.1e-5
Eliot,4.1e-5
Irwin,4.1e-5
Lucas,4.1e-5
Val,4.1e-5
Fritz,4e-5
Huey,4e-5
Joaquin,4e-5
Johnie,4e-5
Rock,4e-5
Silas,4e-5
Susan,4e-5
Von,4e-5
Benedict,4e-5
Harris,4e-5
Monroe,4e-5
Nickolas,4e-5
Rolland,4e-5
Alden,3.9e-5
Berry,3.9e-5
Eloy,3.9e-5
Linda,3.9e-5
Pasquale,3.9e-5
Roddy,3.9e-5
Barrett,3.9e-5
Dwaine,3.9e-5
Freeman,3.9e-5
Hershel,3.9e-5
Maynard,3.9e-5
Micky,3.9e-5
Cruz,3.9e-5
Domenic,3.9e-5
Efrem,3.9e-5
Jere,3.9e-5
Brock,3.8e-5
Chauncey,3.8e-5
Forest,3.8e-5
Leigh,3.8e-5
Lisa,3.8e-5
Rogers,3.8e-5
Dee,3.8e-5
Rolf,3.8e-5
Carol,3.7e-5
Woody,3.7e-5
Aron,3.7e-5
Carmelo,3.7e-5
Karen,3.7e-5
Moises,3.7e-5
Quincy,3.7e-5
Rodrick,3.7e-5
Wyatt,3.7e-5
Arlen,3.6e-5
Buford,3.6e-5
Dwane,3.6e-5
Heriberto,3.6e-5
Isiah,3.6e-5
Kennth,3.6e-5
Parrish,3.6e-5
Wilmer,3.6e-5
Drake,3.6e-5
Esteban,3.6e-5
Leif,3.6e-5
Raymundo,3.6e-5
Vic,3.6e-5
Alfonzo,3.5e-5
Connie,3.5e-5
Donna,3.5e-5
Lesley,3.5e-5
Napoleon,3.5e-5
Patricia,3.5e-5
Clair,3.5e-5
Derrell,3.5e-5
Dickie,3.5e-5
Jared,3.5e-5
Rubin,3.5e-5
Stanton,3.5e-5
Dalton,3.4e-5
Foster,3.4e-5
Gail,3.4e-5
Norberto,3.4e-5
Artie,3.4e-5
Cyril,3.4e-5
Darryle,3.4e-5
Dusty,3.4e-5
Emerson,3.4e-5
Federico,3.4e-5
Lavern,3.4e-5
Lennie,3.4e-5
Brenda,3.3e-5
Coleman,3.3e-5
Darell,3.3e-5
Duwayne,3.3e-5
Hunter,3.3e-5
Issac,3.3e-5
Jame,3.3e-5
Darrick,3.3e-5
Earle,3.3e-5
Felton,3.3e-5
Herschel,3.3e-5
Marcelino,3.3e-5
Raleigh,3.3e-5
Robbin,3.3e-5
Duke,3.2e-5
Alexis,3.2e-5
Booker,3.2e-5
Emile,3.2e-5
Emmitt,3.2e-5
Laverne,3.2e-5
Michal,3.2e-5
Rand,3.2e-5
Rayford,3.2e-5
Whitney,3.2e-5
Artis,3.2e-5
Augustus,3.2e-5
Bernardo,3.2e-5
Kalvin,3.2e-5
Milford,3.2e-5
Pernell,3.2e-5
Regan,3.2e-5
Wilford,3.2e-5
Darcy,3.1e-5
Mariano,3.1e-5
Odis,3.1e-5
Quinn,3.1e-5
Sandra,3.1e-5
Skip,3.1e-5
Broderick,3.1e-5
Dell,3.1e-5
Devon,3.1e-5
Jamey,3.1e-5
Kerwin,3.1e-5
Lorenza,3.1e-5
Major,3.1e-5
Orrin,3.1e-5
Wilburn,3.1e-5
Willam,3.1e-5
Williams,3.1e-5
Alva,3e-5
Bentley,3e-5
Dorian,3e-5
Elizabeth,3e-5
Sharon,3e-5
Windell,3e-5
Agustin,3e-5
Andrea,3e-5
Cletus,3e-5
Dennie,3e-5
Genaro,3e-5
Hilton,3e-5
Kory,3e-5
Loran,3e-5
Markus,3e-5
Sid,3e-5
Thor,3e-5
Abe,2.9e-5
Alphonse,2.9e-5
Boris,2.9e-5
Garret,2.9e-5
Osvaldo,2.9e-5
Trevor,2.9e-5
Warner,2.9e-5
Anibal,2.9e-5
Boyce,2.9e-5
Brice,2.9e-5
Carnell,2.9e-5
Cordell,2.9e-5
Daron,2.9e-5
Darry,2.9e-5
Hardy,2.9e-5
Haywood,2.9e-5
Kevan,2.9e-5
Leander,2.9e-5
Mac,2.9e-5
Michale,2.9e-5
Montgomery,2.9e-5
Otha,2.9e-5
Paris,2.9e-5
Waymon,2.9e-5
Adan,2.8e-5
Arnulfo,2.8e-5
Bertram,2.8e-5
Donell,2.8e-5
Ezra,2.8e-5
Ferdinand,2.8e-5
Jules,2.8e-5
Keenan,2.8e-5
Kieth,2.8e-5
Lucius,2.8e-5
Olin,2.8e-5
Reinaldo,2.8e-5
