name,percent
Michael,0.043997
David,0.036546
James,0.035874
John,0.035785
Robert,0.03264
William,0.021054
Mark,0.01915
Richard,0.018965
Jeffrey,0.016613
Thomas,0.015963
Timothy,0.015913
Christopher,0.015361
Steven,0.015241
Brian,0.014997
Joseph,0.014848
Scott,0.014322
Kevin,0.014076
Paul,0.012973
Daniel,0.012803
Charles,0.012248
Kenneth,0.011456
Anthony,0.011342
Gregory,0.00936
Ronald,0.009322
Eric,0.009059
Stephen,0.008117
Donald,0.008105
Gary,0.007787
Todd,0.007458
Edward,0.007301
Patrick,0.006823
Keith,0.006388
Douglas,0.006275
Matthew,0.005942
Rodney,0.005648
Andrew,0.005632
George,0.005464
Larry,0.004792
Peter,0.004723
Terry,0.004653
Jerry,0.004635
Jeffery,0.004347
Frank,0.004287
Dennis,0.004284
Randy,0.00427
Craig,0.004258
Raymond,0.004064
Troy,0.003796
Tony,0.003612
Sean,0.003568
Roger,0.003465
Bryan,0.003243
Bruce,0.003215
Shawn,0.003145
Chris,0.002891
Carl,0.002874
Alan,0.00272
Vincent,0.002718
Wayne,0.00269
Russell,0.002677
Gerald,0.002675
Danny,0.0025959999999999998
Darren,0.002593
Ricky,0.002576
Jonathan,0.002569
Lawrence,0.002558
Steve,0.00254
Bradley,0.002505
Mike,0.002492
Randall,0.002447
Phillip,0.002426
Jeff,0.002415
Johnny,0.002403
Joe,0.002387
Curtis,0.002333
Jon,0.002332
Jimmy,0.00233
Martin,0.002312
Billy,0.0023
Jose,0.002299
Samuel,0.002294
Bobby,0.00224
Walter,0.00223
Dean,0.002223
Dale,0.00219
Philip,0.00218
Barry,0.002155
Darryl,0.002098
Jason,0.002077
Glenn,0.002016
Jay,0.00198
Henry,0.001971
Willie,0.00195
Roy,0.001936
Darrell,0.001923
Arthur,0.001918
Allen,0.001878
Tracy,0.001859
Harold,0.001826
Albert,0.001817
Victor,0.001798
Joel,0.001776
Tim,0.001729
Louis,0.001646
Marc,0.001633
Lee,0.00163
Jack,0.001629
Ronnie,0.001601
Frederick,0.001592
Kurt,0.001562
Ralph,0.001535
Kelly,0.001533
Marvin,0.001504
Brent,0.001479
Micheal,0.001454
Eugene,0.001443
Aaron,0.001429
Brett,0.001415
Darrin,0.001413
Howard,0.001402
Eddie,0.001395
Ernest,0.001379
Adam,0.001375
Greg,0.001354
Tommy,0.001354
Leonard,0.001353
Stanley,0.001343
Derrick,0.001342
Juan,0.001311
Benjamin,0.001307
Reginald,0.001283
Jesse,0.001272
Dwayne,0.001246
Darin,0.001238
Chad,0.001211
Jim,0.00121
Norman,0.001194
Carlos,0.001185
Nicholas,0.001181
Duane,0.001166
Derek,0.001163
Melvin,0.001123
Andre,0.001115
Harry,0.001097
Kyle,0.001078
Erik,0.001077
Jerome,0.001072
Antonio,0.00105
Brad,0.001047
Theodore,0.001047
Fred,0.001035
Edwin,0.00103
Tom,0.001017
Kirk,0.001014
Ray,0.001003
Lance,9.98e-4
Wesley,9.91e-4
Karl,9.87e-4
Calvin,9.71e-4
Earl,9.63e-4
Glen,9.63e-4
Rick,9.61e-4
Mitchell,9.52e-4
Francis,9.35e-4
Luis,9.1e-4
Don,9.07e-4
Warren,8.94e-4
Tyrone,8.88e-4
Clifford,8.85e-4
Alfred,8.83e-4
Ryan,8.65e-4
Kent,8.63e-4
Bill,8.56e-4
Dan,8.46e-4
Manuel,8.45e-4
Clarence,8.43e-4
Bernard,8.36e-4
Lonnie,7.87e-4
Nathan,7.81e-4
Maurice,7.79e-4
Gordon,7.63e-4
Alexander,7.54e-4
Wade,7.48e-4
Leroy,7.44e-4
Daryl,7.3e-4
Shane,7.23e-4
Leon,7.21e-4
Travis,7.18e-4
Franklin,7.16e-4
Mario,7.1e-4
Vernon,7.04e-4
Guy,7.03e-4
Marcus,6.98e-4
Gilbert,6.97e-4
Kerry,6.82e-4
Leslie,6.82e-4
Alvin,6.81e-4
Neil,6.75e-4
Ruben,6.59e-4
Ricardo,6.58e-4
Byron,6.47e-4
Stuart,6.43e-4
Herbert,6.37e-4
Shannon,6.36e-4
Gene,6.33e-4
Gregg,6.24e-4
Perry,6.18e-4
Lloyd,6.14e-4
Jesus,6.1e-4
Roberto,6.05e-4
Terrence,5.99e-4
Kelvin,5.94e-4
Ted,5.9e-4
Lewis,5.81e-4
Dwight,5.78e-4
Timmy,5.71e-4
Joey,5.67e-4
Alex,5.63e-4
Dana,5.6e-4
Miguel,5.59e-4
Andy,5.48e-4
Allan,5.43e-4
Marty,5.37e-4
Terrance,5.32e-4
Jamie,5.29e-4
Roderick,5.28e-4
Rickey,5.2e-4
Floyd,5.19e-4
Ron,5.17e-4
Oscar,5.16e-4
Hector,5.15e-4
Kenny,5.09e-4
Jimmie,5.07e-4
Ross,5.06e-4
Nathaniel,4.99e-4
Jessie,4.97e-4
Christian,4.89e-4
Roland,4.84e-4
Dave,4.78e-4
Donnie,4.78e-4
Damon,4.77e-4
Francisco,4.75e-4
Bret,4.72e-4
Leo,4.7e-4
Robin,4.69e-4
Johnnie,4.68e-4
Raul,4.64e-4
Fredrick,4.63e-4
Geoffrey,4.6e-4
Charlie,4.57e-4
Clinton,4.52e-4
Ken,4.51e-4
Arnold,4.48e-4
Neal,4.48e-4
Terence,4.44e-4
Freddie,4.4e-4
Gerard,4.38e-4
Jackie,4.32e-4
Ramon,4.29e-4
Clayton,4.27e-4
Lester,4.25e-4
Angel,4.22e-4
Milton,4.2e-4
Cary,4.2e-4
Jorge,4.18e-4
Herman,4.15e-4
Adrian,4.15e-4
Jody,4.13e-4
Randolph,4.12e-4
Javier,4.03e-4
Jaime,4.01e-4
Cedric,4e-4
Matt,4e-4
Nelson,3.98e-4
Rex,3.96e-4
Wendell,3.94e-4
Clifton,3.82e-4
Randal,3.8e-4
Bob,3.76e-4
Nick,3.76e-4
Doug,3.76e-4
Ben,3.75e-4
Cecil,3.73e-4
Stacy,3.73e-4
Sam,3.71e-4
Pedro,3.71e-4
Rene,3.71e-4
Clyde,3.67e-4
Trevor,3.64e-4
Harvey,3.64e-4
Marshall,3.64e-4
Frankie,3.62e-4
Carlton,3.58e-4
Armando,3.54e-4
Grant,3.45e-4
Ian,3.41e-4
Loren,3.41e-4
Rafael,3.41e-4
Ivan,3.41e-4
Sidney,3.37e-4
Lorenzo,3.33e-4
Angelo,3.31e-4
Fernando,3.31e-4
Dewayne,3.3e-4
Daren,3.29e-4
Robbie,3.28e-4
Trent,3.26e-4
Edgar,3.22e-4
Shaun,3.22e-4
Sammy,3.13e-4
Hugh,3.12e-4
Casey,3.09e-4
Stacey,3.08e-4
Everett,3.07e-4
Garry,3.06e-4
Claude,3.04e-4
Evan,3.03e-4
Kim,3.03e-4
Alberto,3.01e-4
Gabriel,3.01e-4
Rudy,2.97e-4
Bryant,2.96e-4
Chester,2.94e-4
Orlando,2.92e-4
Clark,2.91e-4
Bradford,2.89e-4
Felix,2.89e-4
Scotty,2.89e-4
Eduardo,2.88e-4
Preston,2.87e-4
Wallace,2.86e-4
Alfredo,2.84e-4
Salvatore,2.83e-4
Teddy,2.82e-4
Darrel,2.81e-4
Justin,2.79e-4
Scot,2.75e-4
Curt,2.74e-4
Brendan,2.69e-4
Lynn,2.67e-4
Joshua,2.66e-4
Mathew,2.62e-4
Morris,2.61e-4
Dominic,2.6e-4
Noel,2.59e-4
Tracey,2.58e-4
Corey,2.56e-4
Virgil,2.53e-4
Benny,2.52e-4
Jacob,2.52e-4
Arturo,2.51e-4
Bart,2.5e-4
Malcolm,2.5e-4
Julian,2.48e-4
Max,2.45e-4
Bennie,2.44e-4
Cory,2.44e-4
Chuck,2.39e-4
Heath,2.39e-4
Lyle,2.38e-4
Mickey,2.38e-4
Isaac,2.38e-4
Dexter,2.37e-4
Drew,2.37e-4
Monte,2.36e-4
Enrique,2.34e-4
Jerald,2.34e-4
Earnest,2.33e-4
Otis,2.31e-4
Jeffry,2.3e-4
Kendall,2.29e-4
Stewart,2.29e-4
Myron,2.28e-4
Monty,2.27e-4
Pat,2.27e-4
Colin,2.22e-4
Blake,2.21e-4
Ira,2.2e-4
Brandon,2.19e-4
Julius,2.19e-4
Erick,2.18e-4
Marco,2.17e-4
Scottie,2.17e-4
Sheldon,2.17e-4
Stephan,2.17e-4
Edmund,2.16e-4
Pete,2.14e-4
Willard,2.14e-4
Alonzo,2.12e-4
Alton,2.04e-4
Spencer,2.02e-4
Delbert,2.01e-4
Alfonso,2.01e-4
Luther,2.01e-4
Clay,1.98e-4
Doyle,1.98e-4
Luke,1.96e-4
Kris,1.95e-4
Ernesto,1.95e-4
Darnell,1.94e-4
Julio,1.94e-4
Rudolph,1.94e-4
Rod,1.93e-4
Laurence,1.93e-4
Toby,1.93e-4
Van,1.93e-4
Marion,1.92e-4
Lamont,1.89e-4
Seth,1.88e-4
Oliver,1.86e-4
Leland,1.85e-4
Sherman,1.85e-4
Bryon,1.85e-4
Zachary,1.84e-4
Darwin,1.84e-4
Devin,1.84e-4
Stevie,1.83e-4
Tyler,1.83e-4
Rusty,1.82e-4
Dion,1.8e-4
Ty,1.8e-4
Rob,1.8e-4
Sergio,1.79e-4
Rodger,1.79e-4
Sylvester,1.79e-4
Clint,1.76e-4
Cameron,1.75e-4
Elmer,1.75e-4
Garrett,1.75e-4
Dominick,1.73e-4
Alejandro,1.72e-4
Rodolfo,1.71e-4
Kip,1.71e-4
Blaine,1.7e-4
Carey,1.69e-4
Robby,1.68e-4
Roosevelt,1.67e-4
Archie,1.67e-4
Wilson,1.66e-4
Dallas,1.66e-4
Forrest,1.65e-4
Rocky,1.65e-4
Vance,1.65e-4
Dirk,1.64e-4
Darron,1.62e-4
Gerardo,1.62e-4
Tommie,1.62e-4
Israel,1.61e-4
Gilberto,1.61e-4
Lionel,1.61e-4
Lowell,1.61e-4
Salvador,1.61e-4
Wilbert,1.61e-4
Vince,1.59e-4
Jeremy,1.58e-4
Hubert,1.52e-4
Tod,1.52e-4
Andres,1.52e-4
Pablo,1.52e-4
Reynaldo,1.52e-4
Ernie,1.5e-4
Phil,1.49e-4
Denis,1.49e-4
Deron,1.49e-4
Horace,1.49e-4
Grady,1.47e-4
Vaughn,1.47e-4
Demetrius,1.46e-4
Dino,1.46e-4
Boyd,1.46e-4
Freddy,1.46e-4
Owen,1.46e-4
Tad,1.45e-4
Conrad,1.45e-4
Rolando,1.43e-4
Marlon,1.43e-4
Jared,1.42e-4
Johnathan,1.42e-4
Abel,1.41e-4
Gerry,1.41e-4
Rory,1.4e-4
Willis,1.4e-4
Abraham,1.39e-4
Bert,1.39e-4
Terrell,1.36e-4
Kurtis,1.36e-4
Ervin,1.35e-4
Jonathon,1.35e-4
Cornelius,1.34e-4
Mack,1.31e-4
Rickie,1.31e-4
Sterling,1.31e-4
Wilbur,1.3e-4
Dewey,1.3e-4
Daron,1.29e-4
Hans,1.28e-4
Ismael,1.28e-4
Ronny,1.27e-4
Alphonso,1.27e-4
Ed,1.26e-4
Elliott,1.25e-4
Ellis,1.25e-4
Felipe,1.25e-4
Rufus,1.25e-4
Randell,1.25e-4
Guadalupe,1.24e-4
Homer,1.23e-4
Morgan,1.22e-4
Donnell,1.21e-4
Lamar,1.21e-4
Marlin,1.21e-4
Jarrod,1.21e-4
Tomas,1.2e-4
Buddy,1.19e-4
Lane,1.19e-4
Blair,1.18e-4
Miles,1.18e-4
Emanuel,1.18e-4
Joesph,1.18e-4
Louie,1.18e-4
Thad,1.18e-4
Denny,1.17e-4
Jordan,1.17e-4
Xavier,1.17e-4
Cesar,1.16e-4
Sandy,1.15e-4
Lonny,1.14e-4
Winston,1.14e-4
Pierre,1.13e-4
Ramiro,1.13e-4
Kristopher,1.13e-4
Will,1.13e-4
Derick,1.11e-4
Elbert,1.11e-4
Aubrey,1.1e-4
Jan,1.1e-4
Jess,1.1e-4
Rogelio,1.1e-4
Ward,1.1e-4
Austin,1.1e-4
Courtney,1.1e-4
Jean,1.1e-4
Marcos,1.1e-4
Omar,1.1e-4
Thaddeus,1.1e-4
Simon,1.08e-4
Wilfredo,1.08e-4
Donny,1.08e-4
Percy,1.08e-4
Bryce,1.07e-4
Sammie,1.07e-4
Avery,1.06e-4
Guillermo,1.06e-4
Royce,1.06e-4
Garland,1.05e-4
Wilfred,1.05e-4
Erich,1.03e-4
Kirby,1.03e-4
Cleveland,1.02e-4
Jefferson,1.02e-4
Lorne,1.02e-4
Michel,1.01e-4
Carroll,1.01e-4
Emmett,1e-4
Richie,1e-4
Amos,9.9e-5
Theron,9.9e-5
Dane,9.8e-5
Edmond,9.7e-5
Fabian,9.7e-5
Gustavo,9.7e-5
Cornell,9.7e-5
Donovan,9.6e-5
Galen,9.6e-5
Reuben,9.6e-5
Damian,9.5e-5
Billie,9.4e-5
Danial,9.4e-5
Ethan,9.4e-5
Barton,9.4e-5
Garth,9.4e-5
Elias,9.3e-5
Hal,9.3e-5
Efrain,9.2e-5
Stan,9.2e-5
Brock,9.1e-5
Moses,9.1e-5
Kraig,9e-5
Baron,9e-5
Irvin,8.9e-5
Leonardo,8.9e-5
Lyndon,8.9e-5
Nolan,8.8e-5
Quentin,8.8e-5
Hank,8.7e-5
Al,8.7e-5
Noah,8.7e-5
Cody,8.6e-5
Kennith,8.6e-5
Shelby,8.5e-5
Reed,8.4e-5
Roman,8.4e-5
Burton,8.4e-5
Brady,8.3e-5
Lisa,8.3e-5
Antoine,8.3e-5
Rocco,8.3e-5
Shelton,8.3e-5
Cliff,8.2e-5
Toney,8.2e-5
Woodrow,8.2e-5
Gavin,8.1e-5
Reggie,8.1e-5
Eddy,8.1e-5
Levi,8.1e-5
Harlan,8e-5
Deon,7.9e-5
Keven,7.9e-5
Mitchel,7.9e-5
Santos,7.9e-5
Lon,7.8e-5
Marcel,7.8e-5
Quinton,7.8e-5
Harley,7.7e-5
Murray,7.7e-5
Russel,7.7e-5
Stefan,7.7e-5
Elijah,7.6e-5
Andrea,7.6e-5
Bennett,7.6e-5
Ignacio,7.6e-5
Dante,7.5e-5
Edwardo,7.5e-5
Kirt,7.5e-5
Santiago,7.5e-5
Carmen,7.4e-5
Junior,7.4e-5
Kelley,7.4e-5
Nicky,7.4e-5
Russ,7.4e-5
Saul,7.4e-5
Gus,7.4e-5
Quintin,7.3e-5
Bobbie,7.3e-5
Elton,7.3e-5
Emilio,7.3e-5
Lenny,7.3e-5
Domingo,7.2e-5
Harrison,7.2e-5
Sanford,7.2e-5
Jeremiah,7.1e-5
Adolfo,7e-5
Carter,7e-5
Erwin,7e-5
Esteban,7e-5
Gino,7e-5
Ned,7e-5
Ritchie,7e-5
Timmothy,7e-5
Anton,6.9e-5
Darius,6.9e-5
Hugo,6.9e-5
Darrick,6.8e-5
Derwin,6.8e-5
Elliot,6.8e-5
Parrish,6.8e-5
Rich,6.8e-5
Vito,6.8e-5
Elvin,6.8e-5
Reid,6.8e-5
Barney,6.7e-5
Desmond,6.7e-5
Devon,6.7e-5
Nicolas,6.7e-5
Benito,6.7e-5
Irving,6.7e-5
Jake,6.7e-5
Merle,6.7e-5
Rodrick,6.7e-5
Sonny,6.7e-5
Humberto,6.6e-5
Alec,6.5e-5
Elvis,6.5e-5
Dwain,6.4e-5
Carlo,6.4e-5
Frederic,6.4e-5
Norris,6.4e-5
Solomon,6.4e-5
Thurman,6.4e-5
Kimberly,6.3e-5
Chet,6.3e-5
Eli,6.3e-5
Jerrold,6.3e-5
Kenton,6.3e-5
Lanny,6.3e-5
Lincoln,6.3e-5
Greggory,6.2e-5
Brant,6.2e-5
Brooks,6.2e-5
Grover,6.2e-5
Orville,6.2e-5
Otto,6.2e-5
Shayne,6.2e-5
Wiley,6.1e-5
Ashley,6.1e-5
Jerold,6.1e-5
Kermit,6.1e-5
Quinn,6.1e-5
Raphael,6.1e-5
Emmanuel,6e-5
Emory,6e-5
Mary,6e-5
Roscoe,6e-5
Jacques,5.9e-5
Jefferey,5.9e-5
Micah,5.9e-5
Dannie,5.9e-5
Davis,5.9e-5
Duncan,5.9e-5
Errol,5.9e-5
Jasper,5.9e-5
Vicente,5.9e-5
Eldon,5.8e-5
Ulysses,5.8e-5
Antony,5.8e-5
August,5.8e-5
Norbert,5.8e-5
Alexis,5.7e-5
Graham,5.7e-5
Carmine,5.6e-5
Noe,5.6e-5
Jayson,5.6e-5
Joaquin,5.6e-5
Josh,5.6e-5
Sebastian,5.6e-5
Agustin,5.5e-5
Andreas,5.5e-5
Lesley,5.5e-5
Linwood,5.5e-5
Weldon,5.5e-5
Emil,5.4e-5
Heriberto,5.4e-5
Trenton,5.4e-5
Andra,5.4e-5
Bernie,5.4e-5
Chadwick,5.4e-5
Erin,5.4e-5
Lenard,5.4e-5
Moises,5.4e-5
Barron,5.3e-5
Coy,5.3e-5
Garret,5.3e-5
Napoleon,5.3e-5
Timmie,5.3e-5
Wes,5.2e-5
Zane,5.2e-5
Eloy,5.1e-5
Keenan,5.1e-5
Michelle,5.1e-5
Riley,5.1e-5
Basil,5.1e-5
Carmelo,5.1e-5
Collin,5.1e-5
Lorin,5.1e-5
Shon,5.1e-5
Stanford,5.1e-5
Bradly,5e-5
Constantine,5e-5
Fidel,5e-5
Robb,5e-5
Mason,4.9e-5
Mitch,4.9e-5
Taylor,4.9e-5
Von,4.9e-5
Brain,4.8e-5
Loyd,4.8e-5
Mikel,4.8e-5
Aron,4.8e-5
Augustine,4.8e-5
Denver,4.8e-5
Dorian,4.8e-5
Merlin,4.8e-5
Pasquale,4.8e-5
Raynard,4.8e-5
Art,4.7e-5
Hiram,4.7e-5
Hollis,4.7e-5
Kennedy,4.7e-5
Winfred,4.7e-5
Brien,4.7e-5
Burt,4.7e-5
Everette,4.7e-5
Lindsey,4.7e-5
Pernell,4.7e-5
Rhett,4.7e-5
Chip,4.6e-5
Duke,4.6e-5
Judson,4.6e-5
Nickolas,4.6e-5
Charley,4.6e-5
Cris,4.6e-5
Lemuel,4.6e-5
Les,4.6e-5
Vern,4.6e-5
Adan,4.5e-5
Lars,4.5e-5
Myles,4.5e-5
Patricia,4.5e-5
Diego,4.5e-5
Emery,4.5e-5
Harris,4.5e-5
Jackson,4.5e-5
Reese,4.5e-5
Armand,4.4e-5
Berry,4.4e-5
Britt,4.4e-5
Carson,4.4e-5
Lucas,4.4e-5
Odell,4.4e-5
Ollie,4.4e-5
Barrett,4.3e-5
Darien,4.3e-5
Gregorio,4.3e-5
Maury,4.3e-5
Trey,4.3e-5
Chauncey,4.3e-5
Illya,4.3e-5
Kory,4.3e-5
Markus,4.3e-5
Bruno,4.2e-5
Efrem,4.2e-5
Elwood,4.2e-5
Jonas,4.2e-5
Whitney,4.2e-5
Cruz,4.2e-5
Del,4.2e-5
Edgardo,4.2e-5
Federico,4.2e-5
Layne,4.2e-5
Randel,4.2e-5
Regan,4.2e-5
Reinaldo,4.2e-5
Stoney,4.2e-5
Tyron,4.2e-5
Mervin,4.1e-5
Wally,4.1e-5
Derrell,4.1e-5
Forest,4.1e-5
Brice,4e-5
Donn,4e-5
Faron,4e-5
Gonzalo,4e-5
Daryle,4e-5
Domenic,4e-5
Douglass,4e-5
Dudley,4e-5
Ivory,4e-5
Leif,4e-5
Silas,4e-5
Bertram,3.9e-5
Darell,3.9e-5
Donell,3.9e-5
Gil,3.9e-5
Isaiah,3.9e-5
Jacky,3.9e-5
Leigh,3.9e-5
Len,3.9e-5
Quincy,3.9e-5
Adolph,3.9e-5
Alfonzo,3.9e-5
Anderson,3.9e-5
Bernardo,3.9e-5
Cordell,3.9e-5
Jarvis,3.9e-5
Monroe,3.9e-5
Isiah,3.8e-5
Kendrick,3.8e-5
Kipp,3.8e-5
Fletcher,3.7e-5
Jarrett,3.7e-5
Jed,3.7e-5
Millard,3.7e-5
Dwane,3.7e-5
Emerson,3.7e-5
Jude,3.7e-5
Susan,3.7e-5
Alden,3.6e-5
Arnoldo,3.6e-5
Fredric,3.6e-5
Fritz,3.6e-5
Hunter,3.6e-5
Jame,3.6e-5
Royal,3.6e-5
Thor,3.6e-5
Alvaro,3.6e-5
Delmar,3.6e-5
Dick,3.6e-5
Felton,3.6e-5
Jamey,3.6e-5
Maxwell,3.6e-5
Titus,3.6e-5
Brenton,3.5e-5
Brook,3.5e-5
Clement,3.5e-5
Dalton,3.5e-5
Duwayne,3.5e-5
Gale,3.5e-5
Trace,3.5e-5
Val,3.5e-5
Wilton,3.5e-5
Caleb,3.5e-5
Cyrus,3.5e-5
Darry,3.5e-5
Dell,3.5e-5
Giovanni,3.5e-5
Hoyt,3.5e-5
Johnie,3.5e-5
Karen,3.5e-5
Landon,3.5e-5
Mckinley,3.5e-5
Mel,3.5e-5
Michele,3.5e-5
Rolf,3.5e-5
Tobin,3.5e-5
Cletus,3.4e-5
Cynthia,3.4e-5
Dylan,3.4e-5
Leonel,3.4e-5
Lupe,3.4e-5
Mauricio,3.4e-5
Sal,3.4e-5
Benton,3.4e-5
Dusty,3.4e-5
Efren,3.4e-5
Kieth,3.4e-5
Lavern,3.4e-5
Tammy,3.4e-5
Benedict,3.3e-5
Curtiss,3.3e-5
Marcellus,3.3e-5
Terance,3.3e-5
Arnulfo,3.2e-5
Augustus,3.2e-5
Aurelio,3.2e-5
Boris,3.2e-5
Dwaine,3.2e-5
Elroy,3.2e-5
Logan,3.2e-5
Rogers,3.2e-5
Arron,3.2e-5
Darryle,3.2e-5
Earle,3.2e-5
Freeman,3.2e-5
Paris,3.2e-5
Randle,3.2e-5
Tyson,3.2e-5
Wyatt,3.2e-5
Aldo,3.1e-5
Darvin,3.1e-5
Eliseo,3.1e-5
Ezra,3.1e-5
German,3.1e-5
Hershel,3.1e-5
Major,3.1e-5
Nestor,3.1e-5
Rayford,3.1e-5
Reginal,3.1e-5
Reynold,3.1e-5
Rolland,3.1e-5
Arlen,3.1e-5
Darian,3.1e-5
Daryn,3.1e-5
Deric,3.1e-5
Enrico,3.1e-5
Ferdinand,3.1e-5
Lindsay,3.1e-5
Maynard,3.1e-5
Michale,3.1e-5
Raymundo,3.1e-5
Roderic,3.1e-5
Sharon,3.1e-5
Audie,3e-5
Cedrick,3e-5
Cyril,3e-5
Darcy,3e-5
Leander,3e-5
Maria,3e-5
Merrill,3e-5
Renard,3e-5
Rodrigo,3e-5
Anibal,3e-5
Antonia,3e-5
Carnell,3e-5
Darold,3e-5
Dereck,3e-5
Drake,3e-5
Rigoberto,3e-5
Wilmer,3e-5
Booker,2.9e-5
Brennan,2.9e-5
