name,percent
Michael,0.042049
Christopher,0.029993
Jason,0.028926
James,0.026584
David,0.025471
John,0.024276
Robert,0.024004
Brian,0.022132
William,0.017369
Matthew,0.015205
Daniel,0.014665
Joseph,0.0132
Eric,0.012893
Kevin,0.012888
Mark,0.012622
Richard,0.012371
Jeffrey,0.011912
Scott,0.011759
Thomas,0.011111
Steven,0.010657
Anthony,0.010166
Timothy,0.009952
Charles,0.00976
Paul,0.007995
Chad,0.00799
Gregory,0.007233
Shawn,0.007092
Kenneth,0.006806
Andrew,0.006655
Ryan,0.006512
Jonathan,0.006363
Stephen,0.006168
Jeremy,0.005801
Aaron,0.005729
Todd,0.005375
Sean,0.005308
Patrick,0.005256
Donald,0.005186
Edward,0.005183
Ronald,0.005163
Keith,0.005057
Joshua,0.004995
Bryan,0.004408
Gary,0.004254
Adam,0.004241
Douglas,0.004093
George,0.00409
Craig,0.003896
Jose,0.003775
Larry,0.003767
Justin,0.003764
Peter,0.003663
Travis,0.003637
Shane,0.003538
Benjamin,0.003237
Dennis,0.003208
Jerry,0.003164
Brandon,0.003144
Troy,0.003136
Raymond,0.002991
Frank,0.002967
Bradley,0.002944
Nathan,0.002938
Jeffery,0.002729
Terry,0.002713
Samuel,0.002643
Juan,0.002532
Rodney,0.00252
Derek,0.002433
Jamie,0.002426
Phillip,0.002388
Marcus,0.002302
Joel,0.002214
Carlos,0.002211
Jesse,0.002134
Billy,0.002133
Russell,0.002108
Tony,0.002078
Randy,0.002076
Brent,0.002038
Marc,0.002032
Johnny,0.002024
Danny,0.001968
Roger,0.001954
Nicholas,0.001949
Erik,0.001896
Derrick,0.001894
Brett,0.001878
Corey,0.001873
Carl,0.001868
Philip,0.001861
Antonio,0.001829
Bobby,0.001791
Jon,0.001735
Jimmy,0.001694
Chris,0.001677
Curtis,0.00167
Christian,0.001666
Vincent,0.001662
Shannon,0.001634
Walter,0.001628
Gerald,0.001606
Victor,0.001595
Joe,0.001564
Lawrence,0.001564
Micheal,0.001536
Wayne,0.001519
Martin,0.001488
Willie,0.001483
Kyle,0.001467
Henry,0.001462
Albert,0.001418
Darren,0.001416
Alan,0.001406
Luis,0.001404
Alexander,0.001396
Roy,0.001386
Jay,0.001375
Arthur,0.001366
Frederick,0.001352
Randall,0.001344
Jacob,0.001318
Lee,0.001305
Allen,0.001285
Damon,0.001269
Tracy,0.001267
Jermaine,0.001265
Cory,0.001261
Mario,0.001251
Darrell,0.001226
Gabriel,0.001226
Andre,0.00121
Ricky,0.001205
Bruce,0.001187
Louis,0.001178
Ronnie,0.001175
Brad,0.001166
Jack,0.001145
Tyrone,0.001134
Harold,0.001124
Dale,0.001116
Jesus,0.001075
Tommy,0.001071
Eugene,0.001063
Manuel,0.00106
Kelly,0.001056
Glenn,0.001051
Lance,0.001045
Ernest,0.001039
Leonard,0.001034
Reginald,0.001011
Ricardo,0.001011
Dustin,0.001001
Adrian,0.001
Jared,9.85e-4
Eddie,9.8e-4
Wesley,9.66e-4
Ralph,9.65e-4
Barry,9.41e-4
Clinton,9.36e-4
Steve,9.34e-4
Marvin,9.31e-4
Miguel,9.03e-4
Jerome,8.97e-4
Maurice,8.92e-4
Dwayne,8.9e-4
Roberto,8.87e-4
Dean,8.76e-4
Nathaniel,8.64e-4
Melvin,8.55e-4
Francisco,8.51e-4
Stanley,8.4e-4
Calvin,8.36e-4
Howard,8.36e-4
Theodore,8.31e-4
Duane,8.29e-4
Edwin,8.17e-4
Jorge,8.14e-4
Ruben,8.1e-4
Ian,8.07e-4
Greg,8.05e-4
Neil,8.02e-4
Casey,7.92e-4
Alex,7.78e-4
Jody,7.71e-4
Kurt,7.68e-4
Mitchell,7.55e-4
Kirk,7.54e-4
Harry,7.47e-4
Hector,7.4e-4
Terrance,7.36e-4
Jeff,7.35e-4
Clifford,7.28e-4
Terrence,7.24e-4
Earl,7.18e-4
Zachary,7.04e-4
Seth,7.04e-4
Wade,6.88e-4
Clayton,6.86e-4
Clarence,6.82e-4
Alfred,6.67e-4
Heath,6.63e-4
Oscar,6.62e-4
Jaime,6.6e-4
Darin,6.55e-4
Ray,0.00064899999999999995
Angel,0.00064899999999999995
Mike,6.45e-4
Javier,6.41e-4
Ramon,6.4e-4
Daryl,6.38e-4
Trevor,6.37e-4
Warren,6.36e-4
Mathew,6.35e-4
Fred,6.32e-4
Dana,6.27e-4
Leon,6.23e-4
Toby,6.21e-4
Norman,6.14e-4
Karl,6.11e-4
Lonnie,6.11e-4
Francis,6.08e-4
Kristopher,6.08e-4
Geoffrey,6.05e-4
Raul,5.93e-4
Franklin,5.87e-4
Bernard,5.85e-4
Gilbert,5.69e-4
Byron,5.68e-4
Stacy,5.67e-4
Roderick,5.63e-4
Marlon,5.61e-4
Rafael,5.59e-4
Lamont,5.59e-4
Isaac,5.57e-4
Clint,5.56e-4
Don,5.52e-4
Eduardo,5.51e-4
Cedric,5.44e-4
Joey,5.41e-4
Glen,5.39e-4
Alvin,5.38e-4
Pedro,5.34e-4
Kelvin,5.14e-4
Leroy,4.99e-4
Fernando,4.99e-4
Vernon,4.92e-4
Leslie,4.9e-4
Donnie,4.89e-4
Omar,4.88e-4
Darryl,4.87e-4
Marco,4.82e-4
Fredrick,4.81e-4
Andy,4.79e-4
Armando,4.74e-4
Jeremiah,4.73e-4
Alejandro,4.71e-4
Jessie,4.67e-4
Shaun,4.64e-4
Tyler,4.64e-4
Lewis,4.63e-4
Johnathan,4.59e-4
Kent,4.53e-4
Julian,4.45e-4
Dwight,4.44e-4
Ross,4.44e-4
Herbert,4.38e-4
Lloyd,4.31e-4
Alberto,4.3e-4
Scotty,4.3e-4
Rene,4.24e-4
Stuart,4.22e-4
Kerry,4.22e-4
Erick,4.14e-4
Jonathon,4.1e-4
Sergio,4.1e-4
Gordon,4.09e-4
Alfredo,4.07e-4
Damian,4.07e-4
Darrin,4.06e-4
Cody,4.04e-4
Demetrius,4.03e-4
Julio,4.03e-4
Jackie,3.96e-4
Bryant,3.93e-4
Luke,3.92e-4
Dominic,3.9e-4
Guy,3.89e-4
Johnnie,3.89e-4
Rick,3.89e-4
Jimmie,3.88e-4
Orlando,3.87e-4
Gene,3.86e-4
Marshall,3.83e-4
Charlie,3.8e-4
Enrique,3.78e-4
Floyd,3.74e-4
Trent,3.7e-4
Edgar,3.7e-4
Marty,3.66e-4
Spencer,3.66e-4
Jim,3.62e-4
Nelson,3.6e-4
Evan,3.57e-4
Jayson,3.56e-4
Dan,3.55e-4
Grant,3.55e-4
Ivan,3.53e-4
Stacey,3.52e-4
Chadwick,3.5e-4
Roland,3.5e-4
Arturo,3.49e-4
Colin,3.46e-4
Allan,3.45e-4
Clifton,3.45e-4
Felix,3.44e-4
Freddie,3.44e-4
Cesar,3.42e-4
Nick,3.41e-4
Brendan,3.4e-4
Ted,3.37e-4
Bret,3.36e-4
Neal,3.35e-4
Ben,3.32e-4
Gregg,3.3e-4
Antoine,3.28e-4
Micah,3.27e-4
Tim,3.24e-4
Dewayne,3.23e-4
Bill,3.22e-4
Ethan,3.21e-4
Cameron,3.2e-4
Lorenzo,3.17e-4
Angelo,3.16e-4
Leo,3.16e-4
Lester,3.14e-4
Perry,3.13e-4
Devin,3.12e-4
Matt,3.11e-4
Terence,3.11e-4
Rickey,3.08e-4
Herman,3.06e-4
Bradford,3.06e-4
Clyde,3.06e-4
Noah,3.06e-4
Garrett,3.05e-4
Robbie,3.04e-4
Noel,2.99e-4
Preston,2.99e-4
Sam,2.97e-4
Carlton,2.96e-4
Israel,2.94e-4
Frankie,2.93e-4
Clay,2.93e-4
Jarrod,2.91e-4
Kenny,2.91e-4
Darnell,2.9e-4
Brady,2.88e-4
Ernesto,2.86e-4
Milton,2.83e-4
Marcos,2.83e-4
Rudy,2.83e-4
Cornelius,2.81e-4
Tom,2.81e-4
Gerardo,2.77e-4
Tyson,2.72e-4
Sammy,2.72e-4
Max,2.68e-4
Blake,2.67e-4
Salvador,2.65e-4
Ashley,2.65e-4
Alfonso,2.63e-4
Chester,2.6e-4
Scottie,2.6e-4
Tracey,2.6e-4
Jamal,2.59e-4
Cecil,2.57e-4
Demond,2.54e-4
Dion,2.53e-4
Ron,2.53e-4
Bryon,2.52e-4
Andres,2.5e-4
Bryce,2.5e-4
Randolph,2.5e-4
Abraham,2.48e-4
Harvey,2.48e-4
Josh,2.48e-4
Robin,2.47e-4
Salvatore,2.44e-4
Loren,2.42e-4
Malcolm,2.42e-4
Dexter,2.41e-4
Jamey,2.41e-4
Arnold,2.41e-4
Wendell,2.41e-4
Cary,2.38e-4
Everett,2.37e-4
Timmy,2.37e-4
Sidney,2.36e-4
Donovan,2.34e-4
Gerard,2.34e-4
Gilberto,2.33e-4
Rodolfo,2.32e-4
Oliver,2.31e-4
Otis,2.3e-4
Ty,2.28e-4
Pablo,2.26e-4
Terrell,2.26e-4
Roman,2.25e-4
Jamison,2.24e-4
Kendrick,2.24e-4
Abel,2.23e-4
Damien,2.21e-4
Kris,2.21e-4
Randal,2.21e-4
Myron,2.2e-4
Alonzo,2.19e-4
Kendall,2.18e-4
Guillermo,2.15e-4
Lamar,2.15e-4
Virgil,2.14e-4
Julius,2.13e-4
Scot,2.13e-4
Simon,2.13e-4
Eli,2.1e-4
Sheldon,2.1e-4
Owen,2.08e-4
Quentin,2.06e-4
Garry,2.05e-4
Rex,2.04e-4
Rusty,2.03e-4
Curt,2.02e-4
Claude,2.01e-4
Rolando,2.01e-4
Alton,2e-4
Quincy,1.98e-4
Thaddeus,1.98e-4
Ira,1.97e-4
Mickey,1.97e-4
Shad,1.97e-4
Jake,1.96e-4
Stewart,1.95e-4
Darrick,1.93e-4
Stephan,1.93e-4
Colby,1.92e-4
Monte,1.91e-4
Earnest,1.89e-4
Erin,1.89e-4
Jordan,1.88e-4
Benny,1.87e-4
Lucas,1.87e-4
Drew,1.87e-4
Bart,1.86e-4
Hugh,1.86e-4
Marion,1.84e-4
Dorian,1.81e-4
Derick,1.8e-4
Sherman,1.8e-4
Gustavo,1.79e-4
Lyle,1.78e-4
Jefferson,1.77e-4
Darius,1.77e-4
Felipe,1.77e-4
Wallace,1.76e-4
Jess,1.75e-4
Ramiro,1.74e-4
Carey,1.73e-4
Desmond,1.73e-4
Ismael,1.73e-4
Jerald,1.73e-4
Pete,1.73e-4
Dallas,1.72e-4
Dylan,1.71e-4
Xavier,1.71e-4
Austin,1.7e-4
Morris,1.69e-4
Rogelio,1.69e-4
Sonny,1.69e-4
Devon,1.68e-4
Donny,1.67e-4
Teddy,1.67e-4
Lynn,1.66e-4
Dominick,1.65e-4
Jarrett,1.63e-4
Darrel,1.62e-4
Donnell,1.59e-4
Morgan,1.59e-4
Shon,1.57e-4
Erich,1.56e-4
Stefan,1.56e-4
Blaine,1.55e-4
Moses,1.54e-4
Nicolas,1.54e-4
Saul,1.54e-4
Tomas,1.54e-4
Vance,1.54e-4
Aron,1.54e-4
Luther,1.54e-4
Bennie,1.52e-4
Guadalupe,1.52e-4
Kareem,1.52e-4
Dave,1.5e-4
Leland,1.49e-4
Sylvester,1.49e-4
Lionel,1.48e-4
Grady,1.47e-4
Shayne,1.46e-4
Delbert,1.44e-4
Efrain,1.44e-4
Elliott,1.44e-4
Garrick,1.44e-4
Ken,1.44e-4
Gavin,1.44e-4
Kristian,1.44e-4
Reynaldo,1.44e-4
Elias,1.43e-4
Robby,1.43e-4
Archie,1.43e-4
Damion,1.42e-4
Deon,1.42e-4
Clark,1.4e-4
Hans,1.4e-4
Jean,1.4e-4
Rocky,1.39e-4
Edmund,1.38e-4
Forrest,1.38e-4
Monty,1.38e-4
Leonardo,1.37e-4
Courtney,1.36e-4
Jennifer,1.36e-4
Reggie,1.36e-4
Willard,1.36e-4
Fabian,1.36e-4
Joaquin,1.34e-4
Rudolph,1.34e-4
Hugo,1.33e-4
Elijah,1.31e-4
Reuben,1.3e-4
Elmer,1.3e-4
Carlo,1.29e-4
Freddy,1.29e-4
Dane,1.28e-4
Miles,1.28e-4
Will,1.28e-4
Amos,1.28e-4
Bob,1.28e-4
Levi,1.28e-4
Louie,1.28e-4
Daren,1.27e-4
Joesph,1.27e-4
Tommie,1.27e-4
Avery,1.26e-4
Buddy,1.26e-4
Dante,1.26e-4
Emanuel,1.26e-4
Laurence,1.26e-4
Kory,1.25e-4
Roosevelt,1.25e-4
Wilson,1.25e-4
Rodrick,1.25e-4
Thad,1.25e-4
Jasen,1.24e-4
Anton,1.23e-4
Denny,1.23e-4
Emilio,1.23e-4
Jeffry,1.23e-4
Kurtis,1.23e-4
Marlin,1.23e-4
Doug,1.22e-4
Sterling,1.2e-4
Raphael,1.2e-4
Trenton,1.19e-4
Willis,1.19e-4
Antwan,1.18e-4
Stevie,1.18e-4
Elton,1.17e-4
Ignacio,1.17e-4
Santiago,1.17e-4
Aric,1.15e-4
Beau,1.15e-4
Chuck,1.15e-4
Humberto,1.15e-4
Emmanuel,1.15e-4
Caleb,1.14e-4
Hubert,1.14e-4
Marcel,1.14e-4
Ellis,1.13e-4
Jonas,1.13e-4
Kim,1.13e-4
Rickie,1.13e-4
Elliot,1.11e-4
Wilbert,1.1e-4
Ervin,1.09e-4
Nolan,1.09e-4
Rodger,1.09e-4
Graham,1.08e-4
Jeromy,1.08e-4
Rico,1.08e-4
Van,1.08e-4
Horace,1.07e-4
Santos,1.07e-4
Brenton,1.06e-4
Conrad,1.06e-4
Danial,1.06e-4
Domingo,1.06e-4
Esteban,1.06e-4
Shelby,1.06e-4
Theron,1.06e-4
Brain,1.05e-4
Aubrey,1.05e-4
Cleveland,1.05e-4
Percy,1.05e-4
Quinton,1.04e-4
Jarvis,1.04e-4
Wilfredo,1.04e-4
Deron,1.02e-4
Royce,1.02e-4
Rufus,1.01e-4
Alphonso,1e-4
Mack,1e-4
Noe,1e-4
Vicente,1e-4
Dirk,1e-4
Cole,9.9e-5
Bert,9.9e-5
Jerrod,9.9e-5
Winston,9.9e-5
Brant,9.8e-5
Elbert,9.8e-5
Jacques,9.8e-5
Solomon,9.8e-5
Tad,9.8e-5
Rodrigo,9.7e-5
Ernie,9.7e-5
Jed,9.7e-5
Moises,9.7e-5
Vaughn,9.7e-5
Darian,9.6e-5
Elvis,9.6e-5
Lowell,9.6e-5
Zachariah,9.6e-5
Galen,9.5e-5
Garland,9.5e-5
Mason,9.5e-5
Tyron,9.5e-5
Alexis,9.4e-5
Kirby,9.4e-5
Boyd,9.3e-5
Brock,9.3e-5
Cornell,9.3e-5
Garth,9.3e-5
Kip,9.3e-5
Nicky,9.3e-5
Adan,9.2e-5
Dewey,9.2e-5
Tobias,9.2e-5
Arron,9.2e-5
Doyle,9.1e-5
Germaine,9.1e-5
Andrea,9e-5
Billie,9e-5
Irvin,9e-5
Kenya,9e-5
Al,8.9e-5
Benito,8.9e-5
Darwin,8.9e-5
Heriberto,8.9e-5
Kenyatta,8.9e-5
Tory,8.9e-5
Johnathon,8.8e-5
Kristofer,8.8e-5
Tremayne,8.8e-5
Branden,8.7e-5
Brice,8.7e-5
Wyatt,8.6e-5
Edmond,8.6e-5
Giovanni,8.6e-5
Michel,8.6e-5
Ronny,8.6e-5
Taylor,8.6e-5
Torrey,8.6e-5
Darron,8.4e-5
Dusty,8.4e-5
Nickolas,8.4e-5
Quinn,8.4e-5
Reed,8.4e-5
Barrett,8.4e-5
Bradly,8.4e-5
Jamel,8.4e-5
Brooks,8.3e-5
Judd,8.3e-5
Lane,8.3e-5
Deshawn,8.2e-5
Shelton,8.2e-5
Tod,8.2e-5
Emmett,8.2e-5
Jeramy,8.2e-5
Rory,8.2e-5
Carter,8.1e-5
Chance,8.1e-5
Daron,8.1e-5
Jackson,8.1e-5
Sebastian,8.1e-5
Edwardo,8.1e-5
Harley,8.1e-5
Jonah,8.1e-5
Russel,8.1e-5
Denis,8e-5
Zane,8e-5
Jammie,7.9e-5
Marquis,7.9e-5
Rob,7.9e-5
Torrance,7.9e-5
Agustin,7.9e-5
Cedrick,7.9e-5
Collin,7.9e-5
Dax,7.9e-5
Wilbur,7.9e-5
Issac,7.8e-5
Kraig,7.8e-5
Malik,7.8e-5
Deandre,7.8e-5
Gerry,7.8e-5
Reid,7.7e-5
Jan,7.6e-5
Pierre,7.6e-5
Blair,7.6e-5
Duncan,7.5e-5
Ezra,7.5e-5
Jude,7.5e-5
Rocco,7.5e-5
Vito,7.4e-5
Woodrow,7.4e-5
Gino,7.4e-5
Homer,7.4e-5
Sammie,7.4e-5
Carroll,7.3e-5
Chase,7.3e-5
Adolfo,7.3e-5
Ari,7.3e-5
Harrison,7.3e-5
Josue,7.3e-5
Tobin,7.3e-5
Eddy,7.2e-5
Michelle,7.2e-5
Rahsaan,7.2e-5
Rhett,7.2e-5
Dino,7.1e-5
Jarod,7.1e-5
Randell,7.1e-5
Antony,7.1e-5
Jamar,7.1e-5
Ali,7e-5
Gregorio,7e-5
Jory,7e-5
Kristoffer,7e-5
Alvaro,6.9e-5
Bernardo,6.9e-5
Korey,6.9e-5
Brendon,6.9e-5
Judson,6.9e-5
Keven,6.9e-5
Antione,6.8e-5
Cliff,6.8e-5
Markus,6.8e-5
Coy,6.7e-5
Damond,6.7e-5
Trey,6.7e-5
Ulysses,6.7e-5
Diego,6.6e-5
Donte,6.6e-5
Carmen,6.6e-5
Lonny,6.6e-5
Mikel,6.6e-5
Barton,6.5e-5
Eloy,6.5e-5
Hank,6.5e-5
Jerod,6.5e-5
Ariel,6.4e-5
Dedrick,6.4e-5
Hiram,6.4e-5
Leonel,6.4e-5
Lincoln,6.4e-5
Octavio,6.4e-5
Carson,6.3e-5
Jasper,6.3e-5
Keenan,6.3e-5
Emil,6.3e-5
Jeramie,6.3e-5
Jeremie,6.3e-5
Junior,6.3e-5
Chet,6.2e-5
Nathanael,6.2e-5
Waylon,6.2e-5
Burt,6.1e-5
Davis,6.1e-5
Mauricio,6.1e-5
Norris,6.1e-5
Federico,6.1e-5
Kelley,6.1e-5
Rigoberto,6.1e-5
Gus,6e-5
Hal,6e-5
Elvin,6e-5
Kimberly,6e-5
Osvaldo,6e-5
Dwain,5.9e-5
Fidel,5.9e-5
Gonzalo,5.9e-5
Jefferey,5.9e-5
Jermain,5.9e-5
Kenyon,5.9e-5
Leif,5.9e-5
Nigel,5.9e-5
Raymundo,5.9e-5
Vashon,5.9e-5
Augustine,5.8e-5
Britt,5.8e-5
Chauncey,5.8e-5
Coby,5.8e-5
Frederic,5.8e-5
Maxwell,5.8e-5
Silas,5.8e-5
Harlan,5.8e-5
Lon,5.8e-5
Merle,5.8e-5
Terrill,5.8e-5
Francesco,5.7e-5
Myles,5.7e-5
Shea,5.7e-5
August,5.6e-5
Derik,5.6e-5
Erwin,5.6e-5
Jade,5.6e-5
Kwame,5.6e-5
Robb,5.6e-5
Denver,5.6e-5
Riley,5.6e-5
Vidal,5.6e-5
Kirt,5.5e-5
Lenny,5.5e-5
Arnulfo,5.5e-5
Davin,5.5e-5
Pat,5.5e-5
Sandy,5.5e-5
Alec,5.4e-5
Burton,5.4e-5
Chadd,5.4e-5
Christoper,5.4e-5
Cortez,5.4e-5
Giuseppe,5.4e-5
Hunter,5.4e-5
Isaiah,5.4e-5
Taurus,5.4e-5
Amy,5.3e-5
Cyrus,5.3e-5
Eldon,5.3e-5
Irving,5.3e-5
Mitchel,5.3e-5
Richie,5.3e-5
Abdul,5.3e-5
Bobbie,5.3e-5
Kenton,5.3e-5
Odell,5.3e-5
Vince,5.3e-5
Antonia,5.2e-5
Dereck,5.2e-5
Edgardo,5.2e-5
Greggory,5.2e-5
Grover,5.2e-5
Kasey,5.2e-5
Kermit,5.2e-5
Michale,5.2e-5
Shedrick,5.2e-5
Baron,5.1e-5
Cordell,5.1e-5
Jayme,5.1e-5
Rod,5.1e-5
Constantine,5.1e-5
Ivory,5.1e-5
Landon,5.1e-5
Sedrick,5.1e-5
Wilfred,5.1e-5
Brien,5e-5
Carmine,5e-5
Dameon,5e-5
Dannie,5e-5
Emery,5e-5
Jerrold,5e-5
Titus,5e-5
Torrence,5e-5
Chadrick,5e-5
Jarred,5e-5
Kennith,5e-5
Lashawn,5e-5
Phil,5e-5
Toriano,5e-5
Carmelo,4.9e-5
Donell,4.9e-5
Enrico,4.9e-5
Errol,4.9e-5
Sanford,4.9e-5
Shay,4.9e-5
Andreas,4.8e-5
Efren,4.8e-5
Jeremey,4.8e-5
Josef,4.8e-5
Linwood,4.8e-5
Marcellus,4.8e-5
Marlo,4.8e-5
Nestor,4.8e-5
Ritchie,4.8e-5
Tarik,4.8e-5
Brandy,4.8e-5
Cristopher,4.8e-5
Darby,4.8e-5
Deric,4.8e-5
Douglass,4.8e-5
Lanny,4.8e-5
Melissa,4.8e-5
Pernell,4.8e-5
Weston,4.8e-5
Yancy,4.8e-5
Adrain,4.7e-5
Aldo,4.7e-5
Lamonte,4.7e-5
Lars,4.7e-5
Lenard,4.7e-5
Pasquale,4.7e-5
Stan,4.7e-5
Trever,4.7e-5
German,4.7e-5
Jameson,4.7e-5
Lesley,4.7e-5
Quintin,4.7e-5
Vincenzo,4.7e-5
Barney,4.6e-5
Marcello,4.6e-5
Paulo,4.6e-5
Valentin,4.6e-5
Anderson,4.5e-5
Angela,4.5e-5
Bernie,4.5e-5
Dominique,4.5e-5
Emory,4.5e-5
Kelsey,4.5e-5
Norberto,4.5e-5
Aurelio,4.5e-5
Broderick,4.5e-5
Brook,4.5e-5
Eliseo,4.5e-5
Mariano,4.5e-5
Roscoe,4.5e-5
Chaim,4.4e-5
Donta,4.4e-5
Fredric,4.4e-5
Genaro,4.4e-5
Moshe,4.4e-5
Shanon,4.4e-5
Stanford,4.4e-5
Tristan,4.4e-5
Abram,4.3e-5
Brion,4.3e-5
Derrell,4.3e-5
Enoch,4.3e-5
Lindsey,4.3e-5
Roel,4.3e-5
Timmothy,4.3e-5
Zachery,4.3e-5
Alfonzo,4.3e-5
Brennan,4.3e-5
Delmar,4.3e-5
Isidro,4.3e-5
Jerel,4.3e-5
Jevon,4.3e-5
Lazaro,4.3e-5
Murray,4.3e-5
Andra,4.2e-5
Che,4.2e-5
Cruz,4.2e-5
Dalton,4.2e-5
Donavan,4.2e-5
Hassan,4.2e-5
Logan,4.2e-5
Wiley,4.2e-5
Dario,4.2e-5
Delano,4.2e-5
Laron,4.2e-5
Marcelino,4.2e-5
Parrish,4.2e-5
Reinaldo,4.2e-5
Stephanie,4.2e-5
Arnoldo,4.1e-5
Brannon,4.1e-5
Charley,4.1e-5
Franco,4.1e-5
Garret,4.1e-5
Lisa,4.1e-5
Rosendo,4.1e-5
Russ,4.1e-5
