name,percent
Michael,0.041444
Jason,0.033595
Christopher,0.029848
David,0.025634
James,0.025377
John,0.02309
Robert,0.022715
Brian,0.021141
Matthew,0.016686
William,0.016557
Daniel,0.014625
Joseph,0.013397
Eric,0.012384
Kevin,0.011941
Jeffrey,0.01186
Mark,0.011594
Richard,0.011439
Scott,0.011069
Steven,0.010838
Thomas,0.010598
Anthony,0.010042
Timothy,0.009756
Charles,0.009296
Jeremy,0.008156
Ryan,0.008089
Chad,0.007847
Paul,0.007557
Andrew,0.007228
Joshua,0.00712
Shawn,0.007019
Gregory,0.006646
Aaron,0.006446
Jonathan,0.006273
Kenneth,0.00623
Stephen,0.006197
Adam,0.00517
Sean,0.005087
Patrick,0.00499
Todd,0.004819
Edward,0.004796
Donald,0.004762
Ronald,0.004706
Justin,0.004564
Keith,0.004535
Bryan,0.004437
Benjamin,0.004408
Jose,0.004115
Gary,0.003954
George,0.003857
Peter,0.003644
Brandon,0.003596
Douglas,0.00359
Nathan,0.003583
Travis,0.003496
Larry,0.003491
Shane,0.003468
Craig,0.0034
Bradley,0.003179
Dennis,0.002991
Samuel,0.00286
Jerry,0.002856
Raymond,0.002812
Troy,0.002802
Juan,0.002717
Jeffery,0.00268
Frank,0.00267
Jesse,0.002519
Jamie,0.002508
Terry,0.002468
Phillip,0.002413
Carlos,0.002372
Rodney,0.002362
Marcus,0.00233
Derek,0.002233
Joel,0.00214
Brent,0.002094
Corey,0.002076
Billy,0.002065
Randy,0.002056
Tony,0.001974
Nicholas,0.00197
Russell,0.001951
Antonio,0.001946
Johnny,0.001946
Marc,0.001903
Philip,0.001819
Derrick,0.001814
Jacob,0.001808
Carl,0.001777
Erik,0.001769
Danny,0.001756
Bobby,0.001712
Roger,0.001692
Jon,0.001685
Brett,0.001642
Victor,0.001608
Kyle,0.001595
Curtis,0.001588
Jimmy,0.001574
Lawrence,0.001561
Shannon,0.00154
Micheal,0.001529
Walter,0.001529
Christian,0.001526
Brad,0.001523
Luis,0.001497
Vincent,0.001491
Gerald,0.001487
Martin,0.001452
Damon,0.00145
Alexander,0.001449
Jay,0.001448
Joe,0.001439
Cory,0.00143
Henry,0.001426
Chris,0.001399
Alan,0.001368
Gabriel,0.001367
Willie,0.001364
Wayne,0.001361
Dustin,0.001348
Roy,0.001342
Randall,0.0012979999999999999
Lee,0.001296
Allen,0.00129
Darren,0.001272
Arthur,0.001272
Mario,0.001264
Ricky,0.00125
Albert,0.001236
Jared,0.001229
Andre,0.001227
Jesus,0.001191
Louis,0.001188
Frederick,0.001186
Bruce,0.001136
Darrell,0.001129
Adrian,0.001116
Tyrone,0.001115
Ricardo,0.00111
Ronnie,0.001096
Manuel,0.001081
Kelly,0.001079
Casey,0.001058
Dale,0.001037
Harold,0.001031
Miguel,0.001018
Ian,0.001016
Jack,0.001013
Ernest,0.001007
Jermaine,9.99e-4
Nathaniel,9.88e-4
Reginald,9.86e-4
Eugene,9.84e-4
Tommy,9.68e-4
Barry,9.61e-4
Clinton,9.51e-4
Glenn,9.48e-4
Lance,9.36e-4
Francisco,9.26e-4
Roberto,9.24e-4
Tracy,9.16e-4
Marvin,9.11e-4
Leonard,9.02e-4
Wesley,9e-4
Eddie,8.94e-4
Steve,8.87e-4
Jorge,8.78e-4
Jerome,8.69e-4
Seth,8.63e-4
Alex,8.49e-4
Ruben,8.49e-4
Maurice,8.42e-4
Ralph,8.42e-4
Neil,8.14e-4
Kristopher,8.03e-4
Calvin,7.95e-4
Jeremiah,7.93e-4
Zachary,7.81e-4
Theodore,7.76e-4
Heath,7.67e-4
Kurt,7.57e-4
Mitchell,7.54e-4
Dean,7.5e-4
Hector,7.46e-4
Howard,7.41e-4
Duane,7.37e-4
Melvin,7.36e-4
Dwayne,7.35e-4
Oscar,7.33e-4
Geoffrey,7.22e-4
Edwin,7.16e-4
Clifford,7.06e-4
Stanley,7.03e-4
Jody,6.91e-4
Kirk,6.88e-4
Wade,6.86e-4
Angel,6.81e-4
Terrence,6.79e-4
Trevor,6.73e-4
Greg,6.73e-4
Jaime,6.71e-4
Clayton,6.7e-4
Mathew,6.65e-4
Harry,6.63e-4
Earl,6.62e-4
Toby,6.61e-4
Terrance,6.55e-4
Raul,6.54e-4
Javier,6.5e-4
Darin,6.36e-4
Ramon,6.22e-4
Clarence,6.17e-4
Karl,6.17e-4
Norman,6.14e-4
Pedro,6.01e-4
Alfred,5.98e-4
Jeff,5.97e-4
Leon,5.97e-4
Byron,5.86e-4
Ray,5.86e-4
Daryl,5.86e-4
Clint,5.78e-4
Isaac,5.76e-4
Warren,5.73e-4
Rafael,5.68e-4
Lonnie,5.65e-4
Tyler,5.65e-4
Franklin,5.6e-4
Cedric,5.54e-4
Andy,5.49e-4
Fred,5.47e-4
Gilbert,5.44e-4
Francis,5.43e-4
Roderick,5.41e-4
Alejandro,5.33e-4
Armando,5.32e-4
Bernard,5.26e-4
Joey,5.25e-4
Fernando,5.15e-4
Stacy,5.09e-4
Damian,5.08e-4
Lamont,5.06e-4
Glen,5.03e-4
Mike,5e-4
Dana,5e-4
Alvin,4.98e-4
Eduardo,4.97e-4
Omar,4.95e-4
Don,4.91e-4
Shaun,4.9e-4
Cody,4.85e-4
Leroy,4.74e-4
Kelvin,4.7e-4
Donnie,4.67e-4
Marlon,4.65e-4
Clifton,4.61e-4
Vernon,4.6e-4
Jessie,4.59e-4
Marco,4.58e-4
Alberto,4.55e-4
Sergio,4.54e-4
Fredrick,4.46e-4
Julio,4.46e-4
Rene,4.45e-4
Luke,4.44e-4
Orlando,4.4e-4
Kerry,4.36e-4
Lewis,4.35e-4
Darryl,4.34e-4
Dwight,4.29e-4
Micah,4.27e-4
Leslie,4.25e-4
Erick,4.2e-4
Demetrius,4.17e-4
Herbert,4.16e-4
Stuart,4.15e-4
Nelson,4.13e-4
Cesar,4.12e-4
Ross,4.12e-4
Johnathan,4.11e-4
Colin,4.09e-4
Damien,4.03e-4
Ivan,4.03e-4
Edgar,4.01e-4
Alfredo,3.99e-4
Cameron,3.99e-4
Julian,3.98e-4
Marshall,3.97e-4
Dominic,3.96e-4
Lloyd,3.89e-4
Trent,3.88e-4
Brendan,3.87e-4
Evan,3.87e-4
Jarrod,3.87e-4
Gordon,3.87e-4
Jonathon,3.85e-4
Jayson,3.84e-4
Enrique,3.82e-4
Grant,3.78e-4
Marty,3.78e-4
Nakia,3.75e-4
Chadwick,3.73e-4
Scotty,3.71e-4
Bradford,3.7e-4
Darrin,3.66e-4
Devin,3.63e-4
Guy,3.63e-4
Jackie,3.63e-4
Floyd,3.62e-4
Arturo,3.61e-4
Kent,3.6e-4
Tyson,3.6e-4
Neal,3.58e-4
Jimmie,3.56e-4
Gene,3.51e-4
Johnnie,3.47e-4
Bryant,3.47e-4
Lucas,3.47e-4
Lorenzo,3.46e-4
Spencer,3.44e-4
Charlie,3.4e-4
Angelo,3.38e-4
Jim,3.34e-4
Noah,3.33e-4
Ben,3.32e-4
Felix,3.3e-4
Stacey,3.28e-4
Allan,3.27e-4
Garrett,3.24e-4
Israel,3.24e-4
Perry,3.24e-4
Freddie,3.23e-4
Ethan,3.2e-4
Andres,3.18e-4
Rick,3.18e-4
Salvador,3.17e-4
Gerardo,3.17e-4
Roland,3.17e-4
Leo,3.14e-4
Antoine,3.13e-4
Bret,3.12e-4
Noel,3.12e-4
Nick,3.07e-4
Josh,3.03e-4
Cornelius,2.98e-4
Terence,2.98e-4
Ernesto,2.96e-4
Brady,2.95e-4
Preston,2.95e-4
Gregg,2.94e-4
Dan,2.93e-4
Rickey,2.93e-4
Ted,2.93e-4
Lester,2.88e-4
Bill,2.86e-4
Marcos,2.83e-4
Frankie,2.81e-4
Jamal,2.81e-4
Herman,2.79e-4
Rudy,2.78e-4
Abraham,2.77e-4
Carlton,2.77e-4
Milton,2.77e-4
Kenny,2.74e-4
Sam,2.66e-4
Darnell,2.63e-4
Chester,2.61e-4
Dewayne,2.61e-4
Harvey,2.61e-4
Robin,2.6e-4
Cecil,2.59e-4
Tom,2.59e-4
Clay,2.58e-4
Blake,2.57e-4
Clyde,2.57e-4
Kris,2.56e-4
Demond,2.55e-4
Quincy,2.55e-4
Robbie,2.55e-4
Tim,2.53e-4
Max,2.51e-4
Ashley,2.5e-4
Pablo,2.5e-4
Myron,2.49e-4
Gilberto,2.47e-4
Matt,2.46e-4
Dion,2.44e-4
Bryce,2.42e-4
Sammy,2.42e-4
Alfonso,2.42e-4
Jamey,2.41e-4
Gerard,2.38e-4
Dylan,2.36e-4
Rodolfo,2.36e-4
Randolph,2.35e-4
Salvatore,2.34e-4
Ron,2.32e-4
Drew,2.31e-4
Scottie,2.31e-4
Eli,2.28e-4
Courtney,2.28e-4
Garry,2.28e-4
Jordan,2.27e-4
Bryon,2.26e-4
Dexter,2.26e-4
Donovan,2.26e-4
Kendrick,2.26e-4
Sidney,2.24e-4
Ismael,2.23e-4
Rolando,2.22e-4
Sheldon,2.22e-4
Timmy,2.22e-4
Loren,2.2e-4
Damion,2.17e-4
Devon,2.16e-4
Ty,2.16e-4
Guillermo,2.14e-4
Roman,2.14e-4
Jamison,2.13e-4
Oliver,2.13e-4
Benny,2.11e-4
Kendall,2.11e-4
Everett,2.11e-4
Terrell,2.08e-4
Julius,2.07e-4
Quentin,2.07e-4
Alonzo,2.06e-4
Owen,2.06e-4
Malcolm,2.05e-4
Mickey,2.05e-4
Arnold,2.04e-4
Rogelio,2.04e-4
Colby,2.03e-4
Abel,2.02e-4
Simon,2.02e-4
Wendell,2.02e-4
Sherman,2.01e-4
Scot,1.99e-4
Kareem,1.98e-4
Lamar,1.98e-4
Erin,1.97e-4
Claude,1.95e-4
Stewart,1.95e-4
Shad,1.94e-4
Desmond,1.93e-4
Ramiro,1.93e-4
Felipe,1.92e-4
Jake,1.92e-4
Stephan,1.92e-4
Virgil,1.92e-4
Rusty,1.91e-4
Elias,1.9e-4
Austin,1.9e-4
Guadalupe,1.9e-4
Jess,1.9e-4
Otis,1.9e-4
Gustavo,1.89e-4
Cary,1.88e-4
Caleb,1.84e-4
Tracey,1.84e-4
Carey,1.83e-4
Randal,1.82e-4
Darius,1.82e-4
Rex,1.82e-4
Xavier,1.82e-4
Moses,1.8e-4
Hugh,1.8e-4
Telly,1.79e-4
Dallas,1.79e-4
Darrick,1.77e-4
Elijah,1.76e-4
Reynaldo,1.73e-4
Earnest,1.72e-4
Sonny,1.72e-4
Forrest,1.71e-4
Levi,1.7e-4
Alton,1.69e-4
Ira,1.69e-4
Morgan,1.69e-4
Curt,1.67e-4
Derick,1.67e-4
Lyle,1.67e-4
Morris,1.67e-4
Teddy,1.66e-4
Wallace,1.65e-4
Gavin,1.64e-4
Leonardo,1.64e-4
Pete,1.64e-4
Marion,1.63e-4
Tomas,1.63e-4
Saul,1.63e-4
Mason,1.62e-4
Donnell,1.61e-4
Monte,1.61e-4
Bart,1.59e-4
Shon,1.59e-4
Dante,1.56e-4
Dominick,1.55e-4
Darrel,1.55e-4
Erich,1.55e-4
Hugo,1.55e-4
Elton,1.54e-4
Jarrett,1.53e-4
Grady,1.53e-4
Bennie,1.5e-4
Reuben,1.5e-4
Aron,1.49e-4
Efrain,1.49e-4
Luther,1.49e-4
Brock,1.48e-4
Jerald,1.45e-4
Thaddeus,1.45e-4
Jed,1.44e-4
Blaine,1.44e-4
Jefferson,1.44e-4
Fabian,1.43e-4
Hans,1.43e-4
Donny,1.42e-4
Carlo,1.42e-4
Rodrick,1.42e-4
Dorian,1.41e-4
Trenton,1.41e-4
Jean,1.41e-4
Kristian,1.41e-4
Daren,1.4e-4
Dave,1.39e-4
Edmund,1.39e-4
Kory,1.39e-4
Marlin,1.39e-4
Nicolas,1.39e-4
Tommie,1.39e-4
Jeffry,1.38e-4
Lynn,1.38e-4
Shayne,1.37e-4
Will,1.37e-4
Amos,1.36e-4
Elmer,1.36e-4
Roosevelt,1.36e-4
Deon,1.35e-4
Leland,1.35e-4
Stefan,1.35e-4
Joesph,1.34e-4
Elliott,1.33e-4
Archie,1.33e-4
Denny,1.33e-4
Esteban,1.33e-4
Rudolph,1.31e-4
Jeromy,1.31e-4
Jerrod,1.31e-4
Kurtis,1.31e-4
Elliot,1.3e-4
Lionel,1.3e-4
Tobias,1.29e-4
Rocky,1.28e-4
Emanuel,1.28e-4
Miles,1.27e-4
Beau,1.26e-4
Wilson,1.26e-4
Joaquin,1.26e-4
Reggie,1.26e-4
Ignacio,1.25e-4
Santiago,1.25e-4
Ken,1.24e-4
Moises,1.24e-4
Robby,1.23e-4
Delbert,1.23e-4
Emilio,1.23e-4
Willis,1.22e-4
Wilbert,1.22e-4
Willard,1.22e-4
Antwan,1.21e-4
Clark,1.2e-4
Humberto,1.2e-4
Sterling,1.2e-4
Sylvester,1.2e-4
Alphonso,1.18e-4
Kristofer,1.18e-4
Mack,1.18e-4
Rico,1.17e-4
Freddy,1.17e-4
Jarvis,1.15e-4
Monty,1.15e-4
Graham,1.14e-4
Jennifer,1.14e-4
Laurence,1.14e-4
Chance,1.13e-4
Collin,1.12e-4
Emmanuel,1.12e-4
Shelby,1.12e-4
Stevie,1.12e-4
Pierre,1.11e-4
Taylor,1.11e-4
Alexis,1.1e-4
Cole,1.1e-4
Ervin,1.1e-4
Jasen,1.1e-4
Anton,1.1e-4
Dirk,1.1e-4
Avery,1.09e-4
Brant,1.09e-4
Louie,1.09e-4
Chuck,1.09e-4
Thad,1.09e-4
Brain,1.07e-4
Vance,1.07e-4
Aubrey,1.07e-4
Buddy,1.07e-4
Dane,1.07e-4
Doug,1.07e-4
Horace,1.07e-4
Santos,1.06e-4
Rodger,1.06e-4
Aric,1.05e-4
Ellis,1.05e-4
Solomon,1.05e-4
Tad,1.05e-4
Vicente,1.05e-4
Bob,1.04e-4
Harley,1.04e-4
Darian,1.03e-4
Nolan,1.03e-4
Benito,1.02e-4
Rory,1.02e-4
Branden,1.01e-4
Dusty,1.01e-4
Van,1.01e-4
Doyle,1.01e-4
Reid,1.01e-4
Conrad,9.9e-5
Jonas,9.9e-5
Quinton,9.9e-5
Raphael,9.9e-5
Jeramy,9.9e-5
Kim,9.9e-5
Quinn,9.8e-5
Royce,9.8e-5
Theron,9.8e-5
Dewey,9.8e-5
Zachariah,9.8e-5
Ali,9.7e-5
Deshawn,9.7e-5
Cornell,9.6e-5
Garth,9.6e-5
Kristoffer,9.6e-5
Andrea,9.5e-5
Hubert,9.5e-5
Lane,9.5e-5
Mauricio,9.5e-5
Tory,9.5e-5
Ariel,9.4e-5
Arron,9.4e-5
Cedrick,9.3e-5
Jamel,9.3e-5
Jonah,9.3e-5
Josue,9.3e-5
Noe,9.3e-5
Boyd,9.2e-5
Tremayne,9.2e-5
Heriberto,9.1e-5
Marcel,9.1e-5
Wilfredo,9.1e-5
Jerod,9.1e-5
Percy,9.1e-5
Reed,9.1e-5
Antione,9e-5
Cleveland,9e-5
Domingo,9e-5
Kenyatta,9e-5
Rocco,9e-5
Wyatt,9e-5
Elvis,9e-5
Bradly,8.9e-5
Brenton,8.9e-5
Darwin,8.9e-5
Kirby,8.9e-5
Homer,8.8e-5
Kip,8.8e-5
Rufus,8.8e-5
Shelton,8.8e-5
Torrey,8.8e-5
Winston,8.8e-5
Blair,8.8e-5
Giovanni,8.8e-5
Marquis,8.8e-5
Rodrigo,8.8e-5
Carter,8.7e-5
Issac,8.7e-5
Jeremie,8.7e-5
Nicky,8.7e-5
Adolfo,8.7e-5
Daron,8.7e-5
Judson,8.7e-5
Vaughn,8.7e-5
Bert,8.6e-5
Brooks,8.6e-5
Ernie,8.5e-5
Galen,8.5e-5
Kenyon,8.5e-5
Barrett,8.4e-5
Deron,8.4e-5
Garrick,8.4e-5
Agustin,8.3e-5
Al,8.3e-5
Rhett,8.3e-5
Rickie,8.3e-5
Zane,8.3e-5
Billie,8.3e-5
Denis,8.3e-5
Johnathon,8.3e-5
Mikel,8.2e-5
Diego,8.2e-5
Garland,8.2e-5
Gino,8.1e-5
Landon,8.1e-5
Elbert,8e-5
Kenya,8e-5
Adan,8e-5
Jude,7.9e-5
Lowell,7.9e-5
Michel,7.9e-5
Sammie,7.9e-5
Ari,7.9e-5
Dino,7.9e-5
Chase,7.8e-5
Emmett,7.8e-5
Jackson,7.8e-5
Markus,7.7e-5
Danial,7.6e-5
Sebastian,7.6e-5
Wilbur,7.6e-5
Ezra,7.5e-5
Jacques,7.5e-5
Brendon,7.5e-5
Irvin,7.5e-5
Ronny,7.5e-5
Wilfred,7.5e-5
Alvaro,7.4e-5
Edwardo,7.4e-5
Gerry,7.4e-5
Gregorio,7.4e-5
Nickolas,7.4e-5
Tyron,7.4e-5
Brice,7.3e-5
Chet,7.2e-5
Deandre,7.2e-5
Judd,7.2e-5
Titus,7.2e-5
Torrance,7.2e-5
Antony,7.2e-5
Donte,7.2e-5
Hank,7.2e-5
Bernardo,7.1e-5
Damond,7.1e-5
Dedrick,7.1e-5
Kelley,7.1e-5
Rob,7.1e-5
Jarod,7e-5
Jeramie,7e-5
Keenan,7e-5
Korey,7e-5
Tobin,7e-5
Chauncey,6.9e-5
Germaine,6.9e-5
Edmond,6.9e-5
Ahmad,6.8e-5
Jammie,6.8e-5
Malik,6.8e-5
Richie,6.8e-5
August,6.7e-5
Michelle,6.7e-5
Antonia,6.6e-5
Harrison,6.6e-5
Isaiah,6.6e-5
Coby,6.6e-5
Lincoln,6.6e-5
Octavio,6.5e-5
Randell,6.5e-5
Sedrick,6.5e-5
Darron,6.4e-5
Federico,6.4e-5
Giuseppe,6.4e-5
Deric,6.4e-5
Eddy,6.4e-5
Nathanael,6.4e-5
Vito,6.4e-5
Carson,6.3e-5
Coy,6.3e-5
Errol,6.3e-5
Sandy,6.3e-5
Taurus,6.3e-5
Cliff,6.3e-5
Jayme,6.3e-5
Leonel,6.3e-5
Shea,6.3e-5
Denver,6.2e-5
Francesco,6.2e-5
Jan,6.2e-5
Jasper,6.2e-5
Russel,6.2e-5
Eloy,6.1e-5
Gonzalo,6.1e-5
Kennith,6.1e-5
Osvaldo,6.1e-5
Raymundo,6.1e-5
Trey,6.1e-5
Vince,6.1e-5
Barton,6.1e-5
Brandy,6.1e-5
Dax,6.1e-5
Kraig,6.1e-5
Tito,6.1e-5
Carroll,6e-5
Elvin,6e-5
Rahsaan,6e-5
Rigoberto,6e-5
Frederic,6e-5
Leif,6e-5
Ulysses,6e-5
Woodrow,6e-5
Hiram,5.9e-5
Jade,5.9e-5
Jamar,5.9e-5
Brook,5.8e-5
Chadd,5.8e-5
Jevon,5.8e-5
Kasey,5.8e-5
Kimberly,5.8e-5
Tod,5.8e-5
Tristan,5.8e-5
Aurelio,5.8e-5
Che,5.8e-5
Lashawn,5.8e-5
Amy,5.7e-5
Dameon,5.7e-5
Lonny,5.7e-5
Edgardo,5.6e-5
Norris,5.6e-5
Brennan,5.6e-5
Carmen,5.6e-5
Christoper,5.6e-5
Cyrus,5.6e-5
Emil,5.6e-5
Hunter,5.6e-5
Jefferey,5.6e-5
Lenny,5.6e-5
Cordell,5.5e-5
Keven,5.5e-5
Nigel,5.5e-5
Broderick,5.5e-5
Eldon,5.5e-5
Angela,5.4e-5
Bobbie,5.4e-5
Kenton,5.4e-5
Shanon,5.4e-5
Waylon,5.4e-5
Adrain,5.3e-5
Augustine,5.3e-5
Maxwell,5.3e-5
Burton,5.3e-5
Cruz,5.3e-5
Donta,5.3e-5
Forest,5.3e-5
Jerrold,5.3e-5
Lon,5.3e-5
Melissa,5.3e-5
Nestor,5.3e-5
Constantine,5.2e-5
Davis,5.2e-5
Dominique,5.2e-5
Duncan,5.2e-5
Efren,5.2e-5
Greggory,5.2e-5
Hal,5.2e-5
Jamil,5.2e-5
Junior,5.2e-5
Riley,5.2e-5
Tarik,5.2e-5
Terrill,5.2e-5
Hassan,5.2e-5
Jeremey,5.2e-5
Moshe,5.2e-5
Reinaldo,5.2e-5
Roscoe,5.2e-5
Toma,5.2e-5
Tyree,5.2e-5
Donell,5.1e-5
Gus,5.1e-5
Lazaro,5.1e-5
Robb,5.1e-5
Silas,5.1e-5
Trinity,5.1e-5
Carmelo,5e-5
Jereme,5e-5
Kristin,5e-5
Laron,5e-5
Abdul,5e-5
Abram,5e-5
Britt,5e-5
Davin,5e-5
Dwain,5e-5
Lars,5e-5
Leopoldo,5e-5
Zachery,5e-5
Brannon,4.9e-5
Dedric,4.9e-5
Genaro,4.9e-5
Josef,4.9e-5
Ned,4.9e-5
Rod,4.9e-5
Timmothy,4.9e-5
Trever,4.9e-5
Arnulfo,4.8e-5
Dejuan,4.8e-5
Erwin,4.8e-5
Ezekiel,4.8e-5
Jabari,4.8e-5
Tate,4.8e-5
Ahmed,4.8e-5
Brandt,4.8e-5
Demian,4.8e-5
Fidel,4.8e-5
Jarred,4.8e-5
Merle,4.8e-5
Shay,4.8e-5
Barney,4.7e-5
Chadrick,4.7e-5
Cullen,4.7e-5
Heather,4.7e-5
Isidro,4.7e-5
Jameson,4.7e-5
Mariano,4.7e-5
Thurman,4.7e-5
Vashon,4.7e-5
Kwame,4.7e-5
Marcelo,4.7e-5
Mitchel,4.7e-5
Myles,4.7e-5
Demarcus,4.6e-5
Garret,4.6e-5
Jermain,4.6e-5
Kirt,4.6e-5
Linwood,4.6e-5
Paris,4.6e-5
Bronson,4.5e-5
Enoch,4.5e-5
Lisa,4.5e-5
Roel,4.5e-5
Romeo,4.5e-5
Andra,4.5e-5
Andreas,4.5e-5
Darby,4.5e-5
Demetrios,4.5e-5
Douglass,4.5e-5
Grover,4.5e-5
Hollis,4.5e-5
Kelsey,4.5e-5
Lenard,4.5e-5
Marcellus,4.5e-5
Nathanial,4.5e-5
Whitney,4.5e-5
Alfonzo,4.4e-5
Antwon,4.4e-5
Charley,4.4e-5
Harlan,4.4e-5
Jered,4.4e-5
Liam,4.4e-5
Logan,4.4e-5
Otto,4.4e-5
Cristopher,4.4e-5
Dereck,4.4e-5
Donavan,4.4e-5
Eugenio,4.4e-5
German,4.4e-5
Kermit,4.4e-5
Norberto,4.4e-5
Rashad,4.4e-5
Toney,4.4e-5
Armand,4.3e-5
Chaim,4.3e-5
Lanny,4.3e-5
Mac,4.3e-5
Rosendo,4.3e-5
Uriah,4.3e-5
Asa,4.2e-5
Bartholomew,4.2e-5
Brien,4.2e-5
Emory,4.2e-5
Marlo,4.2e-5
Ramsey,4.2e-5
Braden,4.2e-5
Irving,4.2e-5
Kristen,4.2e-5
Lamonte,4.2e-5
Mauro,4.2e-5
Michale,4.2e-5
Torrence,4.2e-5
Wiley,4.2e-5
Anderson,4.1e-5
Baron,4.1e-5
