name,percent
Jennifer,0.037285
Amy,0.020668
Heather,0.015577
Melissa,0.015492
Angela,0.014962
Michelle,0.014522
Kimberly,0.01299
Lisa,0.011622
Stephanie,0.010105
Nicole,0.009145
Rebecca,0.008924
Christina,0.008319
Jessica,0.008282
Amanda,0.008105
Elizabeth,0.00799
Kelly,0.00752
Sarah,0.007158
Julie,0.007138
Mary,0.00703
Laura,0.006611
Shannon,0.006006
Christine,0.005835
Dawn,0.005605
Tracy,0.005456
April,0.005281
Rachel,0.00527
Karen,0.005232
Andrea,0.005154
Carrie,0.005035
Tammy,0.004821
Maria,0.004812
Susan,0.004801
Wendy,0.004793
Stacy,0.004596
Tina,0.004529
Patricia,0.004525
Tiffany,0.004436
Erin,0.00442
Lori,0.00426
Cynthia,0.004195
Tara,0.004138
Danielle,0.00411
Crystal,0.004002
Stacey,0.003799
Tonya,0.003781
Jill,0.003674
Misty,0.00356
Emily,0.003513
Monica,0.00351
Tanya,0.003452
Sandra,0.003443
Melanie,0.003438
Christy,0.003314
Sara,0.003288
Holly,0.003236
Michele,0.003228
Brandy,0.003171
Katherine,0.003111
Amber,0.002999
Kristen,0.002997
Teresa,0.002971
Dana,0.00296
Erica,0.002937
Denise,0.002858
Robin,0.002776
Heidi,0.002749
Brenda,0.002715
Jamie,0.002713
Megan,0.002687
Pamela,0.002681
Leslie,0.002633
Veronica,0.0026
Catherine,0.002522
Kristin,0.002485
Sharon,0.002392
Alicia,0.002383
Tamara,0.002322
Theresa,0.002315
Anna,0.002286
Kathleen,0.002274
Linda,0.002262
Nancy,0.002249
Barbara,0.002215
Gina,0.002196
Donna,0.002194
Deborah,0.002192
Renee,0.002182
Brandi,0.00216
Allison,0.002149
Jacqueline,0.002127
Melinda,0.002104
Valerie,0.002069
Rhonda,0.002031
Jodi,0.00199
Sherry,0.001949
Christie,0.001938
Cheryl,0.001922
Margaret,0.001891
Kathryn,0.001889
Diana,0.00187
Samantha,0.001813
Courtney,0.001778
Kristina,0.001762
Ann,0.001742
Victoria,0.001737
Mandy,0.001735
Paula,0.001702
Yolanda,0.001701
Kristi,0.001698
Natalie,0.00169
Regina,0.001646
Cindy,0.001606
Shelly,0.001592
Debra,0.001567
Vanessa,0.001563
Felicia,0.00154
Tracey,0.001522
Kara,0.001513
Carolyn,0.001503
Beth,0.00149
Suzanne,0.001484
Carla,0.001483
Joy,0.001479
Laurie,0.001465
Anne,0.001462
Deanna,0.001458
Alison,0.001452
Erika,0.001446
Kari,0.001422
Tamika,0.001384
Katrina,0.001367
Leah,0.001358
Colleen,0.001345
Sheila,0.001345
Jenny,0.00132
Aimee,0.001302
Julia,0.001282
Ashley,0.001275
Janet,0.00125
Angie,0.001248
Kristy,0.00123
Diane,0.001222
Bridget,0.001194
Natasha,0.001185
Lauren,0.001183
Stacie,0.001178
Kristie,0.001165
Tricia,0.001156
Martha,0.001147
Carol,0.001145
Carmen,0.001138
Kelli,0.001133
Nichole,0.001131
Sonya,0.001128
Traci,0.001115
Virginia,0.00111
Anita,0.001103
Joanna,0.001087
Kathy,0.001085
Krista,0.001085
Shawna,0.001083
Jody,0.001078
Kerry,0.001073
Marie,0.001044
Terri,0.001026
Angel,0.001024
Kerri,0.001024
Cassandra,0.001017
Kristine,0.001
Molly,9.92e-4
Shelley,9.92e-4
Robyn,9.69e-4
Kendra,9.63e-4
Keri,9.63e-4
Trisha,9.62e-4
Monique,9.58e-4
Sonia,9.54e-4
Kim,9.5e-4
Toni,9.31e-4
Claudia,9.22e-4
Meredith,9.17e-4
Lynn,9.12e-4
Charity,9.11e-4
Connie,9.01e-4
Rachael,8.81e-4
Adrienne,8.79e-4
Annette,8.72e-4
Bonnie,8.63e-4
Yvonne,8.53e-4
Sabrina,8.5e-4
Janice,8.39e-4
Mindy,8.37e-4
Becky,8.37e-4
Katie,8.3e-4
Gloria,8.26e-4
Sherri,8.15e-4
Latasha,7.97e-4
Caroline,7.88e-4
Ruth,7.87e-4
Tracie,7.85e-4
Latonya,7.74e-4
Angelica,7.73e-4
Hope,7.73e-4
Latoya,7.71e-4
Rosa,7.71e-4
Melody,7.68e-4
Cara,7.63e-4
Brooke,7.56e-4
Gretchen,7.54e-4
Kellie,7.51e-4
Kelley,7.48e-4
Jeanette,7.43e-4
Ana,7.41e-4
Sheri,7.38e-4
Sylvia,7.31e-4
Belinda,7.29e-4
Bethany,7.27e-4
Joanne,7.25e-4
Joyce,7.22e-4
Candice,7.21e-4
Candace,7.19e-4
Nikki,7.06e-4
Tasha,6.94e-4
Charlotte,6.91e-4
Ginger,6.9e-4
Charlene,6.88e-4
Rebekah,6.87e-4
Leigh,6.82e-4
Wanda,6.79e-4
Helen,6.77e-4
Alice,6.76e-4
Olivia,6.71e-4
Bobbie,6.69e-4
Frances,6.6e-4
Penny,6.58e-4
Norma,6.57e-4
Betty,6.56e-4
Ellen,6.54e-4
Shana,6.53e-4
Yvette,6.52e-4
Beverly,0.00064899999999999995
Karla,0.00064899999999999995
Keisha,0.00064899999999999995
Billie,6.47e-4
Christa,6.47e-4
Trina,6.46e-4
Marsha,6.44e-4
Jolene,6.41e-4
Leticia,6.26e-4
Dorothy,6.24e-4
Nakia,6.22e-4
Cathy,6.21e-4
Staci,6.21e-4
Shawn,6.16e-4
Tonia,6.13e-4
Sally,6.09e-4
Rose,6.08e-4
Audrey,6.01e-4
Joann,6.01e-4
Juanita,5.99e-4
Amie,5.9e-4
Raquel,5.88e-4
Jaime,5.86e-4
Tabitha,5.83e-4
Darlene,5.81e-4
Christi,5.78e-4
Peggy,5.76e-4
Naomi,5.75e-4
Tameka,5.73e-4
Jodie,5.71e-4
Jackie,5.67e-4
Jean,5.67e-4
Rita,5.66e-4
Vicki,5.66e-4
Miranda,5.65e-4
Cristina,5.64e-4
Maureen,5.62e-4
Shirley,5.62e-4
Kimberley,5.6e-4
Evelyn,5.53e-4
Kenya,5.53e-4
Elaine,5.5e-4
Casey,5.49e-4
Judith,5.47e-4
Sandy,5.39e-4
Autumn,5.38e-4
Jenifer,5.38e-4
Lakisha,5.38e-4
Tami,5.34e-4
Rochelle,5.31e-4
Meghan,5.27e-4
Jana,5.26e-4
Dena,5.23e-4
Debbie,5.21e-4
Marcia,5.1e-4
Gwendolyn,5.08e-4
Alisha,5.06e-4
Rachelle,5.05e-4
Summer,5.03e-4
Jane,5.01e-4
Loretta,4.99e-4
Eva,4.91e-4
Kirsten,4.88e-4
Carey,4.85e-4
Desiree,4.83e-4
Judy,4.79e-4
Chandra,4.79e-4
Roxanne,4.77e-4
Shelby,4.77e-4
Cheri,4.7e-4
Janelle,4.7e-4
Alexandra,4.66e-4
Chasity,4.65e-4
Nina,4.64e-4
Teri,4.63e-4
Tammie,4.63e-4
Priscilla,4.62e-4
Irene,4.6e-4
Stefanie,4.59e-4
Esther,4.57e-4
Lesley,4.56e-4
Jennie,4.53e-4
Jeanne,4.51e-4
Jeannie,4.48e-4
Tania,4.47e-4
Angelina,4.37e-4
Chastity,4.35e-4
Alexis,4.34e-4
Latisha,4.32e-4
Miriam,4.29e-4
Roberta,4.29e-4
Angelia,4.29e-4
Lydia,4.29e-4
Mandi,4.29e-4
Lora,4.27e-4
Eileen,4.24e-4
Brandie,4.23e-4
Lorraine,4.21e-4
Marilyn,4.19e-4
Cherie,4.15e-4
Candy,4.15e-4
Antoinette,4.13e-4
Bobbi,4.13e-4
Lara,4.09e-4
Tanisha,4.04e-4
Ruby,4.03e-4
Shauna,4.01e-4
Dina,4e-4
Lorena,3.98e-4
Lynette,3.97e-4
Deana,3.95e-4
Ebony,3.95e-4
Sonja,3.95e-4
Abigail,3.93e-4
Adriana,3.89e-4
Jami,3.87e-4
Shanna,3.86e-4
Jacquelyn,3.85e-4
Ronda,3.78e-4
Lee,3.75e-4
Alisa,3.69e-4
Sheryl,3.68e-4
Marisol,3.67e-4
Vickie,3.67e-4
Marla,3.65e-4
Grace,3.62e-4
Guadalupe,3.62e-4
Tia,3.61e-4
Wendi,3.61e-4
Gail,3.6e-4
Alyssa,3.59e-4
Marisa,3.58e-4
Angelique,3.56e-4
Faith,3.56e-4
Michael,3.56e-4
Ericka,3.54e-4
Nora,3.54e-4
Joan,3.53e-4
Melisa,3.52e-4
Bernadette,3.51e-4
Maribel,3.49e-4
Johanna,3.47e-4
Rosemary,3.44e-4
Marcy,3.43e-4
Lawanda,3.39e-4
Terra,3.37e-4
Amelia,3.35e-4
Celeste,3.35e-4
Alma,3.34e-4
Jo,3.34e-4
Misti,3.34e-4
Cari,3.33e-4
Elena,3.31e-4
Hollie,3.31e-4
Latanya,3.31e-4
Lindsay,3.3e-4
Lakeisha,3.29e-4
Betsy,3.28e-4
Cecilia,3.27e-4
Audra,3.26e-4
Ramona,3.26e-4
Katina,3.24e-4
Karin,3.22e-4
Jenna,3.21e-4
Dianna,3.21e-4
Sherrie,3.2e-4
Elisa,3.17e-4
Marlene,3.16e-4
Yesenia,3.16e-4
Tabatha,3.15e-4
Terry,3.15e-4
Janine,3.14e-4
Margarita,3.13e-4
Lorie,3.12e-4
Tamiko,3.12e-4
Annie,3.1e-4
Krystal,3.1e-4
Shari,3.1e-4
Lakesha,3.09e-4
Lashonda,3.08e-4
Kisha,3.06e-4
Kate,3.06e-4
Emma,3.05e-4
Darcy,3.03e-4
Lena,3.03e-4
Marcie,3e-4
Leanne,2.99e-4
Tisha,2.98e-4
Elisabeth,2.96e-4
Anitra,2.94e-4
Camille,2.94e-4
Jeanine,2.93e-4
Josephine,2.92e-4
Allyson,2.92e-4
Bridgette,2.92e-4
Lillian,2.91e-4
Blanca,2.9e-4
Taryn,2.9e-4
Hilary,2.89e-4
Karrie,2.88e-4
Shelia,2.88e-4
Glenda,2.86e-4
Lana,2.85e-4
Alana,2.84e-4
Serena,2.83e-4
Shonda,2.83e-4
Hannah,2.83e-4
Esmeralda,2.81e-4
Constance,2.79e-4
Liza,2.79e-4
Irma,2.75e-4
Jeannette,2.74e-4
Vivian,2.71e-4
Paige,2.67e-4
Chrystal,2.67e-4
Iris,2.65e-4
Bridgett,2.64e-4
Whitney,2.64e-4
Gabriela,2.63e-4
Darla,2.62e-4
Arlene,2.62e-4
Isabel,2.61e-4
Dora,2.6e-4
Maggie,2.6e-4
Marci,2.6e-4
Lea,2.58e-4
Chanda,2.57e-4
Jocelyn,2.56e-4
Aisha,2.54e-4
Kerrie,2.54e-4
Edith,2.53e-4
Randi,2.53e-4
Jessie,2.51e-4
Marjorie,2.5e-4
Marianne,2.49e-4
Claire,2.48e-4
Marcella,2.47e-4
Doris,2.46e-4
Daphne,2.45e-4
Marissa,2.45e-4
Vicky,2.45e-4
Alissa,2.44e-4
Tera,2.44e-4
Joni,2.44e-4
Jasmine,2.43e-4
Cassie,2.42e-4
Clarissa,2.42e-4
Luz,2.42e-4
Sophia,2.42e-4
Patrice,2.42e-4
Susana,2.39e-4
Gabrielle,2.37e-4
Myra,2.35e-4
Mia,2.33e-4
Olga,2.33e-4
Shanda,2.32e-4
Gena,2.31e-4
Lindsey,2.31e-4
Tammi,2.31e-4
Janette,2.3e-4
Tomeka,2.29e-4
Kimberlee,2.29e-4
Demetria,2.27e-4
Leann,2.27e-4
Nadine,2.27e-4
Ingrid,2.26e-4
Ladonna,2.26e-4
Malinda,2.25e-4
Catrina,2.24e-4
Janie,2.24e-4
Georgia,2.23e-4
Alyson,2.22e-4
Chelsea,2.22e-4
Janel,2.22e-4
Tawana,2.22e-4
Katharine,2.21e-4
Selena,2.21e-4
Silvia,2.21e-4
Pauline,2.18e-4
Dionne,2.17e-4
Karyn,2.17e-4
Clara,2.16e-4
Latosha,2.15e-4
Lynda,2.15e-4
Ami,2.14e-4
Genevieve,2.14e-4
Lashawn,2.13e-4
Brittany,2.12e-4
Daisy,2.1e-4
Lucy,2.08e-4
Rene,2.08e-4
Jeannine,2.08e-4
Phyllis,2.08e-4
Hillary,2.07e-4
Gwen,2.06e-4
Maryann,2.06e-4
Sunshine,2.06e-4
Cristy,2.06e-4
Beatrice,2.05e-4
Latrice,2.05e-4
Carly,2.04e-4
Lucinda,2.04e-4
Tori,2.04e-4
Araceli,2.03e-4
Marina,2.03e-4
Shellie,2.03e-4
Sunny,2.03e-4
Laurel,2.01e-4
Edna,1.99e-4
Noelle,1.99e-4
Gladys,1.99e-4
Tomika,1.99e-4
Windy,1.99e-4
Kasey,1.98e-4
Carissa,1.97e-4
Janna,1.96e-4
Carie,1.95e-4
Christopher,1.94e-4
Jason,1.94e-4
Kesha,1.94e-4
June,1.93e-4
Janell,1.91e-4
Renae,1.91e-4
Cori,1.9e-4
Sue,1.88e-4
Karie,1.88e-4
Lacey,1.88e-4
Jeri,1.87e-4
Mitzi,1.87e-4
Valarie,1.87e-4
Dolores,1.86e-4
Maricela,1.86e-4
Francine,1.85e-4
Luciana,1.85e-4
Tessa,1.85e-4
Ivy,1.84e-4
Annmarie,1.83e-4
Lorrie,1.83e-4
Rena,1.83e-4
Susie,1.83e-4
Tiffani,1.83e-4
Kami,1.82e-4
Sheree,1.82e-4
Tosha,1.82e-4
Maritza,1.81e-4
Sondra,1.8e-4
Chantel,1.77e-4
Tamra,1.77e-4
Christal,1.76e-4
Karina,1.76e-4
Corina,1.76e-4
Deena,1.75e-4
Nikia,1.74e-4
Deidre,1.74e-4
Delia,1.74e-4
Mona,1.73e-4
Caryn,1.72e-4
Georgina,1.72e-4
Charmaine,1.72e-4
Doreen,1.72e-4
Madeline,1.72e-4
Corey,1.71e-4
Susanne,1.7e-4
Bertha,1.69e-4
Corinne,1.69e-4
Letitia,1.69e-4
Cathleen,1.67e-4
Jan,1.67e-4
Ursula,1.67e-4
Tawnya,1.67e-4
Mayra,1.66e-4
Deirdre,1.65e-4
Kira,1.65e-4
Mildred,1.65e-4
Antonia,1.63e-4
Consuelo,1.63e-4
Elsa,1.63e-4
Felecia,1.63e-4
Tanika,1.63e-4
Anastasia,1.62e-4
Brandee,1.62e-4
James,1.62e-4
Latonia,1.62e-4
Lucia,1.62e-4
Athena,1.62e-4
Geneva,1.62e-4
Paulette,1.62e-4
Hilda,1.6e-4
Patty,1.6e-4
Stella,1.6e-4
Bianca,1.58e-4
Buffy,1.58e-4
Dianne,1.58e-4
Tiana,1.58e-4
Carolina,1.57e-4
Robert,1.56e-4
Tawanda,1.56e-4
Abby,1.54e-4
Ida,1.54e-4
Justine,1.54e-4
Susanna,1.54e-4
Julianne,1.53e-4
Lashanda,1.53e-4
Sharonda,1.53e-4
David,1.52e-4
Mara,1.52e-4
Kristal,1.51e-4
Tiffanie,1.51e-4
Eleanor,1.51e-4
Juana,1.51e-4
Danette,1.5e-4
Marion,1.49e-4
Marta,1.49e-4
Michell,1.49e-4
Eve,1.49e-4
Larissa,1.49e-4
Tamera,1.49e-4
Danelle,1.48e-4
John,1.48e-4
Malissa,1.48e-4
Colette,1.47e-4
Elisha,1.47e-4
Meagan,1.47e-4
Aubrey,1.47e-4
Elise,1.47e-4
Eugenia,1.47e-4
Jerri,1.46e-4
Louise,1.46e-4
Sasha,1.46e-4
Suzette,1.44e-4
Tyra,1.44e-4
Joey,1.44e-4
Bernice,1.43e-4
Corrie,1.43e-4
Cory,1.42e-4
Lois,1.42e-4
Mollie,1.42e-4
Christen,1.41e-4
Dara,1.41e-4
Jeanie,1.41e-4
Lynne,1.41e-4
Regan,1.41e-4
Rosemarie,1.41e-4
Stacia,1.41e-4
Adrianne,1.4e-4
Vera,1.4e-4
Juliet,1.4e-4
Deanne,1.39e-4
Holli,1.39e-4
Kenyatta,1.39e-4
Christin,1.38e-4
Dayna,1.38e-4
Elissa,1.38e-4
Callie,1.38e-4
Chiquita,1.38e-4
Lissette,1.38e-4
Noemi,1.37e-4
Latricia,1.37e-4
Lynnette,1.37e-4
Adrian,1.36e-4
Alexa,1.35e-4
Jayme,1.35e-4
Leeann,1.35e-4
Graciela,1.35e-4
Lacy,1.35e-4
Lourdes,1.35e-4
Mercedes,1.35e-4
Sandi,1.35e-4
Venus,1.35e-4
Jena,1.34e-4
Casandra,1.33e-4
Shalonda,1.33e-4
Andria,1.33e-4
Emilie,1.33e-4
Katy,1.33e-4
Alecia,1.32e-4
Celia,1.32e-4
Dusty,1.32e-4
Marian,1.32e-4
Kay,1.31e-4
Cary,1.31e-4
Helena,1.31e-4
Dixie,1.3e-4
Florence,1.3e-4
Jeanna,1.3e-4
Mindi,1.3e-4
Toya,1.3e-4
Chris,1.29e-4
Ivette,1.29e-4
Margie,1.29e-4
Trista,1.29e-4
Darcie,1.28e-4
Lakeshia,1.28e-4
Leanna,1.28e-4
Mandie,1.28e-4
Thelma,1.28e-4
Sadie,1.27e-4
Christian,1.26e-4
Josie,1.26e-4
Marisela,1.26e-4
Layla,1.25e-4
Greta,1.24e-4
Octavia,1.24e-4
Dominique,1.24e-4
Delores,1.23e-4
Fatima,1.23e-4
Marlo,1.23e-4
Martina,1.23e-4
Cortney,1.22e-4
Francesca,1.22e-4
Leona,1.22e-4
Beatriz,1.22e-4
Racheal,1.22e-4
Simone,1.21e-4
Brenna,1.21e-4
Carole,1.21e-4
Rosalind,1.21e-4
Shantel,1.21e-4
Richelle,1.2e-4
Rosalinda,1.2e-4
Karri,1.19e-4
Kia,1.19e-4
Marnie,1.19e-4
Shelli,1.19e-4
Gayle,1.19e-4
Kayla,1.19e-4
Tonja,1.19e-4
Annemarie,1.18e-4
Danita,1.18e-4
Rosanna,1.18e-4
Ella,1.17e-4
Maya,1.17e-4
Ada,1.17e-4
Alejandra,1.17e-4
Angelita,1.17e-4
Cora,1.17e-4
Davina,1.17e-4
Rhoda,1.17e-4
Rocio,1.16e-4
Shanon,1.16e-4
Sharla,1.16e-4
Syreeta,1.16e-4
Laquita,1.15e-4
Margo,1.15e-4
Briana,1.15e-4
Joelle,1.15e-4
Trudy,1.15e-4
Lauri,1.14e-4
Aurora,1.13e-4
Jamila,1.13e-4
Jeana,1.13e-4
Tarsha,1.13e-4
Candi,1.13e-4
Harmony,1.13e-4
Catina,1.12e-4
Liliana,1.12e-4
Maura,1.12e-4
Therese,1.12e-4
Angeline,1.11e-4
Brook,1.11e-4
Noel,1.1e-4
Carri,1.1e-4
Kori,1.1e-4
Mellissa,1.1e-4
Patti,1.1e-4
Shannan,1.1e-4
Aileen,1.09e-4
Griselda,1.09e-4
Tawanna,1.09e-4
Deann,1.08e-4
Eunice,1.08e-4
Mendy,1.08e-4
Nanette,1.08e-4
Anissa,1.08e-4
Deidra,1.08e-4
Cecelia,1.07e-4
Johnna,1.07e-4
Magdalena,1.07e-4
Niki,1.07e-4
Rosie,1.07e-4
Shanta,1.07e-4
Daniel,1.06e-4
Nikita,1.06e-4
Tamica,1.06e-4
Terrie,1.06e-4
Shameka,1.05e-4
Trinity,1.05e-4
Della,1.04e-4
Kandi,1.04e-4
Candida,1.04e-4
Monika,1.04e-4
Spring,1.04e-4
Bree,1.03e-4
Carisa,1.03e-4
Carmela,1.03e-4
Destiny,1.03e-4
Joleen,1.03e-4
Benita,1.03e-4
Darci,1.03e-4
Nakisha,1.03e-4
William,1.03e-4
Aida,1.02e-4
Georgette,1.02e-4
Tana,1.02e-4
Christel,1.01e-4
Leila,1.01e-4
Lisette,1.01e-4
Penelope,1.01e-4
Toby,1.01e-4
Anika,1.01e-4
Nikole,1.01e-4
Rae,1.01e-4
Tamekia,1.01e-4
Tamela,1.01e-4
Danna,1e-4
Geraldine,1e-4
Jada,1e-4
Josefina,1e-4
Juliana,1e-4
Kathrine,1e-4
Mariah,1e-4
Valeria,1e-4
Janis,9.9e-5
Nicolle,9.9e-5
Polly,9.9e-5
Sofia,9.9e-5
Ayanna,9.9e-5
Lilia,9.9e-5
Selina,9.9e-5
Shawnda,9.9e-5
Danyelle,9.8e-5
Fawn,9.8e-5
Suzanna,9.8e-5
Tressa,9.8e-5
Alanna,9.7e-5
Mari,9.7e-5
Susannah,9.7e-5
Adria,9.7e-5
Brian,9.7e-5
India,9.7e-5
Latarsha,9.7e-5
Lola,9.7e-5
Stephenie,9.7e-5
Tangela,9.7e-5
Felisha,9.6e-5
Rosalie,9.6e-5
Tobi,9.6e-5
Nellie,9.6e-5
Alexandria,9.5e-5
Antionette,9.5e-5
Mellisa,9.5e-5
Pearl,9.5e-5
Shani,9.5e-5
Shantell,9.5e-5
Ayana,9.4e-5
Eliza,9.4e-5
Ethel,9.4e-5
Maranda,9.4e-5
Natalia,9.4e-5
Roseann,9.4e-5
Lenora,9.4e-5
Valencia,9.4e-5
Jade,9.3e-5
Lucretia,9.3e-5
Rashida,9.3e-5
Kirstin,9.2e-5
Yadira,9.2e-5
Corinna,9.2e-5
Keshia,9.2e-5
Rolanda,9.2e-5
Roxanna,9.2e-5
Elsie,9.1e-5
Keesha,9.1e-5
Mistie,9.1e-5
Patsy,9.1e-5
Alesha,9e-5
Charissa,9e-5
Claudine,9e-5
Faye,9e-5
Kacey,9e-5
Kris,9e-5
Chanel,9e-5
Daniela,9e-5
Keely,9e-5
Elvira,8.9e-5
Nyree,8.9e-5
Ryan,8.9e-5
Shawanda,8.9e-5
Ginny,8.8e-5
Melonie,8.8e-5
Celina,8.8e-5
Imelda,8.8e-5
Anthony,8.7e-5
Damaris,8.7e-5
Francis,8.7e-5
Shamika,8.7e-5
Coleen,8.7e-5
Julissa,8.7e-5
Justina,8.7e-5
Marlena,8.7e-5
Takisha,8.7e-5
Tanesha,8.7e-5
Adriane,8.6e-5
Angella,8.6e-5
Esperanza,8.6e-5
Hazel,8.6e-5
Reagan,8.6e-5
Trena,8.6e-5
Freda,8.5e-5
Joseph,8.5e-5
Angelic,8.5e-5
Carin,8.5e-5
Charla,8.5e-5
Delilah,8.5e-5
Lorna,8.5e-5
Pepper,8.5e-5
Bessie,8.4e-5
Kandice,8.4e-5
Caren,8.3e-5
Cherilyn,8.3e-5
Latrina,8.3e-5
Nicki,8.3e-5
Richard,8.3e-5
Anjanette,8.3e-5
Charles,8.3e-5
Francisca,8.3e-5
Lesa,8.3e-5
Melodie,8.3e-5
Nicola,8.3e-5
Renita,8.3e-5
Denice,8.2e-5
Janeen,8.2e-5
Maxine,8.2e-5
Charisse,8.1e-5
Elvia,8.1e-5
Racquel,8.1e-5
Bonita,8.1e-5
Corrine,8.1e-5
Cristal,8.1e-5
Demetra,8.1e-5
Jasmin,8.1e-5
Yolonda,8.1e-5
Alina,8e-5
Eric,8e-5
Marni,8e-5
Rosario,8e-5
Sherita,8e-5
Ava,7.9e-5
Cami,7.9e-5
Jenni,7.9e-5
Myrna,7.9e-5
Rosalyn,7.9e-5
Zoe,7.9e-5
Alysia,7.9e-5
Cher,7.9e-5
Daniele,7.9e-5
Meggan,7.9e-5
Shara,7.9e-5
Aaron,7.8e-5
Dee,7.8e-5
