name,percent
Michael,0.041012
Jason,0.032262
Christopher,0.027728
David,0.024061
James,0.023472
John,0.020822
Robert,0.020709
Brian,0.018696
Matthew,0.018368
Daniel,0.015139
William,0.014978
Joseph,0.014738
Eric,0.013085
Jeremy,0.012332
Kevin,0.011319
Ryan,0.010714
Jeffrey,0.010426
Joshua,0.010326
Richard,0.010272
Steven,0.010206
Timothy,0.010189
Anthony,0.010179
Thomas,0.009868
Scott,0.009649
Mark,0.0095
Charles,0.008532
Andrew,0.008152
Paul,0.007218
Chad,0.007214
Aaron,0.006947
Jonathan,0.00693
Benjamin,0.006532
Justin,0.006216
Shawn,0.00619
Gregory,0.006165
Adam,0.006091
Stephen,0.005962
Kenneth,0.005597
Nathan,0.005277
Brandon,0.004772
Patrick,0.004673
Sean,0.004635
Bryan,0.004467
Edward,0.004325
Jose,0.004316
Travis,0.004188
Donald,0.0041660000000000004
Keith,0.004136
Ronald,0.003959
Todd,0.003947
Bradley,0.003665
Gary,0.003424
George,0.003401
Peter,0.003334
Jesse,0.003248
Douglas,0.003207
Shane,0.003123
Juan,0.003088
Samuel,0.003075
Larry,0.002968
Craig,0.002898
Jamie,0.002832
Jacob,0.002759
Corey,0.002717
Raymond,0.002584
Dennis,0.002554
Jerry,0.002488
Frank,0.002388
Phillip,0.002322
Carlos,0.00232
Antonio,0.002312
Joel,0.002284
Troy,0.002278
Marcus,0.002252
Terry,0.002247
Jeffery,0.002187
Nicholas,0.002122
Brent,0.002087
Randy,0.002034
Kyle,0.002027
Gabriel,0.002022
Dustin,0.00197
Cory,0.001953
Derek,0.001939
Billy,0.001935
Tony,0.001878
Rodney,0.001835
Russell,0.001835
Philip,0.001809
Jared,0.001798
Derrick,0.001787
Johnny,0.00176
Jeremiah,0.001757
Erik,0.001688
Carl,0.001637
Zachary,0.001623
Bobby,0.00162
Shannon,0.001604
Marc,0.001589
Victor,0.001547
Jimmy,0.001532
Danny,0.001528
Roger,0.001511
Vincent,0.001506
Damon,0.001505
Curtis,0.001503
Brad,0.001494
Alexander,0.001491
Brett,0.00148
Luis,0.001463
Jon,0.001421
Christian,0.001387
Lawrence,0.001375
Nathaniel,0.001354
Alan,0.001341
Micheal,0.001335
Joe,0.00133
Martin,0.001328
Wesley,0.001315
Gerald,0.001313
Willie,0.001305
Casey,0.001303
Henry,0.001302
Adrian,0.001297
Andre,0.001297
Walter,0.001288
Seth,0.001286
Jay,0.001285
Jesus,0.001248
Mario,0.001238
Wayne,0.001238
Ricky,0.001221
Randall,0.001215
Allen,0.001206
Ian,0.001187
Albert,0.001172
Arthur,0.001163
Lee,0.001151
Roy,0.001147
Manuel,0.001123
Louis,0.001092
Ricardo,0.001091
Miguel,0.001075
Lance,0.001062
Tyrone,0.00106
Frederick,0.001059
Darren,0.001038
Bruce,0.001033
Jack,0.001018
Darrell,0.001017
Clinton,0.001016
Jorge,0.001009
Kristopher,9.84e-4
Ronnie,9.77e-4
Chris,9.76e-4
Roberto,9.73e-4
Francisco,9.62e-4
Kelly,9.43e-4
Eugene,9.27e-4
Ernest,9.11e-4
Dale,9.06e-4
Harold,8.79e-4
Reginald,8.74e-4
Barry,8.73e-4
Jermaine,8.73e-4
Jerome,8.67e-4
Steve,8.59e-4
Eddie,8.58e-4
Jaime,8.56e-4
Tommy,8.53e-4
Alex,8.34e-4
Ruben,8.33e-4
Neil,8.28e-4
Maurice,8.24e-4
Dwayne,8.11e-4
Glenn,8.07e-4
Leonard,8e-4
Geoffrey,7.94e-4
Tyler,7.72e-4
Marvin,7.7e-4
Trevor,7.7e-4
Hector,7.67e-4
Oscar,7.55e-4
Calvin,7.53e-4
Terrance,7.35e-4
Clayton,7.3e-4
Mitchell,7.28e-4
Edwin,7.25e-4
Theodore,7.18e-4
Melvin,7.14e-4
Terrence,7.14e-4
Mathew,7.12e-4
Joey,7.12e-4
Ralph,7.12e-4
Heath,7.05e-4
Stanley,7.02e-4
Omar,6.98e-4
Angel,6.96e-4
Raul,6.82e-4
Cody,6.72e-4
Toby,6.7e-4
Isaac,6.69e-4
Alejandro,6.58e-4
Cameron,6.54e-4
Clifford,6.54e-4
Javier,6.46e-4
Duane,6.44e-4
Howard,6.3e-4
Kurt,6.25e-4
Wade,6.19e-4
Jody,6.1e-4
Damian,6.09e-4
Eduardo,6.09e-4
Ramon,6.04e-4
Rafael,5.94e-4
Harry,5.93e-4
Armando,5.87e-4
Pedro,5.85e-4
Clarence,5.84e-4
Earl,5.76e-4
Leon,5.69e-4
Luke,5.61e-4
Andy,5.59e-4
Byron,5.55e-4
Alfred,5.52e-4
Daryl,5.5e-4
Micah,5.5e-4
Kirk,5.47e-4
Dean,5.42e-4
Fernando,5.41e-4
Lucas,5.39e-4
Clifton,5.33e-4
Karl,5.33e-4
Johnathan,5.32e-4
Clint,5.31e-4
Cedric,5.28e-4
Greg,5.25e-4
Ray,5.2e-4
Sergio,5.15e-4
Francis,5.13e-4
Lonnie,5.11e-4
Warren,5.09e-4
Brendan,5.08e-4
Norman,5.07e-4
Gilbert,5.06e-4
Jessie,5.04e-4
Franklin,4.92e-4
Bernard,4.88e-4
Fred,4.88e-4
Colin,4.82e-4
Marco,4.82e-4
Tracy,4.82e-4
Roderick,4.8e-4
Jonathon,4.75e-4
Evan,4.74e-4
Spencer,4.72e-4
Alvin,4.69e-4
Julio,4.66e-4
Leroy,4.64e-4
Glen,4.61e-4
Dominic,4.6e-4
Jeff,4.56e-4
Marlon,4.56e-4
Nelson,4.5e-4
Julian,4.49e-4
Kelvin,4.49e-4
Jarrod,4.43e-4
Don,4.42e-4
Cesar,4.41e-4
Grant,4.39e-4
Antoine,4.38e-4
Erick,4.38e-4
Darryl,4.32e-4
Donnie,4.31e-4
Alberto,4.3e-4
Arturo,4.25e-4
Rene,4.21e-4
Ross,4.17e-4
Gerardo,4.16e-4
Tyson,4.16e-4
Lewis,4.16e-4
Dana,4.12e-4
Edgar,4.06e-4
Ivan,4.06e-4
Damien,4.03e-4
Demetrius,4.01e-4
Marshall,3.99e-4
Orlando,3.98e-4
Alfredo,3.98e-4
Vernon,3.97e-4
Darin,3.97e-4
Brock,3.96e-4
Enrique,3.95e-4
Fredrick,3.89e-4
Herbert,3.87e-4
Shaun,3.84e-4
Chadwick,3.79e-4
Jayson,3.73e-4
Dwight,3.68e-4
Lamont,3.68e-4
Bradford,3.64e-4
Mike,3.63e-4
Ben,3.62e-4
Quincy,3.6e-4
Kerry,3.57e-4
Stacy,3.51e-4
Abraham,3.5e-4
Preston,3.49e-4
Trent,3.49e-4
Charlie,3.46e-4
Israel,3.46e-4
Ethan,3.44e-4
Jackie,3.43e-4
Garrett,3.42e-4
Stuart,3.42e-4
Salvador,3.41e-4
Ernesto,3.4e-4
Blake,3.4e-4
Angelo,3.38e-4
Jamal,3.38e-4
Rickey,3.37e-4
Lorenzo,3.36e-4
Neal,3.36e-4
Noah,3.33e-4
Courtney,3.31e-4
Bryant,3.29e-4
Leslie,3.27e-4
Lloyd,3.26e-4
Johnnie,3.22e-4
Caleb,3.22e-4
Quentin,3.19e-4
Austin,3.17e-4
Gordon,3.17e-4
Devin,3.16e-4
Jordan,3.16e-4
Felix,3.13e-4
Roland,3.12e-4
Guy,3.11e-4
Kent,3.11e-4
Jimmie,3.1e-4
Bret,3.09e-4
Freddie,3.09e-4
Terrell,3.07e-4
Allan,3.06e-4
Rudy,3.06e-4
Gregg,2.98e-4
Andres,2.97e-4
Marty,2.95e-4
Leo,2.94e-4
Lester,2.93e-4
Ashley,2.91e-4
Darnell,2.9e-4
Dewayne,2.9e-4
Darrin,2.86e-4
Gene,2.83e-4
Perry,2.81e-4
Rick,2.81e-4
Damion,2.8e-4
Marcos,2.77e-4
Floyd,2.75e-4
Bryce,2.74e-4
Scotty,2.74e-4
Pablo,2.73e-4
Milton,2.7e-4
Noel,2.68e-4
Herman,2.66e-4
Clay,2.65e-4
Ted,2.65e-4
Jamey,2.63e-4
Jake,2.6e-4
Rodolfo,2.6e-4
Terence,2.58e-4
Drew,2.56e-4
Jim,2.56e-4
Levi,2.56e-4
Kenny,2.54e-4
Frankie,2.54e-4
Donny,2.53e-4
Kendrick,2.53e-4
Cornelius,2.51e-4
Max,2.51e-4
Nick,2.48e-4
Rocky,2.47e-4
Brady,2.45e-4
Dan,2.45e-4
Dylan,2.44e-4
Sam,2.43e-4
Carlton,2.43e-4
Abel,2.42e-4
Simon,2.41e-4
Robin,2.4e-4
Sheldon,2.4e-4
Josh,2.37e-4
Clyde,2.36e-4
Alfonso,2.34e-4
Randolph,2.34e-4
Eli,2.32e-4
Kareem,2.32e-4
Rusty,2.32e-4
Dion,2.31e-4
Beau,2.28e-4
Felipe,2.28e-4
Loren,2.27e-4
Chester,2.27e-4
Gerard,2.24e-4
Bill,2.22e-4
Salvatore,2.22e-4
Lamar,2.22e-4
Garry,2.21e-4
Gilberto,2.2e-4
Guillermo,2.18e-4
Cecil,2.15e-4
Julius,2.14e-4
Bryon,2.13e-4
Donovan,2.13e-4
Ismael,2.13e-4
Ron,2.12e-4
Myron,2.11e-4
Sammy,2.11e-4
Sidney,2.11e-4
Rolando,2.08e-4
Malcolm,2.07e-4
Rogelio,2.07e-4
Matt,2.06e-4
Oliver,2.06e-4
Stacey,2.06e-4
Ty,2.05e-4
Harvey,2.02e-4
Dallas,2e-4
Cary,1.99e-4
Otis,1.97e-4
Colby,1.96e-4
Derick,1.96e-4
Rico,1.96e-4
Everett,1.95e-4
Mickey,1.95e-4
Moses,1.95e-4
Gavin,1.94e-4
Gustavo,1.94e-4
Roman,1.94e-4
Tom,1.94e-4
Jeromy,1.92e-4
Robbie,1.91e-4
Elias,1.91e-4
Nicolas,1.88e-4
Ramiro,1.88e-4
Devon,1.87e-4
Guadalupe,1.86e-4
Arnold,1.86e-4
Morgan,1.86e-4
Alonzo,1.84e-4
Elijah,1.83e-4
Kris,1.83e-4
Dante,1.83e-4
Darrick,1.81e-4
Erin,1.81e-4
Saul,1.81e-4
Demond,1.8e-4
Tim,1.8e-4
Sherman,1.78e-4
Teddy,1.78e-4
Xavier,1.77e-4
Benny,1.75e-4
Stephan,1.74e-4
Tomas,1.74e-4
Wendell,1.74e-4
Rex,1.73e-4
Timmy,1.73e-4
Earnest,1.72e-4
Kendall,1.72e-4
Forrest,1.71e-4
Antwan,1.7e-4
Jess,1.7e-4
Scottie,1.7e-4
Owen,1.7e-4
Tobias,1.7e-4
Dexter,1.69e-4
Darius,1.67e-4
Dominick,1.67e-4
Kory,1.67e-4
Sonny,1.67e-4
Reynaldo,1.66e-4
Claude,1.65e-4
Reuben,1.64e-4
Thaddeus,1.64e-4
Lionel,1.63e-4
Jamison,1.62e-4
Virgil,1.62e-4
Alton,1.62e-4
Ira,1.62e-4
Morris,1.61e-4
Blaine,1.59e-4
Jarrett,1.59e-4
Pete,1.59e-4
Randal,1.59e-4
Fabian,1.59e-4
Carey,1.58e-4
Desmond,1.58e-4
Kristian,1.58e-4
Esteban,1.57e-4
Wallace,1.57e-4
Trenton,1.56e-4
Donnell,1.56e-4
Leonardo,1.55e-4
Stewart,1.55e-4
Joesph,1.53e-4
Torrey,1.53e-4
Aron,1.52e-4
Graham,1.52e-4
Joaquin,1.52e-4
Mason,1.52e-4
Quinton,1.51e-4
Efrain,1.5e-4
Jerrod,1.5e-4
Luther,1.5e-4
Hugo,1.48e-4
Rory,1.48e-4
Hugh,1.48e-4
Marion,1.48e-4
Taylor,1.47e-4
Erich,1.46e-4
Bart,1.46e-4
Moises,1.46e-4
Avery,1.45e-4
Scot,1.45e-4
Emanuel,1.44e-4
Jeramy,1.44e-4
Jeremie,1.43e-4
Collin,1.43e-4
Zachariah,1.43e-4
Jerald,1.42e-4
Jamaal,1.42e-4
Jamel,1.42e-4
Vicente,1.4e-4
Elliott,1.39e-4
Santiago,1.39e-4
Deon,1.38e-4
Freddy,1.37e-4
Lyle,1.36e-4
Will,1.36e-4
Landon,1.35e-4
Rodrick,1.35e-4
Jed,1.35e-4
Tory,1.35e-4
Bennie,1.34e-4
Wilson,1.34e-4
Elton,1.33e-4
Jean,1.33e-4
Amos,1.32e-4
Aric,1.32e-4
Elliot,1.32e-4
Alexis,1.31e-4
Jeramie,1.31e-4
Curt,1.29e-4
Johnathon,1.29e-4
Kristofer,1.29e-4
Darrel,1.28e-4
Vance,1.28e-4
Stefan,1.27e-4
Telly,1.27e-4
Leland,1.27e-4
Reggie,1.27e-4
Roosevelt,1.27e-4
Emmanuel,1.26e-4
Ignacio,1.26e-4
Jamar,1.26e-4
Carlo,1.26e-4
Wilfredo,1.26e-4
Dorian,1.25e-4
Jarod,1.25e-4
Archie,1.24e-4
Nolan,1.24e-4
Isaiah,1.23e-4
Jennifer,1.23e-4
Monte,1.23e-4
Nathanael,1.22e-4
Rudolph,1.22e-4
Shad,1.22e-4
Edmund,1.21e-4
Kurtis,1.21e-4
Ali,1.21e-4
Clark,1.21e-4
Humberto,1.21e-4
Hans,1.2e-4
Jeffry,1.2e-4
Miles,1.2e-4
Jefferson,1.19e-4
Jonas,1.19e-4
Solomon,1.18e-4
Brant,1.16e-4
Anton,1.16e-4
Sterling,1.16e-4
Sylvester,1.16e-4
Jarvis,1.15e-4
Jasen,1.14e-4
Adan,1.13e-4
Mack,1.13e-4
Andrea,1.12e-4
Elmer,1.12e-4
Jonah,1.12e-4
Lynn,1.12e-4
Noe,1.12e-4
Daren,1.12e-4
Emilio,1.12e-4
Kenyatta,1.12e-4
Raphael,1.12e-4
Tommie,1.12e-4
Wyatt,1.12e-4
Dave,1.1e-4
Deandre,1.1e-4
Willis,1.1e-4
Dusty,1.09e-4
Branden,1.08e-4
Brendon,1.08e-4
Shelby,1.08e-4
Tyree,1.08e-4
Willard,1.08e-4
Ariel,1.07e-4
Ellis,1.07e-4
Josue,1.07e-4
Benito,1.07e-4
Jackson,1.07e-4
Laurence,1.07e-4
Royce,1.07e-4
Shayne,1.07e-4
Nickolas,1.06e-4
Rodrigo,1.06e-4
Santos,1.06e-4
Buddy,1.04e-4
Conrad,1.04e-4
Agustin,1.04e-4
Harley,1.04e-4
Marquis,1.04e-4
Tyron,1.04e-4
Tavares,1.03e-4
Marcel,1.02e-4
Marlin,1.02e-4
Robby,1.02e-4
Tremayne,1.02e-4
Blair,1.01e-4
Denny,1.01e-4
Domingo,1.01e-4
Bradly,1.01e-4
Grady,1.01e-4
Jerod,1.01e-4
Aubrey,9.9e-5
Jarred,9.9e-5
Horace,9.9e-5
Waylon,9.8e-5
Carter,9.7e-5
Giovanni,9.7e-5
Abdul,9.6e-5
Al,9.6e-5
Barrett,9.6e-5
Dane,9.6e-5
Korey,9.6e-5
Lane,9.6e-5
Monty,9.6e-5
Shelton,9.5e-5
Arron,9.4e-5
Brain,9.4e-5
Cedrick,9.4e-5
Donte,9.4e-5
Jeremey,9.4e-5
Tracey,9.3e-5
Delbert,9.3e-5
Reid,9.3e-5
Rigoberto,9.3e-5
Chuck,9.2e-5
Ernie,9.2e-5
Heriberto,9.2e-5
Wilbert,9.2e-5
Darian,9.1e-5
Ezra,9.1e-5
Lincoln,9.1e-5
Louie,9.1e-5
Rufus,9.1e-5
Winston,9.1e-5
Elvis,9.1e-5
Hubert,9.1e-5
Issac,9e-5
Stevie,9e-5
Bert,8.9e-5
Federico,8.9e-5
Jan,8.9e-5
Shon,8.9e-5
Tad,8.9e-5
Van,8.9e-5
Kenyon,8.9e-5
Lowell,8.9e-5
Ervin,8.8e-5
Kasey,8.8e-5
Edwardo,8.8e-5
Pierre,8.8e-5
Cole,8.7e-5
Quinn,8.7e-5
Antione,8.6e-5
Ken,8.6e-5
Mauricio,8.6e-5
Rodger,8.6e-5
Brenton,8.6e-5
Chet,8.6e-5
Jamil,8.6e-5
Lenny,8.6e-5
Reed,8.6e-5
Brice,8.5e-5
Carson,8.5e-5
Chance,8.5e-5
Rocco,8.5e-5
Weston,8.5e-5
Bob,8.5e-5
Deshawn,8.5e-5
Percy,8.5e-5
Zane,8.5e-5
Denis,8.4e-5
Galen,8.4e-5
Kim,8.4e-5
Danial,8.3e-5
Malik,8.3e-5
Adolfo,8.3e-5
Dameon,8.3e-5
Chase,8.2e-5
Cornell,8.2e-5
Dewey,8.2e-5
Jude,8.2e-5
Markus,8.2e-5
Octavio,8.2e-5
Thad,8.2e-5
Emmett,8.1e-5
Rhett,8.1e-5
Bernardo,8e-5
Hunter,8e-5
Rickie,8e-5
Abram,7.9e-5
Mikel,7.9e-5
Sedrick,7.9e-5
Jovan,7.8e-5
Keenan,7.8e-5
Alphonso,7.8e-5
Osvaldo,7.8e-5
Theron,7.7e-5
Vaughn,7.7e-5
Cleveland,7.7e-5
Daron,7.7e-5
Jayme,7.7e-5
Elvin,7.6e-5
Nigel,7.6e-5
Brooks,7.5e-5
Dirk,7.5e-5
Edmond,7.5e-5
Josiah,7.5e-5
Nicky,7.5e-5
Sebastian,7.5e-5
Ahmad,7.4e-5
Davin,7.4e-5
Titus,7.4e-5
Doyle,7.3e-5
Kip,7.3e-5
Kirby,7.3e-5
Laron,7.3e-5
Antony,7.2e-5
Gino,7.2e-5
Kelley,7.2e-5
Michel,7.2e-5
Alvaro,7.2e-5
Deangelo,7.2e-5
Gregorio,7.2e-5
Jasper,7.2e-5
Leonel,7.2e-5
Coby,7.1e-5
Jade,7.1e-5
Nathanial,7.1e-5
Chadrick,7e-5
Diego,7e-5
Doug,7e-5
Dedrick,7e-5
Jammie,7e-5
Ulysses,7e-5
Antwon,6.9e-5
Davis,6.9e-5
Rashad,6.9e-5
Taurus,6.9e-5
Boyd,6.8e-5
Denver,6.8e-5
Fidel,6.8e-5
Garth,6.8e-5
Giuseppe,6.8e-5
Jevon,6.8e-5
Logan,6.8e-5
Tristan,6.8e-5
Billie,6.7e-5
Homer,6.7e-5
Nakia,6.7e-5
Trinity,6.7e-5
Errol,6.7e-5
Hassan,6.7e-5
Torrance,6.7e-5
Vito,6.7e-5
Zachery,6.7e-5
Demarcus,6.6e-5
Francesco,6.6e-5
Trever,6.6e-5
Dejuan,6.6e-5
Garrick,6.6e-5
Moshe,6.6e-5
Raymundo,6.6e-5
Ronny,6.6e-5
Seneca,6.6e-5
Brannon,6.5e-5
Hiram,6.5e-5
Kenya,6.5e-5
Keven,6.5e-5
Riley,6.5e-5
August,6.4e-5
Elbert,6.4e-5
Gerry,6.4e-5
Jacques,6.4e-5
Jereme,6.4e-5
Wilbur,6.4e-5
Garland,6.4e-5
Terrill,6.4e-5
Woodrow,6.4e-5
Brook,6.3e-5
Dax,6.3e-5
Jermey,6.3e-5
Trey,6.3e-5
Harrison,6.3e-5
Junior,6.3e-5
Shea,6.3e-5
Tobin,6.3e-5
Ari,6.2e-5
Judd,6.2e-5
Kelsey,6.2e-5
Lashawn,6.2e-5
Quintin,6.2e-5
Coy,6.1e-5
Dominique,6.1e-5
Silas,6.1e-5
Brennan,6.1e-5
Eloy,6.1e-5
Jered,6.1e-5
Wilfred,6.1e-5
Franco,6e-5
Russel,6e-5
Alec,5.9e-5
Judson,5.9e-5
Shanon,5.9e-5
Cortez,5.9e-5
Efren,5.9e-5
Josef,5.9e-5
Richie,5.9e-5
Benji,5.8e-5
Dedric,5.8e-5
Gonzalo,5.8e-5
Greggory,5.8e-5
Irvin,5.8e-5
Myles,5.8e-5
Amy,5.8e-5
Carmen,5.8e-5
Darron,5.8e-5
Eldon,5.8e-5
Harlan,5.8e-5
Randell,5.8e-5
Torey,5.8e-5
Adrain,5.7e-5
Bobbie,5.7e-5
Broderick,5.7e-5
Karim,5.7e-5
Kraig,5.7e-5
Maxwell,5.7e-5
Rahsaan,5.7e-5
Tarik,5.7e-5
Anson,5.6e-5
Antonia,5.6e-5
Christoper,5.6e-5
Germaine,5.6e-5
Leif,5.6e-5
Sandy,5.6e-5
Barton,5.5e-5
Edgardo,5.5e-5
Hakim,5.5e-5
Mac,5.5e-5
Deron,5.5e-5
Dino,5.5e-5
Emil,5.5e-5
Kristoffer,5.4e-5
Mariano,5.4e-5
Melissa,5.4e-5
Rasheed,5.4e-5
Donell,5.3e-5
Arnulfo,5.3e-5
Aurelio,5.3e-5
Corbin,5.3e-5
Eddy,5.3e-5
Valentin,5.3e-5
Alfonzo,5.2e-5
Benjamen,5.2e-5
Braden,5.2e-5
Carroll,5.2e-5
Deric,5.2e-5
Roscoe,5.2e-5
Tate,5.2e-5
Uriah,5.2e-5
Augustine,5.1e-5
Buck,5.1e-5
Darwin,5.1e-5
Kermit,5.1e-5
Lonny,5.1e-5
Marques,5.1e-5
Anibal,5.1e-5
Chaim,5.1e-5
Chauncey,5.1e-5
Cliff,5.1e-5
Cortney,5.1e-5
Heather,5.1e-5
Jamin,5.1e-5
Jerad,5.1e-5
Michelle,5.1e-5
Sammie,5.1e-5
Burton,5e-5
Forest,5e-5
Genaro,5e-5
Gus,5e-5
Isidro,5e-5
Jabari,5e-5
Kenton,5e-5
Marlo,5e-5
Cruz,5e-5
Dannie,5e-5
Duncan,5e-5
Javon,5e-5
Asa,4.9e-5
Carmelo,4.9e-5
Cordell,4.9e-5
Derik,4.9e-5
Mitchel,4.9e-5
Nestor,4.9e-5
Shedrick,4.9e-5
Tito,4.9e-5
Arnoldo,4.8e-5
Emerson,4.8e-5
Jameson,4.8e-5
Paulo,4.8e-5
Barney,4.7e-5
Cyrus,4.7e-5
Damond,4.7e-5
Delvin,4.7e-5
Donta,4.7e-5
Estevan,4.7e-5
German,4.7e-5
Irving,4.7e-5
Ned,4.7e-5
Phil,4.7e-5
Zackary,4.7e-5
Erwin,4.7e-5
Ezequiel,4.7e-5
Hank,4.7e-5
Kennith,4.7e-5
Lars,4.7e-5
Norris,4.7e-5
Anderson,4.6e-5
Ezekiel,4.6e-5
Frederic,4.6e-5
Jerimy,4.6e-5
Muhammad,4.6e-5
Ahmed,4.5e-5
Cristopher,4.5e-5
Dario,4.5e-5
Demarco,4.5e-5
Jameel,4.5e-5
Paris,4.5e-5
Brandt,4.5e-5
Emery,4.5e-5
Jefferey,4.5e-5
Jerrold,4.5e-5
Torrence,4.5e-5
Aldo,4.4e-5
Baron,4.4e-5
Brenden,4.4e-5
Brody,4.4e-5
Bronson,4.4e-5
Cullen,4.4e-5
Enoch,4.4e-5
Jaron,4.4e-5
Lemuel,4.4e-5
Lindsey,4.4e-5
Shay,4.4e-5
Brandy,4.4e-5
Che,4.4e-5
Constantine,4.4e-5
Dimitrios,4.4e-5
Liam,4.4e-5
Michale,4.4e-5
Taj,4.4e-5
Tanner,4.4e-5
Torry,4.4e-5
Demetrios,4.3e-5
Rob,4.3e-5
Amir,4.2e-5
Corry,4.2e-5
