name,percent
Michael,0.039554
Jason,0.032555
Christopher,0.027389
David,0.02372
James,0.023423
Robert,0.020027
John,0.020018
Brian,0.019012
Matthew,0.018712
Joseph,0.015497
Daniel,0.015259
William,0.014495
Kevin,0.013157
Joshua,0.012912
Jeremy,0.012651
Ryan,0.012431
Eric,0.012135
Timothy,0.010521
Jeffrey,0.010235
Richard,0.010214
Anthony,0.00983
Thomas,0.009709
Steven,0.009649
Andrew,0.009375
Mark,0.009034
Charles,0.00863
Scott,0.008308
Jonathan,0.00721
Benjamin,0.007081
Justin,0.007026
Paul,0.006907
Aaron,0.00681
Adam,0.006453
Chad,0.006339
Gregory,0.005884
Nathan,0.005785
Shawn,0.005775
Stephen,0.005636
Kenneth,0.005536
Patrick,0.004859
Brandon,0.004847
Bryan,0.004619
Sean,0.004465
Travis,0.004259
Jose,0.004041
Donald,0.004019
Edward,0.004007
Keith,0.003865
Bradley,0.003759
Todd,0.003673
Nicholas,0.003548
Corey,0.003534
Ronald,0.003529
Jesse,0.003407
Peter,0.003402
Jacob,0.003385
George,0.003274
Gary,0.003186
Douglas,0.003095
Samuel,0.003078
Shane,0.002849
Larry,0.002832
Craig,0.002671
Juan,0.002668
Raymond,0.002557
Wesley,0.002518
Cory,0.002489
Jeremiah,0.002431
Dennis,0.002427
Phillip,0.002319
Frank,0.002276
Marcus,0.002247
Joel,0.002235
Carlos,0.002216
Jerry,0.002193
Jared,0.002185
Antonio,0.002137
Jeffery,0.002085
Kyle,0.002052
Derrick,0.002039
Dustin,0.002036
Jamie,0.002016
Terry,0.002016
Derek,0.002012
Brent,0.002006
Randy,0.00199
Gabriel,0.001954
Troy,0.001934
Russell,0.001826
Philip,0.001808
Billy,0.001726
Tony,0.001719
Johnny,0.001641
Erik,0.001631
Zachary,0.001623
Rodney,0.001588
Alexander,0.001583
Jimmy,0.001542
Carl,0.001533
Curtis,0.001525
Marc,0.001524
Casey,0.001518
Shaun,0.001507
Victor,0.001493
Bobby,0.001486
Brad,0.001476
Nathaniel,0.001459
Luis,0.001457
Brett,0.001457
Vincent,0.001438
Danny,0.001426
Damon,0.001378
Kristopher,0.001376
Lawrence,0.001353
Roger,0.001351
Seth,0.00134
Christian,0.001339
Ian,0.001339
Jon,0.001338
Shannon,0.001336
Adrian,0.001324
Micheal,0.0012979999999999999
Walter,0.001278
Willie,0.001266
Martin,0.001264
Henry,0.001249
Alan,0.001248
Joe,0.001242
Mario,0.001238
Jay,0.001223
Gerald,0.001196
Jesus,0.001193
Lee,0.001179
Arthur,0.001155
Andre,0.001154
Ricky,0.001145
Albert,0.001141
Wayne,0.001139
Lance,0.001126
Randall,0.001126
Roy,0.001118
Clinton,0.001094
Louis,0.001089
Allen,0.001067
Miguel,0.001026
Manuel,0.001015
Ricardo,0.001008
Bruce,9.95e-4
Jack,9.78e-4
Darrell,9.7e-4
Frederick,9.52e-4
Roberto,9.52e-4
Alex,9.42e-4
Jorge,9.22e-4
Tyrone,9.2e-4
Ronnie,9.05e-4
Reginald,8.91e-4
Darren,8.8e-4
Francisco,8.74e-4
Chris,8.72e-4
Ernest,8.7e-4
Kelly,8.68e-4
Dwayne,8.55e-4
Barry,8.53e-4
Tyler,8.51e-4
Harold,8.41e-4
Maurice,8.41e-4
Trevor,8.38e-4
Neil,8.37e-4
Eugene,8.16e-4
Eddie,8.08e-4
Jermaine,8.05e-4
Ruben,7.99e-4
Jaime,7.96e-4
Jerome,7.96e-4
Dale,7.96e-4
Tommy,7.82e-4
Leonard,7.6e-4
Edwin,7.52e-4
Calvin,7.51e-4
Steve,7.44e-4
Oscar,7.42e-4
Geoffrey,7.41e-4
Mitchell,7.41e-4
Cody,7.4e-4
Isaac,7.39e-4
Ralph,7.33e-4
Glenn,7.29e-4
Angel,7.27e-4
Luke,7.27e-4
Mathew,7.25e-4
Terrance,7.23e-4
Theodore,7.14e-4
Omar,7.13e-4
Joey,7.1e-4
Marvin,6.87e-4
Clayton,6.81e-4
Terrence,6.74e-4
Melvin,6.7e-4
Hector,6.69e-4
Fernando,6.63e-4
Kurt,6.54e-4
Stanley,6.53e-4
Javier,6.51e-4
Lucas,6.44e-4
Alejandro,6.34e-4
Heath,6.32e-4
Toby,6.21e-4
Jody,6.21e-4
Damian,6.18e-4
Micah,6.16e-4
Dominic,6.14e-4
Duane,6.12e-4
Clint,6.1e-4
Rafael,6.04e-4
Howard,5.96e-4
Raul,5.92e-4
Ramon,5.91e-4
Cameron,5.91e-4
Earl,5.87e-4
Evan,5.87e-4
Daryl,5.84e-4
Andy,5.7e-4
Clifford,5.7e-4
Eduardo,5.59e-4
Pedro,5.59e-4
Alfred,5.56e-4
Harry,5.55e-4
Leon,5.55e-4
Karl,5.49e-4
Jessie,5.45e-4
Johnathan,5.44e-4
Armando,5.38e-4
Cedric,5.29e-4
Francis,5.25e-4
Wade,5.21e-4
Clarence,5.18e-4
Kirk,5.16e-4
Dean,5.09e-4
Franklin,5.04e-4
Byron,4.97e-4
Lonnie,4.96e-4
Jarrod,4.95e-4
Marco,4.92e-4
Jonathon,4.91e-4
Damien,4.87e-4
Clifton,4.84e-4
Colin,4.82e-4
Ross,4.82e-4
Greg,4.81e-4
Devin,4.73e-4
Ray,4.72e-4
Warren,4.7e-4
Courtney,4.67e-4
Ivan,4.65e-4
Gilbert,4.6e-4
Kelvin,4.6e-4
Brendan,4.49e-4
Alvin,4.46e-4
Bernard,4.44e-4
Roderick,4.44e-4
Norman,4.42e-4
Tyson,4.42e-4
Sergio,4.4e-4
Julian,4.37e-4
Fred,4.37e-4
Leroy,4.31e-4
Don,4.29e-4
Spencer,4.29e-4
Grant,4.23e-4
Garrett,4.2e-4
Julio,4.19e-4
Quincy,4.19e-4
Caleb,4.17e-4
Edgar,4.15e-4
Jeff,4.12e-4
Alfredo,4.1e-4
Vernon,4.08e-4
Darryl,4.06e-4
Antoine,4.05e-4
Orlando,4.02e-4
Rene,4.02e-4
Marshall,4.01e-4
Austin,4e-4
Noah,4e-4
Cesar,3.99e-4
Tracy,3.98e-4
Alberto,3.98e-4
Abraham,3.97e-4
Ethan,3.96e-4
Demetrius,3.94e-4
Nelson,3.91e-4
Glen,3.89e-4
Lewis,3.88e-4
Fredrick,3.87e-4
Brock,3.83e-4
Marlon,3.8e-4
Jordan,3.79e-4
Jayson,3.79e-4
Erick,3.77e-4
Arturo,3.76e-4
Blake,3.76e-4
Dana,3.74e-4
Donnie,3.74e-4
Gerardo,3.69e-4
Israel,3.69e-4
Ben,3.65e-4
Neal,3.65e-4
Quentin,3.65e-4
Leslie,3.55e-4
Charlie,3.54e-4
Bradford,3.54e-4
Darin,3.51e-4
Salvador,3.5e-4
Terrell,3.46e-4
Andres,3.45e-4
Chadwick,3.43e-4
Herbert,3.43e-4
Ashley,3.41e-4
Jamal,3.41e-4
Preston,3.41e-4
Enrique,3.38e-4
Stuart,3.37e-4
Dwight,3.36e-4
Angelo,3.35e-4
Trent,3.35e-4
Bryant,3.31e-4
Rocky,3.3e-4
Lloyd,3.27e-4
Rickey,3.24e-4
Ernesto,3.21e-4
Gordon,3.21e-4
Rudy,3.18e-4
Kerry,3.14e-4
Rory,3.14e-4
Felix,3.12e-4
Lamont,3.11e-4
Dylan,3.1e-4
Gene,3.07e-4
Marcos,3.07e-4
Bryce,3.06e-4
Dewayne,3.06e-4
Levar,3.06e-4
Jackie,3.05e-4
Darnell,3.03e-4
Mike,3.03e-4
Freddie,3.02e-4
Lamar,3.02e-4
Johnnie,3.01e-4
Elijah,2.94e-4
Guy,2.92e-4
Damion,2.89e-4
Allan,2.88e-4
Beau,2.87e-4
Floyd,2.86e-4
Jimmie,2.86e-4
Leo,2.85e-4
Drew,2.84e-4
Kent,2.83e-4
Lorenzo,2.81e-4
Kendrick,2.78e-4
Eli,2.77e-4
Roland,2.77e-4
Gregg,2.75e-4
Carlton,2.73e-4
Lester,2.65e-4
Kareem,2.62e-4
Noel,2.61e-4
Julius,2.6e-4
Levi,2.59e-4
Devon,2.59e-4
Marty,2.58e-4
Jake,2.56e-4
Rick,2.56e-4
Nicolas,2.54e-4
Stacy,2.54e-4
Robbie,2.53e-4
Donny,2.49e-4
Terence,2.49e-4
Clay,2.48e-4
Nick,2.47e-4
Pablo,2.47e-4
Ted,2.45e-4
Scotty,2.44e-4
Bret,2.43e-4
Rodolfo,2.43e-4
Herman,2.42e-4
Alfonso,2.41e-4
Milton,2.41e-4
Cornelius,2.39e-4
Jim,2.38e-4
Max,2.35e-4
Frankie,2.35e-4
Kenny,2.35e-4
Kris,2.33e-4
Chester,2.3e-4
Brady,2.3e-4
Randolph,2.27e-4
Josh,2.25e-4
Ty,2.23e-4
Perry,2.22e-4
Dan,2.2e-4
Dante,2.18e-4
Gilberto,2.18e-4
Dion,2.18e-4
Morgan,2.17e-4
Cecil,2.16e-4
Clyde,2.16e-4
Desmond,2.16e-4
Robin,2.16e-4
Rolando,2.15e-4
Elias,2.14e-4
Simon,2.13e-4
Darrin,2.12e-4
Garry,2.11e-4
Darius,2.11e-4
Alonzo,2.1e-4
Sam,2.08e-4
Bryon,2.07e-4
Guillermo,2.06e-4
Salvatore,2.05e-4
Rogelio,2.04e-4
Abel,2.04e-4
Gerard,2.04e-4
Kristofer,2.02e-4
Sidney,2.02e-4
Xavier,2.01e-4
Rusty,2e-4
Loren,1.99e-4
Sheldon,1.99e-4
Oliver,1.97e-4
Dallas,1.97e-4
Kory,1.96e-4
Myron,1.96e-4
Felipe,1.94e-4
Jamey,1.94e-4
Sammy,1.93e-4
Gustavo,1.93e-4
Malcolm,1.91e-4
Ismael,1.9e-4
Bill,1.9e-4
Donovan,1.9e-4
Darrick,1.89e-4
Owen,1.89e-4
Mickey,1.89e-4
Fabian,1.87e-4
Saul,1.87e-4
Taylor,1.87e-4
Dominick,1.86e-4
Harvey,1.86e-4
Forrest,1.84e-4
Moses,1.84e-4
Derick,1.82e-4
Everett,1.82e-4
Jess,1.82e-4
Rashad,1.82e-4
Ramiro,1.81e-4
Ron,1.81e-4
Ira,1.79e-4
Esteban,1.77e-4
Gavin,1.77e-4
Torrey,1.77e-4
Otis,1.76e-4
Benny,1.76e-4
Sherman,1.76e-4
Colby,1.74e-4
Elvis,1.74e-4
Kristian,1.74e-4
Guadalupe,1.73e-4
Timmy,1.72e-4
Matt,1.71e-4
Rex,1.7e-4
Roman,1.69e-4
Antwan,1.69e-4
Wendell,1.69e-4
Teddy,1.68e-4
Tory,1.68e-4
Reuben,1.67e-4
Aron,1.67e-4
Trenton,1.67e-4
Tom,1.66e-4
Zachariah,1.65e-4
Tomas,1.65e-4
Lavar,1.63e-4
Lyle,1.63e-4
Arnold,1.63e-4
Jerrod,1.63e-4
Dexter,1.62e-4
Stewart,1.62e-4
Stephan,1.6e-4
Alton,1.6e-4
Randal,1.59e-4
Rodrick,1.59e-4
Cary,1.58e-4
Elliott,1.58e-4
Jamar,1.58e-4
Quinton,1.58e-4
Edmund,1.58e-4
Nickolas,1.58e-4
Jarrett,1.56e-4
Aric,1.55e-4
Earnest,1.55e-4
Jeromy,1.55e-4
Pete,1.53e-4
Hugh,1.53e-4
Jarvis,1.53e-4
Joesph,1.53e-4
Erich,1.5e-4
Mason,1.5e-4
Reynaldo,1.5e-4
Thaddeus,1.5e-4
Clark,1.5e-4
Emanuel,1.49e-4
Isaiah,1.49e-4
Tobias,1.49e-4
Claude,1.49e-4
Landon,1.49e-4
Leonardo,1.49e-4
Tim,1.49e-4
Carey,1.48e-4
Emmanuel,1.48e-4
Hugo,1.48e-4
Waylon,1.48e-4
Branden,1.48e-4
Efrain,1.48e-4
Virgil,1.48e-4
Amos,1.47e-4
Blaine,1.47e-4
Kurtis,1.47e-4
Lionel,1.47e-4
Kendall,1.46e-4
Erin,1.46e-4
Graham,1.46e-4
Robby,1.46e-4
Korey,1.45e-4
Scottie,1.41e-4
Wallace,1.41e-4
Jed,1.4e-4
Alexis,1.39e-4
Bennie,1.39e-4
Jamel,1.38e-4
Santiago,1.38e-4
Deon,1.37e-4
Luther,1.37e-4
Marquis,1.37e-4
Demond,1.36e-4
Morris,1.36e-4
Rico,1.36e-4
Willis,1.36e-4
Donte,1.35e-4
Reggie,1.35e-4
Marion,1.34e-4
Donnell,1.33e-4
Kristoffer,1.33e-4
Jonah,1.32e-4
Miles,1.32e-4
Stefan,1.32e-4
Collin,1.32e-4
Will,1.32e-4
Dorian,1.31e-4
Johnathon,1.31e-4
Solomon,1.3e-4
Moises,1.29e-4
Emilio,1.28e-4
Curt,1.28e-4
Jarod,1.28e-4
Jerald,1.28e-4
Nolan,1.28e-4
Humberto,1.27e-4
Nathanael,1.27e-4
Sylvester,1.27e-4
Kunta,1.26e-4
Sterling,1.25e-4
Jeffry,1.25e-4
Freddy,1.24e-4
Wilson,1.24e-4
Sonny,1.23e-4
Deandre,1.22e-4
Jamaal,1.22e-4
Jeramy,1.22e-4
Monte,1.22e-4
Ahmad,1.21e-4
Leland,1.21e-4
Noe,1.21e-4
Vicente,1.21e-4
Ignacio,1.21e-4
Joaquin,1.21e-4
Logan,1.2e-4
Darrel,1.19e-4
Avery,1.19e-4
Bart,1.19e-4
Elliot,1.19e-4
Hans,1.18e-4
Rhett,1.18e-4
Jamison,1.18e-4
Roosevelt,1.18e-4
Scot,1.18e-4
Jeramie,1.17e-4
Jeremie,1.17e-4
Jackson,1.17e-4
Stacey,1.17e-4
Carlo,1.15e-4
Shad,1.15e-4
Josue,1.14e-4
Ali,1.12e-4
Blair,1.12e-4
Jerod,1.12e-4
Brendon,1.11e-4
Dave,1.11e-4
Denny,1.11e-4
Harley,1.11e-4
Brant,1.1e-4
Archie,1.09e-4
Dusty,1.09e-4
Shelby,1.09e-4
Adan,1.09e-4
Buddy,1.08e-4
Dameon,1.08e-4
Jonas,1.08e-4
Shayne,1.07e-4
Raphael,1.07e-4
Jarred,1.06e-4
Royce,1.06e-4
Rudolph,1.06e-4
Wilbert,1.06e-4
Winston,1.06e-4
Jean,1.05e-4
Tommie,1.05e-4
Jennifer,1.05e-4
Marques,1.05e-4
Seneca,1.05e-4
Elton,1.04e-4
Pierre,1.04e-4
Wyatt,1.04e-4
Brenton,1.04e-4
Conrad,1.04e-4
Darian,1.04e-4
Santos,1.04e-4
Anton,1.03e-4
Bradly,1.03e-4
Jasen,1.03e-4
Aubrey,1.02e-4
Elmer,1.02e-4
Jovan,1.02e-4
Marcel,1.01e-4
Weston,1.01e-4
Willard,1.01e-4
Benito,1e-4
Delbert,1e-4
Tavares,1e-4
Mack,9.8e-5
Agustin,9.8e-5
Dane,9.8e-5
Daren,9.8e-5
Wilfredo,9.8e-5
Jeremey,9.7e-5
Stevie,9.7e-5
Deshawn,9.6e-5
Edmond,9.6e-5
Arron,9.5e-5
Brain,9.5e-5
Kasey,9.5e-5
Tremayne,9.5e-5
Jefferson,9.4e-5
Rodrigo,9.4e-5
Tyree,9.4e-5
Grady,9.4e-5
Hubert,9.4e-5
Kenyatta,9.4e-5
Horace,9.3e-5
Andrea,9.3e-5
Ezra,9.3e-5
Hunter,9.2e-5
Laurence,9.2e-5
Van,9.2e-5
Cole,9.1e-5
Ariel,9.1e-5
Cornell,9.1e-5
Josiah,9.1e-5
Marlin,9.1e-5
Shon,9.1e-5
Barrett,9e-5
Domingo,9e-5
Ellis,9e-5
Antione,8.9e-5
Diego,8.9e-5
Louie,8.9e-5
Rocco,8.9e-5
Bert,8.8e-5
Cedrick,8.8e-5
Heriberto,8.8e-5
Chance,8.8e-5
Ervin,8.8e-5
Kenyon,8.8e-5
Lynn,8.7e-5
Rigoberto,8.7e-5
Lincoln,8.7e-5
Mauricio,8.7e-5
Theron,8.7e-5
Abdul,8.6e-5
Dedrick,8.6e-5
Jamil,8.6e-5
Raheem,8.6e-5
Nigel,8.5e-5
Quinn,8.5e-5
Reed,8.5e-5
Cortney,8.5e-5
Vance,8.5e-5
Demarcus,8.4e-5
Davin,8.3e-5
Malik,8.3e-5
Michel,8.3e-5
Rickie,8.3e-5
Rufus,8.3e-5
Titus,8.3e-5
Tracey,8.3e-5
Shelton,8.3e-5
Zachery,8.3e-5
Ernie,8.2e-5
Dewey,8.1e-5
Giovanni,8.1e-5
Hassan,8.1e-5
Monty,8.1e-5
Ronny,8.1e-5
Brooks,8.1e-5
Tyron,8.1e-5
Chase,8e-5
Chuck,8e-5
Tad,8e-5
Thad,8e-5
Cyrus,8e-5
Percy,8e-5
Telly,8e-5
Carson,7.9e-5
Galen,7.9e-5
Jasper,7.9e-5
Reid,7.9e-5
Markus,7.8e-5
Vaughn,7.8e-5
Cleveland,7.8e-5
Lane,7.8e-5
Rodger,7.8e-5
Zane,7.8e-5
Keven,7.7e-5
Kim,7.7e-5
Delvin,7.6e-5
Jevon,7.6e-5
Mikel,7.6e-5
Alphonso,7.6e-5
Broderick,7.6e-5
Denis,7.6e-5
Kirby,7.6e-5
Lenny,7.6e-5
Al,7.5e-5
Alvaro,7.5e-5
Adolfo,7.4e-5
Chet,7.4e-5
Danial,7.4e-5
Nicky,7.4e-5
Osvaldo,7.4e-5
Jereme,7.3e-5
Jedediah,7.3e-5
Judson,7.3e-5
Ken,7.3e-5
Lowell,7.3e-5
Nathanial,7.3e-5
Anson,7.2e-5
Ari,7.2e-5
Dominique,7.2e-5
Ezekiel,7.2e-5
Emmett,7.1e-5
Maxwell,7.1e-5
Issac,7.1e-5
Jayme,7.1e-5
Jerimiah,7.1e-5
Tanner,7.1e-5
Bob,7e-5
Jameel,7e-5
Brannon,7e-5
Carter,7e-5
Elvin,7e-5
Kenya,7e-5
Octavio,7e-5
Tristan,7e-5
Antwon,6.9e-5
Braden,6.9e-5
Darwin,6.9e-5
Federico,6.9e-5
Josef,6.9e-5
Myles,6.9e-5
Sebastian,6.9e-5
Westley,6.9e-5
Raymundo,6.8e-5
Boyd,6.7e-5
Dax,6.7e-5
Garland,6.7e-5
Jamin,6.7e-5
Jude,6.7e-5
Keenan,6.7e-5
Trinity,6.7e-5
Abram,6.7e-5
Dirk,6.7e-5
Riley,6.7e-5
Terrill,6.7e-5
Chadrick,6.6e-5
Davis,6.6e-5
Antony,6.5e-5
Chauncey,6.5e-5
Gregorio,6.5e-5
Homer,6.5e-5
Jan,6.5e-5
Sedrick,6.5e-5
Donta,6.4e-5
Errol,6.4e-5
Trey,6.4e-5
Woodrow,6.4e-5
Brennan,6.3e-5
Denver,6.3e-5
Jacques,6.3e-5
Javon,6.3e-5
August,6.3e-5
Dedric,6.3e-5
Laron,6.3e-5
Lindsey,6.3e-5
Tobin,6.3e-5
Wilbur,6.3e-5
Fidel,6.2e-5
Gino,6.2e-5
Doyle,6.1e-5
Eliseo,6.1e-5
Lashawn,6.1e-5
Torrance,6.1e-5
Brice,6.1e-5
Edwardo,6.1e-5
Elbert,6.1e-5
Garth,6.1e-5
Jade,6.1e-5
Jermey,6.1e-5
Kinte,6.1e-5
Moshe,6.1e-5
Billie,6e-5
Coy,6e-5
Cale,6e-5
Daron,6e-5
Francesco,6e-5
Gerry,6e-5
Greggory,6e-5
Judd,6e-5
Torey,6e-5
Corry,5.9e-5
Dejuan,5.9e-5
Eloy,5.9e-5
Junior,5.9e-5
Rashawn,5.9e-5
Doug,5.9e-5
Giuseppe,5.9e-5
Adrain,5.8e-5
Leonel,5.8e-5
Randell,5.8e-5
Burton,5.7e-5
Jeramiah,5.7e-5
Kip,5.7e-5
Quintin,5.7e-5
Cortez,5.6e-5
Hiram,5.6e-5
Jerad,5.6e-5
Karim,5.6e-5
Liam,5.6e-5
Ulysses,5.6e-5
Carmen,5.6e-5
Rasheed,5.6e-5
Taurus,5.6e-5
Donell,5.5e-5
Irvin,5.5e-5
Alec,5.4e-5
Bernardo,5.4e-5
Deric,5.4e-5
Kenton,5.4e-5
Lonny,5.4e-5
Shea,5.4e-5
Wilfred,5.4e-5
Augustine,5.4e-5
Brook,5.4e-5
Erwin,5.4e-5
Germaine,5.4e-5
Gonzalo,5.4e-5
Jammie,5.4e-5
Jered,5.4e-5
Melissa,5.4e-5
Silas,5.4e-5
Tate,5.4e-5
Bobbie,5.3e-5
Jessica,5.3e-5
Coby,5.3e-5
Garrick,5.3e-5
Richie,5.3e-5
Vito,5.3e-5
Antonia,5.2e-5
Barton,5.2e-5
Jameson,5.2e-5
Whitney,5.2e-5
Benjamen,5.2e-5
Cliff,5.2e-5
Dino,5.2e-5
Edgardo,5.2e-5
Jedidiah,5.2e-5
Amin,5.1e-5
Carroll,5.1e-5
Derik,5.1e-5
German,5.1e-5
Kelley,5.1e-5
Uriah,5.1e-5
Forest,5e-5
Norris,5e-5
Sammie,5e-5
Shanon,5e-5
Zackary,5e-5
Alfonzo,5e-5
Amir,5e-5
Arnulfo,5e-5
Buck,5e-5
Cristopher,5e-5
Deangelo,5e-5
Eddy,5e-5
Russel,5e-5
Timmothy,5e-5
Aldo,4.9e-5
Donavan,4.9e-5
Genaro,4.9e-5
Jabari,4.9e-5
Jaron,4.9e-5
Kelsey,4.9e-5
Ramsey,4.9e-5
Rian,4.9e-5
Benji,4.8e-5
Chadd,4.8e-5
Chaim,4.8e-5
Conor,4.8e-5
Cordell,4.8e-5
Cruz,4.8e-5
Elisha,4.8e-5
Emil,4.8e-5
Harlan,4.8e-5
Leif,4.8e-5
Lesley,4.8e-5
Michelle,4.8e-5
Efren,4.7e-5
Eldon,4.7e-5
Franco,4.7e-5
Kraig,4.7e-5
Linwood,4.7e-5
Lydell,4.7e-5
Bronson,4.7e-5
Darron,4.7e-5
Davon,4.7e-5
Kaleb,4.7e-5
Kimberly,4.7e-5
Merle,4.7e-5
Samir,4.7e-5
Sharif,4.7e-5
Asa,4.6e-5
Damond,4.6e-5
Domenic,4.6e-5
Frederic,4.6e-5
Kennith,4.6e-5
Rahsaan,4.6e-5
Rob,4.6e-5
Simeon,4.6e-5
Hank,4.6e-5
Harrison,4.6e-5
Mariano,4.6e-5
Paris,4.6e-5
Zackery,4.6e-5
Deron,4.5e-5
Duncan,4.5e-5
Khalid,4.5e-5
Muhammad,4.5e-5
Tarik,4.5e-5
Bo,4.5e-5
Cade,4.5e-5
Dalton,4.5e-5
Dario,4.5e-5
Estevan,4.5e-5
Jefferey,4.5e-5
Leopoldo,4.5e-5
Samson,4.5e-5
Shay,4.5e-5
Thurman,4.5e-5
Armand,4.4e-5
Carmelo,4.4e-5
Charley,4.4e-5
Constantine,4.4e-5
Cristian,4.4e-5
Demetric,4.4e-5
Heather,4.4e-5
Horacio,4.4e-5
Robb,4.4e-5
Trever,4.4e-5
Amy,4.3e-5
Angela,4.3e-5
