name,percent
Jennifer,0.034268
Melissa,0.017238
Jessica,0.015886
Amy,0.014134
Heather,0.013555
Amanda,0.012488
Angela,0.012481
Sarah,0.012159
Michelle,0.011474
Nicole,0.010504
Lisa,0.01036
Kelly,0.010334
Kimberly,0.010267
Elizabeth,0.010228
Christina,0.009962
Stephanie,0.009875
Rebecca,0.008397
Crystal,0.007661
Laura,0.006838
Jamie,0.006683
Erin,0.006564
Shannon,0.006449
Andrea,0.006369
Mary,0.006114
Rachel,0.005966
Julie,0.00596
April,0.005834
Sara,0.005394
Christine,0.005033
Amber,0.004974
Danielle,0.00486
Tiffany,0.004687
Emily,0.004549
Erica,0.004469
Carrie,0.004454
Maria,0.004261
Brandy,0.004074
Katherine,0.00403
Karen,0.003877
Tara,0.003852
Megan,0.003588
Monica,0.00357
Misty,0.003551
Stacy,0.003515
Tina,0.003463
Jill,0.003453
Tracy,0.003424
Patricia,0.003345
Susan,0.003302
Cynthia,0.00329
Kristy,0.003245
Dawn,0.003176
Stacey,0.003043
Melanie,0.003036
Holly,0.003027
Wendy,0.002992
Kathryn,0.002927
Alicia,0.00289
Christy,0.002839
Lori,0.002822
Brandi,0.002738
Kristen,0.002659
Leslie,0.002641
Kristina,0.002573
Natalie,0.002537
Anna,0.002537
Tammy,0.002479
Courtney,0.002453
Dana,0.002437
Jaime,0.002437
Sandra,0.002436
Catherine,0.002406
Veronica,0.002393
Samantha,0.002364
Allison,0.002355
Vanessa,0.002342
Tonya,0.002328
Kristin,0.002318
Kathleen,0.00228
Lauren,0.002232
Tanya,0.002177
Jacqueline,0.002176
Heidi,0.002169
Melinda,0.002167
Denise,0.002142
Ashley,0.002121
Michele,0.002121
Teresa,0.002115
Robin,0.002095
Katie,0.002081
Sabrina,0.002039
Valerie,0.002007
Gina,0.00196
Cheryl,0.00193
Lindsay,0.001897
Mandy,0.00189
Nancy,0.001857
Kristi,0.001822
Renee,0.001808
Linda,0.00179
Theresa,0.001776
Diana,0.001753
Brenda,0.001748
Erika,0.001719
Tamara,0.001705
Sharon,0.001677
Beth,0.001672
Leah,0.001649
Pamela,0.001639
Margaret,0.001602
Jenny,0.001594
Julia,0.001575
Barbara,0.001571
Natasha,0.001556
Brooke,0.00154
Nichole,0.001526
Suzanne,0.001526
Deborah,0.001511
Anne,0.001504
Donna,0.001498
Victoria,0.001491
Katrina,0.001484
Alison,0.001477
Kelli,0.001417
Ann,0.001411
Tabitha,0.001404
Kara,0.001395
Jodi,0.001379
Regina,0.00133
Carolyn,0.001323
Jaclyn,0.001295
Carla,0.001277
Colleen,0.00125
Cindy,0.001242
Latoya,0.001241
Deanna,0.001235
Kari,0.001199
Yolanda,0.001186
Joy,0.001185
Angel,0.001178
Felicia,0.001178
Molly,0.001177
Summer,0.001167
Aimee,0.00116
Kendra,0.00116
Meredith,0.001144
Debra,0.001141
Marie,0.001131
Shanna,0.001122
Sherry,0.001113
Paula,0.001111
Lindsey,0.001104
Cassandra,0.001103
Desiree,0.001098
Bethany,0.001074
Krista,0.001056
Kristine,0.001055
Adrienne,0.001054
Janet,0.001053
Rhonda,0.001051
Shawna,0.001037
Rachael,0.001031
Bridget,0.001025
Meghan,0.001022
Virginia,0.001007
Tamika,9.94e-4
Kristie,9.84e-4
Laurie,9.84e-4
Candice,9.83e-4
Mindy,9.72e-4
Trisha,9.62e-4
Monique,9.58e-4
Casey,9.33e-4
Christie,9.33e-4
Shelly,9.14e-4
Martha,9.03e-4
Stacie,8.92e-4
Toni,8.88e-4
Tracey,8.81e-4
Kellie,8.8e-4
Diane,8.71e-4
Carmen,8.67e-4
Sheila,8.61e-4
Miranda,8.6e-4
Latasha,8.5e-4
Janelle,8.43e-4
Robyn,8.38e-4
Alisha,8.38e-4
Kelley,8.29e-4
Joanna,8.2e-4
Cara,8.19e-4
Shana,8.19e-4
Rebekah,8.17e-4
Jillian,8.14e-4
Melody,8.1e-4
Candace,8.08e-4
Keri,8.05e-4
Ebony,8.02e-4
Olivia,7.96e-4
Autumn,7.96e-4
Caroline,7.96e-4
Shauna,7.71e-4
Sonya,7.69e-4
Sonia,7.69e-4
Carol,7.68e-4
Marisa,7.65e-4
Tricia,7.6e-4
Kerri,7.44e-4
Traci,7.43e-4
Angie,7.42e-4
Anita,7.42e-4
Yvonne,7.37e-4
Ruth,7.34e-4
Claudia,7.26e-4
Jody,7.1e-4
Janice,7.07e-4
Kerry,7.02e-4
Angelica,6.98e-4
Marissa,6.97e-4
Ana,6.9e-4
Kathy,6.9e-4
Terri,6.79e-4
Lynn,6.74e-4
Connie,6.71e-4
Priscilla,6.69e-4
Bonnie,6.66e-4
Nikki,6.66e-4
Cristina,6.61e-4
Krystal,6.53e-4
Rosa,6.52e-4
Naomi,6.51e-4
Charity,6.5e-4
Lakisha,6.5e-4
Audrey,6.46e-4
Tasha,6.4e-4
Gloria,6.37e-4
Annette,6.36e-4
Shelley,6.27e-4
Jeanette,6.24e-4
Leticia,6.2e-4
Ellen,6.17e-4
Abigail,6.14e-4
Kate,6.09e-4
Ginger,6.06e-4
Becky,6.05e-4
Keisha,6e-4
Tameka,5.85e-4
Jana,5.83e-4
Latisha,5.82e-4
Karla,5.76e-4
Sylvia,5.76e-4
Gretchen,5.76e-4
Charlene,5.7e-4
Latonya,5.69e-4
Frances,5.64e-4
Helen,5.64e-4
Jami,5.58e-4
Leigh,5.57e-4
Rose,5.57e-4
Dorothy,5.56e-4
Amie,5.55e-4
Christa,5.43e-4
Sherri,5.42e-4
Rita,5.41e-4
Bobbie,5.33e-4
Jacquelyn,5.29e-4
Juanita,5.28e-4
Hope,5.27e-4
Yvette,5.27e-4
Eva,5.19e-4
Sheri,5.17e-4
Corinne,5.14e-4
Belinda,5.13e-4
Jennie,5.13e-4
Lesley,5.12e-4
Faith,5.11e-4
Charlotte,5.05e-4
Jodie,5.04e-4
Beverly,5.03e-4
Jocelyn,5.03e-4
Evelyn,4.99e-4
Kim,4.99e-4
Trina,4.98e-4
Aisha,4.97e-4
Kirsten,4.96e-4
Lakeisha,4.94e-4
Adriana,4.92e-4
Marsha,4.92e-4
Raquel,4.89e-4
Alyssa,4.86e-4
Jasmine,4.85e-4
Alice,4.82e-4
Lacey,4.8e-4
Billie,4.78e-4
Rachelle,4.77e-4
Sally,4.72e-4
Whitney,4.72e-4
Joyce,4.72e-4
Maureen,4.72e-4
Alexis,4.69e-4
Brandie,4.66e-4
Alexandra,4.65e-4
Stefanie,4.65e-4
Staci,4.64e-4
Hilary,4.64e-4
Jenifer,4.63e-4
Devon,4.63e-4
Chasity,4.61e-4
Elaine,4.61e-4
Roxanne,4.61e-4
Penny,4.56e-4
Hannah,4.48e-4
Jackie,4.46e-4
Sandy,4.46e-4
Joanne,4.45e-4
Rochelle,4.39e-4
Darlene,4.37e-4
Norma,4.37e-4
Hillary,4.36e-4
Betty,4.35e-4
Esther,4.34e-4
Tracie,4.32e-4
Christi,4.3e-4
Marcia,4.3e-4
Chrystal,4.29e-4
Irene,4.29e-4
Lydia,4.26e-4
Jane,4.25e-4
Lakesha,4.13e-4
Angelina,4.1e-4
Cassie,4.08e-4
Annie,4.02e-4
Joni,3.99e-4
Jean,3.98e-4
Tanisha,3.97e-4
Shirley,3.95e-4
Chandra,3.93e-4
Amelia,3.92e-4
Jessie,3.91e-4
Cathy,3.9e-4
Marilyn,3.87e-4
Mandi,3.85e-4
Eileen,3.84e-4
Jolene,3.84e-4
Brittany,3.82e-4
Ruby,3.82e-4
Judith,3.81e-4
Lora,3.78e-4
Abby,3.77e-4
Tami,3.76e-4
Miriam,3.73e-4
Peggy,3.73e-4
Nadia,3.72e-4
Debbie,3.68e-4
Ericka,3.65e-4
Selena,3.63e-4
Bianca,3.61e-4
Hollie,3.59e-4
Grace,3.58e-4
Joann,3.58e-4
Wanda,3.58e-4
Kenya,3.57e-4
Elisabeth,3.57e-4
Teri,3.57e-4
Bobbi,3.56e-4
Elisa,3.56e-4
Nora,3.55e-4
Ryan,3.53e-4
Lorena,3.51e-4
Alisa,3.49e-4
Elena,3.48e-4
Allyson,3.47e-4
Kimberley,3.47e-4
Camille,3.46e-4
Nina,3.42e-4
Chrissy,3.41e-4
Lara,3.41e-4
Tonia,3.4e-4
Cecilia,3.38e-4
Judy,3.38e-4
Melisa,3.37e-4
Carissa,3.37e-4
Carly,3.34e-4
Michael,3.32e-4
Gwendolyn,3.31e-4
Tori,3.29e-4
Antoinette,3.28e-4
Alissa,3.26e-4
Carey,3.26e-4
Guadalupe,3.26e-4
Gabriela,3.25e-4
Shawn,3.25e-4
Roberta,3.22e-4
Marisol,3.21e-4
Mia,3.18e-4
Johanna,3.17e-4
Dena,3.15e-4
Haley,3.14e-4
Tania,3.14e-4
Maribel,3.13e-4
Alma,3.12e-4
Tia,3.12e-4
Tabatha,3.12e-4
Kasey,3.1e-4
Lana,3.1e-4
Terra,3.1e-4
Kylie,3.09e-4
Chelsea,3.08e-4
Lorraine,3.08e-4
Candy,3.07e-4
Cheri,3.02e-4
Aja,2.98e-4
Celeste,2.98e-4
Audra,2.98e-4
Jeanne,2.98e-4
Lee,2.98e-4
Janine,2.95e-4
Loretta,2.93e-4
Shelby,2.93e-4
Dianna,2.93e-4
Sonja,2.93e-4
Claire,2.92e-4
Vicki,2.92e-4
Karina,2.91e-4
Esmeralda,2.9e-4
Lashonda,2.89e-4
Misti,2.88e-4
Betsy,2.87e-4
Marlena,2.86e-4
Serena,2.86e-4
Bernadette,2.81e-4
Dina,2.81e-4
Taryn,2.81e-4
Jenna,2.8e-4
Rhiannon,2.8e-4
Genevieve,2.79e-4
Lynette,2.79e-4
Josephine,2.78e-4
Kizzy,2.78e-4
Marlene,2.78e-4
Rosemary,2.76e-4
Lacy,2.76e-4
Iris,2.73e-4
Margarita,2.72e-4
Marla,2.7e-4
Sheryl,2.7e-4
Elisha,2.7e-4
Jayme,2.7e-4
Lawanda,2.69e-4
Alana,2.68e-4
Katy,2.68e-4
Tessa,2.68e-4
Malinda,2.67e-4
Angelia,2.65e-4
Angelique,2.65e-4
Latosha,2.65e-4
Noelle,2.65e-4
Emma,2.64e-4
Blanca,2.62e-4
Alyson,2.62e-4
Lena,2.6e-4
Latanya,2.58e-4
Maricela,2.58e-4
Cherie,2.58e-4
Deana,2.58e-4
Leanne,2.58e-4
Yesenia,2.58e-4
Joan,2.57e-4
Katharine,2.57e-4
Cari,2.56e-4
Karin,2.56e-4
Devin,2.54e-4
Gabrielle,2.54e-4
Liza,2.53e-4
Janel,2.52e-4
Sophia,2.49e-4
Wendi,2.49e-4
Jeannette,2.48e-4
Jeannie,2.48e-4
Marcie,2.48e-4
Randi,2.47e-4
Adrianne,2.45e-4
Cristy,2.45e-4
Mayra,2.45e-4
Lillian,2.43e-4
Sasha,2.43e-4
Karrie,2.42e-4
Marcy,2.42e-4
Bridgette,2.42e-4
Tammie,2.42e-4
Carolina,2.41e-4
Kisha,2.41e-4
Tera,2.4e-4
Darcy,2.39e-4
Gail,2.39e-4
Marianne,2.39e-4
Aubrey,2.37e-4
Susana,2.36e-4
Marci,2.36e-4
Ramona,2.36e-4
Lea,2.35e-4
Meagan,2.35e-4
Chastity,2.33e-4
Briana,2.29e-4
Shanda,2.27e-4
Patrice,2.26e-4
Tisha,2.26e-4
Jeanine,2.25e-4
Qiana,2.25e-4
Marjorie,2.25e-4
Kristal,2.22e-4
Paige,2.22e-4
Clarissa,2.22e-4
Isabel,2.21e-4
Caryn,2.2e-4
Glenda,2.2e-4
Constance,2.19e-4
Shanta,2.19e-4
Shari,2.18e-4
Myra,2.17e-4
Cortney,2.16e-4
Luz,2.16e-4
Arlene,2.15e-4
Larissa,2.15e-4
Christal,2.14e-4
Tiffani,2.14e-4
Georgia,2.12e-4
Janna,2.12e-4
Vivian,2.12e-4
Sommer,2.11e-4
Shameka,2.1e-4
Maggie,2.09e-4
Raven,2.08e-4
Cori,2.05e-4
Vickie,2.05e-4
Kimberlee,2.05e-4
Janell,2.03e-4
Darla,2.03e-4
Farrah,2.02e-4
Doris,2.01e-4
Edith,2.01e-4
Nadine,2.01e-4
Ronda,1.98e-4
Sherrie,1.98e-4
Destiny,1.98e-4
Jamila,1.98e-4
Marcella,1.98e-4
Jo,1.97e-4
Vicky,1.97e-4
Leann,1.96e-4
Irma,1.94e-4
Silvia,1.94e-4
Shayla,1.92e-4
Adrian,1.91e-4
Laurel,1.91e-4
Nakia,1.91e-4
Pauline,1.91e-4
Sheree,1.91e-4
Kenisha,1.91e-4
Corrie,1.9e-4
Maryann,1.9e-4
Chanda,1.89e-4
Olga,1.88e-4
Catrina,1.87e-4
Karyn,1.87e-4
Tosha,1.87e-4
Shonda,1.86e-4
Lynda,1.85e-4
Janie,1.84e-4
Jaimie,1.84e-4
Daphne,1.83e-4
Meghann,1.83e-4
Tanika,1.83e-4
Janette,1.82e-4
Christopher,1.81e-4
Corey,1.81e-4
Alejandra,1.81e-4
Brianna,1.8e-4
Maya,1.8e-4
Corina,1.8e-4
Dora,1.8e-4
Jason,1.8e-4
Dominique,1.79e-4
June,1.78e-4
Latrice,1.78e-4
Tomeka,1.78e-4
Beatrice,1.77e-4
Lucy,1.76e-4
Delia,1.75e-4
Mariah,1.75e-4
Marina,1.75e-4
Quiana,1.75e-4
Selina,1.75e-4
Rene,1.74e-4
Valarie,1.74e-4
Araceli,1.73e-4
Clara,1.73e-4
Ladonna,1.73e-4
Alecia,1.73e-4
Bridgett,1.73e-4
Dara,1.73e-4
Elise,1.73e-4
Lashanda,1.73e-4
Cory,1.72e-4
Corrine,1.72e-4
Deidre,1.72e-4
Daisy,1.71e-4
Demetria,1.71e-4
Dolores,1.7e-4
Lakeshia,1.7e-4
Antonia,1.7e-4
Elissa,1.69e-4
Terry,1.69e-4
Renae,1.67e-4
Crissy,1.67e-4
Sharonda,1.67e-4
Katina,1.66e-4
Kiley,1.66e-4
Tawana,1.66e-4
Mara,1.66e-4
Edna,1.64e-4
Francesca,1.64e-4
Lucia,1.64e-4
Athena,1.64e-4
James,1.64e-4
Eleanor,1.63e-4
Lorie,1.63e-4
Ivy,1.63e-4
Kesha,1.63e-4
Ami,1.61e-4
Gena,1.61e-4
Brook,1.59e-4
Chantel,1.59e-4
Rena,1.58e-4
Noemi,1.57e-4
Sadie,1.57e-4
Shanika,1.56e-4
Susanne,1.56e-4
January,1.56e-4
Morgan,1.56e-4
Sondra,1.56e-4
Robert,1.55e-4
Shamika,1.54e-4
Celina,1.53e-4
Shelia,1.53e-4
Lucinda,1.53e-4
Meaghan,1.53e-4
Adriane,1.52e-4
Julianne,1.52e-4
Leanna,1.52e-4
Jeanna,1.52e-4
Geneva,1.51e-4
Jeri,1.51e-4
Simone,1.51e-4
Jan,1.5e-4
David,1.49e-4
Dayna,1.49e-4
Kami,1.49e-4
Rocio,1.49e-4
Annmarie,1.48e-4
Malissa,1.48e-4
Susanna,1.47e-4
Tawanda,1.47e-4
Harmony,1.47e-4
Rosalinda,1.47e-4
Andria,1.46e-4
Casandra,1.46e-4
Stella,1.46e-4
Elaina,1.45e-4
Callie,1.44e-4
Kia,1.44e-4
Lindy,1.44e-4
Bree,1.44e-4
Hayley,1.44e-4
Hilda,1.44e-4
Jasmin,1.44e-4
Kayla,1.44e-4
Ingrid,1.43e-4
Racheal,1.43e-4
Sue,1.43e-4
Susie,1.42e-4
Lashawn,1.42e-4
Jeannine,1.41e-4
Mona,1.41e-4
Rosalyn,1.41e-4
Shante,1.41e-4
Letitia,1.41e-4
Shavon,1.41e-4
Anastasia,1.4e-4
Charmaine,1.4e-4
Holli,1.4e-4
Kori,1.4e-4
Beatriz,1.39e-4
Maritza,1.39e-4
Mackenzie,1.39e-4
Mollie,1.39e-4
Sunshine,1.39e-4
Shasta,1.38e-4
Danelle,1.38e-4
Elsa,1.38e-4
Jacklyn,1.38e-4
Cora,1.37e-4
Tiffanie,1.37e-4
Francine,1.36e-4
Madeline,1.36e-4
Niki,1.36e-4
Nikia,1.36e-4
Kerrie,1.36e-4
Lynne,1.36e-4
Monika,1.36e-4
Caitlin,1.35e-4
Marisela,1.35e-4
Marta,1.35e-4
Deidra,1.35e-4
John,1.35e-4
Phyllis,1.35e-4
Cathleen,1.34e-4
Maranda,1.34e-4
Windy,1.34e-4
Mercedes,1.33e-4
Shalonda,1.33e-4
Venus,1.33e-4
Ida,1.33e-4
Mellissa,1.33e-4
Celia,1.32e-4
Lisette,1.32e-4
Justine,1.31e-4
Mindi,1.31e-4
Josie,1.31e-4
Laquita,1.3e-4
Tammi,1.3e-4
Tamra,1.3e-4
Jammie,1.3e-4
Shantel,1.3e-4
Talia,1.3e-4
Brenna,1.29e-4
Dusty,1.29e-4
Helena,1.29e-4
Graciela,1.28e-4
Tomika,1.28e-4
Paulette,1.28e-4
Tiana,1.28e-4
Bambi,1.27e-4
Jade,1.27e-4
Christen,1.27e-4
Eve,1.27e-4
Jada,1.27e-4
Deirdre,1.26e-4
Gwen,1.26e-4
Rosemarie,1.26e-4
Griselda,1.25e-4
Brandee,1.25e-4
Rashida,1.25e-4
Jeana,1.24e-4
Natalia,1.24e-4
Stacia,1.24e-4
Alysia,1.24e-4
Eliza,1.24e-4
Nakisha,1.24e-4
Brianne,1.23e-4
Eugenia,1.23e-4
Georgina,1.23e-4
Krissy,1.23e-4
Lois,1.23e-4
Octavia,1.23e-4
Salina,1.23e-4
Brittney,1.22e-4
Christel,1.22e-4
Jenelle,1.22e-4
Kellee,1.22e-4
Shellie,1.22e-4
Gladys,1.22e-4
Louise,1.22e-4
Bertha,1.21e-4
Marian,1.21e-4
Ashlee,1.21e-4
Chanel,1.21e-4
Chiquita,1.21e-4
Ada,1.2e-4
Jordan,1.2e-4
Shannan,1.19e-4
Kyla,1.19e-4
Alexandria,1.18e-4
Carisa,1.18e-4
Kacey,1.18e-4
Lourdes,1.18e-4
Shanon,1.18e-4
Leeann,1.16e-4
Deena,1.16e-4
Jesse,1.16e-4
Maura,1.16e-4
Danette,1.15e-4
Jerri,1.15e-4
Regan,1.15e-4
Shavonne,1.15e-4
Takisha,1.15e-4
Anitra,1.14e-4
Dionne,1.14e-4
Kathrine,1.14e-4
Lacie,1.14e-4
Latonia,1.14e-4
Lynnette,1.14e-4
Tawanna,1.14e-4
Jena,1.13e-4
Kenyatta,1.13e-4
Leila,1.13e-4
William,1.13e-4
Yadira,1.13e-4
Marion,1.13e-4
Noel,1.13e-4
Annemarie,1.12e-4
Bernice,1.12e-4
Juana,1.12e-4
Latricia,1.12e-4
Leona,1.12e-4
Shanita,1.12e-4
Tyra,1.12e-4
Alanna,1.11e-4
Carina,1.11e-4
Davina,1.11e-4
Emilie,1.11e-4
Keely,1.11e-4
Richelle,1.11e-4
Desirae,1.1e-4
Joelle,1.1e-4
Joseph,1.1e-4
Margie,1.1e-4
Tanesha,1.1e-4
Colette,1.09e-4
Shayna,1.09e-4
Ursula,1.09e-4
Doreen,1.08e-4
Eboni,1.08e-4
Martina,1.08e-4
Mildred,1.08e-4
Jeanie,1.08e-4
Leilani,1.08e-4
Shawanda,1.08e-4
Abbey,1.07e-4
Abbie,1.07e-4
Daniel,1.07e-4
Margo,1.07e-4
Starla,1.07e-4
Alexa,1.07e-4
Gayle,1.07e-4
Gillian,1.07e-4
Sofia,1.07e-4
Stephenie,1.07e-4
Tawnya,1.07e-4
Lyndsey,1.06e-4
Mellisa,1.06e-4
Michaela,1.06e-4
Spring,1.06e-4
Christian,1.05e-4
Ella,1.05e-4
Venessa,1.05e-4
Fatima,1.04e-4
Karissa,1.04e-4
Liliana,1.04e-4
Shara,1.04e-4
Shaunna,1.04e-4
Thelma,1.04e-4
Brian,1.03e-4
Consuelo,1.03e-4
Karie,1.03e-4
Carie,1.03e-4
Chana,1.03e-4
Daniela,1.03e-4
Dianne,1.03e-4
Keli,1.03e-4
Marlana,1.03e-4
Sherita,1.03e-4
Starr,1.03e-4
Rosanna,1.02e-4
Sandi,1.02e-4
Tamera,1.02e-4
Aurora,1.02e-4
Delores,1.02e-4
Felecia,1.02e-4
Reagan,1.02e-4
Rosalie,1.02e-4
Sunny,1.02e-4
Anissa,1.01e-4
Rae,1.01e-4
Juliana,1e-4
Nikita,1e-4
Ariane,1e-4
Kelsey,1e-4
Kylee,1e-4
Lizette,1e-4
Caren,9.9e-5
Christin,9.9e-5
Vera,9.9e-5
Ariel,9.9e-5
Mitzi,9.9e-5
Rosie,9.9e-5
Adria,9.8e-5
Nichol,9.8e-5
Angelita,9.7e-5
Aileen,9.7e-5
Cody,9.7e-5
Tamica,9.7e-5
Tenisha,9.7e-5
Kyle,9.6e-5
Nikole,9.6e-5
Sierra,9.6e-5
Trish,9.6e-5
Deanne,9.6e-5
Suzanna,9.6e-5
Candi,9.5e-5
Leia,9.5e-5
Matthew,9.5e-5
Aaron,9.4e-5
Angeline,9.4e-5
Jenni,9.4e-5
Kay,9.4e-5
Rosalind,9.4e-5
Sharla,9.4e-5
Delilah,9.4e-5
Faye,9.4e-5
Janis,9.4e-5
Juliet,9.4e-5
Liana,9.4e-5
Natosha,9.4e-5
Ariana,9.3e-5
Kizzie,9.3e-5
Mandie,9.3e-5
Melonie,9.3e-5
Eunice,9.3e-5
Greta,9.3e-5
Janae,9.3e-5
Somer,9.3e-5
Alesha,9.2e-5
Damaris,9.2e-5
Justina,9.2e-5
Lola,9.2e-5
Nicolle,9.2e-5
Rebeca,9.2e-5
Ashleigh,9.1e-5
Danita,9.1e-5
Eric,9.1e-5
Fawn,9.1e-5
Felisha,9.1e-5
Mendy,9.1e-5
Susannah,9.1e-5
Anthony,9.1e-5
Imelda,9.1e-5
Shonna,9.1e-5
Esperanza,9e-5
Joey,9e-5
Sheena,9e-5
Magdalena,8.9e-5
Star,8.9e-5
Alaina,8.9e-5
Corinna,8.9e-5
Florence,8.9e-5
Ginny,8.9e-5
Adrianna,8.8e-5
Casie,8.8e-5
Micah,8.8e-5
Patty,8.8e-5
Trinity,8.8e-5
Trista,8.8e-5
Danica,8.8e-5
Kindra,8.8e-5
Maxine,8.8e-5
Melodie,8.8e-5
Suzette,8.8e-5
Trudy,8.8e-5
Charla,8.7e-5
Khalilah,8.7e-5
Nellie,8.7e-5
Raina,8.7e-5
Yasmin,8.7e-5
Latarsha,8.6e-5
Michell,8.6e-5
Danna,8.6e-5
Elvira,8.6e-5
Joshua,8.6e-5
Kirstin,8.6e-5
Layla,8.6e-5
Malia,8.6e-5
Tennille,8.6e-5
Therese,8.6e-5
Valencia,8.6e-5
Camilla,8.5e-5
Dixie,8.5e-5
Jaimee,8.5e-5
Precious,8.5e-5
Tana,8.5e-5
Francisca,8.5e-5
Toya,8.5e-5
Karri,8.4e-5
Kiana,8.4e-5
Bettina,8.3e-5
Charissa,8.3e-5
Kyra,8.3e-5
Nicola,8.3e-5
Shantell,8.3e-5
Winter,8.3e-5
