name,percent
Michael,0.037823
Christopher,0.028345
Jason,0.028131
David,0.023485
James,0.021981
Matthew,0.019894
John,0.019786
Robert,0.019002
Joshua,0.017385
Brian,0.016009
Joseph,0.016003
Daniel,0.015919
William,0.013788
Ryan,0.012954
Nicholas,0.011924
Jeremy,0.01174
Eric,0.01132
Timothy,0.010646
Kevin,0.010462
Andrew,0.010396
Anthony,0.009784
Justin,0.009707
Adam,0.009526
Jeffrey,0.009417
Richard,0.009334
Thomas,0.009197
Steven,0.009118
Charles,0.008281
Scott,0.008069
Mark,0.008029
Jonathan,0.007996
Aaron,0.007299
Benjamin,0.006989
Paul,0.0065
Brandon,0.00631
Travis,0.006169
Nathan,0.005991
Chad,0.005672
Patrick,0.005573
Stephen,0.005523
Kenneth,0.005159
Gregory,0.005088
Shawn,0.004421
Jose,0.004375
Jacob,0.00421
Bryan,0.004157
Bradley,0.003865
Edward,0.00384
Sean,0.003822
Jesse,0.003735
Donald,0.003636
Keith,0.003452
Peter,0.003394
Ronald,0.003186
Samuel,0.003172
Kyle,0.003042
George,0.00293
Douglas,0.00289
Gary,0.002814
Todd,0.002787
Juan,0.002756
Dustin,0.002737
Corey,0.002648
Shaun,0.002645
Jared,0.002605
Erik,0.002592
Shane,0.002501
Phillip,0.002472
Larry,0.002454
Raymond,0.00242
Joel,0.002354
Derek,0.002346
Carlos,0.002322
Zachary,0.002321
Dennis,0.002279
Marcus,0.002263
Craig,0.002246
Frank,0.002193
Antonio,0.002121
Derrick,0.002082
Jeremiah,0.00208
Cory,0.002006
Philip,0.001934
Brent,0.001932
Jerry,0.001923
Randy,0.00191
Jeffery,0.001874
Jamie,0.001809
Wesley,0.001806
Gabriel,0.001804
Curtis,0.001789
Russell,0.001751
Casey,0.001723
Alexander,0.001704
Nathaniel,0.001698
Terry,0.001698
Billy,0.001676
Brett,0.001674
Troy,0.001652
Carl,0.001621
Seth,0.001585
Luis,0.001535
Mario,0.001509
Tony,0.001478
Victor,0.00147
Bobby,0.001444
Ian,0.001426
Lucas,0.001419
Vincent,0.001404
Luke,0.001378
Johnny,0.001367
Adrian,0.001321
Jesus,0.001319
Kristopher,0.001313
Brad,0.001303
Alan,0.001297
Jon,0.001284
Rodney,0.001284
Marc,0.001264
Christian,0.001263
Danny,0.001262
Lawrence,0.001261
Jimmy,0.001246
Ricky,0.001245
Willie,0.001205
Jay,0.001198
Micheal,0.001194
Walter,0.00118
Lee,0.00116
Ricardo,0.001156
Tyler,0.001137
Roger,0.001131
Martin,0.001127
Randall,0.001125
Jorge,0.001124
Joe,0.001096
Miguel,0.001093
Henry,0.001084
Allen,0.001081
Manuel,0.001066
Andre,0.001051
Lance,0.001043
Arthur,0.001042
Gerald,0.001041
Albert,0.001038
Clinton,0.001037
Cody,0.001033
Louis,0.001027
Wayne,0.001022
Roy,9.8e-4
Isaac,9.68e-4
Bruce,9.53e-4
Trevor,9.5e-4
Francisco,9.45e-4
Roberto,9.25e-4
Reginald,9.24e-4
Alex,9.18e-4
Shannon,9.15e-4
Frederick,9.14e-4
Maurice,8.89e-4
Jack,8.82e-4
Darrell,8.53e-4
Ronnie,8.5e-4
Darren,8.42e-4
Neil,8.31e-4
Damon,8.09e-4
Hector,7.95e-4
Jordan,7.85e-4
Barry,7.83e-4
Evan,7.82e-4
Ernest,7.82e-4
Ruben,7.78e-4
Omar,7.68e-4
Mitchell,7.63e-4
Tyrone,7.62e-4
Eddie,7.62e-4
Jerome,7.6e-4
Jaime,7.58e-4
Terrance,7.52e-4
Calvin,7.47e-4
Jermaine,7.47e-4
Eugene,7.43e-4
Damien,7.38e-4
Oscar,7.32e-4
Angel,7.29e-4
Edwin,7.18e-4
Tommy,7.13e-4
Dale,7.1e-4
Geoffrey,7.05e-4
Leonard,7.05e-4
Chris,7.04e-4
Mathew,7.01e-4
Steve,7e-4
Kurt,6.97e-4
Harold,6.96e-4
Marvin,6.95e-4
Alejandro,6.91e-4
Theodore,6.89e-4
Clayton,6.76e-4
Garrett,6.73e-4
Kelly,6.73e-4
Terrence,6.66e-4
Dwayne,6.52e-4
Melvin,6.47e-4
Micah,6.39e-4
Ramon,6.38e-4
Javier,6.37e-4
Colin,6.36e-4
Johnathan,6.36e-4
Cameron,6.32e-4
Fernando,6.31e-4
Glenn,6.24e-4
Raul,6.23e-4
Pedro,6.14e-4
Joey,6.11e-4
Ralph,6.02e-4
Clint,6.01e-4
Stanley,5.93e-4
Clifford,5.85e-4
Jarrod,5.85e-4
Dominic,5.76e-4
Jessie,5.71e-4
Rafael,5.7e-4
Jonathon,5.68e-4
Andy,5.66e-4
Grant,5.64e-4
Ross,5.59e-4
Heath,5.58e-4
Austin,5.55e-4
Brendan,5.52e-4
Armando,5.43e-4
Eduardo,5.39e-4
Levi,5.36e-4
Karl,5.33e-4
Marco,5.3e-4
Devin,5.24e-4
Francis,5.18e-4
Howard,5.18e-4
Harry,5.11e-4
Clarence,5.11e-4
Leon,5.07e-4
Noah,5.06e-4
Nicolas,5.06e-4
Erick,5.04e-4
Earl,4.99e-4
Daryl,4.87e-4
Franklin,4.79e-4
Byron,4.78e-4
Caleb,4.77e-4
Dean,4.73e-4
Spencer,4.73e-4
Sergio,4.67e-4
Alfred,4.66e-4
Duane,4.64e-4
Alberto,4.63e-4
Cedric,4.63e-4
Julio,4.6e-4
Ray,4.59e-4
Alvin,4.56e-4
Warren,4.55e-4
Kirk,4.5e-4
Edgar,4.48e-4
Courtney,4.48e-4
Ivan,4.48e-4
Tyson,4.47e-4
Clifton,4.38e-4
Gilbert,4.35e-4
Antoine,4.29e-4
Wade,4.28e-4
Cesar,4.25e-4
Marshall,4.25e-4
Bernard,4.24e-4
Darryl,4.24e-4
Alfredo,4.19e-4
Roderick,4.18e-4
Blake,4.15e-4
Demetrius,4.11e-4
Abraham,4.11e-4
Lonnie,4.1e-4
Jody,4.08e-4
Leroy,4.08e-4
Rene,4.03e-4
Jayson,3.97e-4
Enrique,3.96e-4
Brock,3.93e-4
Ethan,3.92e-4
Lewis,3.91e-4
Charlie,3.89e-4
Elijah,3.88e-4
Norman,3.88e-4
Orlando,3.88e-4
Arturo,3.86e-4
Gerardo,3.86e-4
Israel,3.85e-4
Preston,3.84e-4
Damian,3.77e-4
Nelson,3.74e-4
Beau,3.72e-4
Toby,3.72e-4
Kelvin,3.71e-4
Julian,3.7e-4
Rocky,3.67e-4
Don,3.65e-4
Fredrick,3.62e-4
Neal,3.56e-4
Dylan,3.55e-4
Andres,3.54e-4
Vernon,3.54e-4
Salvador,3.52e-4
Trent,3.52e-4
Dana,3.5e-4
Drew,3.46e-4
Herbert,3.45e-4
Bradford,3.43e-4
Fred,3.43e-4
Dallas,3.4e-4
Nickolas,3.39e-4
Terrell,3.31e-4
Marlon,3.29e-4
Ashley,3.27e-4
Glen,3.27e-4
Quincy,3.25e-4
Donnie,3.24e-4
Bryant,3.22e-4
Lamar,3.21e-4
Stuart,3.18e-4
Greg,3.17e-4
Ernesto,3.1e-4
Jeff,3.08e-4
Lloyd,3.08e-4
Chadwick,3.07e-4
Kendrick,3.07e-4
Angelo,3.06e-4
Ben,3.06e-4
Dwight,3.03e-4
Rudy,3.03e-4
Felix,3e-4
Bryce,2.99e-4
Marcos,2.97e-4
Josh,2.97e-4
Leslie,2.96e-4
Allan,2.95e-4
Jamal,2.95e-4
Lorenzo,2.92e-4
Rickey,2.92e-4
Lamont,2.91e-4
Rusty,2.91e-4
Scotty,2.88e-4
Gordon,2.81e-4
Morgan,2.8e-4
Robin,2.79e-4
Darin,2.79e-4
Darnell,2.77e-4
Rick,2.77e-4
Jake,2.77e-4
Kenny,2.77e-4
Eli,2.75e-4
Noel,2.75e-4
Derick,2.74e-4
Gene,2.73e-4
Bret,2.72e-4
Kent,2.69e-4
Leo,2.69e-4
Quentin,2.68e-4
Brady,2.67e-4
Simon,2.67e-4
Freddie,2.63e-4
Carlton,2.62e-4
Julius,2.62e-4
Logan,2.6e-4
Roland,2.6e-4
Darius,2.59e-4
Guy,2.58e-4
Kerry,2.58e-4
Max,2.57e-4
Johnnie,2.55e-4
Rolando,2.54e-4
Perry,2.53e-4
Tracy,2.53e-4
Floyd,2.51e-4
Taylor,2.5e-4
Pablo,2.48e-4
Rodolfo,2.48e-4
Alfonso,2.47e-4
Desmond,2.47e-4
Mike,2.45e-4
Dewayne,2.41e-4
Jimmie,2.41e-4
Abel,2.4e-4
Lester,2.36e-4
Ismael,2.34e-4
Trenton,2.34e-4
Jackie,2.34e-4
Devon,2.29e-4
Herman,2.28e-4
Oliver,2.27e-4
Frankie,2.24e-4
Cornelius,2.22e-4
Antwan,2.21e-4
Dante,2.2e-4
Guillermo,2.19e-4
Landon,2.19e-4
Jonah,2.19e-4
Jamar,2.15e-4
Terence,2.13e-4
Loren,2.11e-4
Rogelio,2.11e-4
Milton,2.1e-4
Sam,2.1e-4
Elias,2.09e-4
Zachariah,2.07e-4
Owen,2.07e-4
Jim,2.06e-4
Nick,2.06e-4
Felipe,2.06e-4
Graham,2.04e-4
Fabian,2.03e-4
Moses,2.02e-4
Ty,2.02e-4
Gilberto,2.01e-4
Jarrett,2.01e-4
Kareem,2e-4
Kendall,1.98e-4
Chester,1.97e-4
Ted,1.97e-4
Cecil,1.96e-4
Saul,1.96e-4
Randolph,1.95e-4
Rashad,1.94e-4
Clay,1.92e-4
Salvatore,1.92e-4
Kurtis,1.92e-4
Damion,1.91e-4
Clyde,1.9e-4
Rory,1.9e-4
Benny,1.88e-4
Dane,1.88e-4
Robbie,1.88e-4
Collin,1.88e-4
Jerrod,1.88e-4
Myron,1.88e-4
Gerard,1.87e-4
Alonzo,1.87e-4
Gustavo,1.86e-4
Marty,1.86e-4
Alexis,1.84e-4
Otis,1.84e-4
Dan,1.83e-4
Emmanuel,1.8e-4
Garry,1.8e-4
Sheldon,1.8e-4
Sidney,1.8e-4
Edmund,1.79e-4
Jarod,1.78e-4
Reggie,1.78e-4
Dominick,1.78e-4
Mason,1.78e-4
Donovan,1.77e-4
Everett,1.77e-4
Forrest,1.77e-4
Gavin,1.77e-4
Gregg,1.75e-4
Ali,1.74e-4
Dion,1.74e-4
Guadalupe,1.74e-4
Waylon,1.74e-4
Aron,1.73e-4
Miles,1.72e-4
Jess,1.71e-4
Thaddeus,1.71e-4
Hugo,1.69e-4
Esteban,1.69e-4
Anton,1.68e-4
Kory,1.68e-4
Ramiro,1.68e-4
Kris,1.67e-4
Colby,1.66e-4
Harvey,1.66e-4
Tanner,1.66e-4
Elliott,1.65e-4
Isaiah,1.65e-4
Jarvis,1.65e-4
Branden,1.64e-4
Teddy,1.63e-4
Malcolm,1.62e-4
Sammy,1.62e-4
Stephan,1.62e-4
Emanuel,1.6e-4
Moises,1.6e-4
Sherman,1.6e-4
Marquis,1.6e-4
Roman,1.59e-4
Ira,1.58e-4
Ahmad,1.57e-4
Bryon,1.57e-4
Ron,1.57e-4
Tobias,1.56e-4
Wendell,1.56e-4
Amos,1.56e-4
Arnold,1.55e-4
Leonardo,1.55e-4
Nathanael,1.55e-4
Reynaldo,1.55e-4
Elvis,1.54e-4
Bill,1.53e-4
Darrin,1.53e-4
Jamel,1.53e-4
Timmy,1.53e-4
Will,1.52e-4
Chance,1.5e-4
Johnathon,1.5e-4
Xavier,1.5e-4
Claude,1.5e-4
Pete,1.5e-4
Erin,1.49e-4
Reuben,1.49e-4
Donte,1.48e-4
Efrain,1.48e-4
Stewart,1.48e-4
Nolan,1.47e-4
Tomas,1.46e-4
Quinton,1.46e-4
Jerod,1.45e-4
Rex,1.45e-4
Donny,1.45e-4
Stacy,1.45e-4
Tom,1.45e-4
Joaquin,1.44e-4
Noe,1.44e-4
Jackson,1.43e-4
Matt,1.43e-4
Joesph,1.42e-4
Darrick,1.41e-4
Dexter,1.41e-4
Josue,1.4e-4
Bennie,1.4e-4
Curt,1.4e-4
Scottie,1.4e-4
Donnell,1.39e-4
Jedediah,1.39e-4
Mickey,1.39e-4
Sylvester,1.39e-4
Kristofer,1.38e-4
Lyle,1.37e-4
Alton,1.37e-4
Earnest,1.37e-4
Harley,1.36e-4
Clark,1.36e-4
Lionel,1.36e-4
Blair,1.35e-4
Wilson,1.35e-4
Elliot,1.34e-4
Jovan,1.34e-4
Santiago,1.34e-4
Solomon,1.34e-4
Jamey,1.34e-4
Randal,1.32e-4
Virgil,1.32e-4
Luther,1.32e-4
Tyree,1.31e-4
Hugh,1.31e-4
Willis,1.31e-4
Pierre,1.3e-4
Marion,1.3e-4
Robby,1.3e-4
Blaine,1.28e-4
Jeromy,1.28e-4
Kristian,1.28e-4
Jarred,1.27e-4
Deon,1.26e-4
Sterling,1.26e-4
Darrel,1.25e-4
Jeramy,1.25e-4
Sonny,1.24e-4
Dorian,1.22e-4
Jed,1.22e-4
Jamison,1.22e-4
Wallace,1.22e-4
Ariel,1.21e-4
Jeremie,1.21e-4
Josiah,1.21e-4
Morris,1.21e-4
Quinn,1.21e-4
Bart,1.2e-4
Rodrick,1.2e-4
Kasey,1.2e-4
Jonas,1.19e-4
Vicente,1.18e-4
Ignacio,1.18e-4
Deandre,1.17e-4
Humberto,1.17e-4
Conrad,1.16e-4
Erich,1.16e-4
Leland,1.16e-4
Avery,1.15e-4
Jennifer,1.15e-4
Tory,1.15e-4
Jean,1.15e-4
Stefan,1.14e-4
Bradly,1.13e-4
Jamaal,1.13e-4
Jasen,1.13e-4
Brant,1.13e-4
Brendon,1.13e-4
Emilio,1.13e-4
Zachery,1.13e-4
Rico,1.12e-4
Edmond,1.12e-4
Carey,1.11e-4
Cary,1.1e-4
Jerald,1.09e-4
Dusty,1.08e-4
Hunter,1.08e-4
Hans,1.08e-4
Issac,1.08e-4
Jeramie,1.08e-4
Wyatt,1.07e-4
Archie,1.07e-4
Aric,1.07e-4
Brooks,1.07e-4
Demond,1.07e-4
Elmer,1.07e-4
Rudolph,1.07e-4
Roosevelt,1.06e-4
Freddy,1.05e-4
Jedidiah,1.05e-4
Royce,1.05e-4
Reid,1.03e-4
Rocco,1.03e-4
Aubrey,1.03e-4
Brenton,1.03e-4
Giovanni,1.03e-4
Scot,1.03e-4
Zane,1.03e-4
Agustin,1.02e-4
Barrett,1.02e-4
Adan,1.01e-4
Leif,1.01e-4
Benito,9.9e-5
Demarcus,9.9e-5
Jeremey,9.9e-5
Dirk,9.8e-5
Nathanial,9.8e-5
Jefferson,9.8e-5
Levar,9.8e-5
Wilfredo,9.8e-5
Johnpaul,9.7e-5
Louie,9.7e-5
Brice,9.7e-5
Carlo,9.7e-5
Deshawn,9.6e-5
Santos,9.6e-5
Conor,9.6e-5
Stacey,9.6e-5
Weston,9.6e-5
Willard,9.6e-5
Tommie,9.5e-5
Buddy,9.4e-5
Daren,9.3e-5
Davin,9.3e-5
Ellis,9.3e-5
Ervin,9.2e-5
Nicholaus,9.2e-5
Rhett,9.2e-5
Rodrigo,9.2e-5
Delvin,9.2e-5
Korey,9.2e-5
Mauricio,9.2e-5
Torrey,9.2e-5
Tristan,9.2e-5
Josef,9e-5
Riley,9e-5
Van,9e-5
Vance,9e-5
Brain,8.9e-5
Rigoberto,8.9e-5
Marcel,8.9e-5
Raphael,8.9e-5
Antione,8.8e-5
Cole,8.8e-5
Ezra,8.8e-5
Wilbert,8.8e-5
Ari,8.7e-5
Alvaro,8.6e-5
Chase,8.6e-5
Dave,8.6e-5
Horace,8.6e-5
Rickie,8.6e-5
Arron,8.6e-5
Winston,8.6e-5
Jamil,8.5e-5
Jasper,8.5e-5
Laurence,8.5e-5
Chauncey,8.4e-5
Galen,8.4e-5
Jeffry,8.4e-5
Shad,8.4e-5
Carson,8.4e-5
Delbert,8.4e-5
Markus,8.4e-5
Cedrick,8.3e-5
Maxwell,8.3e-5
Adolfo,8.3e-5
Antwon,8.3e-5
Mack,8.3e-5
Demario,8.2e-5
Lane,8.2e-5
Lavar,8.2e-5
Malik,8.2e-5
Shelton,8.2e-5
Stevie,8.2e-5
Abram,8.2e-5
Marques,8.2e-5
Tim,8.2e-5
Domingo,8.1e-5
Jace,8.1e-5
Jaron,8.1e-5
Keenan,8.1e-5
Monte,8.1e-5
Nigel,8.1e-5
Shayne,8.1e-5
Shelby,8e-5
Tyron,8e-5
Judson,8e-5
Kristoffer,8e-5
Lynn,8e-5
Diego,7.9e-5
Daron,7.9e-5
Dewey,7.9e-5
Reed,7.9e-5
Rodger,7.9e-5
Tavares,7.9e-5
Grady,7.8e-5
Denny,7.8e-5
Heriberto,7.8e-5
Leonel,7.8e-5
Cornell,7.7e-5
Gino,7.7e-5
Tremayne,7.7e-5
Lenny,7.7e-5
Elvin,7.6e-5
Jamin,7.6e-5
Sebastian,7.6e-5
Brennan,7.5e-5
Broderick,7.5e-5
Tyrell,7.5e-5
Rufus,7.5e-5
Theron,7.5e-5
Andrea,7.4e-5
Davis,7.4e-5
Jermey,7.4e-5
Mikel,7.4e-5
Titus,7.4e-5
Fidel,7.4e-5
Jan,7.4e-5
Nikolas,7.4e-5
Jerad,7.3e-5
Jered,7.3e-5
Parker,7.3e-5
Vaughn,7.3e-5
Whitney,7.3e-5
Lowell,7.3e-5
Michel,7.3e-5
Melissa,7.2e-5
Dameon,7.2e-5
Dejuan,7.2e-5
Abdul,7.1e-5
Alphonso,7.1e-5
Cyrus,7.1e-5
Jacques,7.1e-5
Marlin,7.1e-5
Brannon,7e-5
Cleveland,7e-5
Elton,7e-5
Garret,7e-5
Zebulon,7e-5
Garth,6.9e-5
Hubert,6.9e-5
Dominique,6.9e-5
Federico,6.9e-5
Ulysses,6.9e-5
Ernie,6.8e-5
Gregorio,6.8e-5
Kenyon,6.8e-5
Cortney,6.8e-5
Jerimiah,6.8e-5
Jevon,6.8e-5
Osvaldo,6.8e-5
Denver,6.7e-5
Monty,6.7e-5
Zackary,6.7e-5
Derik,6.7e-5
Lukas,6.7e-5
Percy,6.7e-5
Bob,6.6e-5
Ezekiel,6.6e-5
Jereme,6.6e-5
Kenyatta,6.6e-5
Braden,6.5e-5
Jameel,6.5e-5
Moshe,6.5e-5
Octavio,6.5e-5
Raheem,6.5e-5
Vito,6.5e-5
Al,6.5e-5
Aldo,6.5e-5
Cliff,6.5e-5
Hassan,6.5e-5
Ken,6.5e-5
Bernardo,6.4e-5
Danial,6.4e-5
Trey,6.4e-5
Amir,6.4e-5
Bert,6.4e-5
Dedrick,6.4e-5
Jessica,6.4e-5
Laron,6.4e-5
Deangelo,6.3e-5
Emmett,6.3e-5
Jabari,6.3e-5
Kim,6.3e-5
Liam,6.3e-5
Myles,6.3e-5
Silas,6.3e-5
Thad,6.3e-5
Amanda,6.2e-5
Bennett,6.2e-5
Chadrick,6.2e-5
Darian,6.2e-5
Eloy,6.2e-5
Hiram,6.2e-5
Seneca,6.1e-5
Efren,6.1e-5
Denis,6e-5
Mohammad,6e-5
Raymundo,6e-5
Bryson,6e-5
Kirby,6e-5
Quintin,6e-5
Sedrick,6e-5
Muhammad,5.9e-5
Antwain,5.9e-5
Gerry,5.9e-5
Jade,5.9e-5
Randell,5.9e-5
Tracey,5.9e-5
Wilbur,5.9e-5
Dereck,5.8e-5
German,5.8e-5
Harrison,5.8e-5
Lars,5.8e-5
Tad,5.8e-5
August,5.8e-5
Kip,5.8e-5
Kraig,5.8e-5
Boyd,5.7e-5
Darwin,5.7e-5
Garland,5.7e-5
Judd,5.7e-5
Rashawn,5.7e-5
Wilfred,5.7e-5
Adrain,5.6e-5
Bo,5.6e-5
Donta,5.6e-5
Francesco,5.6e-5
Irvin,5.6e-5
Ronny,5.6e-5
Russel,5.6e-5
Sammie,5.6e-5
Terrill,5.6e-5
Coby,5.6e-5
Edwardo,5.6e-5
Ramsey,5.6e-5
Asa,5.5e-5
Chaim,5.5e-5
Homer,5.5e-5
Isidro,5.5e-5
Kaleb,5.5e-5
Antony,5.5e-5
Cullen,5.5e-5
Deric,5.5e-5
Dillon,5.5e-5
Doyle,5.5e-5
Kenton,5.5e-5
Lincoln,5.5e-5
Zackery,5.5e-5
Elbert,5.4e-5
Woodrow,5.4e-5
Ahmed,5.4e-5
Billie,5.4e-5
Cortez,5.4e-5
Eliseo,5.4e-5
Keven,5.4e-5
Nicky,5.4e-5
Frederic,5.3e-5
Shea,5.3e-5
Burton,5.3e-5
Cale,5.3e-5
Demarco,5.3e-5
Emil,5.3e-5
Gonzalo,5.3e-5
Khalid,5.3e-5
Rian,5.3e-5
Coy,5.2e-5
Elisha,5.2e-5
Javon,5.2e-5
Keon,5.2e-5
Rasheed,5.2e-5
Tyrel,5.2e-5
Anwar,5.1e-5
Augustine,5.1e-5
Buck,5.1e-5
Davon,5.1e-5
Eddy,5.1e-5
Giuseppe,5.1e-5
Paris,5.1e-5
Prince,5.1e-5
Alec,5.1e-5
Aurelio,5.1e-5
Brook,5.1e-5
Derrell,5.1e-5
Doug,5.1e-5
Emery,5.1e-5
Jude,5.1e-5
Junior,5.1e-5
Trinity,5.1e-5
Juston,5e-5
Kelsey,5e-5
Nestor,5e-5
Tarik,5e-5
Dino,5e-5
Harlan,5e-5
Jeramiah,5e-5
Mariano,5e-5
Mitchel,5e-5
Trever,5e-5
Darron,4.9e-5
Jarret,4.9e-5
Lashawn,4.9e-5
Norris,4.9e-5
Regan,4.9e-5
Tremaine,4.9e-5
Amit,4.9e-5
Antonia,4.9e-5
Franco,4.9e-5
Jarrad,4.9e-5
Jayme,4.9e-5
Kennith,4.9e-5
Rustin,4.9e-5
Chet,4.8e-5
Christoper,4.8e-5
Cristobal,4.8e-5
Errol,4.8e-5
Maria,4.8e-5
Shay,4.8e-5
Brenden,4.8e-5
Genaro,4.8e-5
Kai,4.8e-5
Leopoldo,4.8e-5
Sarah,4.8e-5
Timmothy,4.8e-5
Arnulfo,4.7e-5
Brandy,4.7e-5
Cordell,4.7e-5
Cristopher,4.7e-5
Duncan,4.7e-5
Erwin,4.7e-5
Garrick,4.7e-5
Greggory,4.7e-5
Kenji,4.7e-5
Paulo,4.7e-5
Donell,4.6e-5
Garett,4.6e-5
Jameson,4.6e-5
Elizabeth,4.6e-5
Ivory,4.6e-5
Justen,4.6e-5
Keegan,4.6e-5
Shon,4.6e-5
Bronson,4.5e-5
Chaz,4.5e-5
Irving,4.5e-5
Orion,4.5e-5
Sharif,4.5e-5
Uriah,4.5e-5
Corry,4.5e-5
Deshaun,4.5e-5
Forest,4.5e-5
Harris,4.5e-5
Kelley,4.5e-5
Kody,4.5e-5
Marcelino,4.5e-5
Merle,4.5e-5
Samson,4.5e-5
Andreas,4.4e-5
Benson,4.4e-5
Brody,4.4e-5
Chuck,4.4e-5
Dario,4.4e-5
Edgardo,4.4e-5
