name,percent
Jennifer,0.028058
Jessica,0.025446
Ashley,0.021515
Amanda,0.018811
Sarah,0.014352
Stephanie,0.012771
Nicole,0.012356
Melissa,0.01215
Heather,0.011923
Elizabeth,0.011289
Megan,0.009421
Crystal,0.009191
Amy,0.008875
Tiffany,0.008799
Rachel,0.008792
Danielle,0.008686
Michelle,0.008596
Amber,0.008528
Laura,0.008217
Christina,0.008157
Lauren,0.008026
Kimberly,0.008011
Rebecca,0.007406
Emily,0.007095
Erin,0.007003
Angela,0.00627
Kelly,0.006221
Andrea,0.005741
Lisa,0.00568
Katherine,0.005629
Jamie,0.005416
Sara,0.005169
Mary,0.005152
Erica,0.005148
Lindsey,0.005002
Lindsay,0.004721
Shannon,0.004705
Kristen,0.004652
Samantha,0.004456
Alicia,0.004339
Brittany,0.004253
April,0.004199
Christine,0.004046
Katie,0.003978
Vanessa,0.003971
Courtney,0.003968
Kristin,0.003889
Kathryn,0.003626
Tara,0.003486
Maria,0.003386
Allison,0.003349
Julie,0.003298
Holly,0.003289
Jenna,0.003261
Natalie,0.003082
Jacqueline,0.003079
Anna,0.002941
Monica,0.002846
Victoria,0.002816
Latoya,0.002802
Brandi,0.00269
Cynthia,0.002565
Cassandra,0.002544
Brandy,0.002543
Meghan,0.002499
Patricia,0.002482
Stacy,0.002466
Kristina,0.002402
Catherine,0.002348
Veronica,0.002223
Kathleen,0.002211
Diana,0.002198
Dana,0.002186
Krystal,0.002183
Leslie,0.002117
Valerie,0.002065
Natasha,0.002058
Carrie,0.002049
Stacey,0.002025
Sheena,0.001997
Erika,0.001963
Karen,0.001962
Chelsea,0.00196
Leah,0.00196
Melanie,0.00195
Candice,0.001882
Julia,0.001861
Joanna,0.001844
Alexis,0.001825
Susan,0.001728
Tracy,0.001692
Margaret,0.001683
Bethany,0.001652
Sandra,0.001595
Kara,0.001584
Alexandra,0.001558
Nichole,0.001557
Misty,0.001549
Brooke,0.001524
Kayla,0.001487
Candace,0.00148
Heidi,0.001478
Rachael,0.001472
Pamela,0.001464
Katrina,0.001459
Jillian,0.001455
Casey,0.001433
Renee,0.001432
Gina,0.00142
Alison,0.001393
Tina,0.001391
Brenda,0.001385
Nancy,0.00138
Miranda,0.001376
Denise,0.001365
Lacey,0.001332
Teresa,0.001326
Caitlin,0.001301
Linda,0.001295
Jill,0.001291
Theresa,0.00128
Sabrina,0.001277
Alisha,0.00127
Whitney,0.001268
Tamara,0.001267
Hannah,0.001255
Anne,0.001239
Desiree,0.001237
Melinda,0.001237
Monique,0.001222
Molly,0.00121
Morgan,0.001207
Krista,0.001204
Jaclyn,0.001202
Kristy,0.001197
Jenny,0.001185
Stefanie,0.001181
Ebony,0.00118
Robin,0.001171
Tanya,0.001171
Dawn,0.00117
Tabitha,0.001169
Lori,0.001152
Colleen,0.001149
Christy,0.001125
Wendy,0.001124
Kelli,0.0011
Meredith,0.001073
Jasmine,0.00107
Kendra,0.001065
Deanna,0.001063
Barbara,0.001031
Tonya,0.001029
Abigail,0.001021
Carolyn,0.001011
Kari,0.001007
Rebekah,0.001
Cassie,9.86e-4
Kristi,9.81e-4
Ann,9.4e-4
Michele,9.38e-4
Angel,9.35e-4
Bridget,9.34e-4
Tasha,9.34e-4
Meagan,9.32e-4
Adrienne,9.14e-4
Sharon,9.06e-4
Beth,9.05e-4
Caroline,9.05e-4
Marissa,9.02e-4
Ashlee,8.93e-4
Priscilla,8.87e-4
Marie,8.79e-4
Latasha,8.67e-4
Shana,8.65e-4
Brittney,8.65e-4
Kate,8.62e-4
Kelsey,8.62e-4
Cindy,8.55e-4
Alyssa,8.54e-4
Jaime,8.35e-4
Tammy,8.35e-4
Regina,8.27e-4
Audrey,8.23e-4
Felicia,8.23e-4
Mallory,8.16e-4
Deborah,8.14e-4
Virginia,8.11e-4
Carla,8.06e-4
Cristina,7.99e-4
Cara,7.99e-4
Jacquelyn,7.96e-4
Ana,7.68e-4
Angelica,7.66e-4
Marquita,7.62e-4
Kristine,7.55e-4
Brianna,7.51e-4
Claudia,7.5e-4
Mindy,7.47e-4
Nina,7.43e-4
Shawna,7.37e-4
Carly,7.34e-4
Cheryl,7.34e-4
Carmen,7.2e-4
Suzanne,7.16e-4
Bonnie,7.07e-4
Janet,7.03e-4
Abby,7.01e-4
Dominique,6.96e-4
Aimee,6.87e-4
Jodi,6.82e-4
Janelle,6.78e-4
Shanna,6.76e-4
Trista,6.74e-4
Martha,6.72e-4
Summer,6.72e-4
Lydia,6.66e-4
Diane,6.65e-4
Keri,6.63e-4
Autumn,6.58e-4
Donna,6.56e-4
Ruth,6.45e-4
Olivia,6.43e-4
Joy,6.4e-4
Daisy,6.35e-4
Kellie,6.29e-4
Mayra,6.26e-4
Christie,6.19e-4
Krystle,6.17e-4
Paula,6.1e-4
Robyn,6.1e-4
Amelia,6.07e-4
Mandy,6.06e-4
Melody,6.03e-4
Sophia,6.01e-4
Toni,5.99e-4
Yolanda,5.95e-4
Rose,5.87e-4
Naomi,5.81e-4
Evelyn,5.81e-4
Gloria,5.81e-4
Shelby,5.78e-4
Randi,5.75e-4
Debra,5.66e-4
Trisha,5.66e-4
Grace,5.61e-4
Hillary,5.6e-4
Nikki,5.56e-4
Sylvia,5.55e-4
Ashleigh,5.52e-4
Jessie,5.51e-4
Haley,5.5e-4
Stacie,5.47e-4
Claire,5.43e-4
Rosa,5.41e-4
Adriana,5.36e-4
Shauna,5.29e-4
Rachelle,5.26e-4
Shelly,5.26e-4
Lacy,5.21e-4
Charlene,5.19e-4
Karla,5.17e-4
Ellen,5.17e-4
Sonia,5.15e-4
Johanna,5.1e-4
Traci,5.06e-4
Sheila,5.03e-4
Carol,5.02e-4
Marisa,4.99e-4
Kerri,4.91e-4
Leigh,4.9e-4
Esther,4.89e-4
Hilary,4.87e-4
Sherry,4.86e-4
Jeanette,4.84e-4
Jocelyn,4.83e-4
Kasey,4.81e-4
Savannah,4.81e-4
Taylor,4.81e-4
Anita,4.79e-4
Helen,4.77e-4
Frances,4.75e-4
Sonya,4.74e-4
Katharine,4.72e-4
Alexandria,4.7e-4
Maggie,4.69e-4
Tracey,4.64e-4
Rhonda,4.63e-4
Tabatha,4.62e-4
Tamika,4.61e-4
Briana,4.53e-4
Laurie,4.53e-4
Brianne,4.52e-4
Hope,4.51e-4
Gabrielle,4.49e-4
Raquel,4.44e-4
Alissa,4.42e-4
Kelley,4.42e-4
Terri,4.42e-4
Yvonne,4.4e-4
Annie,4.4e-4
Charity,4.39e-4
Elisabeth,4.38e-4
Tia,4.38e-4
Miriam,4.36e-4
Charlotte,4.35e-4
Tessa,4.3e-4
Kristie,4.26e-4
Kira,4.25e-4
Latisha,4.25e-4
Angelina,4.24e-4
Elise,4.2e-4
Jana,4.2e-4
Janice,4.19e-4
Carissa,4.17e-4
Leticia,4.17e-4
Roxanne,4.15e-4
Eva,4.11e-4
Christa,4.1e-4
Irene,4.07e-4
Kerry,4.05e-4
Chelsey,4.04e-4
Jane,4.02e-4
Kirsten,4.01e-4
Maureen,4e-4
Cecilia,4e-4
Staci,3.99e-4
Yvette,3.93e-4
Brandie,3.91e-4
Lynn,3.91e-4
Shelley,3.91e-4
Katelyn,3.9e-4
Sandy,3.89e-4
Annette,3.86e-4
Rochelle,3.83e-4
Alice,3.81e-4
Chasity,3.81e-4
Tricia,3.79e-4
Dorothy,3.79e-4
Kaitlin,3.79e-4
Connie,3.75e-4
Emma,3.72e-4
Kathy,3.72e-4
Jade,3.7e-4
Jennie,3.69e-4
Justine,3.69e-4
Nadia,3.68e-4
Bianca,3.66e-4
Lyndsey,3.65e-4
Tanisha,3.65e-4
Karina,3.64e-4
Alana,3.64e-4
Antoinette,3.62e-4
Hollie,3.6e-4
Amie,3.6e-4
Juanita,3.6e-4
Lorena,3.59e-4
Chrystal,3.58e-4
Latonya,3.58e-4
Elisa,3.57e-4
Gabriela,3.56e-4
Ariel,3.54e-4
Faith,3.53e-4
Clarissa,3.51e-4
Camille,3.49e-4
Breanna,3.49e-4
Aubrey,3.46e-4
Jami,3.46e-4
Patrice,3.45e-4
Cortney,3.43e-4
Elaine,3.43e-4
Eileen,3.41e-4
Sally,3.41e-4
Jenifer,3.38e-4
Bobbie,3.37e-4
Lesley,3.37e-4
Paige,3.36e-4
Rita,3.34e-4
Leanne,3.31e-4
Jordan,3.3e-4
Ruby,3.3e-4
Joyce,3.29e-4
Shari,3.22e-4
Becky,3.2e-4
Serena,3.2e-4
Katy,3.15e-4
Judith,3.14e-4
Sherri,3.14e-4
Constance,3.13e-4
Destiny,3.13e-4
Ericka,3.08e-4
Nora,3.08e-4
Jody,3.06e-4
Jackie,3.03e-4
Jolene,3.02e-4
Allyson,3.01e-4
Ryan,3.01e-4
Elena,2.99e-4
Audra,2.94e-4
Alma,2.94e-4
Guadalupe,2.93e-4
Marisol,2.93e-4
Christin,2.91e-4
Lakeisha,2.91e-4
Gretchen,2.9e-4
Beverly,2.9e-4
Shayla,2.89e-4
Taryn,2.89e-4
Jean,2.88e-4
Keisha,2.88e-4
Terra,2.88e-4
Sheri,2.87e-4
Meaghan,2.85e-4
Judy,2.84e-4
Alisa,2.83e-4
Joanne,2.83e-4
Celeste,2.82e-4
Devon,2.82e-4
Janine,2.82e-4
Michael,2.82e-4
Marilyn,2.81e-4
Lara,2.81e-4
Betty,2.78e-4
Christen,2.78e-4
Celia,2.77e-4
Corinne,2.76e-4
Jena,2.73e-4
Laurel,2.73e-4
Kristal,2.72e-4
Rosemary,2.71e-4
Belinda,2.7e-4
Bridgette,2.68e-4
Tameka,2.68e-4
Blair,2.68e-4
Callie,2.67e-4
Genevieve,2.66e-4
Lakisha,2.66e-4
Shirley,2.64e-4
Maribel,2.64e-4
Iris,2.61e-4
Jodie,2.61e-4
Kendall,2.61e-4
Elisha,2.6e-4
Lillian,2.6e-4
Sasha,2.59e-4
Alyson,2.58e-4
Angie,2.58e-4
Britney,2.58e-4
Lena,2.56e-4
Norma,2.56e-4
Adrian,2.54e-4
Darlene,2.54e-4
Christian,2.54e-4
Julianne,2.54e-4
Tracie,2.53e-4
Betsy,2.53e-4
Larissa,2.53e-4
Bobbi,2.51e-4
Jasmin,2.51e-4
Shayna,2.51e-4
Alejandra,2.51e-4
Fallon,2.51e-4
Mia,2.51e-4
Kaitlyn,2.5e-4
Dianna,2.49e-4
Teri,2.49e-4
Joann,2.49e-4
Jayme,2.46e-4
Ashlie,2.46e-4
Noelle,2.44e-4
Chanel,2.43e-4
Josephine,2.43e-4
Marlene,2.43e-4
Leann,2.41e-4
Hayley,2.4e-4
Chandra,2.39e-4
Ginger,2.39e-4
Tiffani,2.38e-4
Elyse,2.36e-4
Lora,2.36e-4
Lucy,2.35e-4
Kacie,2.33e-4
Isabel,2.33e-4
Marina,2.31e-4
Adrianne,2.31e-4
Tera,2.31e-4
Yesenia,2.31e-4
Tiana,2.29e-4
Brenna,2.28e-4
Vivian,2.27e-4
Raven,2.26e-4
Cassidy,2.26e-4
Dena,2.24e-4
Lea,2.24e-4
Tiara,2.23e-4
Chantel,2.22e-4
Margarita,2.22e-4
Trina,2.22e-4
Susana,2.2e-4
Jacklyn,2.19e-4
Tania,2.19e-4
Tiffanie,2.19e-4
Christopher,2.18e-4
Esmeralda,2.17e-4
Anastasia,2.17e-4
Christi,2.15e-4
Billie,2.15e-4
Tatiana,2.15e-4
Daniela,2.14e-4
Kim,2.14e-4
Shameka,2.14e-4
Blanca,2.12e-4
Lorraine,2.1e-4
Breanne,2.1e-4
Carolina,2.09e-4
Lacie,2.08e-4
Lana,2.08e-4
Melisa,2.08e-4
Cathy,2.07e-4
Darcy,2.07e-4
Joni,2.07e-4
Casandra,2.06e-4
Aisha,2.05e-4
Kyla,2.05e-4
Selena,2.04e-4
Kirby,2.04e-4
Rosanna,2.03e-4
Ashly,2.02e-4
Debbie,2.02e-4
Lyndsay,2.02e-4
Chelsie,2.01e-4
Ariana,2e-4
Lee,2e-4
Rhiannon,2e-4
Gwendolyn,1.99e-4
Cherie,1.99e-4
Abbey,1.98e-4
Alaina,1.98e-4
Janna,1.98e-4
Lashonda,1.98e-4
Latrice,1.96e-4
Arlene,1.94e-4
Marcia,1.94e-4
Francesca,1.93e-4
Dina,1.93e-4
Natalia,1.93e-4
Marsha,1.92e-4
Mandi,1.91e-4
Racheal,1.91e-4
Angelique,1.9e-4
Kassandra,1.9e-4
Lynette,1.9e-4
Jeannie,1.88e-4
Antonia,1.87e-4
Cheri,1.87e-4
Liliana,1.87e-4
Mackenzie,1.86e-4
Lucia,1.85e-4
Michaela,1.85e-4
Alecia,1.84e-4
Leanna,1.83e-4
India,1.82e-4
Joan,1.82e-4
Peggy,1.82e-4
Kimberley,1.82e-4
Tierra,1.82e-4
Athena,1.8e-4
Rocio,1.79e-4
Shaina,1.79e-4
Asia,1.79e-4
Bernadette,1.79e-4
Dayna,1.78e-4
Lakesha,1.78e-4
Nadine,1.78e-4
Candy,1.78e-4
Clara,1.77e-4
Deidre,1.77e-4
Martina,1.77e-4
Elissa,1.75e-4
Karissa,1.75e-4
Roberta,1.75e-4
Kenya,1.74e-4
Kylie,1.73e-4
Luz,1.73e-4
Mariah,1.73e-4
Myra,1.72e-4
Chloe,1.71e-4
Loretta,1.71e-4
Janie,1.7e-4
Kali,1.7e-4
Deana,1.69e-4
Maranda,1.69e-4
Juliana,1.68e-4
Catrina,1.68e-4
Corina,1.68e-4
Jeanne,1.67e-4
Shantel,1.67e-4
Maritza,1.67e-4
Arielle,1.66e-4
Laci,1.65e-4
Devin,1.65e-4
Tami,1.64e-4
Georgia,1.64e-4
Kristyn,1.64e-4
Araceli,1.63e-4
Corey,1.63e-4
Loren,1.63e-4
Matthew,1.63e-4
Mercedes,1.63e-4
Mollie,1.63e-4
Silvia,1.63e-4
Edith,1.62e-4
Tori,1.62e-4
Wanda,1.62e-4
Tosha,1.62e-4
Latosha,1.6e-4
Valarie,1.6e-4
Janell,1.6e-4
Jesse,1.59e-4
Ladonna,1.59e-4
Cori,1.59e-4
Marianne,1.59e-4
Madeline,1.58e-4
Alesha,1.57e-4
Brittani,1.57e-4
Celina,1.57e-4
Sydney,1.57e-4
Daphne,1.56e-4
Jeannette,1.56e-4
Shamika,1.56e-4
Liza,1.55e-4
Penny,1.55e-4
Cari,1.54e-4
Bridgett,1.54e-4
Dara,1.54e-4
Marcella,1.54e-4
Precious,1.54e-4
Shanika,1.54e-4
Alanna,1.53e-4
Justina,1.53e-4
Andria,1.52e-4
Irma,1.52e-4
Ashely,1.51e-4
Karin,1.51e-4
Marjorie,1.5e-4
Marla,1.5e-4
Daniel,1.49e-4
Maryann,1.49e-4
Nakia,1.49e-4
Joshua,1.49e-4
Shawn,1.49e-4
Bailey,1.48e-4
Sherrie,1.48e-4
Talia,1.48e-4
Christal,1.48e-4
Kandice,1.48e-4
Leeann,1.48e-4
Octavia,1.48e-4
Aileen,1.47e-4
Noemi,1.47e-4
Sonja,1.47e-4
Tarah,1.47e-4
Janette,1.46e-4
Princess,1.45e-4
Simone,1.45e-4
Malinda,1.44e-4
Ivy,1.44e-4
Linsey,1.43e-4
Susanna,1.43e-4
Kimberlee,1.42e-4
Gillian,1.42e-4
Hanna,1.4e-4
Kati,1.4e-4
Olga,1.4e-4
Emilie,1.39e-4
Holli,1.39e-4
Sofia,1.39e-4
Abbie,1.38e-4
Josie,1.38e-4
Selina,1.38e-4
Beatriz,1.38e-4
Carina,1.37e-4
Ingrid,1.37e-4
Fatima,1.36e-4
Maegan,1.36e-4
Eliza,1.35e-4
Marcy,1.35e-4
Candi,1.35e-4
Doris,1.35e-4
Eleanor,1.35e-4
Tanesha,1.35e-4
Jeanine,1.34e-4
Danelle,1.34e-4
Noel,1.34e-4
Maya,1.33e-4
Eboni,1.33e-4
James,1.32e-4
Venessa,1.32e-4
Britni,1.32e-4
Cristy,1.32e-4
Deidra,1.32e-4
Gail,1.32e-4
John,1.32e-4
Meghann,1.31e-4
Beatrice,1.3e-4
Brandon,1.3e-4
Ciara,1.3e-4
David,1.3e-4
Adrianna,1.3e-4
Dora,1.3e-4
Daniella,1.29e-4
Marcie,1.29e-4
Glenda,1.28e-4
Griselda,1.28e-4
Marci,1.28e-4
Pauline,1.28e-4
Kyle,1.28e-4
Mara,1.28e-4
Robert,1.28e-4
Sierra,1.28e-4
Marlena,1.27e-4
Misti,1.27e-4
Gladys,1.27e-4
Lucinda,1.27e-4
Hailey,1.25e-4
Sharonda,1.25e-4
Siobhan,1.25e-4
Lynda,1.25e-4
Candis,1.24e-4
Delilah,1.24e-4
Annmarie,1.24e-4
Cora,1.24e-4
Lynsey,1.24e-4
Tasia,1.24e-4
Laquita,1.23e-4
Lily,1.23e-4
Nicolette,1.23e-4
Rena,1.23e-4
Vicki,1.23e-4
Maura,1.23e-4
Sheryl,1.23e-4
Jenelle,1.22e-4
Maricela,1.22e-4
Cameron,1.22e-4
Casie,1.22e-4
Renae,1.22e-4
Geneva,1.21e-4
Kacey,1.21e-4
Sadie,1.2e-4
Cory,1.2e-4
Elsa,1.2e-4
Kassie,1.2e-4
Tamra,1.2e-4
Tess,1.2e-4
Janae,1.19e-4
Chastity,1.19e-4
Santana,1.19e-4
Caitlyn,1.18e-4
Jeri,1.18e-4
Shanda,1.18e-4
Cristal,1.18e-4
Desirae,1.18e-4
Joseph,1.17e-4
Kourtney,1.17e-4
Viviana,1.17e-4
Brynn,1.17e-4
Cherish,1.17e-4
Clare,1.17e-4
Jo,1.17e-4
Cody,1.16e-4
Jeanna,1.16e-4
Perla,1.16e-4
Alexa,1.15e-4
Lizette,1.15e-4
Louise,1.15e-4
Rene,1.15e-4
Sheree,1.15e-4
Edna,1.15e-4
Janel,1.15e-4
Vicky,1.15e-4
Kristan,1.14e-4
Aurora,1.14e-4
Jason,1.14e-4
Grisel,1.13e-4
Kathrine,1.13e-4
Tabetha,1.13e-4
Francine,1.13e-4
Leila,1.13e-4
Shanell,1.13e-4
Keely,1.12e-4
Kristian,1.12e-4
Carey,1.12e-4
Delia,1.12e-4
Gena,1.12e-4
Danica,1.11e-4
Helena,1.11e-4
Zoe,1.11e-4
Kala,1.1e-4
Kandace,1.1e-4
Marian,1.1e-4
Ramona,1.1e-4
Joelle,1.1e-4
Darla,1.09e-4
Kaci,1.09e-4
Mariana,1.09e-4
Shena,1.09e-4
Stevie,1.09e-4
Tammie,1.09e-4
Adriane,1.08e-4
Alycia,1.08e-4
Colette,1.08e-4
Nathalie,1.08e-4
Reyna,1.08e-4
Sondra,1.08e-4
Shanta,1.08e-4
Corrie,1.07e-4
Giselle,1.07e-4
Georgina,1.07e-4
Kyra,1.07e-4
Latoria,1.07e-4
Chana,1.06e-4
Chiquita,1.06e-4
Demetria,1.06e-4
Kaylee,1.06e-4
Lindy,1.06e-4
Shara,1.06e-4
Annemarie,1.05e-4
Stella,1.05e-4
Tyler,1.05e-4
Kia,1.05e-4
Shasta,1.05e-4
Hilda,1.04e-4
Kylee,1.04e-4
Roxana,1.04e-4
Deena,1.03e-4
Shantell,1.03e-4
Shante,1.03e-4
Jonathan,1.02e-4
Julianna,1.02e-4
Krysta,1.02e-4
Charmaine,1.02e-4
Deirdre,1.02e-4
Malissa,1.02e-4
Tanika,1.02e-4
Ashli,1.01e-4
Echo,1.01e-4
Jenni,1.01e-4
Jeana,1e-4
Kami,1e-4
Terry,1e-4
Justin,1e-4
Karrie,1e-4
Valencia,1e-4
Carley,9.9e-5
Kerrie,9.9e-5
Tisha,9.9e-5
Mai,9.9e-5
Rosalinda,9.9e-5
Shalonda,9.9e-5
Shea,9.9e-5
Shenna,9.9e-5
Yadira,9.9e-5
Cathleen,9.8e-5
Cecelia,9.8e-5
Charissa,9.8e-5
Dolores,9.8e-5
Latanya,9.8e-5
Aja,9.7e-5
Cheyenne,9.7e-5
Kiley,9.7e-5
Micah,9.7e-5
Teela,9.7e-5
Marta,9.7e-5
Brook,9.6e-5
Mari,9.6e-5
Marisela,9.6e-5
Rikki,9.6e-5
Jessi,9.5e-5
Lashanda,9.5e-5
Stefani,9.5e-5
Jesica,9.4e-5
Katheryn,9.4e-5
Luisa,9.4e-5
Susie,9.4e-5
Juana,9.4e-5
Monika,9.4e-5
Pearl,9.4e-5
Elaina,9.3e-5
Melina,9.3e-5
Portia,9.3e-5
Rosemarie,9.3e-5
Tenisha,9.3e-5
Cristin,9.3e-5
Emilee,9.3e-5
Lakeshia,9.3e-5
Rosalie,9.3e-5
Roxanna,9.3e-5
Tonia,9.3e-5
Ashlea,9.2e-5
Chantelle,9.2e-5
Graciela,9.2e-5
Jamila,9.2e-5
Lissette,9.2e-5
Kirstin,9.2e-5
Stacia,9.2e-5
Wendi,9.2e-5
Ami,9.1e-5
Corrine,9.1e-5
Hallie,9.1e-5
Iesha,9.1e-5
Marion,9.1e-5
Ronda,9.1e-5
Savanna,9.1e-5
Falon,9e-5
Jazmin,9e-5
Sharita,9e-5
Tristan,9e-5
Jada,9e-5
Salina,9e-5
Carlie,8.9e-5
Dianne,8.9e-5
Harmony,8.9e-5
Loni,8.9e-5
Suzanna,8.9e-5
Tyesha,8.9e-5
Lawanda,8.9e-5
Lourdes,8.9e-5
Paola,8.9e-5
Breann,8.8e-5
William,8.8e-5
Anthony,8.8e-5
Liana,8.8e-5
Mckenzie,8.8e-5
Alexia,8.7e-5
Bernice,8.7e-5
Kori,8.7e-5
Tana,8.7e-5
Maira,8.7e-5
Meggan,8.7e-5
Sherita,8.7e-5
Cathryn,8.6e-5
Janessa,8.6e-5
Mellissa,8.6e-5
Sophie,8.6e-5
Ada,8.5e-5
Jaimie,8.5e-5
June,8.5e-5
Therese,8.5e-5
Ida,8.5e-5
Kasandra,8.5e-5
Markita,8.5e-5
Stephaine,8.5e-5
Andrew,8.4e-5
Richelle,8.4e-5
Shavon,8.4e-5
Darcie,8.4e-5
Gabriella,8.4e-5
Phyllis,8.4e-5
Quiana,8.4e-5
Tawny,8.4e-5
Vickie,8.4e-5
Antionette,8.3e-5
Ciji,8.3e-5
Darci,8.3e-5
Eugenia,8.3e-5
Karly,8.3e-5
Alesia,8.3e-5
Chaya,8.3e-5
Damaris,8.3e-5
Lisette,8.3e-5
Magdalena,8.3e-5
Mildred,8.3e-5
Shanon,8.3e-5
Starla,8.3e-5
Brian,8.2e-5
Danyelle,8.2e-5
Davina,8.2e-5
Cherise,8.2e-5
Eric,8.2e-5
Jeannine,8.2e-5
Johnna,8.2e-5
Magen,8.2e-5
Margo,8.2e-5
Natosha,8.2e-5
Sue,8.2e-5
Bertha,8.1e-5
Caryn,8.1e-5
Dannielle,8.1e-5
Eve,8.1e-5
Felisha,8.1e-5
Malia,8.1e-5
Mellisa,8.1e-5
Nicholas,8.1e-5
Nikole,8.1e-5
Shaneka,8.1e-5
Shonda,8.1e-5
Sommer,8.1e-5
Ava,8e-5
Kay,8e-5
Lia,8e-5
