name,percent
Michael,0.036117
Christopher,0.032051
Matthew,0.026536
Joshua,0.021468
David,0.020515
Daniel,0.01947
James,0.019107
John,0.017383
Robert,0.016942
Joseph,0.016269
Jason,0.01597
Ryan,0.015317
Justin,0.014278
Andrew,0.013815
Brandon,0.013691
William,0.013268
Brian,0.013177
Adam,0.012762
Jonathan,0.012442
Nicholas,0.011205
Anthony,0.011177
Eric,0.011172
Steven,0.009708
Kevin,0.009524
Thomas,0.009379
Timothy,0.009066
Richard,0.008317
Jeffrey,0.007874
Aaron,0.007142
Benjamin,0.007069
Jeremy,0.007069
Mark,0.007041
Charles,0.006902
Kyle,0.006688
Stephen,0.006442
Patrick,0.006141
Jacob,0.00605
Nathan,0.005656
Scott,0.005638
Paul,0.005576
Dustin,0.005546
Travis,0.005461
Sean,0.005339
Gregory,0.005167
Zachary,0.004833
Kenneth,0.004687
Tyler,0.004641
Bryan,0.004407
Jose,0.004267
Jesse,0.004054
Chad,0.003765
Derek,0.003716
Bradley,0.003501
Alexander,0.003456
Samuel,0.003387
Shawn,0.003223
Marcus,0.003193
Edward,0.003151
Jared,0.00303
Peter,0.002999
Keith,0.00284
Cody,0.002776
Donald,0.002701
Juan,0.00247
Jordan,0.00242
Joel,0.002413
Ronald,0.002405
George,0.002271
Corey,0.002262
Phillip,0.002259
Douglas,0.00221
Brett,0.002183
Raymond,0.002115
Craig,0.00211
Gary,0.00211
Carlos,0.002105
Antonio,0.002067
Ian,0.002024
Derrick,0.001953
Nathaniel,0.001921
Philip,0.001874
Casey,0.001873
Cory,0.001869
Erik,0.001825
Shane,0.001777
Frank,0.001773
Gabriel,0.001769
Luis,0.001734
Brent,0.001698
Victor,0.001692
Larry,0.001659
Todd,0.001655
Jeffery,0.001615
Alex,0.001609
Vincent,0.001583
Curtis,0.001575
Dennis,0.001573
Evan,0.001565
Seth,0.001553
Randy,0.001551
Wesley,0.001494
Jeremiah,0.00148
Blake,0.00147
Christian,0.001451
Alan,0.00144
Russell,0.001431
Adrian,0.001414
Carl,0.001366
Jesus,0.001341
Luke,0.001315
Jerry,0.001308
Tony,0.0013
Miguel,0.001289
Troy,0.001283
Trevor,0.001257
Mario,0.001251
Austin,0.001246
Terry,0.001246
Andre,0.001232
Johnny,0.001209
Shaun,0.001202
Ricardo,0.001176
Devin,0.001159
Lee,0.001154
Mitchell,0.001146
Lance,0.001139
Martin,0.001137
Allen,0.00113
Bobby,0.00113
Lucas,0.001125
Marc,0.001121
Johnathan,0.001118
Chase,0.001115
Jimmy,0.001104
Henry,0.00108
Danny,0.001067
Kristopher,0.001059
Ricky,0.001057
Mathew,0.001051
Billy,0.001039
Albert,0.001005
Jonathon,9.96e-4
Lawrence,9.96e-4
Jorge,9.92e-4
Clinton,9.88e-4
Jon,9.85e-4
Manuel,9.85e-4
Randall,9.83e-4
Micheal,9.77e-4
Clayton,9.68e-4
Francisco,9.65e-4
Jamie,9.42e-4
Drew,9.41e-4
Colin,9.39e-4
Ross,9.31e-4
Garrett,9.23e-4
Roger,9.15e-4
Louis,9.12e-4
Arthur,9.06e-4
Isaac,9.02e-4
Walter,8.99e-4
Roberto,8.9e-4
Caleb,8.81e-4
Cameron,8.74e-4
Rodney,8.67e-4
Willie,8.58e-4
Joe,8.49e-4
Maurice,8.48e-4
Grant,8.45e-4
Jermaine,8.4e-4
Darren,8.27e-4
Jay,8.26e-4
Jack,7.88e-4
Wayne,7.88e-4
Bruce,7.78e-4
Gerald,7.69e-4
Calvin,7.66e-4
Oscar,7.59e-4
Angel,7.55e-4
Taylor,7.55e-4
Javier,7.41e-4
Roy,7.37e-4
Ruben,7.31e-4
Edwin,7.18e-4
Darrell,7.12e-4
Brendan,7.09e-4
Reginald,7.09e-4
Hector,7.08e-4
Geoffrey,7.05e-4
Alejandro,7e-4
Sergio,6.84e-4
Fernando,6.83e-4
Omar,6.76e-4
Noah,6.64e-4
Brad,6.6e-4
Dominic,6.59e-4
Frederick,6.5e-4
Terrance,6.47e-4
Jerome,6.3e-4
Jaime,6.25e-4
Eddie,6.21e-4
Cole,6.21e-4
Ernest,6.12e-4
Rafael,6.11e-4
Neil,5.99e-4
Pedro,5.98e-4
Micah,5.93e-4
Raul,5.92e-4
Ronnie,5.89e-4
Marvin,5.88e-4
Jessie,5.84e-4
Darryl,5.76e-4
Theodore,5.71e-4
Emmanuel,5.69e-4
Eugene,5.68e-4
Tyrone,5.64e-4
Leonard,5.62e-4
Steve,5.54e-4
Levi,5.5e-4
Dale,5.49e-4
Glenn,5.45e-4
Ramon,5.42e-4
Ivan,5.37e-4
Eduardo,5.35e-4
Clifford,5.32e-4
Terrence,5.29e-4
Logan,5.27e-4
Kelly,5.25e-4
Kurt,5.19e-4
Tommy,5.19e-4
Dylan,5.16e-4
Barry,5.12e-4
Nicolas,5.1e-4
Armando,5.09e-4
Julio,5.04e-4
Alberto,5.03e-4
Julian,5e-4
Spencer,5e-4
Tyson,4.93e-4
Andres,4.89e-4
Melvin,4.84e-4
Preston,4.82e-4
Francis,4.78e-4
Karl,4.77e-4
Byron,4.76e-4
Marco,4.74e-4
Stanley,4.72e-4
Cedric,4.71e-4
Chance,4.69e-4
Erick,4.68e-4
Tristan,4.64e-4
Harold,4.61e-4
Cesar,4.6e-4
Dwayne,4.6e-4
Devon,4.55e-4
Abraham,4.53e-4
Bryce,4.47e-4
Edgar,4.45e-4
Brenton,4.26e-4
Terrell,4.26e-4
Warren,4.26e-4
Leon,4.26e-4
Franklin,4.25e-4
Jarrod,4.23e-4
Marshall,4.23e-4
Earl,4.17e-4
Antoine,4.14e-4
Gilbert,4.13e-4
Courtney,4.12e-4
Ralph,4.11e-4
Arturo,4.09e-4
Rene,4.09e-4
Ray,4.08e-4
Shannon,4.06e-4
Dean,4.06e-4
Colby,4.04e-4
Alfred,3.99e-4
Jake,3.97e-4
Lorenzo,3.96e-4
Darnell,3.95e-4
Joey,3.95e-4
Andy,3.94e-4
Branden,3.92e-4
Clarence,3.91e-4
Harry,3.88e-4
Ethan,3.87e-4
Enrique,3.8e-4
Damien,3.77e-4
Clint,3.76e-4
Brady,3.73e-4
Morgan,3.73e-4
Beau,3.71e-4
Stuart,3.69e-4
Alvin,3.69e-4
Kirk,3.68e-4
Kelvin,3.67e-4
Alfredo,3.6e-4
Howard,3.59e-4
Wade,3.54e-4
Marcos,3.54e-4
Orlando,3.53e-4
Nelson,3.48e-4
Simon,3.47e-4
Clifton,3.44e-4
Heath,3.4e-4
Dane,3.38e-4
Daryl,3.38e-4
Max,3.37e-4
Salvador,3.36e-4
Elijah,3.36e-4
Roderick,3.35e-4
Gerardo,3.33e-4
Demetrius,3.31e-4
Nickolas,3.3e-4
Bryant,3.29e-4
Chris,3.29e-4
Bernard,3.28e-4
Ernesto,3.23e-4
Isaiah,3.23e-4
Quentin,3.21e-4
Darius,3.2e-4
Damon,3.18e-4
Trent,3.17e-4
Norman,3.16e-4
Israel,3.15e-4
Allan,3.12e-4
Johnathon,3.11e-4
Landon,3.06e-4
Dwight,3.05e-4
Angelo,3.05e-4
Brock,3.02e-4
Neal,3.02e-4
Quinton,3.01e-4
Lewis,2.96e-4
Emanuel,2.96e-4
Duane,2.95e-4
Dallas,2.94e-4
Glen,2.93e-4
Vernon,2.93e-4
Lamar,2.92e-4
Terence,2.92e-4
Kent,2.92e-4
Rory,2.92e-4
Ashley,2.88e-4
Damian,2.88e-4
Charlie,2.87e-4
Xavier,2.84e-4
Leroy,2.82e-4
Kenny,2.81e-4
Elliott,2.81e-4
Collin,2.78e-4
Nolan,2.77e-4
Gavin,2.74e-4
Graham,2.74e-4
Jamal,2.74e-4
Kerry,2.73e-4
Trenton,2.73e-4
Rickey,2.72e-4
Lonnie,2.7e-4
Eli,2.68e-4
Gordon,2.68e-4
Julius,2.68e-4
Rudy,2.63e-4
Felix,2.62e-4
Dana,2.61e-4
Pablo,2.59e-4
Tyrell,2.58e-4
Noel,2.56e-4
Jayson,2.55e-4
Marlon,2.53e-4
Alexis,2.52e-4
Bradford,2.52e-4
Don,2.51e-4
Kendrick,2.51e-4
Josiah,2.51e-4
Derick,2.5e-4
Fredrick,2.5e-4
Jarvis,2.49e-4
Jamar,2.47e-4
Bret,2.44e-4
Hunter,2.43e-4
Marquis,2.43e-4
Elliot,2.4e-4
Fred,2.4e-4
Kurtis,2.4e-4
Lionel,2.36e-4
Rodolfo,2.36e-4
Ben,2.35e-4
Rolando,2.35e-4
Deandre,2.34e-4
Herbert,2.33e-4
Zachery,2.31e-4
Robin,2.31e-4
Lloyd,2.3e-4
Leo,2.29e-4
Roland,2.29e-4
Zachariah,2.29e-4
Darin,2.28e-4
Kendall,2.28e-4
Rocky,2.27e-4
Abel,2.26e-4
Perry,2.24e-4
Guillermo,2.2e-4
Jarrett,2.2e-4
Cornelius,2.19e-4
Pierre,2.19e-4
Miles,2.18e-4
Roman,2.18e-4
Tanner,2.17e-4
Dominique,2.17e-4
Jamaal,2.15e-4
Stephan,2.14e-4
Alfonso,2.12e-4
Dante,2.12e-4
Josue,2.1e-4
Owen,2.1e-4
Loren,2.09e-4
Oliver,2.09e-4
Greg,2.06e-4
Rick,2.06e-4
Saul,2.06e-4
Ty,2.05e-4
Donnie,2.04e-4
Jarred,2.03e-4
Ismael,2.03e-4
Clay,2.02e-4
Freddie,2.02e-4
Fabian,2.02e-4
Felipe,2.01e-4
Desmond,2e-4
Milton,2e-4
Dominick,2e-4
Antwan,1.99e-4
Gene,1.99e-4
Gustavo,1.98e-4
Jameson,1.97e-4
Gilberto,1.96e-4
Leslie,1.96e-4
Carlton,1.95e-4
Frankie,1.94e-4
Jeff,1.94e-4
Darrin,1.94e-4
Jerrod,1.94e-4
Sam,1.93e-4
Rogelio,1.92e-4
Marques,1.87e-4
Nathanael,1.87e-4
Quincy,1.86e-4
Elias,1.86e-4
Toby,1.84e-4
Lester,1.84e-4
Guy,1.83e-4
Kellen,1.81e-4
Kory,1.8e-4
Rusty,1.8e-4
Stefan,1.8e-4
Tomas,1.8e-4
Moses,1.79e-4
Dewayne,1.79e-4
Dexter,1.79e-4
Gerard,1.79e-4
Weston,1.79e-4
Dusty,1.77e-4
Donovan,1.77e-4
Floyd,1.76e-4
Jimmie,1.76e-4
Johnnie,1.75e-4
Ramiro,1.73e-4
Alonzo,1.72e-4
Jody,1.72e-4
Lamont,1.71e-4
Skyler,1.7e-4
Diego,1.68e-4
Esteban,1.67e-4
Donte,1.66e-4
Sidney,1.65e-4
Chadwick,1.65e-4
Trey,1.64e-4
Sheldon,1.63e-4
Clark,1.61e-4
Jarod,1.6e-4
Brendon,1.6e-4
Hugo,1.59e-4
Everett,1.59e-4
Salvatore,1.59e-4
Cecil,1.58e-4
Moises,1.58e-4
Leonardo,1.57e-4
Maxwell,1.57e-4
Tracy,1.56e-4
Myron,1.56e-4
Clyde,1.55e-4
Sterling,1.55e-4
Jackie,1.54e-4
Reid,1.54e-4
Reynaldo,1.54e-4
Bryon,1.53e-4
Forrest,1.53e-4
Jamel,1.53e-4
Mike,1.53e-4
Ted,1.53e-4
Chester,1.52e-4
Garry,1.52e-4
Ariel,1.49e-4
Malcolm,1.49e-4
Stewart,1.49e-4
Randolph,1.48e-4
Aron,1.47e-4
Herman,1.47e-4
Mason,1.47e-4
Nick,1.47e-4
Quintin,1.47e-4
Giovanni,1.47e-4
Blaine,1.46e-4
Scotty,1.46e-4
Dillon,1.46e-4
Kasey,1.45e-4
Colt,1.45e-4
Jonah,1.44e-4
Santiago,1.44e-4
Wilson,1.44e-4
Noe,1.43e-4
Jean,1.42e-4
Vicente,1.41e-4
Zackary,1.41e-4
Brooks,1.4e-4
Dan,1.4e-4
Jackson,1.4e-4
Solomon,1.4e-4
Demarcus,1.4e-4
Jess,1.39e-4
Josh,1.39e-4
Kiel,1.39e-4
Ali,1.38e-4
Donnell,1.38e-4
Rex,1.38e-4
Shea,1.37e-4
Wendell,1.37e-4
Amos,1.37e-4
Guadalupe,1.37e-4
Jim,1.37e-4
Arnold,1.36e-4
Lyle,1.36e-4
Akeem,1.36e-4
Reuben,1.36e-4
Alec,1.35e-4
Dion,1.35e-4
Efrain,1.35e-4
Riley,1.34e-4
Adan,1.32e-4
Erich,1.32e-4
Joaquin,1.32e-4
Kareem,1.3e-4
Parker,1.29e-4
Kristofer,1.28e-4
Zane,1.28e-4
Deangelo,1.28e-4
Sebastian,1.27e-4
Jerad,1.25e-4
Freddy,1.24e-4
Humberto,1.24e-4
Brennan,1.24e-4
Jamison,1.23e-4
Randal,1.22e-4
Anton,1.21e-4
Zackery,1.21e-4
Jerod,1.2e-4
Conrad,1.19e-4
Kody,1.19e-4
Harrison,1.18e-4
Jonas,1.18e-4
Carson,1.17e-4
Joesph,1.17e-4
Blair,1.16e-4
Otis,1.16e-4
Sammy,1.16e-4
Deon,1.15e-4
Sherman,1.15e-4
Emilio,1.14e-4
Conor,1.14e-4
Ira,1.13e-4
Keenan,1.13e-4
Avery,1.12e-4
Benny,1.12e-4
Sylvester,1.12e-4
Harley,1.1e-4
Prince,1.1e-4
Raphael,1.1e-4
Wyatt,1.1e-4
Damion,1.09e-4
Will,1.09e-4
Harvey,1.09e-4
Jennifer,1.09e-4
Reed,1.09e-4
Cale,1.08e-4
Dorian,1.08e-4
Leland,1.08e-4
Amir,1.07e-4
Bo,1.07e-4
Whitney,1.07e-4
Korey,1.07e-4
Markus,1.07e-4
Ryne,1.06e-4
Barrett,1.06e-4
Hugh,1.06e-4
Wallace,1.05e-4
Sonny,1.05e-4
Alton,1.04e-4
Bryson,1.04e-4
Pete,1.04e-4
Royce,1.04e-4
Nathanial,1.03e-4
Waylon,1.03e-4
Braden,1.02e-4
Erin,1.02e-4
Jovan,1.02e-4
Arron,1.02e-4
Garret,1.02e-4
Aubrey,1.01e-4
Marcel,1.01e-4
Mickey,1.01e-4
Claude,1e-4
Daren,9.9e-5
Willis,9.9e-5
Winston,9.9e-5
Rashad,9.9e-5
Rodrick,9.9e-5
Rodrigo,9.9e-5
Tom,9.9e-5
Bradly,9.8e-5
Chaz,9.8e-5
Hans,9.8e-5
Robbie,9.8e-5
Ashton,9.7e-5
Ignacio,9.7e-5
Marty,9.7e-5
Demario,9.7e-5
Luther,9.7e-5
Morris,9.7e-5
Antwon,9.6e-5
Jessica,9.6e-5
Virgil,9.6e-5
Cary,9.6e-5
Quinn,9.6e-5
Davis,9.5e-5
Jordon,9.5e-5
Matt,9.5e-5
Rigoberto,9.5e-5
Ron,9.5e-5
Brice,9.4e-5
Deshawn,9.4e-5
Carlo,9.3e-5
Thaddeus,9.3e-5
Darrel,9.3e-5
Earnest,9.3e-5
Alvaro,9.2e-5
Brant,9.1e-5
Edmund,9.1e-5
Mauricio,9.1e-5
Taurean,9.1e-5
Timmy,9.1e-5
Jered,9.1e-5
Roosevelt,9.1e-5
Cassidy,9e-5
Josef,9e-5
Lane,9e-5
Marion,9e-5
Nikolas,9e-5
Brenden,9e-5
Leonel,9e-5
Wilfredo,8.9e-5
Bill,8.9e-5
Cristian,8.9e-5
Kenton,8.9e-5
Rudolph,8.8e-5
Mitchel,8.7e-5
Ahmad,8.6e-5
Curt,8.6e-5
Elmer,8.6e-5
Myles,8.6e-5
Santos,8.6e-5
Kristian,8.6e-5
Tremaine,8.6e-5
Cyrus,8.5e-5
Ezekiel,8.5e-5
Teddy,8.5e-5
Bennie,8.5e-5
Gregg,8.5e-5
Vance,8.5e-5
Agustin,8.4e-5
Cedrick,8.4e-5
Cortez,8.4e-5
Jefferson,8.4e-5
Benito,8.4e-5
Ervin,8.4e-5
Carey,8.3e-5
Issac,8.3e-5
Jerrell,8.3e-5
Keegan,8.3e-5
Titus,8.3e-5
Heriberto,8.3e-5
Davon,8.2e-5
Elvis,8.2e-5
Mohammad,8.2e-5
Nigel,8.2e-5
Connor,8.1e-5
Dave,8.1e-5
Laurence,8.1e-5
Galen,8.1e-5
Jed,8.1e-5
Tory,8.1e-5
Derik,8e-5
Ezra,8e-5
Stacy,8e-5
Tucker,8e-5
Antione,7.9e-5
Dereck,7.9e-5
Chauncey,7.8e-5
Robby,7.8e-5
Skylar,7.8e-5
Shelby,7.7e-5
Jan,7.7e-5
Jeramy,7.7e-5
Rico,7.7e-5
Jasper,7.6e-5
Kaleb,7.6e-5
Liam,7.6e-5
Tobias,7.6e-5
Archie,7.6e-5
Kirby,7.6e-5
Adolfo,7.5e-5
Brain,7.5e-5
Lincoln,7.5e-5
Aric,7.5e-5
Davin,7.5e-5
Jace,7.5e-5
Ahmed,7.4e-5
Bart,7.4e-5
Tyrel,7.4e-5
Bennett,7.4e-5
Keon,7.4e-5
Abram,7.3e-5
Brandan,7.3e-5
Domingo,7.3e-5
Vaughn,7.3e-5
Tommie,7.2e-5
Carter,7.2e-5
Duncan,7.2e-5
Gonzalo,7.2e-5
Reggie,7.2e-5
Bronson,7e-5
Ellis,7e-5
Rocco,7e-5
Jeremie,7e-5
Judson,7e-5
Scottie,7e-5
Buddy,6.9e-5
Donny,6.9e-5
Jacques,6.9e-5
Tad,6.9e-5
Tyree,6.9e-5
Broderick,6.9e-5
Colton,6.9e-5
Octavio,6.9e-5
Alphonso,6.8e-5
Cortney,6.8e-5
Mack,6.8e-5
Jaron,6.7e-5
Mikel,6.7e-5
Antony,6.7e-5
Dejuan,6.7e-5
Lukas,6.7e-5
Paris,6.7e-5
Cristopher,6.6e-5
Grady,6.6e-5
Michel,6.6e-5
Moshe,6.6e-5
Van,6.6e-5
Darrick,6.6e-5
Jeffry,6.6e-5
Jerald,6.6e-5
Kelsey,6.6e-5
Louie,6.6e-5
Scot,6.6e-5
Darwin,6.5e-5
Dirk,6.5e-5
Edmond,6.5e-5
Isidro,6.5e-5
Sarah,6.5e-5
Tim,6.5e-5
Kris,6.5e-5
Monte,6.5e-5
Isiah,6.4e-5
Rhett,6.4e-5
Andrea,6.4e-5
Coleman,6.4e-5
Hassan,6.4e-5
Muhammad,6.4e-5
Osvaldo,6.4e-5
Asa,6.3e-5
Elton,6.3e-5
Jeremey,6.3e-5
Tyron,6.3e-5
Estevan,6.2e-5
German,6.2e-5
Jamil,6.2e-5
Chandler,6.2e-5
Cliff,6.2e-5
Javon,6.2e-5
Jeromy,6.2e-5
Ken,6.2e-5
Kristoffer,6.2e-5
Mohammed,6.2e-5
Nestor,6.1e-5
Shelton,6.1e-5
Chaim,6.1e-5
Cleveland,6.1e-5
Elisha,6.1e-5
Lindsey,6.1e-5
Nicholaus,6.1e-5
Amit,6e-5
Coy,6e-5
Jamey,6e-5
Malik,6e-5
Cornell,6e-5
Donta,6e-5
Horace,6e-5
Shayne,6e-5
Daron,5.9e-5
Fidel,5.9e-5
Jedidiah,5.9e-5
Leif,5.9e-5
Gregorio,5.9e-5
Justen,5.9e-5
Raymundo,5.9e-5
Ulysses,5.9e-5
Aldo,5.8e-5
Amanda,5.8e-5
Devan,5.8e-5
Kraig,5.8e-5
Stephon,5.8e-5
Wilbert,5.8e-5
August,5.8e-5
Jeramie,5.8e-5
Marlin,5.8e-5
Randell,5.8e-5
Rufus,5.8e-5
Britton,5.7e-5
Dalton,5.7e-5
Houston,5.7e-5
Stephanie,5.7e-5
Christoper,5.7e-5
Darrius,5.7e-5
Darron,5.7e-5
Elvin,5.7e-5
Hubert,5.7e-5
Lazaro,5.7e-5
Ari,5.6e-5
Delbert,5.6e-5
Federico,5.6e-5
Rickie,5.6e-5
Danial,5.6e-5
Kip,5.6e-5
Ramsey,5.6e-5
Ernie,5.5e-5
Johnpaul,5.5e-5
Lynn,5.5e-5
Silas,5.5e-5
Willard,5.5e-5
Bernardo,5.4e-5
Cruz,5.4e-5
Denny,5.4e-5
Eloy,5.4e-5
Junior,5.4e-5
Marquise,5.4e-5
Brandt,5.4e-5
Eddy,5.4e-5
Emmett,5.4e-5
Coty,5.3e-5
Dontae,5.3e-5
Gino,5.3e-5
Grayson,5.3e-5
Percy,5.2e-5
Brody,5.2e-5
Eliezer,5.2e-5
Isaias,5.2e-5
Keven,5.2e-5
Lowell,5.2e-5
Russel,5.2e-5
Theron,5.2e-5
Edwardo,5.1e-5
Efren,5.1e-5
Garett,5.1e-5
Hank,5.1e-5
Jedediah,5.1e-5
Rashawn,5.1e-5
Augustine,5.1e-5
Denver,5.1e-5
Juston,5.1e-5
Ronny,5.1e-5
Samson,5.1e-5
Wilfred,5.1e-5
Armand,5e-5
Jereme,5e-5
Justine,5e-5
Lauren,5e-5
Renaldo,5e-5
Valentin,5e-5
Adrain,5e-5
Dario,5e-5
Dewey,5e-5
Elizabeth,5e-5
Francesco,5e-5
Andreas,4.9e-5
Edgardo,4.9e-5
Giuseppe,4.9e-5
Kim,4.9e-5
Samir,4.9e-5
Brannon,4.9e-5
Deven,4.9e-5
Jerrad,4.9e-5
Cooper,4.8e-5
Cullen,4.8e-5
Genaro,4.8e-5
Jade,4.8e-5
Martell,4.8e-5
Rasheed,4.8e-5
Stacey,4.8e-5
Tavares,4.8e-5
Al,4.7e-5
Erwin,4.7e-5
Jarad,4.7e-5
Jarrell,4.7e-5
Rodger,4.7e-5
Simeon,4.7e-5
Torrey,4.7e-5
Baby,4.7e-5
Brandin,4.7e-5
Chet,4.7e-5
Dustan,4.7e-5
Emerson,4.7e-5
Lamarcus,4.7e-5
Alonso,4.6e-5
Chadd,4.6e-5
Christina,4.6e-5
Dedrick,4.6e-5
Jefferey,4.6e-5
Trever,4.6e-5
Eliseo,4.6e-5
Garland,4.6e-5
Greggory,4.6e-5
Jamin,4.6e-5
Remington,4.6e-5
Stevie,4.6e-5
Anwar,4.5e-5
Danielle,4.5e-5
Deric,4.5e-5
Deron,4.5e-5
Errol,4.5e-5
Garrick,4.5e-5
Irvin,4.5e-5
Kai,4.5e-5
Maria,4.5e-5
Pierce,4.5e-5
Tavon,4.5e-5
Walker,4.5e-5
Benjamen,4.5e-5
Emil,4.5e-5
Jakob,4.5e-5
Johathan,4.5e-5
Marcellus,4.5e-5
Travon,4.5e-5
Arnulfo,4.4e-5
Carmelo,4.4e-5
Cristobal,4.4e-5
Deonte,4.4e-5
Jude,4.4e-5
Kenyon,4.4e-5
Melissa,4.4e-5
Raheem,4.4e-5
Zebulon,4.4e-5
Eliot,4.4e-5
Ezequiel,4.4e-5
Rachel,4.4e-5
Vince,4.4e-5
Anderson,4.3e-5
Griffin,4.3e-5
Jermey,4.3e-5
Kameron,4.3e-5
Billie,4.3e-5
Coby,4.3e-5
Laron,4.3e-5
Lars,4.3e-5
Leopoldo,4.3e-5
Tavaris,4.3e-5
Tye,4.3e-5
Tylor,4.3e-5
Abdul,4.2e-5
Darian,4.2e-5
Franco,4.2e-5
