name,percent
Michael,0.033745
Christopher,0.031054
Matthew,0.024469
Joshua,0.021946
Daniel,0.020035
David,0.020023
James,0.018641
Robert,0.016683
John,0.016375
Joseph,0.015708
Andrew,0.015683
Ryan,0.015545
Brandon,0.015239
Jason,0.013533
Justin,0.013285
William,0.012802
Jonathan,0.012541
Brian,0.011994
Nicholas,0.011635
Anthony,0.011483
Eric,0.010839
Adam,0.010487
Kevin,0.009781
Steven,0.009735
Thomas,0.009147
Timothy,0.008914
Kyle,0.008583
Richard,0.00797
Jeffrey,0.00754
Jeremy,0.006992
Benjamin,0.00698
Mark,0.006855
Aaron,0.006826
Charles,0.006703
Jacob,0.00638
Stephen,0.006348
Patrick,0.006045
Sean,0.005954
Zachary,0.0059
Nathan,0.005536
Dustin,0.00543
Paul,0.005365
Tyler,0.005308
Scott,0.005269
Gregory,0.00508
Travis,0.004725
Kenneth,0.004676
Bryan,0.004535
Jose,0.004367
Alexander,0.004309
Jesse,0.004275
Cody,0.003688
Bradley,0.003644
Samuel,0.003638
Shawn,0.003631
Derek,0.003462
Chad,0.003362
Jared,0.003059
Edward,0.003046
Peter,0.002945
Marcus,0.002905
Jordan,0.002838
Corey,0.002719
Keith,0.002711
Juan,0.002522
Donald,0.00247
Joel,0.002405
Shane,0.002366
Phillip,0.002337
Brett,0.002249
Ronald,0.002236
George,0.002212
Antonio,0.002154
Raymond,0.002126
Carlos,0.002121
Douglas,0.002091
Nathaniel,0.002082
Ian,0.002079
Craig,0.002054
Alex,0.00203
Cory,0.002011
Gary,0.001982
Derrick,0.001965
Philip,0.001942
Luis,0.001924
Casey,0.001817
Erik,0.00175
Victor,0.001731
Brent,0.001726
Frank,0.001715
Evan,0.001675
Gabriel,0.001668
Adrian,0.001627
Wesley,0.001581
Vincent,0.001578
Jeffery,0.001532
Larry,0.001532
Curtis,0.001529
Todd,0.001529
Blake,0.001517
Christian,0.001514
Randy,0.0015
Dennis,0.001478
Trevor,0.001466
Seth,0.001466
Luke,0.001425
Austin,0.001417
Alan,0.001396
Jesus,0.001393
Russell,0.001336
Jeremiah,0.001318
Carl,0.001314
Tony,0.001311
Miguel,0.00131
Mitchell,0.001274
Jerry,0.001261
Mario,0.001256
Johnathan,0.001245
Terry,0.001234
Shaun,0.001221
Devin,0.001213
Troy,0.001204
Lucas,0.001203
Andre,0.001188
Jorge,0.001188
Drew,0.001181
Johnny,0.001148
Allen,0.001139
Marc,0.001122
Lance,0.001119
Ricardo,0.001111
Martin,0.00111
Chase,0.001106
Kristopher,0.001095
Bobby,0.001089
Caleb,0.001083
Henry,0.001072
Garrett,0.001068
Jonathon,0.001056
Francisco,0.001048
Danny,0.001046
Lee,0.001042
Manuel,0.001027
Lawrence,0.001009
Ricky,0.001006
Randall,9.93e-4
Ross,9.81e-4
Mathew,9.77e-4
Jimmy,9.71e-4
Billy,9.52e-4
Jon,9.36e-4
Albert,9.35e-4
Taylor,9.33e-4
Cameron,9.31e-4
Micheal,9.16e-4
Colin,9.05e-4
Clayton,8.95e-4
Arthur,8.9e-4
Roger,8.88e-4
Roberto,8.87e-4
Darren,8.83e-4
Clinton,8.79e-4
Walter,8.78e-4
Louis,8.74e-4
Isaac,8.68e-4
Grant,8.6e-4
Jamie,8.48e-4
Rodney,8.42e-4
Joe,8.29e-4
Oscar,8.26e-4
Willie,8.19e-4
Angel,8.13e-4
Maurice,8.12e-4
Julian,7.93e-4
Calvin,7.91e-4
Jack,7.9e-4
Jay,7.89e-4
Hector,7.78e-4
Alejandro,7.57e-4
Ruben,7.56e-4
Gerald,7.53e-4
Javier,7.39e-4
Bruce,7.35e-4
Wayne,7.19e-4
Brendan,7.18e-4
Roy,7.18e-4
Edwin,6.92e-4
Dylan,6.9e-4
Dominic,6.9e-4
Geoffrey,6.88e-4
Darrell,6.87e-4
Reginald,6.82e-4
Fernando,6.71e-4
Sergio,6.56e-4
Rafael,6.48e-4
Pedro,6.47e-4
Frederick,6.37e-4
Tyrone,6.34e-4
Jerome,6.3e-4
Omar,6.3e-4
Theodore,6.29e-4
Neil,6.26e-4
Terrance,6.19e-4
Cole,6.16e-4
Jaime,6.15e-4
Jermaine,6.02e-4
Eddie,5.98e-4
Micah,5.96e-4
Brad,5.94e-4
Levi,5.94e-4
Marvin,5.94e-4
Emmanuel,5.93e-4
Jessie,5.89e-4
Darryl,5.86e-4
Ronnie,5.84e-4
Spencer,5.8e-4
Noah,5.76e-4
Raul,5.75e-4
Dale,5.69e-4
Ernest,5.57e-4
Jake,5.55e-4
Tristan,5.51e-4
Eduardo,5.46e-4
Ivan,5.44e-4
Alberto,5.41e-4
Andres,5.4e-4
Armando,5.28e-4
Kurt,5.25e-4
Dane,5.21e-4
Glenn,5.21e-4
Eugene,5.17e-4
Nicolas,5.17e-4
Logan,5.15e-4
Steve,5.14e-4
Ramon,5.13e-4
Bryce,5.12e-4
Tommy,5.11e-4
Preston,5.08e-4
Devon,5.07e-4
Barry,5.03e-4
Marco,5.01e-4
Karl,4.97e-4
Leonard,4.96e-4
Terrence,4.89e-4
Francis,4.85e-4
Tyson,4.85e-4
Stanley,4.77e-4
Brady,4.76e-4
Melvin,4.71e-4
Jarrod,4.68e-4
Cesar,4.66e-4
Byron,4.65e-4
Clifford,4.65e-4
Terrell,4.63e-4
Kelly,4.63e-4
Julio,4.61e-4
Edgar,4.59e-4
Dwayne,4.57e-4
Harold,4.44e-4
Abraham,4.39e-4
Cedric,4.38e-4
Antoine,4.31e-4
Erick,4.29e-4
Branden,4.21e-4
Franklin,4.21e-4
Dean,4.17e-4
Lorenzo,4.17e-4
Stuart,4.05e-4
Harry,4.04e-4
Alfredo,4e-4
Ray,3.99e-4
Arturo,3.98e-4
Joey,3.97e-4
Max,3.95e-4
Andy,3.94e-4
Johnathon,3.93e-4
Ralph,3.91e-4
Warren,3.9e-4
Kelvin,3.85e-4
Courtney,3.8e-4
Orlando,3.8e-4
Rene,3.8e-4
Leon,3.77e-4
Marcos,3.76e-4
Daryl,3.72e-4
Marshall,3.72e-4
Colby,3.72e-4
Brock,3.7e-4
Gerardo,3.68e-4
Nelson,3.67e-4
Alvin,3.67e-4
Trent,3.63e-4
Enrique,3.63e-4
Shannon,3.59e-4
Earl,3.59e-4
Gilbert,3.58e-4
Damien,3.57e-4
Kirk,3.55e-4
Morgan,3.54e-4
Elijah,3.53e-4
Clarence,3.52e-4
Desmond,3.52e-4
Howard,3.52e-4
Alfred,3.51e-4
Darnell,3.51e-4
Nickolas,3.49e-4
Roderick,3.49e-4
Ethan,3.46e-4
Trenton,3.43e-4
Beau,3.43e-4
Demetrius,3.41e-4
Bernard,3.39e-4
Chance,3.38e-4
Wade,3.38e-4
Bryant,3.37e-4
Clifton,3.35e-4
Zachery,3.35e-4
Angelo,3.32e-4
Ernesto,3.28e-4
Isaiah,3.27e-4
Xavier,3.24e-4
Clint,3.23e-4
Jamal,3.22e-4
Salvador,3.21e-4
Darius,3.17e-4
Chris,3.16e-4
Landon,3.14e-4
Brenton,3.13e-4
Israel,3.1e-4
Quentin,3.1e-4
Heath,3.09e-4
Damon,3.09e-4
Collin,3.04e-4
Kenny,2.98e-4
Norman,2.98e-4
Duane,2.95e-4
Hunter,2.94e-4
Dallas,2.93e-4
Neal,2.92e-4
Simon,2.92e-4
Lewis,2.9e-4
Eli,2.87e-4
Charlie,2.86e-4
Terence,2.86e-4
Vernon,2.85e-4
Quinton,2.83e-4
Leroy,2.8e-4
Lamar,2.78e-4
Emanuel,2.76e-4
Kent,2.76e-4
Kerry,2.73e-4
Gavin,2.72e-4
Perry,2.71e-4
Alexis,2.7e-4
Graham,2.7e-4
Allan,2.69e-4
Jayson,2.68e-4
Rudy,2.67e-4
Tanner,2.67e-4
Glen,2.65e-4
Marlon,2.65e-4
Damian,2.64e-4
Fredrick,2.63e-4
Marquis,2.62e-4
Bret,2.62e-4
Ashley,2.61e-4
Kurtis,2.61e-4
Dwight,2.6e-4
Rickey,2.6e-4
Josiah,2.59e-4
Rory,2.59e-4
Julius,2.55e-4
Zachariah,2.55e-4
Gordon,2.54e-4
Dana,2.51e-4
Deandre,2.5e-4
Jarrett,2.5e-4
Felix,2.49e-4
Nolan,2.48e-4
Lonnie,2.47e-4
Don,2.46e-4
Rodolfo,2.44e-4
Kendall,2.42e-4
Maxwell,2.42e-4
Kendrick,2.41e-4
Fred,2.4e-4
Jarvis,2.4e-4
Donovan,2.4e-4
Abel,2.39e-4
Pablo,2.39e-4
Elliott,2.39e-4
Alfonso,2.38e-4
Stephan,2.38e-4
Tyrell,2.38e-4
Miles,2.38e-4
Fabian,2.37e-4
Bradford,2.36e-4
Elliot,2.36e-4
Mason,2.36e-4
Gustavo,2.35e-4
Derick,2.34e-4
Jarred,2.33e-4
Pierre,2.33e-4
Jamar,2.32e-4
Leo,2.32e-4
Lloyd,2.32e-4
Noel,2.31e-4
Rick,2.3e-4
Herbert,2.24e-4
Guillermo,2.23e-4
Elias,2.22e-4
Ben,2.21e-4
Dominick,2.2e-4
Stefan,2.2e-4
Jameson,2.19e-4
Darin,2.18e-4
Josue,2.17e-4
Clay,2.16e-4
Ismael,2.16e-4
Roland,2.16e-4
Harrison,2.15e-4
Owen,2.14e-4
Rocky,2.13e-4
Dexter,2.13e-4
Kory,2.12e-4
Saul,2.12e-4
Rolando,2.1e-4
Lionel,2.09e-4
Dante,2.07e-4
Trey,2.06e-4
Skyler,2.04e-4
Rogelio,2.02e-4
Felipe,2.01e-4
Malcolm,2.01e-4
Dominique,2e-4
Carlton,1.97e-4
Darrin,1.97e-4
Dillon,1.97e-4
Cornelius,1.96e-4
Loren,1.95e-4
Jeff,1.94e-4
Robin,1.93e-4
Donte,1.93e-4
Jerrod,1.91e-4
Oliver,1.91e-4
Guy,1.9e-4
Gilberto,1.9e-4
Milton,1.9e-4
Esteban,1.89e-4
Antwan,1.89e-4
Roman,1.88e-4
Ty,1.87e-4
Freddie,1.85e-4
Kellen,1.85e-4
Demarcus,1.84e-4
Alvaro,1.84e-4
Dusty,1.83e-4
Nathanael,1.83e-4
Sidney,1.83e-4
Mike,1.81e-4
Tracy,1.81e-4
Sam,1.81e-4
Jamaal,1.8e-4
Diego,1.78e-4
Gene,1.78e-4
Gerard,1.78e-4
Salvatore,1.78e-4
Weston,1.78e-4
Jimmie,1.77e-4
Zackary,1.77e-4
Hugo,1.76e-4
Donnie,1.76e-4
Leslie,1.73e-4
Riley,1.73e-4
Johnnie,1.72e-4
Zane,1.72e-4
Greg,1.7e-4
Quincy,1.7e-4
Frankie,1.7e-4
Rusty,1.7e-4
Randolph,1.69e-4
Sheldon,1.69e-4
Tomas,1.68e-4
Lester,1.67e-4
Toby,1.67e-4
Brendon,1.65e-4
Korey,1.65e-4
Alonzo,1.63e-4
Dewayne,1.63e-4
Moses,1.63e-4
Forrest,1.62e-4
Parker,1.62e-4
Blaine,1.61e-4
Zackery,1.61e-4
Herman,1.61e-4
Bryon,1.59e-4
Floyd,1.58e-4
Giovanni,1.58e-4
Jarod,1.58e-4
Jamel,1.58e-4
Kody,1.58e-4
Kasey,1.56e-4
Leonardo,1.56e-4
Jackie,1.56e-4
Reid,1.55e-4
Jody,1.54e-4
Moises,1.54e-4
Brooks,1.52e-4
Everett,1.52e-4
Ramiro,1.52e-4
Lamont,1.51e-4
Alec,1.51e-4
Ariel,1.51e-4
Jackson,1.5e-4
Ryne,1.49e-4
Sebastian,1.49e-4
Scotty,1.48e-4
Chadwick,1.47e-4
Clark,1.47e-4
Stewart,1.46e-4
Ali,1.46e-4
Kareem,1.45e-4
Reuben,1.45e-4
Braden,1.44e-4
Clyde,1.44e-4
Wilson,1.44e-4
Keenan,1.42e-4
Sterling,1.42e-4
Colt,1.42e-4
Kristofer,1.42e-4
Cecil,1.38e-4
Jamison,1.38e-4
Jonah,1.38e-4
Santiago,1.38e-4
Ted,1.38e-4
Dan,1.37e-4
Myron,1.37e-4
Randal,1.37e-4
Reynaldo,1.37e-4
Deangelo,1.37e-4
Chester,1.36e-4
Jess,1.36e-4
Noe,1.36e-4
Rex,1.36e-4
Garret,1.35e-4
Avery,1.35e-4
Freddy,1.34e-4
Carson,1.33e-4
Quintin,1.33e-4
Raphael,1.33e-4
Joaquin,1.32e-4
Brennan,1.31e-4
Erich,1.31e-4
Nick,1.31e-4
Dion,1.31e-4
Garry,1.31e-4
Deon,1.3e-4
Brice,1.29e-4
Jean,1.29e-4
Guadalupe,1.29e-4
Josh,1.29e-4
Wendell,1.29e-4
Efrain,1.27e-4
Lyle,1.27e-4
Solomon,1.27e-4
Jordon,1.26e-4
Rigoberto,1.26e-4
Sammy,1.26e-4
Adan,1.25e-4
Aron,1.24e-4
Humberto,1.24e-4
Whitney,1.23e-4
Shea,1.22e-4
Aubrey,1.21e-4
Amos,1.21e-4
Barrett,1.21e-4
Harvey,1.2e-4
Reed,1.2e-4
Ashton,1.19e-4
Jessica,1.19e-4
Anton,1.18e-4
Harley,1.17e-4
Vicente,1.17e-4
Dorian,1.17e-4
Hugh,1.17e-4
Thaddeus,1.17e-4
Conrad,1.16e-4
Marques,1.16e-4
Emilio,1.15e-4
Kiel,1.15e-4
Robbie,1.15e-4
Winston,1.15e-4
Nathanial,1.13e-4
Arron,1.12e-4
Donnell,1.12e-4
Mauricio,1.12e-4
Erin,1.12e-4
Benny,1.11e-4
Royce,1.11e-4
Bradly,1.11e-4
Jerod,1.11e-4
Myles,1.1e-4
Jairo,1.09e-4
Wyatt,1.09e-4
Bryson,1.08e-4
Durell,1.08e-4
Jim,1.08e-4
Alton,1.08e-4
Jerrell,1.07e-4
Keegan,1.07e-4
Chaz,1.06e-4
Deshawn,1.06e-4
Morris,1.06e-4
Otis,1.06e-4
Demario,1.05e-4
Marcel,1.05e-4
Will,1.05e-4
Sonny,1.04e-4
Conor,1.04e-4
Elvis,1.04e-4
Joesph,1.04e-4
Jovan,1.04e-4
Ignacio,1.03e-4
Kaleb,1.03e-4
Cary,1.03e-4
Tyree,1.03e-4
Lukas,1.02e-4
Nigel,1.02e-4
Sherman,1.02e-4
Prince,1.01e-4
Jonas,1.01e-4
Sylvester,1.01e-4
Wilfredo,1.01e-4
Arnold,1e-4
Brody,1e-4
Cortez,9.9e-5
Markus,9.9e-5
Davon,9.8e-5
Claude,9.8e-5
Antwon,9.7e-5
Cale,9.7e-5
Jerad,9.7e-5
Willis,9.7e-5
Ahmad,9.6e-5
Nikolas,9.6e-5
Kristian,9.5e-5
Leonel,9.5e-5
Pete,9.5e-5
Rodrigo,9.5e-5
Cristian,9.4e-5
Davis,9.4e-5
Blair,9.4e-5
Issac,9.4e-5
Wallace,9.4e-5
Waylon,9.4e-5
Earnest,9.3e-5
Hans,9.3e-5
Lane,9.3e-5
Shelby,9.3e-5
Tom,9.3e-5
Coty,9.2e-5
Jasper,9.2e-5
Bill,9.2e-5
Brandan,9.2e-5
Jace,9.2e-5
Ron,9.2e-5
Santos,9.2e-5
Connor,9.1e-5
Skylar,9.1e-5
Tory,9.1e-5
Carter,9.1e-5
Edmund,9.1e-5
Amir,9e-5
Darrel,9e-5
Derik,9e-5
Quinn,9e-5
Luther,8.9e-5
Colton,8.9e-5
Josef,8.9e-5
Mickey,8.9e-5
Carey,8.8e-5
Ezra,8.8e-5
Jefferson,8.8e-5
Rashad,8.8e-5
Gregg,8.7e-5
Agustin,8.7e-5
Damion,8.6e-5
Leland,8.6e-5
Duncan,8.5e-5
Matt,8.5e-5
Bennett,8.4e-5
Vance,8.4e-5
Brant,8.4e-5
Ira,8.4e-5
Jennifer,8.4e-5
Mitchel,8.4e-5
Akeem,8.3e-5
Tyrel,8.3e-5
Galen,8.3e-5
Robby,8.2e-5
Shayne,8.2e-5
Mikel,8.2e-5
Roosevelt,8.2e-5
Rudolph,8.2e-5
Curt,8.1e-5
Jarrell,8.1e-5
Rodrick,8.1e-5
Brain,8.1e-5
Devan,8.1e-5
Marty,8.1e-5
Rhett,8.1e-5
Marion,8e-5
Javon,8e-5
Bo,7.9e-5
Carlo,7.9e-5
Cassidy,7.9e-5
Dejuan,7.9e-5
Abram,7.8e-5
Heriberto,7.8e-5
Mohammad,7.8e-5
Tobias,7.8e-5
Durrell,7.8e-5
Ellis,7.8e-5
Teddy,7.8e-5
Griffin,7.7e-5
Brenden,7.6e-5
Dave,7.6e-5
Jered,7.6e-5
Tommie,7.6e-5
Liam,7.6e-5
Rico,7.6e-5
Virgil,7.6e-5
Jerald,7.5e-5
Timmy,7.5e-5
Amanda,7.5e-5
Jacques,7.5e-5
Paris,7.5e-5
Taurean,7.5e-5
Alphonso,7.4e-5
Bennie,7.4e-5
Jamil,7.4e-5
Jed,7.4e-5
Jeremie,7.4e-5
Adolfo,7.4e-5
Dereck,7.4e-5
Van,7.4e-5
Asa,7.3e-5
Benito,7.3e-5
Cortney,7.3e-5
Antione,7.3e-5
Coleman,7.3e-5
Tucker,7.3e-5
Elmer,7.2e-5
Jeramy,7.2e-5
Nestor,7.2e-5
Jaron,7.2e-5
Laurence,7.2e-5
Osvaldo,7.2e-5
Stacy,7.1e-5
Cornell,7e-5
Cristopher,7e-5
Kenton,7e-5
Archie,7e-5
Darrick,7e-5
Grayson,7e-5
Titus,7e-5
Aric,6.9e-5
Cyrus,6.9e-5
Grady,6.9e-5
Rocco,6.9e-5
Scottie,6.9e-5
Ervin,6.9e-5
Raymundo,6.8e-5
Daren,6.8e-5
Domingo,6.8e-5
Isiah,6.8e-5
Mohammed,6.8e-5
Reggie,6.8e-5
Vaughn,6.8e-5
Cedrick,6.7e-5
Dalton,6.7e-5
Jeromy,6.7e-5
Darron,6.7e-5
Jan,6.7e-5
Jeffry,6.7e-5
Keon,6.7e-5
Tad,6.7e-5
Gonzalo,6.6e-5
Jedidiah,6.6e-5
Kirby,6.6e-5
Estevan,6.6e-5
Ari,6.5e-5
Chauncey,6.5e-5
Dontae,6.5e-5
Fidel,6.5e-5
Rufus,6.5e-5
Channing,6.5e-5
Stephon,6.5e-5
Ulysses,6.5e-5
Bronson,6.4e-5
Davin,6.3e-5
Lazaro,6.3e-5
Andrea,6.3e-5
Bart,6.3e-5
Broderick,6.3e-5
Elvin,6.3e-5
Kristoffer,6.3e-5
Cruz,6.2e-5
Jamey,6.2e-5
Kelsey,6.2e-5
Octavio,6.2e-5
Rickie,6.2e-5
Tyron,6.2e-5
Chandler,6.2e-5
German,6.2e-5
Louie,6.2e-5
Malik,6.2e-5
Christoper,6.1e-5
Hassan,6.1e-5
Randell,6.1e-5
Britton,6.1e-5
Danial,6.1e-5
Denny,6.1e-5
Ezekiel,6.1e-5
Martell,6.1e-5
Moshe,6.1e-5
Shelton,6.1e-5
Stevie,6.1e-5
Ahmed,6e-5
August,6e-5
Buddy,6e-5
Edmond,6e-5
Isidro,6e-5
Judson,6e-5
Lincoln,6e-5
Lindsey,6e-5
Silas,6e-5
Delbert,6e-5
Coy,5.9e-5
Donny,5.9e-5
Lauren,5.9e-5
Rashawn,5.9e-5
Wilbert,5.9e-5
Amit,5.9e-5
Gino,5.9e-5
Gregorio,5.9e-5
Jaymes,5.9e-5
Justen,5.9e-5
Mohamed,5.9e-5
Stephanie,5.9e-5
Dirk,5.8e-5
Mack,5.8e-5
Monte,5.8e-5
Federico,5.8e-5
Junior,5.8e-5
Ken,5.8e-5
Daron,5.7e-5
Errol,5.7e-5
Garett,5.7e-5
Garrick,5.7e-5
Hubert,5.7e-5
Jeremey,5.7e-5
Lynn,5.7e-5
Chaim,5.7e-5
Dakota,5.7e-5
Keaton,5.7e-5
Laron,5.7e-5
Leif,5.7e-5
Samson,5.7e-5
Schuyler,5.7e-5
Stacey,5.7e-5
Cliff,5.6e-5
Cooper,5.6e-5
Marquise,5.6e-5
Ulises,5.6e-5
Bernardo,5.6e-5
Derrell,5.6e-5
Francesco,5.6e-5
Johathan,5.6e-5
Pierce,5.6e-5
Brandyn,5.5e-5
Darwin,5.5e-5
Danielle,5.5e-5
Elizabeth,5.5e-5
Kraig,5.5e-5
Marlin,5.5e-5
Tylor,5.5e-5
Willard,5.5e-5
Brannon,5.4e-5
Mackenzie,5.4e-5
Donta,5.4e-5
Drake,5.4e-5
Jermey,5.4e-5
Jerrad,5.4e-5
Michel,5.4e-5
Cade,5.3e-5
Efren,5.3e-5
Lowell,5.3e-5
Nicholaus,5.3e-5
Scot,5.3e-5
Elisha,5.3e-5
Greggory,5.3e-5
Ronny,5.3e-5
Antony,5.2e-5
Braxton,5.2e-5
Cullen,5.2e-5
Maximilian,5.2e-5
Sarah,5.2e-5
Tim,5.2e-5
Darrius,5.2e-5
Deonte,5.2e-5
Horace,5.2e-5
Jayme,5.2e-5
Justine,5.2e-5
Kai,5.2e-5
Brandin,5.1e-5
Denis,5.1e-5
Donavan,5.1e-5
Tremaine,5.1e-5
Anderson,5e-5
Edwardo,5e-5
Elton,5e-5
Kris,5e-5
Rodger,5e-5
Samir,5e-5
Aldo,5e-5
Ernie,5e-5
Jedediah,5e-5
Keven,5e-5
Muhammad,5e-5
Percy,5e-5
Ramsey,5e-5
Vince,5e-5
Deron,4.9e-5
Erwin,4.9e-5
Isaias,4.9e-5
Jade,4.9e-5
Uriel,4.9e-5
Asher,4.9e-5
Eliot,4.9e-5
Houston,4.9e-5
Maria,4.9e-5
Terell,4.9e-5
Theron,4.9e-5
Westley,4.9e-5
Andreas,4.8e-5
Brandt,4.8e-5
Chadd,4.8e-5
Dario,4.8e-5
Cleveland,4.8e-5
Denver,4.8e-5
Eliseo,4.8e-5
Irvin,4.8e-5
Kale,4.8e-5
Kim,4.8e-5
Al,4.7e-5
Baby,4.7e-5
Dandre,4.7e-5
Eloy,4.7e-5
Fletcher,4.7e-5
Jeramie,4.7e-5
Trace,4.7e-5
Vito,4.7e-5
Coby,4.7e-5
Kennith,4.7e-5
Kolby,4.7e-5
Edgardo,4.6e-5
Juston,4.6e-5
Raheem,4.6e-5
Romeo,4.6e-5
Darell,4.6e-5
Demarco,4.6e-5
Deven,4.6e-5
Jessy,4.6e-5
Joshuah,4.6e-5
Martez,4.6e-5
Reese,4.6e-5
Emerson,4.5e-5
Hank,4.5e-5
Jarret,4.5e-5
Jory,4.5e-5
Rayshawn,4.5e-5
Trever,4.5e-5
Walker,4.5e-5
Alden,4.5e-5
Armand,4.5e-5
Christina,4.5e-5
Dangelo,4.5e-5
Derrek,4.5e-5
Jereme,4.5e-5
Lindsay,4.5e-5
Valentin,4.5e-5
Arnulfo,4.4e-5
Melissa,4.4e-5
Deric,4.4e-5
Eddy,4.4e-5
Emmett,4.4e-5
Travon,4.4e-5
Deshaun,4.3e-5
Jabari,4.3e-5
