name,percent
Michael,0.032652
Christopher,0.028027
Matthew,0.023858
Joshua,0.020525
David,0.018869
Andrew,0.018573
Daniel,0.018398
James,0.016742
Justin,0.016162
Robert,0.015518
John,0.015158
Joseph,0.014628
Ryan,0.014609
Brandon,0.012737
William,0.012417
Nicholas,0.011925
Anthony,0.011862
Jonathan,0.011853
Kevin,0.010467
Brian,0.010447
Eric,0.010362
Kyle,0.010191
Jason,0.009924
Thomas,0.009297
Steven,0.009114
Timothy,0.008924
Adam,0.008678
Benjamin,0.007635
Jeremy,0.007425
Richard,0.007387
Jacob,0.007345
Jeffrey,0.006917
Zachary,0.006774
Aaron,0.006507
Charles,0.006244
Mark,0.006154
Alexander,0.00607
Stephen,0.005924
Tyler,0.005917
Sean,0.005873
Patrick,0.005719
Travis,0.005335
Scott,0.005227
Dustin,0.005183
Nathan,0.005087
Paul,0.004978
Gregory,0.004683
Jose,0.004474
Cody,0.004449
Samuel,0.004397
Bryan,0.004388
Jordan,0.004313
Kenneth,0.004286
Derek,0.004232
Jesse,0.004098
Bradley,0.003549
Corey,0.003304
Jared,0.003185
Shawn,0.003184
Alex,0.0031
Edward,0.003029
Cory,0.003
Chad,0.002888
Peter,0.002842
Shane,0.002722
Juan,0.002549
Marcus,0.002538
Phillip,0.00247
Keith,0.002453
Donald,0.002309
Brett,0.002275
Antonio,0.002268
Ronald,0.002132
Carlos,0.002125
Joel,0.002122
George,0.002097
Austin,0.002096
Nathaniel,0.002076
Raymond,0.00205
Casey,0.002015
Ian,0.002009
Luis,0.002007
Evan,0.001986
Philip,0.001969
Douglas,0.001951
Derrick,0.001813
Gary,0.001786
Craig,0.001725
Seth,0.001713
Christian,0.001705
Victor,0.001695
Wesley,0.001666
Trevor,0.001661
Erik,0.001658
Vincent,0.001627
Cameron,0.001621
Frank,0.001602
Devin,0.0015790000000000001
Gabriel,0.001577
Curtis,0.001493
Mitchell,0.001473
Adrian,0.001459
Brent,0.001454
Jesus,0.001431
Randy,0.001431
Blake,0.001429
Dennis,0.001414
Mario,0.001404
Jeffery,0.001357
Miguel,0.001352
Luke,0.001328
Alan,0.001326
Garrett,0.001325
Larry,0.001285
Caleb,0.001284
Johnathan,0.001271
Taylor,0.001246
Martin,0.001231
Russell,0.001221
Todd,0.001208
Lucas,0.001193
Tony,0.001176
Troy,0.001176
Spencer,0.001154
Jerry,0.001147
Carl,0.00114
Johnny,0.001129
Jorge,0.001114
Allen,0.001114
Jeremiah,0.001094
Ricardo,0.001088
Jonathon,0.001085
Terry,0.001078
Francisco,0.001075
Andre,0.001073
Colin,0.001073
Henry,0.001069
Manuel,0.001068
Chase,0.00106
Mathew,0.001049
Dylan,0.001025
Lance,0.001022
Marc,0.00101
Logan,9.99e-4
Kristopher,9.96e-4
Lawrence,9.73e-4
Bobby,9.68e-4
Ricky,9.51e-4
Danny,9.47e-4
Randall,9.41e-4
Shaun,9.38e-4
Isaac,9.37e-4
Clayton,0.00093000000000000005
Jimmy,9.29e-4
Lee,9.29e-4
Brendan,9.26e-4
Calvin,9.16e-4
Micheal,9.06e-4
Albert,9.05e-4
Drew,9.02e-4
Louis,8.63e-4
Ross,8.55e-4
Oscar,8.51e-4
Angel,8.49e-4
Jack,8.45e-4
Jake,8.4e-4
Roberto,8.34e-4
Billy,8.33e-4
Darren,8.2e-4
Edgar,8.19e-4
Rodney,8.17e-4
Hector,8.16e-4
Alejandro,8.12e-4
Walter,8.07e-4
Grant,8.01e-4
Roger,7.99e-4
Arthur,7.98e-4
Jamie,7.91e-4
Ruben,7.84e-4
Javier,7.83e-4
Jon,7.77e-4
Bryant,7.67e-4
Julian,7.63e-4
Jay,7.63e-4
Joe,7.63e-4
Willie,7.58e-4
Maurice,7.54e-4
Max,7.43e-4
Sergio,7.41e-4
Gerald,7.39e-4
Edwin,7.21e-4
Emmanuel,7.19e-4
Levi,7.15e-4
Clinton,6.98e-4
Bryce,6.95e-4
Reginald,6.87e-4
Dominic,6.85e-4
Bruce,6.69e-4
Geoffrey,6.69e-4
Wayne,6.67e-4
Omar,6.6e-4
Preston,6.57e-4
Roy,6.45e-4
Pedro,6.44e-4
Darrell,6.32e-4
Theodore,6.25e-4
Rafael,6.22e-4
Fernando,6.18e-4
Devon,6.14e-4
Jaime,6.06e-4
Jerome,6.06e-4
Raul,6.05e-4
Frederick,5.99e-4
Jessie,5.96e-4
Tyrone,5.92e-4
Terrance,5.83e-4
Ivan,5.79e-4
Andres,5.66e-4
Eddie,5.61e-4
Neil,5.54e-4
Darryl,5.53e-4
Eduardo,5.53e-4
Marvin,5.52e-4
Micah,5.47e-4
Armando,5.38e-4
Terrence,5.36e-4
Ronnie,5.34e-4
Brad,5.26e-4
Kurt,5.25e-4
Nicolas,5.21e-4
Maxwell,5.2e-4
Julio,5.16e-4
Cole,5.15e-4
Steve,5.14e-4
Ramon,5.13e-4
Noah,5.08e-4
Jamal,5.07e-4
Tommy,5.07e-4
Glenn,5.06e-4
Alberto,5.05e-4
Leonard,4.96e-4
Xavier,4.96e-4
Marco,4.91e-4
Ernest,4.86e-4
Francis,4.86e-4
Tyson,4.8e-4
Byron,4.78e-4
Tristan,4.77e-4
Dale,4.77e-4
Branden,4.7e-4
Erick,4.69e-4
Abraham,4.64e-4
Darius,4.64e-4
Eugene,4.59e-4
Orlando,4.5e-4
Brady,4.49e-4
Colby,4.47e-4
Terrell,4.47e-4
Jermaine,4.41e-4
Karl,4.38e-4
Cesar,4.35e-4
Miles,4.28e-4
Jarrod,4.25e-4
Melvin,4.23e-4
Isaiah,4.21e-4
Dean,4.21e-4
Stanley,4.19e-4
Mason,4.17e-4
Franklin,4.15e-4
Andy,4.14e-4
Hunter,4.13e-4
Lorenzo,4.13e-4
Dwayne,4.12e-4
Harold,4.11e-4
Antoine,4.11e-4
Collin,4.1e-4
Barry,4.06e-4
Johnathon,4.04e-4
Nickolas,4.04e-4
Kelly,4.03e-4
Arturo,3.97e-4
Morgan,3.95e-4
Ray,3.94e-4
Courtney,3.89e-4
Dane,3.89e-4
Clifford,3.87e-4
Elijah,3.83e-4
Demetrius,3.83e-4
Kelvin,3.83e-4
Gilbert,3.78e-4
Brock,3.77e-4
Alfredo,3.76e-4
Wade,3.75e-4
Alvin,3.75e-4
Enrique,3.74e-4
Marshall,3.73e-4
Kirk,3.71e-4
Ralph,3.71e-4
Joey,3.7e-4
Tanner,3.69e-4
Warren,3.67e-4
Nelson,3.64e-4
Harry,3.63e-4
Trent,3.63e-4
Rene,3.62e-4
Marcos,3.61e-4
Dillon,3.6e-4
Quentin,3.6e-4
Gerardo,3.52e-4
Zachery,3.52e-4
Darnell,3.52e-4
Dominique,3.51e-4
Alfred,3.49e-4
Daryl,3.49e-4
Cedric,3.47e-4
Trenton,3.45e-4
Dexter,3.42e-4
Leon,3.4e-4
Landon,3.36e-4
Salvador,3.36e-4
Stuart,3.36e-4
Ethan,3.35e-4
Kendrick,3.29e-4
Malcolm,3.25e-4
Clarence,3.24e-4
Donovan,3.23e-4
Gavin,3.23e-4
Gustavo,3.23e-4
Howard,3.21e-4
Angelo,3.2e-4
Ernesto,3.2e-4
Earl,3.18e-4
Israel,3.15e-4
Kurtis,3.14e-4
Lamar,3.14e-4
Rashad,3.12e-4
Deandre,3.09e-4
Roderick,3.05e-4
Desmond,3.05e-4
Bernard,3.04e-4
Harrison,3.03e-4
Connor,2.98e-4
Damien,2.97e-4
Heath,2.95e-4
Simon,2.93e-4
Lewis,2.92e-4
Stephan,2.91e-4
Dallas,2.88e-4
Rudy,2.88e-4
Emanuel,2.84e-4
Clifton,2.83e-4
Felix,2.83e-4
Marquis,2.83e-4
Dwight,2.82e-4
Jarrett,2.81e-4
Josue,2.8e-4
Chance,2.79e-4
Clint,2.78e-4
Eli,2.77e-4
Kendall,2.77e-4
Kenny,2.77e-4
Zachariah,2.77e-4
Bret,2.76e-4
Allan,2.76e-4
Damian,2.76e-4
Charlie,2.74e-4
Damon,2.74e-4
Norman,2.69e-4
Tyrell,2.69e-4
Diego,2.68e-4
Kory,2.66e-4
Shannon,2.66e-4
Pablo,2.64e-4
Quinton,2.64e-4
Stefan,2.64e-4
Beau,2.63e-4
Chris,2.62e-4
Elias,2.62e-4
Julius,2.6e-4
Glen,2.59e-4
Rodolfo,2.59e-4
Brenton,2.58e-4
Blaine,2.58e-4
Josiah,2.57e-4
Leroy,2.56e-4
Jarvis,2.55e-4
Jamar,2.55e-4
Fabian,2.54e-4
Gordon,2.53e-4
Vernon,2.49e-4
Derick,2.48e-4
Jarred,2.47e-4
Perry,2.47e-4
Terence,2.47e-4
Nolan,2.46e-4
Sam,2.46e-4
Riley,2.45e-4
Alexis,2.44e-4
Graham,2.44e-4
Pierre,2.43e-4
Dante,2.42e-4
Clay,2.4e-4
Noel,2.38e-4
Owen,2.36e-4
Zackary,2.36e-4
Abel,2.34e-4
Oliver,2.34e-4
Neal,2.34e-4
Skyler,2.33e-4
Don,2.32e-4
Trey,2.32e-4
Leo,2.3e-4
Elliott,2.28e-4
Alec,2.28e-4
Kent,2.28e-4
Bradford,2.26e-4
Kody,2.24e-4
Rick,2.24e-4
Alfonso,2.24e-4
Ismael,2.23e-4
Dakota,2.21e-4
Duane,2.19e-4
Saul,2.19e-4
Donte,2.18e-4
Ben,2.18e-4
Dominick,2.17e-4
Jayson,2.17e-4
Brennan,2.17e-4
Dana,2.15e-4
Lloyd,2.15e-4
Elliot,2.13e-4
Marlon,2.13e-4
Frankie,2.13e-4
Brendon,2.1e-4
Myles,2.1e-4
Ashley,2.1e-4
Kerry,2.1e-4
Rogelio,2.09e-4
Rolando,2.09e-4
Alonzo,2.08e-4
Rickey,2.08e-4
Roland,2.08e-4
Dusty,2.08e-4
Weston,2.07e-4
Roman,2.07e-4
Lonnie,2.05e-4
Cornelius,2.01e-4
Darin,2.01e-4
Felipe,2e-4
Rory,2e-4
Darrin,1.99e-4
Guillermo,1.98e-4
Fredrick,1.98e-4
Chadwick,1.97e-4
Kasey,1.95e-4
Fred,1.95e-4
Forrest,1.94e-4
Avery,1.93e-4
Giovanni,1.92e-4
Sheldon,1.89e-4
Demarcus,1.88e-4
Hugo,1.87e-4
Jaron,1.86e-4
Milton,1.85e-4
Wyatt,1.85e-4
Korey,1.85e-4
Conor,1.83e-4
Jordon,1.83e-4
Guy,1.82e-4
Sebastian,1.82e-4
Gilberto,1.81e-4
Antwan,1.81e-4
Carlton,1.81e-4
Salvatore,1.81e-4
Herbert,1.79e-4
Deangelo,1.78e-4
Kristofer,1.78e-4
Esteban,1.77e-4
Rusty,1.76e-4
Jackson,1.75e-4
Cordero,1.75e-4
Johnnie,1.72e-4
Loren,1.72e-4
Kaleb,1.71e-4
Parker,1.7e-4
Freddie,1.7e-4
Jamel,1.69e-4
Reid,1.69e-4
Donnie,1.69e-4
Sterling,1.67e-4
Floyd,1.67e-4
Ramiro,1.67e-4
Zane,1.66e-4
Gene,1.66e-4
Colton,1.65e-4
Sidney,1.65e-4
Zackery,1.65e-4
Leonardo,1.63e-4
Moises,1.63e-4
Chaz,1.63e-4
Jimmie,1.63e-4
Tracy,1.63e-4
Rocky,1.62e-4
Ty,1.62e-4
Gerard,1.61e-4
Tomas,1.6e-4
Moses,1.6e-4
Jerrod,1.59e-4
Lionel,1.59e-4
Brice,1.59e-4
Mike,1.58e-4
Nathanael,1.57e-4
Ali,1.56e-4
Dewayne,1.56e-4
Jeff,1.56e-4
Everett,1.55e-4
Robin,1.55e-4
Lamont,1.53e-4
Clark,1.53e-4
Coty,1.53e-4
Jameson,1.51e-4
Kellen,1.51e-4
Toby,1.51e-4
Ariel,1.5e-4
Kareem,1.5e-4
Reuben,1.49e-4
Wilson,1.49e-4
Leslie,1.49e-4
Freddy,1.48e-4
Jonah,1.48e-4
Keenan,1.48e-4
Emilio,1.48e-4
Stewart,1.48e-4
Humberto,1.47e-4
Ashton,1.47e-4
Reynaldo,1.47e-4
Brenden,1.46e-4
Braden,1.46e-4
Efrain,1.46e-4
Greg,1.45e-4
Jean,1.45e-4
Ted,1.45e-4
Addison,1.44e-4
Ahmad,1.44e-4
Demario,1.44e-4
Quincy,1.44e-4
Herman,1.43e-4
Lester,1.41e-4
Nick,1.41e-4
Quintin,1.41e-4
Jarod,1.4e-4
Davon,1.39e-4
Dion,1.39e-4
Arnold,1.39e-4
Quinn,1.38e-4
Bryon,1.37e-4
Colt,1.36e-4
Jamaal,1.36e-4
Markus,1.36e-4
Noe,1.34e-4
Shea,1.34e-4
Adan,1.33e-4
Cordell,1.32e-4
Bryson,1.31e-4
Alvaro,1.31e-4
Santiago,1.31e-4
Lyle,1.3e-4
Raphael,1.3e-4
Garret,1.29e-4
Griffin,1.29e-4
Jackie,1.29e-4
Dorian,1.29e-4
Cecil,1.28e-4
Chester,1.28e-4
Davis,1.28e-4
Jody,1.28e-4
Carson,1.27e-4
Sammy,1.27e-4
Spenser,1.27e-4
Randolph,1.27e-4
Skylar,1.25e-4
Jessica,1.25e-4
Jim,1.23e-4
Joaquin,1.23e-4
Reed,1.23e-4
Thaddeus,1.23e-4
Deshawn,1.23e-4
Guadalupe,1.22e-4
Randal,1.21e-4
Corbin,1.2e-4
Mitchel,1.2e-4
Myron,1.2e-4
Marcel,1.2e-4
Shayne,1.2e-4
Will,1.2e-4
Conrad,1.19e-4
Josh,1.19e-4
Vicente,1.19e-4
Rex,1.18e-4
Brooks,1.18e-4
Solomon,1.17e-4
Dan,1.17e-4
Jamison,1.17e-4
Moshe,1.16e-4
Scotty,1.16e-4
Sonny,1.15e-4
Mackenzie,1.14e-4
Winston,1.14e-4
Aron,1.13e-4
Donnell,1.13e-4
Bradly,1.12e-4
Mauricio,1.12e-4
Cortez,1.12e-4
Deon,1.11e-4
Erich,1.11e-4
Jace,1.11e-4
Jess,1.11e-4
Nikolas,1.11e-4
Anton,1.1e-4
Clyde,1.1e-4
Mohammad,1.1e-4
Harvey,1.1e-4
Leland,1.1e-4
Darrel,1.09e-4
Amos,1.09e-4
Carter,1.09e-4
Vance,1.09e-4
Wendell,1.09e-4
Elvis,1.08e-4
Garry,1.08e-4
Benny,1.08e-4
Lane,1.08e-4
Claude,1.07e-4
Ignacio,1.07e-4
Nigel,1.07e-4
Rigoberto,1.07e-4
Westley,1.07e-4
Jerrell,1.06e-4
Tory,1.06e-4
Maximilian,1.06e-4
Isiah,1.05e-4
Jasper,1.05e-4
Leonel,1.05e-4
Devan,1.04e-4
Jovan,1.03e-4
Jonas,1.03e-4
Aubrey,1.02e-4
Barrett,1.02e-4
Dalton,1.02e-4
Hugh,1.02e-4
Derik,1.02e-4
Ezra,1.02e-4
Sylvester,1.02e-4
Chandler,1.01e-4
Amir,1.01e-4
Royce,1.01e-4
Otis,1e-4
Rodrigo,9.9e-5
Cristian,9.9e-5
Erin,9.9e-5
Lukas,9.8e-5
Alton,9.8e-5
Brandan,9.8e-5
Edmund,9.8e-5
Javon,9.8e-5
Jerod,9.8e-5
Agustin,9.7e-5
Harley,9.7e-5
Morris,9.7e-5
Stephon,9.7e-5
Bo,9.5e-5
Jeramy,9.5e-5
Keegan,9.5e-5
Nathanial,9.5e-5
Teddy,9.5e-5
Wilfredo,9.4e-5
Antwon,9.3e-5
Arron,9.3e-5
Bronson,9.3e-5
Vaughn,9.2e-5
Akeem,9.1e-5
Santos,9.1e-5
Cary,9.1e-5
Robbie,9e-5
Shelby,9e-5
Ira,9e-5
Rico,9e-5
Tom,9e-5
Coleman,8.8e-5
Jarrell,8.8e-5
Marty,8.8e-5
Nestor,8.8e-5
Paris,8.8e-5
Pete,8.8e-5
Sherman,8.8e-5
Heriberto,8.8e-5
Kristian,8.8e-5
Darrius,8.7e-5
Earnest,8.7e-5
Houston,8.7e-5
Rhett,8.7e-5
Cruz,8.7e-5
Tyree,8.7e-5
Ulysses,8.7e-5
Willis,8.7e-5
Marques,8.6e-5
Ron,8.6e-5
Dereck,8.6e-5
Adolfo,8.5e-5
Hans,8.4e-5
Mohammed,8.4e-5
Octavio,8.4e-5
Ezekiel,8.4e-5
Grady,8.4e-5
Josef,8.4e-5
Duncan,8.3e-5
Galen,8.3e-5
Cale,8.3e-5
Ellis,8.3e-5
Ervin,8.3e-5
Joesph,8.3e-5
Kelsey,8.3e-5
Bennett,8.2e-5
Elmer,8.2e-5
Kameron,8.2e-5
Brant,8.1e-5
Daron,8.1e-5
Jamil,8.1e-5
Issac,8.1e-5
Blair,8e-5
Rudolph,8e-5
Luther,8e-5
Ryne,8e-5
Whitney,8e-5
Cristopher,7.9e-5
Daren,7.9e-5
Mickey,7.9e-5
Aldo,7.8e-5
Benito,7.8e-5
Cortney,7.8e-5
Cyrus,7.8e-5
Grayson,7.8e-5
Jerad,7.8e-5
Malik,7.8e-5
Tyrel,7.8e-5
Brody,7.8e-5
Tobias,7.8e-5
Roosevelt,7.7e-5
Damion,7.6e-5
Bennie,7.5e-5
Jakob,7.5e-5
Jerel,7.5e-5
Kenton,7.5e-5
Liam,7.5e-5
Antione,7.5e-5
Gregg,7.5e-5
Jedidiah,7.5e-5
Rocco,7.5e-5
Cullen,7.4e-5
Jefferson,7.4e-5
Antony,7.4e-5
Hassan,7.4e-5
Justen,7.4e-5
Stacy,7.4e-5
Tommie,7.4e-5
Torrey,7.4e-5
Van,7.4e-5
Wallace,7.4e-5
Cornell,7.3e-5
Irvin,7.3e-5
Mychal,7.3e-5
Dontae,7.3e-5
Marquise,7.3e-5
Virgil,7.3e-5
Tucker,7.2e-5
Carey,7.2e-5
Cedrick,7.2e-5
Jered,7.2e-5
Baby,7.1e-5
Brain,7.1e-5
Domingo,7.1e-5
Louie,7.1e-5
Raymundo,7.1e-5
Aric,7.1e-5
Drake,7.1e-5
Curt,7e-5
Deron,7e-5
Jacques,7e-5
Marion,7e-5
Timmy,7e-5
Bill,7e-5
Britton,7e-5
Cooper,7e-5
Derrell,7e-5
Rashawn,7e-5
Ahmed,6.9e-5
Junior,6.9e-5
Keaton,6.9e-5
Matt,6.9e-5
Mikel,6.9e-5
Rodrick,6.9e-5
Conner,6.9e-5
Fidel,6.9e-5
Jermey,6.9e-5
Abram,6.8e-5
Dave,6.8e-5
Gregorio,6.8e-5
Keon,6.8e-5
Broderick,6.8e-5
Deven,6.8e-5
Shelton,6.8e-5
Waylon,6.8e-5
Jeremie,6.7e-5
Jed,6.7e-5
Tylor,6.7e-5
Tyron,6.7e-5
Dario,6.6e-5
Deonte,6.6e-5
Estevan,6.6e-5
Jairo,6.6e-5
Jerald,6.6e-5
Madison,6.6e-5
Reggie,6.6e-5
Mack,6.6e-5
Robby,6.6e-5
Andreas,6.5e-5
Justine,6.5e-5
Titus,6.5e-5
Asa,6.5e-5
Ken,6.5e-5
Kyler,6.5e-5
Osvaldo,6.5e-5
Gonzalo,6.4e-5
Hayden,6.4e-5
Johnpaul,6.4e-5
Alphonso,6.4e-5
Brandyn,6.4e-5
Chauncey,6.4e-5
Jaymes,6.4e-5
Jeffry,6.4e-5
Randell,6.4e-5
Amanda,6.3e-5
Bernardo,6.3e-5
Torey,6.3e-5
Dejuan,6.3e-5
Donavan,6.3e-5
Kiel,6.3e-5
Lincoln,6.3e-5
Prince,6.3e-5
Silas,6.2e-5
Cassidy,6.2e-5
Efren,6.2e-5
Jeremey,6.2e-5
Kraig,6.2e-5
Michel,6.2e-5
Carlo,6.1e-5
German,6.1e-5
Kale,6.1e-5
Stevie,6.1e-5
Dandre,6e-5
Jeromy,6e-5
Kirby,6e-5
Mohamed,6e-5
Willard,6e-5
Buddy,6e-5
Davin,6e-5
Deric,6e-5
Gino,6e-5
Andrea,5.9e-5
Ari,5.9e-5
August,5.9e-5
Darwin,5.9e-5
Laurence,5.9e-5
Reece,5.9e-5
Coy,5.9e-5
Denny,5.9e-5
Isidro,5.9e-5
Chaim,5.8e-5
Jennifer,5.8e-5
Laron,5.8e-5
Scot,5.8e-5
Channing,5.7e-5
Darrick,5.7e-5
Jeramie,5.7e-5
Keven,5.7e-5
Raheem,5.7e-5
Stacey,5.7e-5
Wilbert,5.7e-5
Denver,5.7e-5
Derrek,5.7e-5
Francesco,5.7e-5
Ramsey,5.7e-5
Uriel,5.7e-5
Jory,5.6e-5
Sarah,5.6e-5
Braxton,5.6e-5
Danial,5.6e-5
Demarco,5.6e-5
Irving,5.6e-5
Rickie,5.6e-5
Archie,5.5e-5
Cade,5.5e-5
Hank,5.5e-5
Lauren,5.5e-5
Monte,5.5e-5
Muhammad,5.5e-5
Trever,5.5e-5
Christoper,5.5e-5
Cordaro,5.5e-5
Dashawn,5.5e-5
Holden,5.5e-5
Jessy,5.5e-5
Ronny,5.5e-5
Theron,5.5e-5
Edmond,5.4e-5
Elizabeth,5.4e-5
Johathan,5.4e-5
Kalen,5.4e-5
Kolby,5.4e-5
Octavius,5.4e-5
Shay,5.4e-5
Stephanie,5.4e-5
Dangelo,5.4e-5
Donny,5.4e-5
Federico,5.4e-5
Kristoffer,5.4e-5
Martell,5.4e-5
Scottie,5.4e-5
Uriah,5.4e-5
Kai,5.3e-5
Payton,5.3e-5
Eliezer,5.3e-5
Erwin,5.3e-5
Garett,5.3e-5
Tad,5.3e-5
Emmett,5.2e-5
Jarad,5.2e-5
Denis,5.2e-5
Eddy,5.2e-5
Edgardo,5.2e-5
Lazaro,5.2e-5
Pierce,5.2e-5
Rashaad,5.2e-5
Kris,5.1e-5
Lyndon,5.1e-5
Marcelo,5.1e-5
Marlin,5.1e-5
Dirk,5.1e-5
Jan,5.1e-5
Johnson,5.1e-5
Schuyler,5.1e-5
Greggory,5e-5
Leif,5e-5
Montrell,5e-5
Jaren,5e-5
Jayme,5e-5
Maria,5e-5
Rufus,5e-5
Amit,4.9e-5
Austen,4.9e-5
Brandt,4.9e-5
Chet,4.9e-5
Edwardo,4.9e-5
Elvin,4.9e-5
Travon,4.9e-5
Zechariah,4.9e-5
Ezequiel,4.9e-5
Joseluis,4.9e-5
Lindsey,4.9e-5
Trevin,4.9e-5
Alonso,4.8e-5
Bart,4.8e-5
Brandin,4.8e-5
Brannon,4.8e-5
Giancarlo,4.8e-5
Isaias,4.8e-5
Kalvin,4.8e-5
Kane,4.8e-5
Yaakov,4.8e-5
Adrain,4.8e-5
Al,4.8e-5
Brennen,4.8e-5
Genaro,4.8e-5
Jarret,4.8e-5
Marcellus,4.8e-5
Tremaine,4.8e-5
Tremayne,4.8e-5
Coby,4.7e-5
Darron,4.7e-5
Donta,4.7e-5
Jacoby,4.7e-5
Malachi,4.7e-5
Mariano,4.7e-5
Samir,4.7e-5
Valentin,4.7e-5
Anderson,4.7e-5
Baron,4.7e-5
Cleveland,4.7e-5
Eliseo,4.7e-5
Kegan,4.7e-5
