name,percent
Jessica,0.029897
Ashley,0.029271
Amanda,0.022309
Jennifer,0.017453
Sarah,0.014884
Stephanie,0.011956
Brittany,0.011864
Nicole,0.01083
Heather,0.010133
Elizabeth,0.009934
Samantha,0.009574
Megan,0.009512
Melissa,0.00943
Danielle,0.009076
Amber,0.008942
Lauren,0.008924
Rachel,0.008351
Tiffany,0.007873
Emily,0.007851
Christina,0.007379
Kimberly,0.006957
Laura,0.006953
Michelle,0.006952
Amy,0.00629
Rebecca,0.006203
Crystal,0.005875
Kayla,0.005646
Katherine,0.005567
Sara,0.005385
Kelly,0.005264
Erica,0.004979
Whitney,0.004765
Courtney,0.004754
Erin,0.004727
Angela,0.004581
Andrea,0.004531
Mary,0.004479
Katie,0.004372
Jamie,0.004224
Lisa,0.004027
Lindsey,0.003979
Kristen,0.003931
Vanessa,0.003921
Allison,0.003919
Shannon,0.003721
Alicia,0.003617
Chelsea,0.003539
Christine,0.003533
Lindsay,0.003486
Victoria,0.003336
Kathryn,0.003329
Anna,0.003285
Maria,0.003025
Jacqueline,0.003007
Kristin,0.002917
Natalie,0.002844
Jenna,0.00283
April,0.002827
Alexandra,0.002785
Alyssa,0.00274
Brittney,0.002738
Kristina,0.002678
Caitlin,0.002661
Monica,0.002567
Julie,0.002529
Hannah,0.002449
Kelsey,0.002441
Cassandra,0.002433
Tara,0.002375
Krystal,0.002339
Holly,0.002274
Kathleen,0.002221
Natasha,0.002204
Catherine,0.002189
Erika,0.002132
Patricia,0.002089
Kendra,0.002051
Meghan,0.002013
Jasmine,0.001988
Veronica,0.00193
Casey,0.001912
Leah,0.001843
Dana,0.001826
Cynthia,0.001811
Diana,0.001786
Julia,0.001774
Bethany,0.001759
Brandi,0.001733
Leslie,0.001705
Margaret,0.001677
Mallory,0.001674
Brandy,0.001618
Valerie,0.001581
Brooke,0.0015790000000000001
Morgan,0.001562
Felicia,0.001555
Molly,0.001542
Rachael,0.001513
Jillian,0.001491
Alison,0.00148
Stacy,0.001466
Melanie,0.001461
Stacey,0.001446
Kara,0.00144
Katrina,0.001395
Angelica,0.001388
Karen,0.001377
Krista,0.001363
Marissa,0.001358
Sabrina,0.001357
Nichole,0.001354
Ashlee,0.001318
Alexis,0.001312
Dominique,0.001304
Sandra,0.001286
Jaclyn,0.001281
Lacey,0.001281
Alisha,0.001277
Carrie,0.001275
Candace,0.001244
Candice,0.001223
Brianna,0.001222
Gina,0.001209
Desiree,0.001201
Susan,0.001199
Nancy,0.001193
Katelyn,0.001184
Brenda,0.001148
Latoya,0.001148
Monique,0.00113
Kelli,0.001126
Denise,0.001123
Joanna,0.001097
Renee,0.001093
Caroline,0.00109
Meagan,0.001069
Yesenia,0.001068
Abigail,0.001068
Tracy,0.001062
Miranda,0.001058
Kaitlin,0.001046
Linda,0.00103
Melinda,0.001025
Robin,0.00102
Heidi,0.001019
Jordan,0.001016
Anne,9.97e-4
Meredith,9.7e-4
Carolyn,9.68e-4
Tina,9.66e-4
Tabitha,9.65e-4
Sasha,9.61e-4
Pamela,9.51e-4
Teresa,9.51e-4
Cassie,9.37e-4
Tanya,9.35e-4
Ebony,9.33e-4
Colleen,9.32e-4
Theresa,0.00093000000000000005
Tamara,9.26e-4
Rebekah,9.25e-4
Misty,9.14e-4
Kaitlyn,9.11e-4
Taylor,9.1e-4
Jenny,9.08e-4
Olivia,9.03e-4
Kari,8.91e-4
Priscilla,8.8e-4
Ana,8.78e-4
Deanna,8.75e-4
Paige,8.74e-4
Barbara,8.68e-4
Sierra,8.65e-4
Gabrielle,8.55e-4
Justine,8.47e-4
Britney,8.46e-4
Emma,8.43e-4
Alexandria,8.32e-4
Haley,8.31e-4
Bridget,8.21e-4
Kristy,8.08e-4
Mayra,8.07e-4
Marie,7.97e-4
Audrey,7.93e-4
Cristina,7.89e-4
Chelsey,7.89e-4
Savannah,7.84e-4
Adrienne,7.83e-4
Jacquelyn,7.82e-4
Briana,7.73e-4
Kate,7.73e-4
Angel,7.72e-4
Autumn,7.71e-4
Cindy,7.61e-4
Kristi,7.58e-4
Carly,7.54e-4
Jill,7.54e-4
Grace,7.32e-4
Kristine,7.3e-4
Wendy,7.23e-4
Ashleigh,7.19e-4
Claire,7.09e-4
Kasey,7.01e-4
Janet,7e-4
Michele,6.99e-4
Claudia,6.96e-4
Christy,6.9e-4
Tasha,6.83e-4
Nina,6.73e-4
Stefanie,6.72e-4
Sharon,6.66e-4
Virginia,6.65e-4
Cara,6.58e-4
Aimee,6.57e-4
Jessie,6.53e-4
Janelle,6.5e-4
Toni,6.5e-4
Krystle,6.44e-4
Adriana,6.44e-4
Ann,6.44e-4
Lydia,6.42e-4
Deborah,6.42e-4
Regina,6.41e-4
Latasha,6.41e-4
Kelley,6.39e-4
Carla,6.38e-4
Tonya,6.34e-4
Trisha,6.33e-4
Lori,6.24e-4
Raquel,6.24e-4
Sheena,6.16e-4
Dawn,6.16e-4
Kellie,6.15e-4
Carmen,6.14e-4
Elise,6.1e-4
Martha,6.07e-4
Shawna,6.01e-4
Sophia,5.96e-4
Jaime,5.93e-4
Hillary,5.77e-4
Ellen,5.76e-4
Nikki,5.72e-4
Jeanette,5.69e-4
Randi,5.67e-4
Robyn,5.61e-4
Abby,5.6e-4
Summer,5.56e-4
Donna,5.49e-4
Ruth,5.49e-4
Roxanne,5.45e-4
Shana,5.44e-4
Christa,5.43e-4
Evelyn,5.39e-4
Amelia,5.37e-4
Naomi,5.3e-4
Marisa,5.28e-4
Gloria,5.26e-4
Bonnie,5.25e-4
Jocelyn,5.24e-4
Gabriela,5.22e-4
Rosa,5.17e-4
Allyson,5.14e-4
Cheryl,5.13e-4
Mandy,5.12e-4
Mindy,5.11e-4
Suzanne,5.06e-4
Beth,4.96e-4
Bianca,4.91e-4
Anastasia,4.85e-4
Breanna,4.84e-4
Melody,4.83e-4
Paula,4.82e-4
Shelby,4.78e-4
Yolanda,4.78e-4
Diane,4.77e-4
Keri,4.76e-4
Kirsten,4.76e-4
Hayley,4.71e-4
Maggie,4.69e-4
Madeline,4.68e-4
Rachelle,4.66e-4
Hilary,4.65e-4
Tammy,4.62e-4
Karla,4.62e-4
Sylvia,4.61e-4
Jade,4.58e-4
Joy,4.58e-4
Esther,4.53e-4
Karina,4.52e-4
Lacy,4.49e-4
Rose,4.47e-4
Aubrey,4.39e-4
Sonia,4.39e-4
Alexa,4.38e-4
Traci,4.38e-4
Charlotte,4.37e-4
Helen,4.36e-4
Jasmin,4.35e-4
Hope,4.32e-4
Destiny,4.31e-4
Tracey,4.31e-4
Christie,4.3e-4
Charlene,4.29e-4
Elyse,4.29e-4
Frances,4.29e-4
Sheila,4.26e-4
Brittani,4.25e-4
Angelina,4.22e-4
Antoinette,4.22e-4
Jodi,4.22e-4
Cierra,4.19e-4
Shauna,4.14e-4
Ciara,4.12e-4
Daisy,4.11e-4
Johanna,4.11e-4
Alice,4.1e-4
Brianne,4.07e-4
Carol,4.06e-4
Ashton,4.05e-4
Shaina,4.05e-4
Alissa,4.03e-4
Cortney,4.02e-4
Miriam,4.02e-4
Tatiana,4.02e-4
Keisha,4.01e-4
Madison,4e-4
Yvette,3.99e-4
Cecilia,3.98e-4
Shanna,3.97e-4
Stacie,3.96e-4
Rochelle,3.95e-4
Anita,3.95e-4
Charity,3.95e-4
Carissa,3.91e-4
Kerri,3.9e-4
Yvonne,3.89e-4
Katharine,3.88e-4
Staci,3.88e-4
Tia,3.85e-4
Elisabeth,3.84e-4
Mackenzie,3.8e-4
Camille,3.78e-4
Kendall,3.74e-4
Ryan,3.72e-4
Clarissa,3.71e-4
Alyson,3.71e-4
Eva,3.71e-4
Leticia,3.7e-4
Kristie,3.68e-4
Tanisha,3.66e-4
Katy,3.59e-4
Tiara,3.58e-4
Janice,3.58e-4
Jaimie,3.57e-4
Elaine,3.57e-4
Kerry,3.56e-4
Leigh,3.56e-4
Jane,3.55e-4
Chasity,3.54e-4
Nikita,3.51e-4
Annie,3.5e-4
Meaghan,3.49e-4
Tabatha,3.48e-4
Irene,3.47e-4
Sydney,3.47e-4
Debra,3.42e-4
Tricia,3.42e-4
Chelsie,3.42e-4
Ruby,3.36e-4
Guadalupe,3.36e-4
Shelly,3.36e-4
Sade,3.34e-4
Ariel,3.33e-4
Ericka,3.33e-4
Alana,3.33e-4
Elisa,3.33e-4
Lyndsey,3.32e-4
Chantel,3.31e-4
Callie,3.29e-4
Sonya,3.29e-4
Dorothy,3.28e-4
Taryn,3.28e-4
Bailey,3.26e-4
Latisha,3.25e-4
Rhonda,3.25e-4
Kaylee,3.23e-4
Caitlyn,3.19e-4
Janay,3.18e-4
Elena,3.16e-4
Lorena,3.15e-4
Patrice,3.14e-4
Annette,3.13e-4
Christian,3.12e-4
Jena,3.11e-4
Noelle,3.11e-4
Shayla,3.11e-4
Jana,3.1e-4
Jackie,3.08e-4
Sandy,3.04e-4
Sherry,3.03e-4
Francesca,3.02e-4
Tessa,3.02e-4
Constance,3e-4
Faith,3e-4
Joyce,3e-4
Daniela,2.99e-4
Shayna,2.99e-4
Maureen,2.96e-4
Mia,2.9e-4
Michael,2.9e-4
Tamika,2.9e-4
Terri,2.89e-4
Hailey,2.87e-4
Lara,2.87e-4
Kayleigh,2.87e-4
Michaela,2.86e-4
Nora,2.86e-4
Marilyn,2.84e-4
Nadia,2.84e-4
India,2.83e-4
Kira,2.83e-4
Lillian,2.83e-4
Sally,2.81e-4
Judith,2.8e-4
Juanita,2.8e-4
Lakeisha,2.8e-4
Alejandra,2.79e-4
Ariana,2.79e-4
Jami,2.79e-4
Ciera,2.78e-4
Laurie,2.77e-4
Kathy,2.76e-4
Rita,2.76e-4
Marisol,2.72e-4
Tierra,2.72e-4
Connie,2.71e-4
Ashlie,2.71e-4
Ashly,2.71e-4
Chloe,2.7e-4
Larissa,2.69e-4
Shelley,2.69e-4
Lucy,2.69e-4
Ashely,2.67e-4
Julianne,2.67e-4
Isabel,2.64e-4
Tori,2.64e-4
Kylie,2.63e-4
Marlene,2.63e-4
Maribel,2.62e-4
Brenna,2.62e-4
Alisa,2.61e-4
Alma,2.61e-4
Leanne,2.61e-4
Jacklyn,2.61e-4
Bridgette,2.6e-4
Esmeralda,2.58e-4
Keshia,2.58e-4
Carolina,2.57e-4
Krystina,2.56e-4
Kyla,2.55e-4
Brandie,2.54e-4
Lynn,2.53e-4
Lesley,2.51e-4
Eileen,2.51e-4
Jazmin,2.51e-4
Celeste,2.49e-4
Jennie,2.48e-4
Joanne,2.48e-4
Chanel,2.48e-4
Belinda,2.47e-4
Norma,2.47e-4
Natalia,2.47e-4
Shirley,2.44e-4
Kassandra,2.43e-4
Beverly,2.43e-4
Juliana,2.43e-4
Rosemary,2.43e-4
Angie,2.41e-4
Elisha,2.4e-4
Serena,2.39e-4
Tiffani,2.39e-4
Jenifer,2.39e-4
Laurel,2.39e-4
Audra,2.38e-4
Octavia,2.38e-4
Jayme,2.37e-4
Marina,2.37e-4
Blair,2.36e-4
Darlene,2.36e-4
Janae,2.36e-4
Alaina,2.35e-4
Trista,2.35e-4
Amie,2.34e-4
Devin,2.34e-4
Genevieve,2.34e-4
Mariah,2.33e-4
Betty,2.32e-4
Josephine,2.32e-4
Iris,2.31e-4
Precious,2.28e-4
Mercedes,2.27e-4
Vivian,2.26e-4
Bobbie,2.26e-4
Kacie,2.25e-4
Maegan,2.24e-4
Shantel,2.24e-4
Devon,2.23e-4
Lena,2.23e-4
Tania,2.23e-4
Simone,2.21e-4
Judy,2.19e-4
Blanca,2.18e-4
Corinne,2.17e-4
Betsy,2.16e-4
Tiana,2.15e-4
Karissa,2.15e-4
Clara,2.14e-4
Leann,2.14e-4
Savanna,2.14e-4
Mollie,2.12e-4
Cassidy,2.11e-4
Asia,2.08e-4
Cristal,2.08e-4
Hollie,2.08e-4
Stephany,2.08e-4
Sadie,2.08e-4
Liliana,2.06e-4
Alysha,2.05e-4
Christopher,2.03e-4
Kala,2.03e-4
Aisha,2.02e-4
Susana,2.02e-4
Becky,2.01e-4
Jean,2.01e-4
Christen,2.01e-4
Dianna,2e-4
Hanna,2e-4
Chrystal,2e-4
Lorraine,2e-4
Maritza,2e-4
Sherri,1.99e-4
Bobbi,1.98e-4
Ivy,1.98e-4
Christin,1.97e-4
Margarita,1.96e-4
Daniella,1.96e-4
Deidre,1.96e-4
Arlene,1.95e-4
Chandra,1.95e-4
Terra,1.95e-4
Alyse,1.94e-4
Breanne,1.94e-4
Lacie,1.94e-4
Marquita,1.94e-4
Alecia,1.93e-4
Alycia,1.92e-4
Gretchen,1.92e-4
Dayna,1.92e-4
Talia,1.92e-4
Brittni,1.9e-4
Joann,1.9e-4
Lea,1.9e-4
Adrian,1.9e-4
Jolene,1.9e-4
Justina,1.9e-4
Kristal,1.9e-4
Lora,1.87e-4
Mandi,1.87e-4
Racheal,1.86e-4
Raven,1.86e-4
Casandra,1.85e-4
Desirae,1.85e-4
Luz,1.85e-4
Kali,1.85e-4
Kelsie,1.84e-4
Janine,1.84e-4
Antonia,1.83e-4
Gabriella,1.83e-4
Jeannette,1.83e-4
Arielle,1.82e-4
Chantal,1.82e-4
Latonya,1.82e-4
Stevie,1.82e-4
Janna,1.82e-4
Tameka,1.8e-4
Lyndsay,1.8e-4
Noel,1.8e-4
Tiffanie,1.78e-4
Leanna,1.77e-4
Channing,1.76e-4
Corey,1.76e-4
Lucia,1.76e-4
Ayla,1.76e-4
Celia,1.76e-4
Jazmine,1.76e-4
Abbey,1.75e-4
Cherie,1.75e-4
Rocio,1.75e-4
Teri,1.75e-4
Kacey,1.74e-4
Lana,1.73e-4
Nadine,1.73e-4
Jesse,1.72e-4
Lynette,1.72e-4
Cori,1.72e-4
Kyle,1.71e-4
Jerrica,1.7e-4
Kaila,1.7e-4
Gwendolyn,1.69e-4
Adrianne,1.69e-4
Angelique,1.69e-4
Britni,1.68e-4
Paris,1.68e-4
Edith,1.68e-4
Ashli,1.67e-4
Roxana,1.67e-4
Sofia,1.67e-4
Dina,1.67e-4
Maricela,1.67e-4
Janette,1.66e-4
Lashonda,1.66e-4
Marisela,1.66e-4
Krysta,1.64e-4
Sheri,1.64e-4
Kristyn,1.64e-4
Lily,1.64e-4
Marianne,1.63e-4
Mckenzie,1.62e-4
Elissa,1.62e-4
Rosanna,1.62e-4
Sonja,1.62e-4
Adrianna,1.61e-4
Shari,1.61e-4
Roxanna,1.61e-4
Alysia,1.6e-4
Tracie,1.59e-4
Melisa,1.59e-4
Maranda,1.58e-4
Shanika,1.58e-4
Eliza,1.57e-4
Kassie,1.57e-4
Katlyn,1.57e-4
Kourtney,1.56e-4
Bernadette,1.56e-4
Kimberley,1.56e-4
Myra,1.56e-4
Domonique,1.55e-4
Kaleigh,1.55e-4
Cayla,1.55e-4
Phylicia,1.55e-4
Eleanor,1.54e-4
Latrice,1.54e-4
Matthew,1.54e-4
Shante,1.54e-4
Joelle,1.53e-4
Kaci,1.53e-4
Laci,1.53e-4
Alanna,1.53e-4
Marcia,1.52e-4
Maya,1.52e-4
Billie,1.52e-4
Julianna,1.51e-4
Cheyenne,1.5e-4
Jody,1.5e-4
Janel,1.5e-4
Joan,1.49e-4
Kim,1.49e-4
Kylee,1.49e-4
Jessika,1.48e-4
Lakeshia,1.48e-4
Emilie,1.48e-4
Kimberlee,1.48e-4
Corina,1.47e-4
Britany,1.46e-4
Kaley,1.46e-4
Cari,1.46e-4
Brittanie,1.45e-4
Jodie,1.45e-4
Joshua,1.45e-4
Deidra,1.45e-4
Felisha,1.45e-4
Leeann,1.45e-4
Maura,1.45e-4
Lakisha,1.44e-4
Allie,1.44e-4
Debbie,1.44e-4
Loretta,1.44e-4
Mara,1.44e-4
Fatima,1.43e-4
Janie,1.43e-4
Dominque,1.42e-4
Alesha,1.42e-4
Gillian,1.41e-4
Giselle,1.41e-4
Daniel,1.4e-4
Maryann,1.4e-4
Silvia,1.4e-4
Rhiannon,1.4e-4
Georgia,1.39e-4
Roberta,1.39e-4
Chantelle,1.39e-4
Diamond,1.39e-4
Yasmin,1.39e-4
Araceli,1.38e-4
Kandice,1.38e-4
Ali,1.38e-4
Beatriz,1.38e-4
Cameron,1.38e-4
Katelin,1.38e-4
Martina,1.38e-4
Nicolette,1.38e-4
Chiquita,1.37e-4
Shamika,1.37e-4
Fallon,1.36e-4
Kristian,1.36e-4
Justin,1.35e-4
Lizette,1.35e-4
David,1.35e-4
Kenya,1.35e-4
Tyler,1.35e-4
Aurora,1.34e-4
Loren,1.34e-4
Marjorie,1.34e-4
Clare,1.33e-4
Marsha,1.33e-4
Monika,1.33e-4
Noemi,1.33e-4
Yessenia,1.33e-4
Christi,1.32e-4
Eboni,1.32e-4
Selina,1.32e-4
Zoe,1.32e-4
Cathy,1.31e-4
Holli,1.31e-4
James,1.31e-4
Selena,1.31e-4
Janell,1.31e-4
Susanna,1.31e-4
Carina,1.3e-4
Joni,1.3e-4
Kandace,1.3e-4
Katelynn,1.3e-4
Cherish,1.3e-4
Kyra,1.3e-4
Viviana,1.3e-4
Lee,1.29e-4
Porsha,1.28e-4
Skye,1.28e-4
Dara,1.28e-4
Marla,1.28e-4
Princess,1.28e-4
Tosha,1.28e-4
Brittaney,1.27e-4
Daphne,1.27e-4
Emilee,1.27e-4
Jesica,1.27e-4
Marcella,1.27e-4
Tera,1.27e-4
Kati,1.27e-4
Sophie,1.27e-4
Andria,1.26e-4
Dena,1.26e-4
Gladys,1.26e-4
Ginger,1.25e-4
Jeannie,1.25e-4
Lakesha,1.25e-4
Portia,1.25e-4
Liza,1.25e-4
Kathrine,1.24e-4
Peggy,1.24e-4
Trina,1.24e-4
Nathalie,1.23e-4
Shameka,1.23e-4
Casie,1.22e-4
Shea,1.22e-4
Abbie,1.22e-4
Olga,1.22e-4
Cody,1.21e-4
Doris,1.21e-4
Ingrid,1.21e-4
Lynsey,1.21e-4
Rikki,1.21e-4
Santana,1.21e-4
Celina,1.21e-4
Kelsi,1.21e-4
Bridgett,1.2e-4
Kori,1.2e-4
Nikole,1.2e-4
Andrew,1.19e-4
Irma,1.19e-4
Carley,1.19e-4
Alexia,1.18e-4
Cheri,1.18e-4
Nakita,1.18e-4
Ashlyn,1.17e-4
Candy,1.17e-4
Catrina,1.17e-4
Mariana,1.17e-4
Yadira,1.17e-4
Robert,1.17e-4
Delilah,1.16e-4
Malorie,1.16e-4
Wanda,1.16e-4
Aileen,1.16e-4
Alexander,1.16e-4
Brandon,1.16e-4
Deana,1.16e-4
Jeanne,1.16e-4
Joseph,1.16e-4
Madeleine,1.16e-4
Kasie,1.15e-4
Marlena,1.15e-4
Perla,1.15e-4
Reyna,1.15e-4
Leila,1.14e-4
Linsey,1.14e-4
Richelle,1.14e-4
Anthony,1.14e-4
Pauline,1.14e-4
Stefani,1.14e-4
Janessa,1.13e-4
Mallorie,1.13e-4
Mattie,1.13e-4
Alex,1.13e-4
Cecelia,1.13e-4
Deirdre,1.13e-4
Eliana,1.13e-4
Jerica,1.13e-4
Kiley,1.13e-4
Beatrice,1.12e-4
Cory,1.12e-4
Danyelle,1.12e-4
Hallie,1.12e-4
Ramona,1.12e-4
Malinda,1.12e-4
Shanda,1.12e-4
Dannielle,1.11e-4
Dora,1.11e-4
Tanesha,1.11e-4
Valarie,1.11e-4
Sharonda,1.11e-4
Valencia,1.11e-4
Christal,1.1e-4
Valeria,1.1e-4
Laquita,1.09e-4
Darcy,1.09e-4
Alina,1.08e-4
Jessi,1.08e-4
Athena,1.08e-4
Danelle,1.08e-4
Josie,1.07e-4
Maira,1.07e-4
Ashlea,1.07e-4
Eden,1.07e-4
Shawn,1.07e-4
Vicky,1.07e-4
Candis,1.06e-4
Latosha,1.06e-4
Samatha,1.06e-4
Delia,1.06e-4
Jenelle,1.06e-4
Arianna,1.05e-4
Magen,1.05e-4
Tiera,1.05e-4
John,1.05e-4
Kia,1.05e-4
Kirstin,1.05e-4
Lissette,1.05e-4
Mariel,1.05e-4
Shantell,1.05e-4
Tarah,1.05e-4
Caryn,1.04e-4
Cora,1.04e-4
Jeanna,1.04e-4
Karin,1.04e-4
Venessa,1.04e-4
Chana,1.04e-4
Griselda,1.03e-4
Krysten,1.03e-4
Ladonna,1.03e-4
Shanta,1.03e-4
Dolores,1.03e-4
Kristan,1.03e-4
Tamra,1.03e-4
Edna,1.02e-4
Jamila,1.02e-4
Paola,1.02e-4
Demetria,1.01e-4
Micaela,1.01e-4
Krystin,1.01e-4
Micah,1.01e-4
Annmarie,1e-4
Elaina,1e-4
Geneva,1e-4
Iesha,1e-4
Nakia,1e-4
Vicki,1e-4
Jesenia,9.9e-5
Meghann,9.9e-5
Kasandra,9.9e-5
Leandra,9.9e-5
Sheree,9.9e-5
Charmaine,9.8e-5
Rena,9.8e-5
Shakira,9.8e-5
Tess,9.8e-5
Felecia,9.8e-5
Glenda,9.8e-5
Liana,9.8e-5
Rosemarie,9.8e-5
Siobhan,9.8e-5
Antionette,9.7e-5
Kaela,9.7e-5
Rene,9.7e-5
Farrah,9.7e-5
Karli,9.7e-5
Madelyn,9.7e-5
Porsche,9.7e-5
Breann,9.6e-5
Eunice,9.6e-5
Kalyn,9.6e-5
Katheryn,9.6e-5
Lisette,9.6e-5
Chanelle,9.6e-5
Karly,9.6e-5
Jonathan,9.5e-5
Marian,9.5e-5
Alessandra,9.5e-5
Lakendra,9.5e-5
Lauryn,9.5e-5
Renae,9.5e-5
Terry,9.5e-5
Marcy,9.4e-5
Sherrie,9.4e-5
Damaris,9.3e-5
Juana,9.3e-5
Kacy,9.3e-5
Kaycee,9.3e-5
Sheryl,9.3e-5
Lia,9.3e-5
Tami,9.3e-5
Tenisha,9.3e-5
Tyesha,9.3e-5
Ava,9.2e-5
Jada,9.2e-5
Chastity,9.2e-5
Cassondra,9.1e-5
Elsa,9.1e-5
Penny,9.1e-5
Stephenie,9.1e-5
Ami,9e-5
Georgina,9e-5
Kailey,9e-5
Louise,9e-5
Lynda,9e-5
Magdalena,9e-5
Denisse,9e-5
William,9e-5
Annamarie,8.9e-5
Jessenia,8.9e-5
Francis,8.9e-5
Helena,8.9e-5
Shanae,8.9e-5
Anjelica,8.8e-5
Jeana,8.8e-5
Rebeca,8.8e-5
Sarai,8.8e-5
Shanita,8.8e-5
Danica,8.7e-5
Davina,8.7e-5
Gabriel,8.7e-5
Jeanine,8.7e-5
Lucinda,8.7e-5
Brigitte,8.7e-5
Cathleen,8.7e-5
Francine,8.7e-5
Jaqueline,8.7e-5
Shanell,8.7e-5
Stella,8.7e-5
Mari,8.6e-5
Tianna,8.6e-5
Kami,8.5e-5
Kaylin,8.5e-5
Kaylyn,8.5e-5
Nicholas,8.5e-5
Racquel,8.5e-5
Denisha,8.5e-5
Graciela,8.5e-5
Johnna,8.5e-5
Luisa,8.5e-5
Natosha,8.5e-5
Stephani,8.5e-5
Aja,8.4e-5
Brook,8.4e-5
Eric,8.4e-5
Kaylie,8.4e-5
Angeline,8.4e-5
Magan,8.4e-5
Maxine,8.4e-5
Danae,8.3e-5
