name,percent
Jessica,0.02681
Ashley,0.026005
Amanda,0.020529
Sarah,0.014751
Jennifer,0.014511
Brittany,0.013953
Stephanie,0.011885
Samantha,0.010768
Nicole,0.010568
Elizabeth,0.010421
Lauren,0.010215
Megan,0.009659
Tiffany,0.009558
Heather,0.009385
Amber,0.008677
Melissa,0.008609
Danielle,0.008457
Emily,0.008253
Rachel,0.007982
Kayla,0.00699
Michelle,0.006934
Christina,0.006739
Laura,0.006303
Courtney,0.00627
Kimberly,0.006216
Rebecca,0.006173
Katherine,0.005801
Crystal,0.005256
Amy,0.00522
Sara,0.005208
Erica,0.004992
Kelly,0.004638
Chelsea,0.004623
Mary,0.004424
Andrea,0.004368
Kristen,0.004362
Erin,0.004301
Angela,0.004114
Whitney,0.004084
Katie,0.004031
Vanessa,0.003911
Victoria,0.003788
Lisa,0.003781
Caitlin,0.003769
Jamie,0.003739
Allison,0.003715
Alyssa,0.003714
Lindsey,0.003641
Alexandra,0.003624
Alicia,0.003487
Christine,0.003438
Brittney,0.003424
Jasmine,0.003352
Anna,0.003341
Kathryn,0.003299
Shannon,0.003252
Lindsay,0.003135
Kristin,0.00313
Cassandra,0.002976
Maria,0.002963
Jacqueline,0.002892
Hannah,0.002891
Natalie,0.002851
Kelsey,0.002835
April,0.00252
Tara,0.002398
Jenna,0.002398
Kristina,0.00238
Catherine,0.002343
Monica,0.002322
Julie,0.00232
Holly,0.002194
Natasha,0.002098
Krystal,0.002091
Kathleen,0.002044
Erika,0.002021
Patricia,0.001976
Morgan,0.001974
Cynthia,0.001967
Kendra,0.001958
Meghan,0.001876
Leah,0.001851
Veronica,0.001835
Katelyn,0.001827
Diana,0.001813
Molly,0.0018
Brooke,0.001775
Julia,0.001746
Bethany,0.001701
Dana,0.00166
Brandi,0.001649
Casey,0.001638
Margaret,0.001633
Leslie,0.001601
Kara,0.001583
Brianna,0.001541
Alexis,0.001509
Kaitlin,0.001478
Rachael,0.001472
Melanie,0.001471
Marissa,0.001461
Taylor,0.001455
Valerie,0.00144
Jillian,0.001429
Felicia,0.001405
Brandy,0.001398
Kaitlyn,0.001397
Bianca,0.001371
Angelica,0.001361
Katrina,0.001341
Krista,0.001336
Karen,0.001335
Alison,0.00132
Nichole,0.001301
Jaclyn,0.0013
Sabrina,0.001268
Candace,0.001258
Abigail,0.001234
Stacey,0.001233
Mallory,0.001232
Nancy,0.001217
Caroline,0.001207
Brenda,0.001188
Alexandria,0.001184
Alisha,0.001181
Stacy,0.00118
Desiree,0.001179
Sandra,0.001175
Lacey,0.001168
Candice,0.001157
Carrie,0.001147
Joanna,0.001145
Ashlee,0.001119
Olivia,0.001111
Jordan,0.001108
Monique,0.001108
Gabrielle,0.00109
Britney,0.001084
Denise,0.001074
Susan,0.001072
Meagan,0.001068
Gina,0.001054
Haley,0.001043
Miranda,0.001028
Dominique,9.91e-4
Renee,9.83e-4
Sasha,9.82e-4
Chelsey,9.78e-4
Melinda,9.78e-4
Kelli,9.69e-4
Paige,9.68e-4
Meredith,9.64e-4
Anne,9.62e-4
Tabitha,9.62e-4
Linda,9.6e-4
Latoya,9.42e-4
Priscilla,9.41e-4
Briana,9.39e-4
Carolyn,9.38e-4
Emma,9.27e-4
Robin,9.18e-4
Heidi,9.09e-4
Deanna,9.04e-4
Ebony,8.97e-4
Grace,8.88e-4
Angel,8.88e-4
Colleen,8.86e-4
Rebekah,8.82e-4
Autumn,8.66e-4
Theresa,8.63e-4
Ana,8.62e-4
Teresa,8.5e-4
Tracy,8.5e-4
Tina,8.35e-4
Cassie,8.32e-4
Carly,8.3e-4
Justine,8.28e-4
Bridget,8.16e-4
Cindy,8.1e-4
Audrey,8.09e-4
Sierra,8.06e-4
Jacquelyn,7.99e-4
Tamara,7.96e-4
Pamela,7.87e-4
Tanya,7.83e-4
Barbara,7.81e-4
Kari,7.79e-4
Cristina,7.71e-4
Adriana,7.51e-4
Claire,7.51e-4
Mayra,7.46e-4
Marie,7.45e-4
Adrienne,7.42e-4
Misty,7.33e-4
Jenny,7.29e-4
Kristine,7.16e-4
Jill,6.94e-4
Ashleigh,6.83e-4
Savannah,6.83e-4
Tasha,6.8e-4
Kasey,6.74e-4
Wendy,6.73e-4
Virginia,6.73e-4
Karina,6.7e-4
Kristy,6.66e-4
Michele,6.61e-4
Claudia,6.59e-4
Cara,6.58e-4
Janelle,0.00064899999999999995
Breanna,6.47e-4
Kristi,6.42e-4
Nina,6.37e-4
Abby,6.36e-4
Kirsten,6.36e-4
Yesenia,6.27e-4
Tiara,6.25e-4
Sharon,6.22e-4
Roxanne,6.2e-4
Ellen,6.17e-4
Janet,6.14e-4
Caitlyn,6.1e-4
Ann,6.09e-4
Carmen,6.07e-4
Daisy,6.07e-4
Lydia,6.05e-4
Sophia,6.05e-4
Jessie,6.03e-4
Stefanie,6.01e-4
Raquel,6e-4
Kate,5.98e-4
Martha,5.89e-4
Christy,5.88e-4
Amelia,5.87e-4
Kelley,5.85e-4
Kellie,5.85e-4
Evelyn,5.84e-4
Toni,5.82e-4
Jocelyn,5.73e-4
Shawna,5.73e-4
Elise,5.69e-4
Carla,5.66e-4
Lori,5.66e-4
Latasha,5.65e-4
Aimee,5.64e-4
Hillary,5.64e-4
Trisha,5.55e-4
Regina,5.53e-4
Dawn,5.53e-4
Marisa,5.52e-4
Deborah,5.5e-4
Donna,5.41e-4
Nikki,5.32e-4
Allyson,5.27e-4
Tonya,5.22e-4
Naomi,5.19e-4
Ruth,5.18e-4
Gabriela,5.16e-4
Summer,5.13e-4
Robyn,5.11e-4
Randi,5.08e-4
Hilary,5.08e-4
Jeanette,5.08e-4
Rosa,5.07e-4
Krystle,5.01e-4
Cortney,4.96e-4
Jaime,4.95e-4
Shana,4.91e-4
Bailey,4.9e-4
Destiny,4.89e-4
Gloria,4.88e-4
Shanice,4.87e-4
Christa,4.82e-4
Alexa,4.77e-4
Madeline,4.76e-4
Sydney,4.75e-4
Ariel,4.74e-4
Esther,4.71e-4
Rachelle,4.71e-4
Suzanne,4.65e-4
Maggie,4.63e-4
Cheryl,4.62e-4
Jasmin,4.62e-4
Melody,4.6e-4
Shelby,4.6e-4
Brittani,4.52e-4
Beth,4.49e-4
Rose,4.49e-4
Karla,4.49e-4
Charlotte,4.46e-4
Sheena,4.45e-4
Sylvia,4.45e-4
Jade,4.44e-4
Carissa,4.36e-4
Joy,4.35e-4
Kylie,4.35e-4
Aubrey,4.35e-4
Keri,4.33e-4
Bonnie,4.31e-4
Hope,4.28e-4
Madison,4.27e-4
Mindy,4.27e-4
Alice,4.26e-4
Diane,4.26e-4
Paula,4.22e-4
Chelsie,4.22e-4
Angelina,4.21e-4
Frances,4.2e-4
Camille,4.19e-4
Hayley,4.16e-4
Yolanda,4.15e-4
Simone,4.15e-4
Mandy,4.14e-4
Kaylee,4.13e-4
Elyse,4.11e-4
Yvette,4.11e-4
Anastasia,4.07e-4
Sonia,4.07e-4
Alissa,4.06e-4
Brianne,4.05e-4
Clarissa,4.03e-4
Helen,4.03e-4
Mackenzie,4.02e-4
Staci,4.01e-4
Shaina,4.01e-4
Tatiana,3.99e-4
Christie,3.97e-4
Katharine,3.93e-4
Eva,3.92e-4
Lacy,3.9e-4
Antoinette,3.88e-4
Kristie,3.86e-4
Johanna,3.86e-4
Carol,3.85e-4
Nadia,3.85e-4
Kerri,3.8e-4
Miriam,3.8e-4
Rochelle,3.79e-4
Cierra,3.77e-4
Cecilia,3.76e-4
Stacie,3.74e-4
Tammy,3.74e-4
Jaleesa,3.74e-4
Annie,3.73e-4
Anita,3.72e-4
Leigh,3.72e-4
Jane,3.72e-4
Jodi,3.71e-4
Elisabeth,3.7e-4
Sheila,3.7e-4
Charlene,3.69e-4
Chasity,3.68e-4
Elaine,3.68e-4
Ciara,3.66e-4
Tracey,3.65e-4
Alejandra,3.63e-4
Ericka,3.63e-4
Tabatha,3.61e-4
Shauna,3.58e-4
Leticia,3.55e-4
Tierra,3.52e-4
Shayla,3.52e-4
Tia,3.51e-4
Shanna,3.5e-4
Hailey,3.49e-4
Yvonne,3.48e-4
Taryn,3.47e-4
Lyndsey,3.44e-4
Alana,3.4e-4
Arielle,3.4e-4
Traci,3.4e-4
Keisha,3.38e-4
Charity,3.37e-4
Lillian,3.36e-4
Alyson,3.34e-4
Meaghan,3.34e-4
Irene,3.32e-4
Ariana,3.31e-4
Sonya,3.29e-4
Michaela,3.29e-4
Janice,3.28e-4
Ashton,3.27e-4
Guadalupe,3.26e-4
Faith,3.23e-4
Shayna,3.23e-4
Julianne,3.23e-4
Mia,3.23e-4
Ruby,3.23e-4
Debra,3.21e-4
Tanisha,3.21e-4
Kassandra,3.2e-4
Ryan,3.2e-4
Sade,3.2e-4
Christian,3.19e-4
Elena,3.18e-4
Dorothy,3.17e-4
Mercedes,3.17e-4
Tricia,3.14e-4
Nora,3.14e-4
Latisha,3.13e-4
Elisa,3.12e-4
Francesca,3.12e-4
Jaimie,3.12e-4
Kerry,3.11e-4
Chantel,3.1e-4
Maureen,3.09e-4
Bridgette,3.06e-4
Katy,3.06e-4
Tessa,3.05e-4
Noelle,3.01e-4
Annette,2.99e-4
Kendall,2.98e-4
Ashlie,2.95e-4
Kayleigh,2.94e-4
Sandy,2.94e-4
Asia,2.94e-4
Karissa,2.94e-4
Kira,2.91e-4
Lara,2.91e-4
Callie,2.89e-4
Isabel,2.89e-4
Jazmin,2.89e-4
Larissa,2.86e-4
Blair,2.85e-4
Kyla,2.84e-4
Marilyn,2.84e-4
Sherry,2.84e-4
Chanel,2.83e-4
Sally,2.82e-4
Shelly,2.8e-4
Daniela,2.77e-4
Jackie,2.75e-4
Brenna,2.74e-4
Precious,2.73e-4
Carolina,2.72e-4
Kathy,2.72e-4
Leanne,2.72e-4
Jalisa,2.71e-4
Lorena,2.69e-4
Judith,2.69e-4
Eileen,2.68e-4
Tiffani,2.68e-4
Brittni,2.67e-4
Lucy,2.66e-4
Constance,2.66e-4
Alma,2.65e-4
Whitley,2.64e-4
Katlyn,2.63e-4
Belinda,2.62e-4
Jana,2.62e-4
Josephine,2.62e-4
Leanna,2.61e-4
Jena,2.6e-4
India,2.59e-4
Juanita,2.57e-4
Tamika,2.57e-4
Laurel,2.56e-4
Devin,2.56e-4
Alisa,2.54e-4
Ciera,2.54e-4
Marlene,2.54e-4
Alysha,2.54e-4
Ashely,2.54e-4
Jami,2.54e-4
Iris,2.53e-4
Rita,2.52e-4
Marisol,2.51e-4
Darlene,2.5e-4
Jacklyn,2.5e-4
Connie,2.5e-4
Lesley,2.5e-4
Michael,2.5e-4
Natalia,2.5e-4
Patrice,2.5e-4
Terri,2.5e-4
Alaina,2.49e-4
Maribel,2.49e-4
Casandra,2.49e-4
Joyce,2.48e-4
Laurie,2.48e-4
Chloe,2.47e-4
Esmeralda,2.47e-4
Blanca,2.45e-4
Jennie,2.45e-4
Lynn,2.44e-4
Jazmine,2.43e-4
Ashly,2.42e-4
Lakeisha,2.41e-4
Kala,2.41e-4
Rhonda,2.41e-4
Tori,2.41e-4
Beverly,2.4e-4
Brandie,2.4e-4
Shirley,2.4e-4
Celeste,2.38e-4
Stephany,2.38e-4
Gabriella,2.37e-4
Nikita,2.36e-4
Genevieve,2.35e-4
Juliana,2.34e-4
Norma,2.34e-4
Marina,2.33e-4
Corinne,2.32e-4
Tiana,2.32e-4
Devon,2.31e-4
Hollie,2.29e-4
Jerrica,2.28e-4
Liliana,2.27e-4
Breanne,2.26e-4
Rosemary,2.25e-4
Christin,2.24e-4
Janae,2.24e-4
Kacie,2.24e-4
Janay,2.23e-4
Joanne,2.23e-4
Christen,2.23e-4
Katelynn,2.22e-4
Leann,2.22e-4
Vivian,2.22e-4
Kelsie,2.22e-4
Shelley,2.21e-4
Mariah,2.2e-4
Adrianna,2.2e-4
Maegan,2.19e-4
Tania,2.19e-4
Mollie,2.18e-4
Justina,2.18e-4
Octavia,2.18e-4
Audra,2.17e-4
Serena,2.17e-4
Clara,2.16e-4
Kourtney,2.16e-4
Kristyn,2.16e-4
Susana,2.15e-4
Hanna,2.14e-4
Beatriz,2.13e-4
Judy,2.13e-4
Cassidy,2.11e-4
Tiffanie,2.11e-4
Abbey,2.1e-4
Shantel,2.1e-4
Amie,2.09e-4
Elisha,2.09e-4
Alyse,2.09e-4
Katelin,2.08e-4
Nadine,2.08e-4
Sadie,2.08e-4
Keshia,2.07e-4
Lea,2.07e-4
Lily,2.07e-4
Stevie,2.06e-4
Betty,2.05e-4
Margarita,2.05e-4
Lena,2.05e-4
Kaila,2.04e-4
Dianna,2.03e-4
Jolene,2.01e-4
Adrian,2e-4
Kyra,1.99e-4
Bobbie,1.99e-4
Jenifer,1.98e-4
Jayme,1.97e-4
Terra,1.97e-4
Alycia,1.96e-4
Angie,1.91e-4
Janine,1.91e-4
Britany,1.89e-4
Lorraine,1.89e-4
Silvia,1.89e-4
Trista,1.89e-4
Dayna,1.88e-4
Brittny,1.87e-4
Chrystal,1.87e-4
Racheal,1.87e-4
Aisha,1.86e-4
Antonia,1.86e-4
Geraldine,1.85e-4
Christopher,1.85e-4
Daniella,1.85e-4
Maritza,1.84e-4
Alysia,1.83e-4
Mckenzie,1.83e-4
Desirae,1.82e-4
Kali,1.81e-4
Rocio,1.81e-4
Cristal,1.8e-4
Jeannette,1.8e-4
Lacie,1.8e-4
Gretchen,1.79e-4
Krysta,1.79e-4
Celia,1.78e-4
Jerica,1.78e-4
Arlene,1.77e-4
Betsy,1.76e-4
Chandra,1.75e-4
Melisa,1.75e-4
Edith,1.75e-4
Angelique,1.74e-4
Diamond,1.74e-4
Alanna,1.74e-4
Bobbi,1.73e-4
Lyndsay,1.73e-4
Alexander,1.72e-4
Brittanie,1.72e-4
Joann,1.72e-4
Mara,1.72e-4
Talia,1.72e-4
Corina,1.72e-4
Jean,1.72e-4
Carina,1.71e-4
Eliza,1.71e-4
Lana,1.7e-4
Raven,1.7e-4
Kaleigh,1.7e-4
Shante,1.69e-4
Becky,1.69e-4
Corey,1.69e-4
Loren,1.69e-4
Maricela,1.69e-4
Cayla,1.68e-4
Savanna,1.68e-4
Mandi,1.68e-4
Ashli,1.66e-4
Kristal,1.66e-4
Janie,1.65e-4
Jesse,1.65e-4
Kaci,1.65e-4
Kacey,1.65e-4
Roxanna,1.65e-4
Janette,1.64e-4
Marquita,1.64e-4
Maura,1.64e-4
Noel,1.64e-4
Cheyenne,1.63e-4
Julianna,1.63e-4
Lizette,1.63e-4
Adrianne,1.62e-4
Lucia,1.62e-4
Gwendolyn,1.61e-4
Kylee,1.61e-4
Luz,1.61e-4
Marisela,1.61e-4
Roxana,1.61e-4
Eleanor,1.6e-4
Emilie,1.6e-4
Ivy,1.58e-4
Georgia,1.58e-4
Lora,1.57e-4
Myra,1.57e-4
Dina,1.57e-4
Cameron,1.56e-4
Joshua,1.55e-4
Nathalie,1.55e-4
Britni,1.55e-4
Laci,1.55e-4
Latonya,1.55e-4
Janna,1.54e-4
Maranda,1.54e-4
Sonja,1.54e-4
Paris,1.53e-4
Fatima,1.52e-4
Kaley,1.52e-4
Kelsi,1.52e-4
Chantal,1.52e-4
Rosanna,1.52e-4
Alecia,1.5e-4
Billie,1.5e-4
Kyle,1.5e-4
Porsha,1.5e-4
Cherie,1.49e-4
Leeann,1.49e-4
Martina,1.49e-4
Deja,1.49e-4
Emilee,1.49e-4
Maya,1.49e-4
Phylicia,1.49e-4
Araceli,1.48e-4
Beatrice,1.48e-4
Felisha,1.48e-4
Kassie,1.48e-4
Kimberley,1.48e-4
Alesha,1.48e-4
Latrice,1.47e-4
Daniel,1.46e-4
Joan,1.46e-4
Sofia,1.46e-4
Ashlyn,1.46e-4
Eden,1.46e-4
Gillian,1.46e-4
Cari,1.45e-4
Kandace,1.45e-4
Princess,1.45e-4
Daphne,1.44e-4
Lynette,1.44e-4
Kimberlee,1.44e-4
Nicolette,1.44e-4
Allie,1.43e-4
Deidre,1.43e-4
Krystina,1.43e-4
Jody,1.42e-4
Marcella,1.42e-4
Bernadette,1.42e-4
Jessika,1.42e-4
Maryann,1.42e-4
Mariana,1.41e-4
Shanika,1.41e-4
Alex,1.4e-4
Teri,1.4e-4
Lee,1.39e-4
Marianne,1.39e-4
Ayla,1.38e-4
Noemi,1.38e-4
Alexia,1.37e-4
Kenya,1.37e-4
Tyler,1.37e-4
Debbie,1.36e-4
Shari,1.36e-4
Tameka,1.36e-4
Marjorie,1.36e-4
Tracie,1.35e-4
Cori,1.35e-4
Domonique,1.35e-4
Kirstin,1.35e-4
Brittaney,1.34e-4
Carley,1.34e-4
Sherri,1.34e-4
Taja,1.34e-4
Chelsi,1.34e-4
Elissa,1.34e-4
Shameka,1.34e-4
Sheri,1.34e-4
Aileen,1.33e-4
Eboni,1.33e-4
Irma,1.33e-4
Janel,1.33e-4
Julissa,1.33e-4
Krysten,1.33e-4
Portia,1.33e-4
Kandice,1.32e-4
Cody,1.32e-4
Olga,1.32e-4
Shea,1.32e-4
Deidra,1.31e-4
Matthew,1.31e-4
Yadira,1.31e-4
Arianna,1.3e-4
Clare,1.3e-4
David,1.3e-4
Dena,1.3e-4
Kim,1.3e-4
Loretta,1.3e-4
Monika,1.3e-4
Viviana,1.3e-4
Stefani,1.29e-4
Yessenia,1.29e-4
Josie,1.29e-4
Kathrine,1.29e-4
Catrina,1.28e-4
Genesis,1.28e-4
Kiley,1.28e-4
Lynsey,1.28e-4
Marcia,1.28e-4
Sophie,1.28e-4
Darcy,1.28e-4
Lashonda,1.28e-4
Logan,1.28e-4
Rikki,1.28e-4
Alina,1.27e-4
James,1.27e-4
Katlin,1.27e-4
Tera,1.27e-4
Lakisha,1.27e-4
Chantelle,1.26e-4
Gladys,1.26e-4
Janessa,1.26e-4
Justin,1.26e-4
Kasandra,1.26e-4
Tosha,1.26e-4
Janell,1.25e-4
Kati,1.25e-4
Mariel,1.25e-4
Dara,1.25e-4
Joelle,1.25e-4
Liza,1.25e-4
Rhiannon,1.25e-4
Madeleine,1.24e-4
Skye,1.24e-4
Geneva,1.24e-4
Kimber,1.24e-4
Lakeshia,1.24e-4
Zoe,1.24e-4
Demetria,1.23e-4
Cecily,1.22e-4
Holli,1.22e-4
Aurora,1.22e-4
Athena,1.21e-4
Renae,1.21e-4
Hallie,1.21e-4
Marla,1.21e-4
Celina,1.2e-4
Deana,1.2e-4
Rebeca,1.2e-4
Selina,1.2e-4
Kori,1.2e-4
Joni,1.19e-4
Christi,1.19e-4
Cathy,1.18e-4
Deandra,1.18e-4
Peggy,1.18e-4
Abbie,1.18e-4
Ali,1.18e-4
Doris,1.18e-4
Kailey,1.18e-4
Bridgett,1.17e-4
Tanesha,1.17e-4
Candy,1.17e-4
Caryn,1.17e-4
Kiara,1.16e-4
Perla,1.16e-4
Samatha,1.16e-4
Susanna,1.16e-4
Valeria,1.16e-4
Breann,1.15e-4
Chastity,1.15e-4
Leandra,1.15e-4
Leila,1.15e-4
Alessandra,1.15e-4
Fallon,1.15e-4
Ginger,1.15e-4
Pauline,1.15e-4
Shamika,1.15e-4
Elaina,1.14e-4
Brittnee,1.13e-4
Kristian,1.13e-4
Annmarie,1.12e-4
Richelle,1.12e-4
Valencia,1.12e-4
Charmaine,1.12e-4
Trina,1.12e-4
Andrew,1.11e-4
Cecelia,1.11e-4
Dora,1.11e-4
Eunice,1.11e-4
Tiera,1.11e-4
Yasmin,1.11e-4
Chaya,1.11e-4
Jesica,1.11e-4
Kierra,1.11e-4
Katheryn,1.1e-4
Jeanne,1.1e-4
Lakesha,1.1e-4
Tarah,1.1e-4
Jaqueline,1.09e-4
Jodie,1.09e-4
Selena,1.09e-4
Micah,1.09e-4
Roberta,1.09e-4
Kaylin,1.08e-4
Alexandrea,1.08e-4
Danica,1.08e-4
Dominque,1.08e-4
Kortney,1.07e-4
Paola,1.07e-4
Cory,1.07e-4
Giselle,1.06e-4
Ingrid,1.06e-4
Lauryn,1.06e-4
Marsha,1.06e-4
Aja,1.06e-4
Liana,1.06e-4
Nikole,1.06e-4
Chiquita,1.05e-4
Griselda,1.05e-4
Kalyn,1.05e-4
Magen,1.05e-4
Micaela,1.05e-4
Anais,1.05e-4
Cora,1.05e-4
Ramona,1.05e-4
Cheri,1.04e-4
Cherish,1.04e-4
Linsey,1.04e-4
Marlena,1.04e-4
Allyssa,1.04e-4
Jeannie,1.04e-4
Kiersten,1.04e-4
Mari,1.04e-4
Breana,1.03e-4
Jessi,1.03e-4
Latosha,1.03e-4
Reyna,1.03e-4
Brook,1.02e-4
Karli,1.02e-4
Kaylyn,1.02e-4
Laquita,1.02e-4
Lissette,1.02e-4
Shanae,1.02e-4
Maxine,1.01e-4
Shawn,1.01e-4
Delilah,1e-4
Rena,1e-4
Tianna,1e-4
Kaela,1e-4
Kristan,1e-4
Diandra,9.9e-5
Malinda,9.9e-5
Cassondra,9.9e-5
Felecia,9.9e-5
Jessenia,9.9e-5
Johnna,9.9e-5
Sharonda,9.8e-5
Rosemarie,9.8e-5
Sarina,9.8e-5
Delia,9.7e-5
Sheree,9.7e-5
Chanelle,9.7e-5
Lia,9.6e-5
Racquel,9.6e-5
Tawny,9.6e-5
Andria,9.6e-5
Helena,9.6e-5
Krystin,9.6e-5
Shantell,9.6e-5
Farrah,9.5e-5
Georgina,9.5e-5
Mai,9.5e-5
Marcy,9.5e-5
Robert,9.5e-5
Sondra,9.5e-5
Tess,9.5e-5
Joseph,9.5e-5
Brandee,9.4e-5
Danyelle,9.4e-5
Ella,9.4e-5
Lizbeth,9.4e-5
Salina,9.4e-5
Annamarie,9.3e-5
Casie,9.3e-5
Karin,9.3e-5
Kasie,9.3e-5
Kiera,9.3e-5
Mattie,9.3e-5
Rosalie,9.3e-5
Anthony,9.2e-5
Carlie,9.2e-5
Cathryn,9.2e-5
Deirdre,9.2e-5
Jada,9.2e-5
Kami,9.2e-5
Marian,9.2e-5
Valarie,9.2e-5
Christal,9.2e-5
Maira,9.2e-5
Margo,9.2e-5
Susie,9.2e-5
Marion,9.1e-5
Wanda,9.1e-5
Gabriel,9.1e-5
Karly,9.1e-5
Paulina,9.1e-5
Anabel,9e-5
Antionette,9e-5
Jeanna,9e-5
Katarina,9e-5
Magan,9e-5
Porsche,9e-5
Rosalinda,9e-5
Venessa,9e-5
Amberly,9e-5
Brigitte,9e-5
Jalissa,9e-5
Danelle,8.9e-5
Glenda,8.9e-5
Elsa,8.9e-5
Hali,8.9e-5
Jamila,8.9e-5
Madelyn,8.9e-5
Stacia,8.9e-5
Carli,8.8e-5
Lakendra,8.8e-5
Tamra,8.8e-5
Tiarra,8.8e-5
Vicky,8.8e-5
Grecia,8.7e-5
Ava,8.7e-5
Emilia,8.7e-5
Ivette,8.7e-5
John,8.7e-5
Magdalena,8.7e-5
Moriah,8.7e-5
Brandon,8.6e-5
Jeanine,8.6e-5
Ladonna,8.6e-5
Lourdes,8.6e-5
Rene,8.6e-5
Santana,8.6e-5
Eric,8.6e-5
Jonathan,8.6e-5
Kaitlynn,8.6e-5
Brittnie,8.5e-5
Flor,8.5e-5
