name,percent
Michael,0.032053
Christopher,0.026567
Matthew,0.022928
Joshua,0.021324
Andrew,0.017858
David,0.017646
Justin,0.017519
Daniel,0.017337
James,0.016243
Robert,0.015154
John,0.014691
Joseph,0.014497
Ryan,0.013866
Nicholas,0.012645
Jonathan,0.012163
William,0.012052
Brandon,0.011862
Anthony,0.01181
Kevin,0.010079
Eric,0.010078
Kyle,0.009939
Brian,0.009759
Thomas,0.009392
Steven,0.008928
Timothy,0.008401
Adam,0.008225
Jason,0.007945
Zachary,0.007929
Jacob,0.007927
Benjamin,0.007586
Aaron,0.007199
Richard,0.007066
Tyler,0.006671
Alexander,0.00666
Jeremy,0.006582
Jeffrey,0.006195
Charles,0.006052
Sean,0.005891
Mark,0.005853
Stephen,0.005796
Travis,0.005711
Patrick,0.005692
Cody,0.005289
Nathan,0.005071
Samuel,0.004771
Paul,0.004711
Scott,0.004673
Dustin,0.004668
Jose,0.00449
Gregory,0.004314
Kenneth,0.004284
Jordan,0.004242
Derek,0.004035
Bryan,0.004015
Jesse,0.003952
Corey,0.003663
Bradley,0.003504
Alex,0.003198
Cory,0.003134
Jared,0.003105
Shawn,0.002946
Edward,0.002895
Austin,0.002791
Peter,0.002707
Chad,0.002647
Marcus,0.002601
Shane,0.002583
Juan,0.002581
Cameron,0.00249
Keith,0.002472
Phillip,0.002285
Antonio,0.002229
Brett,0.002187
Evan,0.002165
Donald,0.002163
Luis,0.002159
Ian,0.002155
George,0.002146
Ronald,0.002085
Carlos,0.00206
Nathaniel,0.002027
Vincent,0.002026
Casey,0.002017
Raymond,0.002016
Joel,0.001967
Christian,0.001961
Trevor,0.001847
Douglas,0.001827
Victor,0.00181
Taylor,0.001744
Seth,0.001744
Wesley,0.001739
Erik,0.001737
Philip,0.001688
Mitchell,0.001658
Derrick,0.001653
Craig,0.001651
Devin,0.001648
Frank,0.001633
Gary,0.00162
Adrian,0.001607
Gabriel,0.001559
Blake,0.00155
Jesus,0.001459
Curtis,0.001454
Mario,0.001443
Brent,0.001434
Caleb,0.001404
Logan,0.001377
Alan,0.001376
Miguel,0.001362
Randy,0.001358
Lucas,0.001355
Spencer,0.001347
Johnathan,0.001337
Dennis,0.001325
Garrett,0.001323
Martin,0.001322
Luke,0.001309
Jeffery,0.001292
Ricardo,0.001251
Jorge,0.001234
Larry,0.001222
Troy,0.001171
Jonathon,0.001165
Carl,0.001158
Chase,0.001152
Russell,0.001149
Johnny,0.001132
Jerry,0.001131
Colin,0.001129
Francisco,0.001126
Tony,0.001121
Allen,0.001102
Todd,0.0011
Jeremiah,0.001094
Dylan,0.00108
Andre,0.001074
Manuel,0.001057
Henry,0.001036
Terry,0.001032
Mathew,0.00103
Kristopher,9.82e-4
Isaac,9.79e-4
Danny,9.48e-4
Clayton,9.45e-4
Lance,9.43e-4
Ricky,9.42e-4
Marc,9.36e-4
Lawrence,9.28e-4
Angel,9.13e-4
Calvin,9.03e-4
Albert,8.97e-4
Randall,8.96e-4
Brendan,8.95e-4
Micheal,8.92e-4
Lee,8.91e-4
Ross,8.85e-4
Drew,8.76e-4
Rodney,8.66e-4
Oscar,8.65e-4
Jimmy,8.64e-4
Bobby,8.58e-4
Bryant,8.58e-4
Jake,8.54e-4
Louis,8.52e-4
Julian,8.34e-4
Roberto,8.28e-4
Shaun,8.28e-4
Hector,8.27e-4
Jack,8.23e-4
Grant,8.1e-4
Edgar,8.09e-4
Walter,8.05e-4
Levi,8.04e-4
Alejandro,8.01e-4
Darren,7.98e-4
Ruben,7.95e-4
Bryce,7.92e-4
Roger,7.87e-4
Javier,7.84e-4
Arthur,7.76e-4
Edwin,7.76e-4
Sergio,7.7e-4
Billy,7.55e-4
Maurice,7.47e-4
Joe,7.35e-4
Jamie,7.35e-4
Jon,7.24e-4
Devon,7.18e-4
Willie,7.15e-4
Terrance,7.11e-4
Omar,7.09e-4
Gerald,7.01e-4
Dominic,6.98e-4
Clinton,6.98e-4
Max,6.92e-4
Eduardo,6.9e-4
Jay,6.8e-4
Fernando,6.8e-4
Preston,6.74e-4
Reginald,6.67e-4
Ivan,6.65e-4
Pedro,6.52e-4
Bruce,6.41e-4
Rafael,6.39e-4
Emmanuel,6.38e-4
Jaime,6.25e-4
Wayne,6.21e-4
Terrence,6.2e-4
Theodore,6.2e-4
Raul,6.17e-4
Geoffrey,6.15e-4
Xavier,6.14e-4
Andres,6.09e-4
Darrell,6.07e-4
Maxwell,6.04e-4
Nicolas,5.99e-4
Frederick,5.88e-4
Roy,5.8e-4
Marvin,5.75e-4
Eddie,5.63e-4
Jerome,5.62e-4
Micah,5.57e-4
Tyrone,5.56e-4
Alberto,5.48e-4
Jessie,5.41e-4
Darryl,5.39e-4
Marco,5.39e-4
Noah,5.3e-4
Byron,5.28e-4
Cesar,5.24e-4
Kurt,5.21e-4
Dominique,5.15e-4
Julio,5.11e-4
Mason,5.11e-4
Jamal,5.1e-4
Ronnie,5.07e-4
Ernest,5.01e-4
Neil,4.99e-4
Ramon,4.96e-4
Armando,4.95e-4
Isaiah,4.89e-4
Hunter,4.88e-4
Abraham,4.85e-4
Brady,4.76e-4
Francis,4.75e-4
Darius,4.74e-4
Steve,4.74e-4
Tommy,4.73e-4
Tyson,4.69e-4
Erick,4.65e-4
Trent,4.64e-4
Glenn,4.61e-4
Colby,4.6e-4
Terrell,4.58e-4
Eugene,4.56e-4
Leonard,4.54e-4
Tanner,4.52e-4
Cole,4.51e-4
Branden,4.47e-4
Melvin,4.46e-4
Ethan,4.46e-4
Johnathon,4.45e-4
Miles,4.44e-4
Elijah,4.41e-4
Dale,4.4e-4
Colton,4.39e-4
Orlando,4.37e-4
Zachery,4.36e-4
Dean,4.29e-4
Collin,4.24e-4
Karl,4.21e-4
Courtney,4.21e-4
Marshall,4.2e-4
Gerardo,4.18e-4
Brad,4.17e-4
Jarrod,4.17e-4
Andy,4.15e-4
Franklin,4.15e-4
Stanley,4.15e-4
Dwayne,4.14e-4
Morgan,4.14e-4
Trenton,4.13e-4
Nickolas,4.11e-4
Arturo,4.07e-4
Alfredo,4.02e-4
Tristan,4.01e-4
Kirk,4.01e-4
Harold,3.99e-4
Kelvin,3.96e-4
Demetrius,3.95e-4
Dillon,3.93e-4
Jermaine,3.92e-4
Connor,3.9e-4
Wade,3.88e-4
Quentin,3.85e-4
Clifford,3.82e-4
Dane,3.79e-4
Nelson,3.77e-4
Rene,3.77e-4
Ernesto,3.77e-4
Enrique,3.76e-4
Lorenzo,3.75e-4
Ray,3.72e-4
Antoine,3.71e-4
Malcolm,3.71e-4
Kelly,3.69e-4
Barry,3.65e-4
Marcos,3.63e-4
Landon,3.62e-4
Alfred,3.61e-4
Gilbert,3.55e-4
Harrison,3.47e-4
Deandre,3.46e-4
Desmond,3.46e-4
Alvin,3.42e-4
Brock,3.41e-4
Stuart,3.38e-4
Leon,3.38e-4
Donovan,3.36e-4
Harry,3.35e-4
Lamar,3.34e-4
Kendall,3.32e-4
Salvador,3.32e-4
Marquis,3.29e-4
Damien,3.29e-4
Darnell,3.27e-4
Israel,3.26e-4
Daryl,3.25e-4
Clarence,3.25e-4
Warren,3.25e-4
Angelo,3.24e-4
Dexter,3.22e-4
Kendrick,3.22e-4
Cedric,3.2e-4
Zachariah,3.2e-4
Earl,3.17e-4
Ralph,3.13e-4
Chance,3.11e-4
Damian,3.1e-4
Josue,3.1e-4
Joey,3.09e-4
Howard,3.07e-4
Bernard,3.04e-4
Stefan,3.03e-4
Jarvis,3e-4
Terence,2.98e-4
Beau,2.97e-4
Allan,2.95e-4
Dallas,2.95e-4
Kurtis,2.95e-4
Diego,2.94e-4
Zackary,2.93e-4
Simon,2.93e-4
Damon,2.92e-4
Rudy,2.9e-4
Lewis,2.86e-4
Felix,2.84e-4
Kory,2.84e-4
Roderick,2.84e-4
Kody,2.79e-4
Dakota,2.77e-4
Heath,2.76e-4
Jarred,2.76e-4
Rashad,2.76e-4
Emanuel,2.75e-4
Skyler,2.75e-4
Elias,2.73e-4
Josiah,2.72e-4
Gavin,2.72e-4
Fabian,2.71e-4
Jarrett,2.69e-4
Eli,2.68e-4
Jamar,2.67e-4
Stephan,2.65e-4
Elliott,2.64e-4
Riley,2.63e-4
Gustavo,2.63e-4
Chaz,2.62e-4
Quinton,2.61e-4
Clifton,2.59e-4
Tyrell,2.57e-4
Abel,2.57e-4
Derick,2.56e-4
Shannon,2.56e-4
Guillermo,2.55e-4
Dante,2.54e-4
Nolan,2.53e-4
Roman,2.53e-4
Kenny,2.53e-4
Glen,2.52e-4
Trey,2.52e-4
Blaine,2.51e-4
Alfonso,2.51e-4
Brenton,2.51e-4
Julius,2.5e-4
Charlie,2.5e-4
Elliot,2.49e-4
Pablo,2.48e-4
Giovanni,2.47e-4
Chris,2.46e-4
Clint,2.46e-4
Leroy,2.45e-4
Norman,2.45e-4
Graham,2.45e-4
Clay,2.44e-4
Marlon,2.44e-4
Noel,2.44e-4
Bret,2.43e-4
Dwight,2.43e-4
Dominick,2.41e-4
Sam,2.4e-4
Ismael,2.37e-4
Pierre,2.37e-4
Donte,2.34e-4
Owen,2.33e-4
Gordon,2.31e-4
Vernon,2.31e-4
Alonzo,2.3e-4
Brennan,2.3e-4
Kent,2.3e-4
Neal,2.3e-4
Perry,2.28e-4
Don,2.27e-4
Gilberto,2.25e-4
Leo,2.24e-4
Oliver,2.19e-4
Rodolfo,2.19e-4
Weston,2.19e-4
Demarcus,2.19e-4
Roland,2.17e-4
Saul,2.17e-4
Rolando,2.16e-4
Felipe,2.15e-4
Rickey,2.15e-4
Ben,2.14e-4
Alec,2.13e-4
Hugo,2.1e-4
Parker,2.09e-4
Alexis,2.08e-4
Kerry,2.08e-4
Lonnie,2.07e-4
Sterling,2.07e-4
Conor,2.07e-4
Kaleb,2.03e-4
Rory,2.03e-4
Darrin,2.02e-4
Forrest,2.01e-4
Jayson,2.01e-4
Herbert,2e-4
Jaron,2e-4
Esteban,1.99e-4
Kasey,1.99e-4
Korey,1.96e-4
Duane,1.96e-4
Fred,1.96e-4
Sebastian,1.96e-4
Brice,1.95e-4
Jackson,1.95e-4
Lloyd,1.94e-4
Sheldon,1.93e-4
Dana,1.93e-4
Myles,1.93e-4
Rick,1.93e-4
Rogelio,1.92e-4
Carlton,1.91e-4
Mike,1.9e-4
Zackery,1.9e-4
Brendon,1.89e-4
Zane,1.89e-4
Wyatt,1.88e-4
Corbin,1.87e-4
Cornelius,1.87e-4
Frankie,1.87e-4
Salvatore,1.87e-4
Fredrick,1.86e-4
Deangelo,1.85e-4
Bradford,1.84e-4
Jordon,1.83e-4
Darin,1.83e-4
Coty,1.82e-4
Milton,1.82e-4
Avery,1.81e-4
Jamel,1.81e-4
Dusty,1.78e-4
Leonardo,1.77e-4
Antwan,1.77e-4
Nathanael,1.77e-4
Wilson,1.77e-4
Tomas,1.76e-4
Emilio,1.74e-4
Ariel,1.72e-4
Rusty,1.71e-4
Sidney,1.71e-4
Ramiro,1.69e-4
Moises,1.68e-4
Ty,1.68e-4
Chadwick,1.68e-4
Reid,1.68e-4
Spenser,1.67e-4
Demario,1.66e-4
Keenan,1.66e-4
Ali,1.64e-4
Irvin,1.64e-4
Kristofer,1.64e-4
Jimmie,1.64e-4
Gerard,1.63e-4
Guy,1.63e-4
Jerrod,1.63e-4
Robin,1.63e-4
Everett,1.61e-4
Jeff,1.61e-4
Freddie,1.6e-4
Clark,1.59e-4
Leslie,1.59e-4
Tracy,1.58e-4
Bryson,1.56e-4
Ashton,1.55e-4
Lester,1.55e-4
Lamont,1.54e-4
Irving,1.52e-4
Ashley,1.52e-4
Gene,1.52e-4
Isiah,1.51e-4
Raphael,1.51e-4
Loren,1.5e-4
Markus,1.5e-4
Donnie,1.49e-4
Brenden,1.48e-4
Moses,1.48e-4
Rocky,1.48e-4
Johnnie,1.47e-4
Noe,1.47e-4
Ted,1.46e-4
Dorian,1.45e-4
Kellen,1.45e-4
Davon,1.45e-4
Deshawn,1.45e-4
Nikolas,1.45e-4
Jean,1.44e-4
Kareem,1.44e-4
Efrain,1.43e-4
Freddy,1.43e-4
Kameron,1.43e-4
Braden,1.43e-4
Carson,1.42e-4
Reynaldo,1.42e-4
Shayne,1.41e-4
Quintin,1.41e-4
Marcel,1.39e-4
Floyd,1.38e-4
Herman,1.38e-4
Quincy,1.38e-4
Bryon,1.37e-4
Sonny,1.37e-4
Toby,1.37e-4
Reuben,1.37e-4
Adan,1.36e-4
Arnold,1.36e-4
Davis,1.36e-4
Humberto,1.36e-4
Westley,1.36e-4
Cecil,1.35e-4
Stewart,1.34e-4
Conrad,1.34e-4
Dewayne,1.33e-4
Quinn,1.33e-4
Carter,1.32e-4
Devan,1.31e-4
Mackenzie,1.31e-4
Lukas,1.31e-4
Jameson,1.3e-4
Dion,1.28e-4
Reed,1.28e-4
Solomon,1.28e-4
Garret,1.27e-4
Myron,1.27e-4
Harvey,1.27e-4
Jamaal,1.27e-4
Mauricio,1.27e-4
Jody,1.26e-4
Aron,1.26e-4
Jackie,1.26e-4
Leland,1.25e-4
Addison,1.25e-4
Cordell,1.25e-4
Jarod,1.25e-4
Lionel,1.25e-4
Lyle,1.25e-4
Lane,1.24e-4
Rex,1.24e-4
Thaddeus,1.24e-4
Dan,1.24e-4
Mitchel,1.24e-4
Jasper,1.23e-4
Randolph,1.23e-4
Shea,1.23e-4
Vicente,1.23e-4
Jonah,1.22e-4
Santiago,1.22e-4
Vance,1.22e-4
Cristian,1.22e-4
Alton,1.21e-4
Deon,1.21e-4
Erich,1.2e-4
Jamison,1.2e-4
Nick,1.2e-4
Nigel,1.2e-4
Will,1.2e-4
Alvaro,1.2e-4
Donnell,1.2e-4
Wendell,1.2e-4
Josh,1.19e-4
Cordero,1.18e-4
Cortez,1.17e-4
Mohammad,1.17e-4
Sammy,1.17e-4
Ahmad,1.17e-4
Griffin,1.16e-4
Anton,1.16e-4
Guadalupe,1.15e-4
Jovan,1.15e-4
Rodrigo,1.15e-4
Skylar,1.15e-4
Chester,1.14e-4
Drake,1.14e-4
Jace,1.14e-4
Randal,1.14e-4
Tucker,1.14e-4
Harley,1.14e-4
Joaquin,1.13e-4
Winston,1.13e-4
Arron,1.13e-4
Chandler,1.12e-4
Javon,1.12e-4
Jessica,1.12e-4
Clyde,1.12e-4
Akeem,1.11e-4
Leonel,1.1e-4
Amos,1.09e-4
Ignacio,1.09e-4
Nestor,1.08e-4
Keegan,1.08e-4
Dalton,1.07e-4
Jim,1.07e-4
Amir,1.07e-4
Garry,1.07e-4
Kelsey,1.07e-4
Rico,1.07e-4
Robbie,1.06e-4
Scotty,1.06e-4
Aubrey,1.05e-4
Barrett,1.05e-4
Bradly,1.04e-4
Nathanial,1.04e-4
Rigoberto,1.03e-4
Blair,1.02e-4
Jerrell,1.02e-4
Antwon,1.02e-4
Bennett,1.02e-4
Erin,1.02e-4
Greg,1.02e-4
Mychal,1.02e-4
Stephon,1.02e-4
Sylvester,1.02e-4
Royce,1.01e-4
Ezra,1.01e-4
Jess,1e-4
Teddy,1e-4
Tory,1e-4
Marquise,9.8e-5
Adolfo,9.8e-5
Colt,9.7e-5
Ahmed,9.6e-5
Benny,9.6e-5
Kristian,9.6e-5
Agustin,9.6e-5
Ervin,9.6e-5
Ezekiel,9.6e-5
Moshe,9.6e-5
Otis,9.6e-5
Brooks,9.5e-5
Jerald,9.5e-5
Marty,9.5e-5
Tom,9.4e-5
Hugh,9.3e-5
Kirby,9.3e-5
Darrel,9.3e-5
Shelby,9.2e-5
Elvis,9.2e-5
Willis,9.2e-5
Tobias,9.1e-5
Tyree,9.1e-5
Brant,9.1e-5
Heriberto,9e-5
Ulysses,9e-5
Claude,9e-5
Deonte,8.9e-5
Jakob,8.9e-5
Paris,8.9e-5
Pete,8.9e-5
Darrius,8.9e-5
Justen,8.9e-5
Kyler,8.9e-5
Maximilian,8.9e-5
Bronson,8.8e-5
Conner,8.8e-5
Josef,8.8e-5
Mohammed,8.8e-5
Cruz,8.7e-5
Luther,8.7e-5
Bo,8.6e-5
Grady,8.6e-5
Houston,8.6e-5
Issac,8.6e-5
Jerod,8.6e-5
Baby,8.6e-5
Jonas,8.5e-5
Marques,8.5e-5
Sherman,8.5e-5
Jefferson,8.5e-5
Joesph,8.5e-5
Liam,8.5e-5
Rudolph,8.5e-5
Wilfredo,8.5e-5
Brandan,8.4e-5
Duncan,8.4e-5
Marion,8.4e-5
Morris,8.4e-5
Aric,8.4e-5
Carey,8.4e-5
Estevan,8.4e-5
Cyrus,8.3e-5
Tylor,8.3e-5
Elmer,8.3e-5
Jerel,8.3e-5
Rodrick,8.3e-5
Bernardo,8.2e-5
Antony,8.2e-5
Cullen,8.2e-5
Dave,8.2e-5
Dereck,8.2e-5
Keaton,8.2e-5
Ryne,8.1e-5
Cary,8.1e-5
Mikel,8.1e-5
Trever,8.1e-5
Derik,8e-5
Edmund,8e-5
Damion,8e-5
Dandre,8e-5
Justine,8e-5
Hans,7.9e-5
Malik,7.9e-5
Rhett,7.9e-5
Earnest,7.9e-5
Santos,7.9e-5
Jarrell,7.8e-5
Jerad,7.8e-5
Tommie,7.8e-5
Brody,7.7e-5
Cristopher,7.7e-5
Titus,7.7e-5
Grayson,7.6e-5
Cortney,7.6e-5
Rashawn,7.6e-5
Reece,7.6e-5
Fidel,7.5e-5
Hassan,7.5e-5
Shelton,7.5e-5
Brandyn,7.5e-5
Jeramy,7.5e-5
Asa,7.4e-5
German,7.4e-5
Gregg,7.4e-5
Ira,7.4e-5
Roosevelt,7.4e-5
Galen,7.4e-5
Ellis,7.3e-5
Jacques,7.3e-5
Ron,7.3e-5
Austen,7.3e-5
Bennie,7.3e-5
Bill,7.3e-5
Mickey,7.3e-5
Daren,7.2e-5
Gonzalo,7.2e-5
Jairo,7.2e-5
Kenton,7.2e-5
Matt,7.2e-5
Octavio,7.2e-5
Cooper,7.2e-5
Holden,7.2e-5
Camron,7.1e-5
Junior,7.1e-5
Virgil,7.1e-5
Deven,7.1e-5
Jamil,7.1e-5
Vaughn,7.1e-5
Cale,7e-5
Carlo,7e-5
Cornell,7e-5
Timmy,7e-5
Benito,7e-5
Jedidiah,6.9e-5
Prince,6.9e-5
Stacy,6.9e-5
Chaim,6.9e-5
Coleman,6.9e-5
Pierce,6.9e-5
Uriel,6.9e-5
Wallace,6.9e-5
Braxton,6.8e-5
Broderick,6.8e-5
Colten,6.7e-5
Dejuan,6.7e-5
Jeffry,6.7e-5
Brain,6.7e-5
Derrell,6.7e-5
Kraig,6.7e-5
Daron,6.6e-5
Gino,6.6e-5
Long,6.6e-5
Louie,6.6e-5
Mack,6.6e-5
Abram,6.6e-5
Keon,6.6e-5
Samson,6.6e-5
Cedrick,6.5e-5
Codey,6.5e-5
Torrey,6.5e-5
Van,6.5e-5
Alphonso,6.5e-5
Dario,6.5e-5
Darwin,6.5e-5
Davin,6.5e-5
Jeromy,6.5e-5
Dontae,6.4e-5
Jeremie,6.4e-5
Osvaldo,6.4e-5
Shay,6.4e-5
Trevin,6.4e-5
Deron,6.4e-5
Jered,6.4e-5
Tyron,6.4e-5
Donta,6.3e-5
Antione,6.3e-5
Brandin,6.3e-5
Curt,6.3e-5
Edmond,6.3e-5
Marlin,6.3e-5
Randell,6.3e-5
Arsenio,6.2e-5
Aldo,6.2e-5
Brennen,6.2e-5
Chauncey,6.2e-5
Amanda,6.1e-5
August,6.1e-5
Elvin,6.1e-5
Jessy,6.1e-5
Darrick,6.1e-5
Donavan,6.1e-5
Jory,6.1e-5
Lincoln,6.1e-5
Rocco,6.1e-5
Laron,6e-5
Robby,6e-5
Alonso,6e-5
Ezequiel,6e-5
Jed,6e-5
Monte,6e-5
Stacey,6e-5
Andreas,5.9e-5
Ari,5.9e-5
Brandt,5.9e-5
Britton,5.9e-5
Demarco,5.9e-5
Efren,5.9e-5
Silas,5.9e-5
Waylon,5.9e-5
Cassidy,5.8e-5
Greggory,5.8e-5
Jaquan,5.8e-5
Rashaad,5.8e-5
Archie,5.8e-5
Dashawn,5.8e-5
Dirk,5.8e-5
Eddy,5.8e-5
Geraldo,5.8e-5
Isidro,5.8e-5
Martez,5.8e-5
Theron,5.8e-5
Whitney,5.8e-5
Jennifer,5.7e-5
Johathan,5.7e-5
Kelby,5.7e-5
Mohamed,5.7e-5
Eliezer,5.7e-5
Garrison,5.7e-5
Hayden,5.7e-5
Jade,5.7e-5
Coby,5.6e-5
Darron,5.6e-5
Denny,5.6e-5
Isaias,5.6e-5
Kristoffer,5.6e-5
Kalvin,5.6e-5
Emmett,5.5e-5
Gregorio,5.5e-5
Jamarcus,5.5e-5
Jeremey,5.5e-5
Ken,5.5e-5
Donavon,5.5e-5
Jan,5.5e-5
Michel,5.5e-5
Anderson,5.4e-5
Coy,5.4e-5
Jacoby,5.4e-5
Jarad,5.4e-5
Kale,5.4e-5
Kane,5.4e-5
Kolby,5.4e-5
Tad,5.4e-5
Jeramie,5.4e-5
Raymundo,5.4e-5
Reggie,5.4e-5
Dangelo,5.3e-5
Derrek,5.3e-5
Keven,5.3e-5
Laurence,5.3e-5
Payton,5.3e-5
Percy,5.3e-5
Schuyler,5.3e-5
Vince,5.3e-5
Danial,5.3e-5
Francesco,5.3e-5
Raheem,5.3e-5
Reese,5.3e-5
Buddy,5.2e-5
Cade,5.2e-5
Channing,5.2e-5
Marquez,5.2e-5
Martell,5.2e-5
Rickie,5.2e-5
Travon,5.2e-5
Wilbert,5.2e-5
Deric,5.2e-5
Domingo,5.2e-5
Horace,5.2e-5
Jaymes,5.2e-5
Madison,5.2e-5
Muhammad,5.2e-5
Tyrel,5.2e-5
Armand,5.1e-5
Edwardo,5.1e-5
Elizabeth,5.1e-5
Jermey,5.1e-5
Ronny,5.1e-5
Dominque,5.1e-5
Brittany,5e-5
Darian,5e-5
Donny,5e-5
Levon,5e-5
Maria,5e-5
Nathen,5e-5
Chadd,5e-5
Edgardo,5e-5
Genaro,5e-5
Hank,5e-5
Harris,5e-5
Johnpaul,5e-5
Lauren,5e-5
Lazaro,5e-5
Ridge,5e-5
Terrill,5e-5
Walker,5e-5
Willard,5e-5
Alexandro,4.9e-5
Darell,4.9e-5
Mikhail,4.9e-5
Denver,4.9e-5
Federico,4.9e-5
Garett,4.9e-5
Mariano,4.9e-5
Brantley,4.8e-5
Corwin,4.8e-5
Ernie,4.8e-5
Mitch,4.8e-5
Nico,4.8e-5
Rufus,4.8e-5
Torey,4.8e-5
Zechariah,4.8e-5
Jayme,4.8e-5
Kade,4.8e-5
Kalen,4.8e-5
Norberto,4.8e-5
Romeo,4.8e-5
Alexandre,4.7e-5
Christina,4.7e-5
