name,percent
Jessica,0.024046
Ashley,0.023892
Brittany,0.018973
Amanda,0.018495
Sarah,0.01395
Samantha,0.01245
Jennifer,0.012051
Stephanie,0.011431
Lauren,0.010573
Elizabeth,0.010178
Megan,0.009941
Nicole,0.009553
Emily,0.0087
Amber,0.008417
Heather,0.00816
Tiffany,0.007889
Danielle,0.007717
Rachel,0.007709
Melissa,0.007637
Kayla,0.007483
Courtney,0.006753
Michelle,0.00672
Christina,0.006595
Rebecca,0.006241
Laura,0.005894
Katherine,0.005737
Chelsea,0.005649
Kimberly,0.005544
Sara,0.004874
Jasmine,0.004793
Kelsey,0.004648
Crystal,0.004567
Alyssa,0.004542
Erica,0.00453
Amy,0.004471
Kristen,0.004419
Kelly,0.0044
Mary,0.004334
Andrea,0.004221
Erin,0.004087
Brittney,0.003932
Hannah,0.003931
Alexandra,0.003855
Victoria,0.003833
Allison,0.003659
Katie,0.003659
Angela,0.003618
Lindsey,0.003551
Caitlin,0.003529
Vanessa,0.00349
Anna,0.003455
Jamie,0.0034390000000000002
Alicia,0.003425
Cassandra,0.003362
Lisa,0.003302
Maria,0.003174
Whitney,0.00317
Kathryn,0.003161
Christine,0.003079
Kristin,0.003044
Shannon,0.002843
Natalie,0.002826
Lindsay,0.002775
Jacqueline,0.002738
Kristina,0.002411
April,0.002378
Catherine,0.002288
Monica,0.002258
Morgan,0.002224
Tara,0.002194
Jenna,0.00218
Jordan,0.002148
Erika,0.002102
Brooke,0.0020830000000000002
Taylor,0.002042
Katelyn,0.002027
Brianna,0.002006
Julie,0.001981
Holly,0.001956
Meghan,0.001937
Marissa,0.001906
Krystal,0.001902
Leah,0.001899
Cynthia,0.001894
Veronica,0.001862
Diana,0.001849
Natasha,0.001842
Melanie,0.001822
Patricia,0.001811
Kathleen,0.001808
Bianca,0.001803
Alexis,0.001765
Molly,0.001737
Abigail,0.001708
Kaitlyn,0.001705
Julia,0.001689
Margaret,0.001651
Brandi,0.001633
Kendra,0.001621
Kaitlin,0.001594
Kara,0.001567
Bethany,0.001548
Casey,0.001546
Alexandria,0.001541
Dana,0.001506
Jillian,0.001467
Angelica,0.001442
Leslie,0.001439
Rachael,0.001421
Karen,0.001384
Felicia,0.001382
Gabrielle,0.001365
Caroline,0.001337
Kiara,0.001317
Katrina,0.001316
Sabrina,0.001293
Valerie,0.001285
Britney,0.001253
Alison,0.001252
Meagan,0.001238
Brandy,0.001234
Alisha,0.001222
Olivia,0.001222
Paige,0.0012
Haley,0.001186
Briana,0.001181
Desiree,0.00118
Nancy,0.001176
Sandra,0.001168
Miranda,0.001167
Brenda,0.00114
Candace,0.001139
Ana,0.001137
Candice,0.001137
Adriana,0.001134
Nichole,0.001121
Krista,0.001116
Jaclyn,0.001113
Monique,0.001109
Chelsey,0.001105
Gina,0.001089
Joanna,0.001061
Lacey,0.001042
Ashlee,0.001028
Denise,0.001022
Stacey,0.001014
Mallory,9.9e-4
Carrie,9.84e-4
Grace,9.68e-4
Kylie,9.68e-4
Emma,9.65e-4
Stacy,9.47e-4
Anne,9.45e-4
Rebekah,9.38e-4
Sierra,9.36e-4
Tabitha,0.00093000000000000005
Linda,9.26e-4
Carolyn,9.09e-4
Colleen,9.09e-4
Robin,9.06e-4
Susan,9e-4
Deanna,8.82e-4
Breanna,8.77e-4
Priscilla,8.74e-4
Kelli,8.72e-4
Cristina,8.69e-4
Angel,8.61e-4
Meredith,8.55e-4
Sasha,8.53e-4
Audrey,8.45e-4
Claire,8.4e-4
Renee,8.34e-4
Dominique,8.23e-4
Bridget,8.21e-4
Melinda,7.96e-4
Ebony,7.92e-4
Cindy,7.87e-4
Justine,7.87e-4
Carly,7.81e-4
Theresa,7.75e-4
Heidi,7.73e-4
Karina,7.73e-4
Kirsten,7.72e-4
Arielle,7.68e-4
Teresa,7.68e-4
Barbara,7.46e-4
Tamara,7.45e-4
Autumn,7.43e-4
Latoya,7.36e-4
Tracy,7.35e-4
Mayra,7.31e-4
Claudia,7.09e-4
Tanya,6.97e-4
Cassie,6.91e-4
Kristine,6.91e-4
Marie,6.9e-4
Jacquelyn,6.84e-4
Pamela,6.71e-4
Wendy,6.71e-4
Ashleigh,6.69e-4
Tina,6.63e-4
Ellen,6.6e-4
Alexa,6.55e-4
Yesenia,6.55e-4
Kari,6.51e-4
Kasey,6.47e-4
Savannah,6.47e-4
Hillary,6.45e-4
Jenny,6.45e-4
Ariel,6.44e-4
Abby,6.41e-4
Cara,6.41e-4
Adrienne,6.38e-4
Michele,6.37e-4
Amelia,6.35e-4
Virginia,6.34e-4
Tiara,6.3e-4
Daisy,6.28e-4
Lydia,6.27e-4
Martha,6.25e-4
Caitlyn,6.2e-4
Madison,6.14e-4
Misty,6.14e-4
Gabriela,6.14e-4
Kristy,6.12e-4
Mercedes,6.12e-4
Janet,6.09e-4
Tasha,6.05e-4
Shelby,6.04e-4
Sydney,5.99e-4
Carmen,5.96e-4
Janelle,5.94e-4
Kristi,5.89e-4
Evelyn,5.87e-4
Madeline,5.87e-4
Nina,5.87e-4
Raquel,5.86e-4
Destiny,5.77e-4
Jessie,5.77e-4
Jade,5.76e-4
Brittani,5.74e-4
Rosa,5.68e-4
Allyson,5.61e-4
Sharon,5.61e-4
Christy,5.49e-4
Ann,5.47e-4
Jocelyn,5.42e-4
Gloria,5.41e-4
Kate,5.41e-4
Deborah,5.4e-4
Jasmin,5.4e-4
Carla,5.36e-4
Elise,5.35e-4
Sophia,5.32e-4
Jill,5.32e-4
Toni,5.29e-4
Bailey,5.28e-4
Kellie,5.25e-4
Marisa,5.2e-4
Hilary,5.16e-4
Ashton,5.16e-4
Cortney,5.14e-4
Aimee,5.09e-4
Jeanette,5.09e-4
Shawna,5.07e-4
Chelsie,5.05e-4
Stefanie,5.04e-4
Nikki,5.03e-4
Michaela,5.01e-4
Donna,4.98e-4
Regina,4.98e-4
Lori,4.96e-4
Naomi,4.95e-4
Kaylee,4.94e-4
Trisha,4.92e-4
Ruth,4.91e-4
Roxanne,4.91e-4
Ariana,4.87e-4
Karla,4.85e-4
Carissa,4.83e-4
Kelley,4.83e-4
Latasha,4.8e-4
Adrianna,4.79e-4
Brianne,4.73e-4
Hayley,4.69e-4
Christin,4.65e-4
Robyn,4.58e-4
Summer,4.56e-4
Alissa,4.5e-4
Esther,4.5e-4
Rose,4.5e-4
Alejandra,4.49e-4
Charlotte,4.48e-4
Angelina,4.48e-4
Melody,4.43e-4
Ciara,4.42e-4
Camille,4.41e-4
Randi,4.4e-4
Hope,4.39e-4
Rachelle,4.36e-4
Jaime,4.34e-4
Chloe,4.33e-4
Cierra,4.31e-4
Dawn,4.31e-4
Sonia,4.31e-4
Helen,4.3e-4
Mackenzie,4.29e-4
Maggie,4.21e-4
Suzanne,4.2e-4
Tonya,4.18e-4
Asia,4.08e-4
Cecilia,4.07e-4
Elisabeth,4.07e-4
Miriam,4.05e-4
Tatiana,4.05e-4
Diane,4.04e-4
Joy,4.03e-4
Krystle,4.02e-4
Sylvia,4e-4
Aubrey,3.98e-4
Paula,3.98e-4
Carolina,3.97e-4
Jane,3.92e-4
Frances,3.92e-4
Eva,3.91e-4
Kassandra,3.89e-4
Shana,3.86e-4
Bonnie,3.86e-4
Sheena,3.86e-4
Nadia,3.83e-4
Tierra,3.82e-4
Clarissa,3.82e-4
Ruby,3.82e-4
Christian,3.81e-4
Kelsie,3.81e-4
Anastasia,3.79e-4
Taryn,3.79e-4
Hailey,3.78e-4
Carol,3.77e-4
Callie,3.76e-4
Yvette,3.75e-4
Christa,3.74e-4
Alice,3.71e-4
Annie,3.71e-4
Karissa,3.71e-4
Keri,3.71e-4
Meaghan,3.71e-4
Guadalupe,3.7e-4
Lacy,3.7e-4
Cheryl,3.68e-4
Jazmine,3.67e-4
Simone,3.67e-4
Brittni,3.66e-4
Alyson,3.64e-4
Elena,3.63e-4
Chasity,3.61e-4
Tia,3.6e-4
Sandy,3.6e-4
Yolanda,3.58e-4
Mindy,3.57e-4
Keisha,3.57e-4
Shayla,3.57e-4
Charlene,3.56e-4
Rochelle,3.56e-4
Faith,3.55e-4
Johanna,3.53e-4
Antoinette,3.53e-4
Tessa,3.49e-4
Lillian,3.48e-4
Ericka,3.48e-4
Jazmin,3.48e-4
Chantel,3.43e-4
Julianne,3.42e-4
Anita,3.4e-4
Beth,3.39e-4
Elaine,3.38e-4
Yvonne,3.37e-4
Shaina,3.36e-4
Alana,3.34e-4
Hanna,3.32e-4
Leticia,3.32e-4
Staci,3.32e-4
Mia,3.3e-4
Sheila,3.3e-4
Leanna,3.3e-4
Christie,3.29e-4
Larissa,3.27e-4
Daniela,3.24e-4
Elisa,3.21e-4
Stephani,3.2e-4
Irene,3.2e-4
Kristie,3.19e-4
Katharine,3.15e-4
Marilyn,3.15e-4
Devon,3.14e-4
Casandra,3.13e-4
Kendall,3.13e-4
Dorothy,3.12e-4
Stacie,3.11e-4
Jodi,3.09e-4
Tanisha,3.09e-4
Katlyn,3.08e-4
Kylee,3.08e-4
Alma,3.07e-4
Elyse,3.07e-4
Isabel,3.07e-4
Kayleigh,3.06e-4
Lyndsey,3.05e-4
Leigh,3.03e-4
Blanca,3.02e-4
Marlene,3.02e-4
Marina,3.01e-4
Marisol,3e-4
Latisha,3e-4
Tracey,2.99e-4
Nora,2.99e-4
Sade,2.98e-4
Celeste,2.97e-4
Alysha,2.97e-4
Jalisa,2.97e-4
Tammy,2.96e-4
Lorena,2.96e-4
Devin,2.95e-4
Katy,2.94e-4
Mandy,2.94e-4
Shayna,2.94e-4
Tabatha,2.92e-4
Kyla,2.91e-4
Jaleesa,2.9e-4
Traci,2.88e-4
Maribel,2.87e-4
Juliana,2.86e-4
Charity,2.86e-4
Ryan,2.85e-4
Shauna,2.85e-4
Bridgette,2.82e-4
Kerry,2.82e-4
Debra,2.79e-4
Esmeralda,2.79e-4
Brenna,2.78e-4
Jaimie,2.77e-4
Kerri,2.77e-4
Shanna,2.77e-4
Corinne,2.75e-4
Janice,2.75e-4
Lucy,2.74e-4
Gabriella,2.73e-4
Ashlie,2.73e-4
Katelynn,2.73e-4
Iris,2.71e-4
Alisa,2.7e-4
Shanice,2.7e-4
Sally,2.69e-4
Alaina,2.68e-4
Britany,2.68e-4
Norma,2.67e-4
Ciera,2.65e-4
Josephine,2.65e-4
Leanne,2.65e-4
Laurel,2.65e-4
Liliana,2.65e-4
Connie,2.64e-4
Kala,2.64e-4
Kierra,2.64e-4
Sonya,2.64e-4
Tricia,2.64e-4
Eileen,2.63e-4
Chanel,2.63e-4
Judith,2.58e-4
Noelle,2.58e-4
Patrice,2.54e-4
Stephany,2.53e-4
Tiffani,2.53e-4
Arianna,2.52e-4
Jackie,2.51e-4
Kaila,2.5e-4
Precious,2.5e-4
Tiana,2.5e-4
Keshia,2.49e-4
Juanita,2.48e-4
Joyce,2.47e-4
Breanne,2.46e-4
Constance,2.46e-4
Blair,2.45e-4
Maureen,2.45e-4
Annette,2.43e-4
Jana,2.42e-4
Cassidy,2.42e-4
Whitley,2.42e-4
Darlene,2.41e-4
Jacklyn,2.41e-4
Lara,2.41e-4
Sadie,2.41e-4
Natalia,2.4e-4
Kira,2.39e-4
Raven,2.39e-4
Cecily,2.38e-4
Ashly,2.37e-4
Kali,2.37e-4
Abbey,2.36e-4
Jena,2.36e-4
Kathy,2.35e-4
Maritza,2.34e-4
Shelly,2.34e-4
Vivian,2.34e-4
Rosemary,2.33e-4
Margarita,2.33e-4
Janae,2.32e-4
Joanne,2.32e-4
Francesca,2.3e-4
Jami,2.3e-4
Kiera,2.3e-4
Shirley,2.3e-4
Shantel,2.29e-4
Beatriz,2.29e-4
Diamond,2.29e-4
Daniella,2.26e-4
Sherry,2.26e-4
Jennie,2.25e-4
Laurie,2.25e-4
Kacie,2.25e-4
Serena,2.25e-4
Tori,2.24e-4
Elizabet,2.23e-4
India,2.23e-4
Kelsi,2.21e-4
Mollie,2.21e-4
Kourtney,2.21e-4
Kristyn,2.2e-4
Terri,2.2e-4
Desirae,2.18e-4
Beverly,2.18e-4
Lakeisha,2.18e-4
Gretchen,2.16e-4
Susana,2.14e-4
Maegan,2.14e-4
Justina,2.12e-4
Tania,2.12e-4
Ashely,2.12e-4
Belinda,2.12e-4
Lynn,2.12e-4
Clara,2.1e-4
Katelin,2.09e-4
Brittanie,2.09e-4
Nikita,2.09e-4
Lily,2.08e-4
Hollie,2.08e-4
Talia,2.08e-4
Lizette,2.07e-4
Rita,2.07e-4
Alycia,2.06e-4
Britni,2.06e-4
Mara,2.06e-4
Lena,2.05e-4
Christen,2.03e-4
Rhonda,2.02e-4
Araceli,2.02e-4
Jerrica,2.02e-4
Genevieve,2.01e-4
Carina,2.01e-4
Betty,2e-4
Mariah,2e-4
Loren,1.99e-4
Lucia,1.98e-4
Lea,1.98e-4
Lesley,1.97e-4
Cristal,1.97e-4
Infant,1.97e-4
Julianna,1.95e-4
Bobbie,1.95e-4
Alysia,1.94e-4
Ashlyn,1.93e-4
Brandie,1.91e-4
Lacie,1.91e-4
Shelley,1.91e-4
Tamika,1.91e-4
Rocio,1.91e-4
Octavia,1.9e-4
Audra,1.9e-4
Cayla,1.9e-4
Chantal,1.89e-4
Zoe,1.89e-4
Allie,1.88e-4
Brittaney,1.88e-4
Aisha,1.88e-4
Dianna,1.88e-4
Cheyenne,1.87e-4
Kyra,1.87e-4
Mckenzie,1.87e-4
Terra,1.87e-4
Marisela,1.85e-4
Brittny,1.84e-4
Paris,1.84e-4
Judy,1.83e-4
Michael,1.82e-4
Angie,1.81e-4
Edith,1.8e-4
Elisha,1.8e-4
Ashli,1.79e-4
Eleanor,1.79e-4
Jenifer,1.79e-4
Silvia,1.79e-4
Nadine,1.79e-4
Alanna,1.77e-4
Mariana,1.77e-4
Jayme,1.77e-4
Kirstin,1.76e-4
Kaci,1.75e-4
Kaleigh,1.75e-4
Kenya,1.75e-4
Maura,1.75e-4
Jean,1.75e-4
Leann,1.75e-4
Stevie,1.75e-4
Janette,1.74e-4
Alecia,1.74e-4
Racheal,1.73e-4
Maranda,1.72e-4
Tiffanie,1.72e-4
Dayna,1.72e-4
Arlene,1.71e-4
Logan,1.71e-4
Luz,1.7e-4
Maya,1.7e-4
Chrystal,1.7e-4
Elissa,1.7e-4
Jerica,1.7e-4
Amie,1.69e-4
Savanna,1.68e-4
Angelique,1.68e-4
Corina,1.68e-4
Sophie,1.67e-4
Lorraine,1.67e-4
Maricela,1.67e-4
Emilee,1.66e-4
Kacey,1.66e-4
Selina,1.66e-4
Cori,1.65e-4
Danica,1.65e-4
Janine,1.65e-4
Noemi,1.64e-4
Genesis,1.62e-4
Josie,1.61e-4
Krystina,1.61e-4
Nathalie,1.61e-4
Shante,1.6e-4
Alexia,1.6e-4
Gwendolyn,1.6e-4
Kaley,1.6e-4
Sofia,1.6e-4
Nicolette,1.59e-4
Janay,1.58e-4
Jesse,1.58e-4
Katlin,1.58e-4
Cassondra,1.57e-4
Jeannette,1.57e-4
Kristal,1.57e-4
Kristian,1.56e-4
Celia,1.56e-4
Joann,1.56e-4
Antonia,1.55e-4
Alyse,1.55e-4
Kailey,1.55e-4
Lyndsay,1.54e-4
Emilie,1.53e-4
Adrian,1.53e-4
Chelsi,1.53e-4
Marquita,1.53e-4
Eden,1.52e-4
Kasandra,1.52e-4
Lana,1.52e-4
Beatrice,1.52e-4
Betsy,1.52e-4
Chantelle,1.52e-4
Eliza,1.52e-4
Lynette,1.52e-4
Rhiannon,1.52e-4
Alexandr,1.51e-4
Princess,1.51e-4
Roxana,1.51e-4
Alesha,1.5e-4
Latrice,1.5e-4
Lora,1.49e-4
Porsha,1.49e-4
Adrianne,1.48e-4
Fatima,1.48e-4
Janie,1.48e-4
Kimberley,1.48e-4
Chandra,1.48e-4
Kiersten,1.48e-4
Kiley,1.48e-4
Paulina,1.48e-4
Felisha,1.47e-4
Breana,1.46e-4
Brittnee,1.45e-4
Trista,1.45e-4
Corey,1.44e-4
Yasmin,1.44e-4
Kassie,1.43e-4
Kori,1.43e-4
Latonya,1.43e-4
Shanika,1.43e-4
Alina,1.42e-4
Bobbi,1.41e-4
Clare,1.41e-4
Kandice,1.41e-4
Selena,1.41e-4
Joan,1.41e-4
Madeleine,1.41e-4
Yadira,1.41e-4
Athena,1.4e-4
Jodie,1.4e-4
Britny,1.4e-4
Ivy,1.4e-4
Krysta,1.4e-4
Laci,1.4e-4
Katherin,1.39e-4
Jolene,1.38e-4
Darcy,1.38e-4
Debbie,1.38e-4
Georgia,1.38e-4
Janna,1.37e-4
Noel,1.37e-4
Aurora,1.37e-4
Sonja,1.37e-4
Tiera,1.37e-4
Tyler,1.37e-4
Cameron,1.36e-4
Melisa,1.36e-4
Jessika,1.36e-4
Myra,1.36e-4
Tess,1.36e-4
Dina,1.35e-4
Leandra,1.35e-4
Lauryn,1.35e-4
Olga,1.34e-4
Perla,1.34e-4
Tracie,1.34e-4
Pauline,1.34e-4
Abbie,1.33e-4
Gladys,1.33e-4
Liana,1.33e-4
Maryann,1.33e-4
Phylicia,1.33e-4
Kaylyn,1.33e-4
Kimberlee,1.33e-4
Liza,1.33e-4
Alexandrea,1.32e-4
Gillian,1.32e-4
Irma,1.32e-4
Becky,1.32e-4
Tameka,1.32e-4
Mikayla,1.31e-4
Griselda,1.31e-4
Kim,1.31e-4
Portia,1.31e-4
Stefani,1.31e-4
Ali,1.3e-4
Kortney,1.3e-4
Audrianna,1.29e-4
Kandace,1.29e-4
Leeann,1.29e-4
Kathrine,1.28e-4
Lashonda,1.28e-4
Paola,1.28e-4
Ingrid,1.28e-4
Kyle,1.28e-4
Lissette,1.28e-4
Marjorie,1.27e-4
Iliana,1.27e-4
Kaela,1.27e-4
Roxanna,1.27e-4
Kirstie,1.26e-4
Unknown,1.26e-4
Catrina,1.26e-4
Demetria,1.26e-4
Geraldine,1.26e-4
Kati,1.25e-4
Samatha,1.25e-4
Celina,1.24e-4
Kaylin,1.24e-4
Lizbeth,1.24e-4
Kaitlynn,1.24e-4
Martina,1.24e-4
Cora,1.23e-4
Janessa,1.23e-4
Mandi,1.23e-4
Christopher,1.22e-4
Joelle,1.21e-4
Richelle,1.21e-4
Alex,1.21e-4
Cari,1.21e-4
Skye,1.21e-4
Asha,1.2e-4
Dara,1.2e-4
Mai,1.2e-4
Marianne,1.2e-4
Rebeca,1.2e-4
Aileen,1.2e-4
Anabel,1.2e-4
Bernadette,1.2e-4
Elaina,1.2e-4
Holli,1.2e-4
Janel,1.2e-4
Alexander,1.19e-4
Hallie,1.19e-4
Krysten,1.19e-4
Madelyn,1.19e-4
Yessenia,1.19e-4
Bridgett,1.19e-4
Deja,1.19e-4
Eboni,1.17e-4
Teri,1.17e-4
Valeria,1.17e-4
Giselle,1.17e-4
Billie,1.16e-4
Kiana,1.16e-4
Roberta,1.16e-4
Chaya,1.16e-4
Deidra,1.16e-4
Edna,1.16e-4
Lee,1.16e-4
Shamika,1.16e-4
Jordyn,1.15e-4
Kalyn,1.15e-4
Maira,1.15e-4
Shea,1.15e-4
Tera,1.15e-4
Lakeshia,1.15e-4
Sherri,1.15e-4
Carley,1.14e-4
Jody,1.14e-4
Susanna,1.14e-4
Charmaine,1.14e-4
Geneva,1.14e-4
Kaylie,1.14e-4
Baby,1.13e-4
Ayla,1.13e-4
Cathy,1.13e-4
Kallie,1.12e-4
Marcella,1.12e-4
Cherish,1.11e-4
Daphne,1.11e-4
Jaqueline,1.11e-4
Julissa,1.11e-4
Kelsea,1.11e-4
Monika,1.11e-4
Fabiola,1.1e-4
Bryanna,1.1e-4
Candy,1.1e-4
Delia,1.1e-4
Breann,1.09e-4
Brittnie,1.09e-4
Cherie,1.09e-4
Dena,1.09e-4
Fallon,1.09e-4
Kaycee,1.09e-4
Alessandra,1.09e-4
Rikki,1.09e-4
Tawny,1.09e-4
Valencia,1.08e-4
Catalina,1.08e-4
Janell,1.08e-4
Audriana,1.07e-4
Brook,1.07e-4
Christi,1.07e-4
Deidre,1.07e-4
Jamila,1.07e-4
Peggy,1.07e-4
Domonique,1.06e-4
Juana,1.06e-4
Kasie,1.06e-4
Marcia,1.06e-4
Tanesha,1.06e-4
Danika,1.06e-4
Keely,1.06e-4
Shameka,1.06e-4
Cory,1.05e-4
Jessi,1.05e-4
Kristan,1.05e-4
Laquita,1.05e-4
Tosha,1.05e-4
Elsa,1.04e-4
Jeanne,1.04e-4
Krystin,1.04e-4
Vicky,1.04e-4
Doris,1.04e-4
Georgina,1.04e-4
Gianna,1.04e-4
Joshua,1.04e-4
Makayla,1.04e-4
Marlena,1.04e-4
Allyssa,1.03e-4
Andria,1.03e-4
Ashanti,1.03e-4
Bree,1.03e-4
Martika,1.03e-4
Kia,1.03e-4
Shari,1.03e-4
Glenda,1.02e-4
Micaela,1.02e-4
Mikaela,1.02e-4
Shanae,1.02e-4
Chastity,1.02e-4
Viviana,1.01e-4
Graciela,1.01e-4
Loretta,1.01e-4
Aja,1e-4
Cecelia,1e-4
Danyelle,1e-4
Lia,1e-4
Destinee,1e-4
Leila,1e-4
Reyna,1e-4
Ivette,9.9e-5
Lakesha,9.9e-5
Mari,9.9e-5
Justin,9.9e-5
Tarah,9.9e-5
Chanelle,9.8e-5
Nikole,9.8e-5
Brandee,9.8e-5
Dora,9.8e-5
Lynsey,9.8e-5
Latosha,9.7e-5
Lisette,9.7e-5
Salina,9.7e-5
Trina,9.7e-5
Chana,9.7e-5
Lakisha,9.7e-5
Marian,9.7e-5
Brittnay,9.6e-5
Dominque,9.6e-5
Magen,9.6e-5
Shantell,9.6e-5
Valarie,9.6e-5
Marla,9.6e-5
Marsha,9.6e-5
Tianna,9.6e-5
Cody,9.5e-5
Tayler,9.5e-5
Daniel,9.5e-5
Jesica,9.5e-5
Corrine,9.4e-5
Phoebe,9.4e-5
Yajaira,9.4e-5
Yasmine,9.4e-5
Christiana,9.4e-5
Moriah,9.4e-5
Sheri,9.4e-5
Carlie,9.3e-5
Casie,9.3e-5
Karly,9.3e-5
Rosanna,9.3e-5
Shaniqua,9.3e-5
Annmarie,9.3e-5
Cherelle,9.2e-5
Brigitte,9.1e-5
Dolores,9.1e-5
Cheri,9.1e-5
Chiquita,9.1e-5
Juliet,9.1e-5
Karin,9.1e-5
Kimber,9.1e-5
Luisa,9.1e-5
Sarai,9.1e-5
Shakira,9.1e-5
Shanelle,9.1e-5
Johnna,9e-5
Rosalinda,9e-5
Deana,9e-5
Magan,9e-5
Micah,9e-5
Wanda,9e-5
Antionette,8.9e-5
Avery,8.9e-5
Brynn,8.9e-5
Eunice,8.9e-5
Lizeth,8.9e-5
Joni,8.9e-5
Rena,8.9e-5
Deirdre,8.8e-5
James,8.8e-5
Kacy,8.8e-5
Karli,8.8e-5
Lourdes,8.8e-5
Joana,8.8e-5
Katheryn,8.8e-5
Angelia,8.7e-5
Helena,8.7e-5
Jeannie,8.7e-5
Margo,8.7e-5
Matthew,8.7e-5
Renae,8.7e-5
Ryann,8.7e-5
Anjelica,8.7e-5
Ava,8.7e-5
Ginger,8.7e-5
Mariel,8.7e-5
Maxine,8.7e-5
