name,percent
Michael,0.031213
Christopher,0.025455
Matthew,0.021662
Joshua,0.021047
David,0.016806
Daniel,0.016701
Andrew,0.016617
Justin,0.015681
James,0.015614
Robert,0.01435
Joseph,0.014253
John,0.014238
Ryan,0.013557
Nicholas,0.013469
William,0.01178
Anthony,0.01166
Jonathan,0.011263
Brandon,0.011129
Kevin,0.010118
Kyle,0.009968
Eric,0.009057
Steven,0.009034
Thomas,0.008802
Brian,0.008637
Zachary,0.008628
Jacob,0.008512
Adam,0.00808
Timothy,0.007841
Benjamin,0.007507
Tyler,0.007442
Aaron,0.007308
Alexander,0.006928
Richard,0.006744
Jeremy,0.006243
Jason,0.006018
Charles,0.005847
Jeffrey,0.005737
Patrick,0.005722
Sean,0.005677
Stephen,0.005604
Travis,0.0055
Mark,0.005399
Nathan,0.005203
Jordan,0.005189
Cody,0.005165
Jose,0.004925
Samuel,0.004819
Dustin,0.004639
Paul,0.004309
Jesse,0.004226
Scott,0.004225
Gregory,0.00418
Kenneth,0.004085
Derek,0.003994
Corey,0.003824
Bryan,0.003748
Jared,0.003348
Bradley,0.003332
Austin,0.003288
Alex,0.003121
Cory,0.003081
Edward,0.002796
Juan,0.002754
Cameron,0.002669
Shawn,0.002613
Peter,0.002578
Marcus,0.002573
Ian,0.00236
Evan,0.002351
Keith,0.002334
Shane,0.00232
Taylor,0.00232
Luis,0.00231
Chad,0.002255
Phillip,0.002253
Antonio,0.002251
Carlos,0.002212
Christian,0.002203
George,0.002152
Vincent,0.002144
Brett,0.002112
Donald,0.002063
Trevor,0.001986
Nathaniel,0.001964
Ronald,0.00196
Raymond,0.001958
Ethan,0.001933
Joel,0.001881
Victor,0.0018600000000000001
Casey,0.00184
Caleb,0.001808
Douglas,0.001765
Mitchell,0.00174
Seth,0.001735
Erik,0.001732
Devin,0.001716
Blake,0.00168
Wesley,0.001651
Derrick,0.001644
Adrian,0.00163
Philip,0.001583
Garrett,0.001582
Jesus,0.00157
Logan,0.001566
Craig,0.001508
Gary,0.001494
Spencer,0.001492
Miguel,0.001469
Frank,0.001456
Gabriel,0.001448
Curtis,0.001415
Johnathan,0.001414
Chase,0.001368
Lucas,0.001364
Dylan,0.001362
Mario,0.001358
Martin,0.001334
Brent,0.001312
Ricardo,0.001305
Alan,0.0013
Luke,0.001292
Jorge,0.001288
Dennis,0.001276
Troy,0.00126
Francisco,0.001249
Colin,0.001244
Randy,0.001243
Jonathon,0.001209
Jeffery,0.001183
Allen,0.001126
Larry,0.001118
Tony,0.001098
Johnny,0.001095
Andre,0.001084
Carl,0.001079
Russell,0.001059
Isaac,0.001055
Julian,0.001055
Manuel,0.001053
Angel,0.001037
Henry,0.001034
Mathew,0.001033
Jerry,0.001032
Jeremiah,0.001025
Brendan,0.001024
Todd,0.001015
Edgar,0.001003
Alejandro,9.92e-4
Roberto,9.61e-4
Drew,9.6e-4
Terry,9.57e-4
Jake,9.37e-4
Kristopher,9.37e-4
Clayton,9.36e-4
Oscar,9.36e-4
Eduardo,9.25e-4
Colton,9.18e-4
Danny,9.13e-4
Ricky,9.05e-4
Marc,9.04e-4
Calvin,8.91e-4
Randall,8.82e-4
Louis,8.76e-4
Micheal,8.76e-4
Lance,8.71e-4
Javier,8.64e-4
Hector,8.61e-4
Ross,8.51e-4
Levi,8.47e-4
Bobby,8.39e-4
Edwin,8.39e-4
Albert,8.39e-4
Lawrence,8.37e-4
Sergio,8.35e-4
Jimmy,8.32e-4
Rodney,8.28e-4
Bryant,8.27e-4
Devon,8.21e-4
Jack,8.17e-4
Grant,8.02e-4
Bryce,7.81e-4
Darren,7.76e-4
Omar,7.75e-4
Walter,7.67e-4
Max,7.66e-4
Ruben,7.61e-4
Fernando,7.54e-4
Lee,7.37e-4
Arthur,7.31e-4
Nicolas,7.3e-4
Ivan,7.28e-4
Jon,7.2e-4
Billy,7.18e-4
Darius,7.18e-4
Joe,7.12e-4
Roger,7.05e-4
Jamie,7.03e-4
Preston,7.03e-4
Pedro,7.02e-4
Dominic,7.01e-4
Gerald,7.01e-4
Willie,6.97e-4
Jay,6.88e-4
Maurice,6.78e-4
Maxwell,6.69e-4
Jaime,6.67e-4
Shaun,6.64e-4
Terrance,6.5e-4
Raul,0.00064899999999999995
Xavier,6.47e-4
Clinton,6.45e-4
Emmanuel,6.38e-4
Rafael,6.3e-4
Andres,6.23e-4
Reginald,6.19e-4
Theodore,6.16e-4
Roy,5.99e-4
Cesar,5.93e-4
Tanner,5.9e-4
Dominique,5.89e-4
Noah,5.88e-4
Bruce,5.78e-4
Geoffrey,5.77e-4
Eddie,5.77e-4
Darrell,5.76e-4
Hunter,5.75e-4
Isaiah,5.67e-4
Marvin,5.67e-4
Julio,5.66e-4
Alberto,5.61e-4
Armando,5.58e-4
Wayne,5.58e-4
Terrence,5.53e-4
Marco,5.48e-4
Jessie,5.41e-4
Darryl,5.4e-4
Micah,5.32e-4
Frederick,5.31e-4
Jamal,5.27e-4
Mason,5.23e-4
Christop,5.17e-4
Trent,5.16e-4
Ramon,5.15e-4
Byron,5.13e-4
Erick,5.11e-4
Tyrone,5.09e-4
Collin,5.07e-4
Nickolas,5.01e-4
Jerome,4.95e-4
Colby,4.92e-4
Dillon,4.9e-4
Neil,4.89e-4
Zachery,4.89e-4
Trenton,4.75e-4
Abraham,4.75e-4
Steve,4.74e-4
Elijah,4.73e-4
Johnathon,4.71e-4
Terrell,4.7e-4
Kurt,4.64e-4
Ronnie,4.64e-4
Branden,4.62e-4
Tommy,4.57e-4
Miles,4.56e-4
Ernest,4.56e-4
Connor,4.46e-4
Gerardo,4.45e-4
Francis,4.38e-4
Alfredo,4.37e-4
Glenn,4.35e-4
Leonard,4.35e-4
Karl,4.34e-4
Cole,4.33e-4
Malcolm,4.31e-4
Franklin,4.29e-4
Melvin,4.28e-4
Andy,4.27e-4
Dean,4.25e-4
Deandre,4.24e-4
Enrique,4.24e-4
Demetrius,4.22e-4
Eugene,4.22e-4
Harrison,4.22e-4
Dwayne,4.15e-4
Stanley,4.15e-4
Arturo,4.11e-4
Nelson,4.09e-4
Dale,4.07e-4
Marshall,4.04e-4
Brady,4.02e-4
Kirk,4.02e-4
Orlando,4e-4
Jarrod,3.98e-4
Morgan,3.95e-4
Kelvin,3.94e-4
Dakota,3.93e-4
Alvin,3.92e-4
Jermaine,3.91e-4
Kelly,3.88e-4
Marcos,3.84e-4
Salvador,3.83e-4
Marquis,3.82e-4
Courtney,3.8e-4
Warren,3.75e-4
Harold,3.73e-4
Ernesto,3.71e-4
Wade,3.71e-4
Clifford,3.7e-4
Damian,3.7e-4
Damien,3.69e-4
Donovan,3.68e-4
Brock,3.64e-4
Tristan,3.64e-4
Lorenzo,3.63e-4
Desmond,3.62e-4
Elliot,3.62e-4
Israel,3.62e-4
Landon,3.59e-4
Diego,3.58e-4
Quentin,3.57e-4
Brad,3.57e-4
Harry,3.56e-4
Rene,3.53e-4
Stuart,3.53e-4
Lamar,3.51e-4
Ray,3.44e-4
Chance,3.39e-4
Kendrick,3.37e-4
Antoine,3.36e-4
Angelo,3.36e-4
Quinton,3.36e-4
Barry,3.34e-4
Gustavo,3.33e-4
Zachariah,3.33e-4
Josue,3.32e-4
Kendall,3.29e-4
Dexter,3.28e-4
Dane,3.26e-4
Gilbert,3.24e-4
Zackary,3.24e-4
Riley,3.23e-4
Skyler,3.23e-4
Kaleb,3.19e-4
Stefan,3.19e-4
Elliott,3.19e-4
Tyson,3.18e-4
Ralph,3.17e-4
Rashad,3.15e-4
Bernard,3.14e-4
Darnell,3.13e-4
Leon,3.08e-4
Damon,3.07e-4
Elias,3.07e-4
Cedric,3.06e-4
Kody,3.06e-4
Jarrett,3.05e-4
Clarence,3.04e-4
Alfred,3.03e-4
Jarvis,3.03e-4
Gavin,2.99e-4
Pablo,2.98e-4
Kurtis,2.98e-4
Giovanni,2.97e-4
Nolan,2.95e-4
Eli,2.92e-4
Roderick,2.91e-4
Felix,2.91e-4
Jarred,2.9e-4
Trey,2.9e-4
Joey,2.89e-4
Alec,2.88e-4
Earl,2.87e-4
Kory,2.87e-4
Blaine,2.86e-4
Jamar,2.84e-4
Rudy,2.84e-4
Fabian,2.84e-4
Allan,2.83e-4
Dallas,2.82e-4
Josiah,2.82e-4
Emanuel,2.81e-4
Stephan,2.76e-4
Beau,2.74e-4
Simon,2.73e-4
Derick,2.73e-4
Roman,2.73e-4
Terence,2.73e-4
Daryl,2.71e-4
Shannon,2.71e-4
Noel,2.68e-4
Lewis,2.67e-4
Howard,2.66e-4
Rodolfo,2.66e-4
Kenny,2.65e-4
Dominick,2.63e-4
Dante,2.63e-4
Bret,2.61e-4
Alexis,2.6e-4
Julius,2.59e-4
Abel,2.59e-4
Heath,2.55e-4
Chris,2.55e-4
Ashton,2.54e-4
Guillermo,2.53e-4
Parker,2.53e-4
Corbin,2.51e-4
Hugo,2.5e-4
Charlie,2.49e-4
Saul,2.49e-4
Neal,2.48e-4
Zackery,2.48e-4
Sebastian,2.45e-4
Clifton,2.42e-4
Donte,2.4e-4
Sam,2.4e-4
Chaz,2.39e-4
Graham,2.38e-4
Norman,2.37e-4
Alfonso,2.37e-4
Gilberto,2.36e-4
Jackson,2.35e-4
Brendon,2.33e-4
Dwight,2.33e-4
Leroy,2.33e-4
Felipe,2.32e-4
Jordon,2.32e-4
Korey,2.32e-4
Glen,2.3e-4
Esteban,2.29e-4
Wyatt,2.29e-4
Carlton,2.28e-4
Tyrell,2.28e-4
Rogelio,2.26e-4
Weston,2.26e-4
Gordon,2.25e-4
Avery,2.24e-4
Forrest,2.21e-4
Akeem,2.2e-4
Perry,2.2e-4
Demarcus,2.18e-4
Oliver,2.18e-4
Emilio,2.17e-4
Ismael,2.16e-4
Clay,2.15e-4
Brenton,2.14e-4
Brennan,2.13e-4
Moises,2.1e-4
Kent,2.09e-4
Fredrick,2.08e-4
Ben,2.07e-4
Cornelius,2.07e-4
Owen,2.07e-4
Deangelo,2.05e-4
Alonzo,2.03e-4
Leo,2.03e-4
Pierre,2.02e-4
Rickey,2.02e-4
Zane,2.01e-4
Conor,2.01e-4
Darrin,2e-4
Fred,1.99e-4
Lonnie,1.99e-4
Clint,1.97e-4
Marlon,1.96e-4
Vernon,1.96e-4
Isiah,1.95e-4
Kerry,1.95e-4
Jaron,1.94e-4
Lloyd,1.94e-4
Myles,1.94e-4
Roland,1.93e-4
Dalton,1.92e-4
Jayson,1.92e-4
Kasey,1.92e-4
Duane,1.91e-4
Mike,1.91e-4
Brice,1.9e-4
Arsenio,1.9e-4
Leonardo,1.9e-4
Keenan,1.89e-4
Rolando,1.89e-4
Don,1.88e-4
Rory,1.88e-4
Sheldon,1.87e-4
Cristian,1.86e-4
Sterling,1.86e-4
Davon,1.83e-4
Ariel,1.83e-4
Ali,1.82e-4
Ashley,1.79e-4
Carson,1.79e-4
Infant,1.79e-4
Kameron,1.79e-4
Antwan,1.79e-4
Ramiro,1.79e-4
Lukas,1.78e-4
Tracy,1.77e-4
Tucker,1.77e-4
Frankie,1.76e-4
Rick,1.75e-4
Tomas,1.74e-4
Quinn,1.73e-4
Freddy,1.71e-4
Nathanael,1.71e-4
Devan,1.71e-4
Coty,1.7e-4
Dana,1.7e-4
Bradford,1.69e-4
Darin,1.68e-4
Ty,1.68e-4
Efrain,1.68e-4
Herbert,1.68e-4
Nikolas,1.67e-4
Milton,1.66e-4
Johnnie,1.66e-4
Jamel,1.65e-4
Sidney,1.65e-4
Braden,1.64e-4
Dion,1.63e-4
Clark,1.62e-4
Alvaro,1.6e-4
Demario,1.59e-4
Dorian,1.59e-4
Quincy,1.59e-4
Lamont,1.58e-4
Jerrod,1.58e-4
Kristofer,1.58e-4
Keegan,1.57e-4
Moses,1.57e-4
Chadwick,1.57e-4
Bryson,1.56e-4
Gerard,1.56e-4
Leslie,1.56e-4
Mackenzie,1.56e-4
Salvatore,1.55e-4
Garret,1.55e-4
Noe,1.55e-4
Robin,1.55e-4
Wilson,1.54e-4
Everett,1.53e-4
Santiago,1.53e-4
Cortez,1.53e-4
Darrius,1.51e-4
Markus,1.51e-4
Ahmad,1.5e-4
Nico,1.5e-4
Brenden,1.49e-4
Deshawn,1.49e-4
Guy,1.49e-4
Lester,1.49e-4
Jimmie,1.48e-4
Reid,1.47e-4
Chandler,1.44e-4
Deon,1.44e-4
Alexande,1.44e-4
Adan,1.43e-4
Freddie,1.43e-4
Raphael,1.43e-4
Aron,1.42e-4
Kareem,1.42e-4
Rusty,1.42e-4
Mauricio,1.42e-4
Skylar,1.41e-4
Thaddeus,1.41e-4
Vicente,1.41e-4
Herman,1.4e-4
Carter,1.4e-4
Floyd,1.39e-4
Gene,1.39e-4
Davis,1.38e-4
Reynaldo,1.38e-4
Loren,1.38e-4
Sammy,1.37e-4
Sonny,1.37e-4
Arnold,1.37e-4
Quintin,1.37e-4
Arron,1.37e-4
Dewayne,1.37e-4
Nigel,1.36e-4
Reuben,1.36e-4
Jeff,1.36e-4
Conrad,1.34e-4
Humberto,1.34e-4
Javon,1.34e-4
Rico,1.34e-4
Hakeem,1.33e-4
Marcel,1.33e-4
Marquise,1.33e-4
Will,1.33e-4
Jarod,1.32e-4
Stewart,1.31e-4
Donnie,1.3e-4
Drake,1.29e-4
Mitchel,1.28e-4
Ted,1.28e-4
Deonte,1.28e-4
German,1.28e-4
Harley,1.27e-4
Irvin,1.27e-4
Jackie,1.27e-4
Lionel,1.27e-4
Baby,1.27e-4
Jace,1.26e-4
Joaquin,1.26e-4
Solomon,1.26e-4
Leland,1.26e-4
Ignacio,1.25e-4
Jean,1.25e-4
Spenser,1.25e-4
Toby,1.25e-4
Unknown,1.25e-4
Vance,1.25e-4
Jonah,1.24e-4
Tyree,1.24e-4
Garrick,1.23e-4
Amir,1.22e-4
Guadalupe,1.22e-4
Colten,1.22e-4
Myron,1.22e-4
Rigoberto,1.22e-4
Nestor,1.21e-4
Jessica,1.21e-4
Shayne,1.21e-4
Winston,1.21e-4
Agustin,1.2e-4
Leonel,1.2e-4
Lyle,1.2e-4
Rodrigo,1.2e-4
Bennett,1.19e-4
Donnell,1.19e-4
Dusty,1.19e-4
Jakob,1.19e-4
Kelsey,1.19e-4
Nick,1.19e-4
Griffin,1.18e-4
Tory,1.17e-4
Blair,1.17e-4
Jamaal,1.17e-4
Jamison,1.17e-4
Mohammad,1.17e-4
Randolph,1.17e-4
Elvis,1.16e-4
Jerrell,1.15e-4
Jovan,1.15e-4
Stephon,1.15e-4
Addison,1.15e-4
Hayden,1.14e-4
Lane,1.14e-4
Dan,1.14e-4
Cecil,1.13e-4
Bradly,1.13e-4
Randal,1.13e-4
Clyde,1.12e-4
Erin,1.11e-4
Greg,1.11e-4
Westley,1.1e-4
Jameson,1.1e-4
Jasper,1.1e-4
Kwame,1.1e-4
Paris,1.1e-4
Harvey,1.09e-4
Kellen,1.09e-4
Wendell,1.09e-4
Rocky,1.09e-4
Chester,1.08e-4
Reed,1.08e-4
Keaton,1.07e-4
Rex,1.07e-4
Ezekiel,1.06e-4
Malik,1.06e-4
Maximilian,1.06e-4
Erich,1.06e-4
Irving,1.06e-4
Liam,1.06e-4
Jody,1.05e-4
Anton,1.05e-4
Shea,1.04e-4
Kristian,1.04e-4
Brittany,1.03e-4
Nathanial,1.03e-4
Bo,1.03e-4
Brooks,1.02e-4
Bryon,1.02e-4
Tylor,1.02e-4
Josh,1.02e-4
Benny,1.01e-4
Antwon,1e-4
Hugh,1e-4
Aldo,1e-4
Adolfo,9.9e-5
Duncan,9.9e-5
Cruz,9.9e-5
Brandan,9.8e-5
Jaren,9.8e-5
Shelby,9.8e-5
Issac,9.6e-5
Estevan,9.5e-5
Kyler,9.5e-5
Mikel,9.5e-5
Mohammed,9.4e-5
Robbie,9.4e-5
Kadeem,9.4e-5
Kirby,9.4e-5
Barrett,9.3e-5
Sherman,9.3e-5
Cristopher,9.3e-5
Royce,9.3e-5
Morris,9.2e-5
Otis,9.2e-5
Sylvester,9.2e-5
Tobias,9.2e-5
Alton,9.2e-5
Jim,9.2e-5
Darrel,9.1e-5
Conner,9.1e-5
Darian,9.1e-5
Luther,9.1e-5
Aubrey,9e-5
Damion,9e-5
Ryne,9e-5
Ezra,9e-5
Garry,9e-5
Dereck,8.9e-5
Ahmed,8.9e-5
Heriberto,8.9e-5
Jefferson,8.9e-5
Houston,8.8e-5
Tom,8.8e-5
Osvaldo,8.8e-5
Ron,8.8e-5
Scotty,8.8e-5
Asa,8.7e-5
Hans,8.7e-5
Rudolph,8.7e-5
Mickey,8.6e-5
Moshe,8.6e-5
Bernardo,8.6e-5
Dandre,8.6e-5
Pete,8.6e-5
Rodrick,8.6e-5
Bronson,8.5e-5
Dominque,8.5e-5
Austen,8.4e-5
Cullen,8.4e-5
Ulysses,8.4e-5
Mychal,8.4e-5
Amos,8.4e-5
Aric,8.4e-5
Jess,8.3e-5
Cooper,8.3e-5
Ellis,8.3e-5
Cary,8.2e-5
Fidel,8.2e-5
Santos,8.2e-5
Gage,8.2e-5
Claude,8.1e-5
Donavan,8.1e-5
Grayson,8.1e-5
Jerad,8.1e-5
Cedrick,8.1e-5
Earnest,8.1e-5
Grady,8.1e-5
Jamil,8.1e-5
Marty,8e-5
Octavio,8e-5
Vaughn,8e-5
Brandyn,8e-5
Colt,8e-5
Cordell,8e-5
Elmer,7.9e-5
Jerel,7.9e-5
Willis,7.9e-5
Brant,7.9e-5
Jerald,7.8e-5
Teddy,7.8e-5
Trever,7.8e-5
Wilfredo,7.8e-5
Derik,7.8e-5
Rashawn,7.8e-5
Dashawn,7.7e-5
Galen,7.7e-5
Rhett,7.7e-5
Wallace,7.7e-5
Justen,7.6e-5
Roosevelt,7.6e-5
Edmund,7.6e-5
Ira,7.5e-5
Khiry,7.5e-5
Cyrus,7.5e-5
Deven,7.5e-5
Gonzalo,7.5e-5
Jarrell,7.5e-5
Jonas,7.5e-5
Marques,7.5e-5
Dontae,7.4e-5
Josef,7.4e-5
Raheem,7.4e-5
Uriel,7.4e-5
Braxton,7.4e-5
Jairo,7.4e-5
Keon,7.4e-5
Stacy,7.4e-5
Dangelo,7.3e-5
August,7.3e-5
Ervin,7.3e-5
Zechariah,7.3e-5
Jaquan,7.2e-5
Jasmine,7.2e-5
Kenton,7.2e-5
Alphonso,7.1e-5
Marion,7.1e-5
Shelton,7.1e-5
Benito,7.1e-5
Darwin,7.1e-5
Bennie,7e-5
Carlo,7e-5
Darien,7e-5
Gino,7e-5
Darrick,7e-5
Holden,7e-5
Jennifer,7e-5
Martez,7e-5
Sarah,7e-5
Virgil,7e-5
Brody,6.9e-5
Coleman,6.9e-5
Jerod,6.9e-5
Laurence,6.9e-5
Titus,6.9e-5
Chaim,6.9e-5
Cortney,6.9e-5
Daquan,6.9e-5
Isaias,6.9e-5
Justine,6.9e-5
Pierce,6.9e-5
Carey,6.8e-5
Stephanie,6.8e-5
Antione,6.8e-5
Cordero,6.8e-5
Cornell,6.8e-5
Remington,6.8e-5
Robby,6.8e-5
Rocco,6.8e-5
Federico,6.7e-5
Hassan,6.7e-5
Junior,6.7e-5
Niko,6.7e-5
Antony,6.7e-5
Kai,6.7e-5
Reece,6.7e-5
Camron,6.6e-5
Elizabeth,6.6e-5
Tyron,6.6e-5
Van,6.6e-5
Daren,6.6e-5
Jeramy,6.6e-5
Mohamed,6.6e-5
Andreas,6.5e-5
Broderick,6.5e-5
Ken,6.5e-5
Tommie,6.5e-5
Edgardo,6.5e-5
Isidro,6.5e-5
Brennen,6.4e-5
Jacques,6.4e-5
Jered,6.4e-5
Mack,6.4e-5
Amanda,6.4e-5
Dario,6.4e-5
Lauren,6.4e-5
Prince,6.4e-5
Ulises,6.4e-5
Domingo,6.3e-5
Gregorio,6.3e-5
Dejuan,6.3e-5
Marquez,6.3e-5
Britton,6.3e-5
Chauncey,6.3e-5
Deron,6.3e-5
Emmett,6.3e-5
Gregg,6.3e-5
Reese,6.3e-5
Tyrel,6.3e-5
Andrea,6.2e-5
Eddy,6.2e-5
Bill,6.2e-5
Donta,6.2e-5
Madison,6.2e-5
Timmy,6.2e-5
Christina,6.1e-5
Derrek,6.1e-5
Derrell,6.1e-5
Jermey,6.1e-5
Lyndon,6.1e-5
Michel,6.1e-5
Stevie,6.1e-5
Walker,6.1e-5
Abram,6.1e-5
Dave,6.1e-5
Jabari,6.1e-5
Kegan,6.1e-5
Kendell,6.1e-5
Codey,6e-5
Demarco,6e-5
Rakeem,6e-5
Stacey,6e-5
Alonso,6e-5
Daron,6e-5
Jed,6e-5
Torrey,6e-5
Cassidy,5.9e-5
Efren,5.9e-5
Jessy,5.9e-5
Joesph,5.9e-5
Montrell,5.9e-5
Raymundo,5.9e-5
Shay,5.9e-5
Ari,5.8e-5
Eliseo,5.8e-5
Jory,5.8e-5
Nikko,5.8e-5
Travon,5.8e-5
Dionte,5.8e-5
Laron,5.8e-5
Lincoln,5.8e-5
Samantha,5.8e-5
Cale,5.7e-5
Deric,5.7e-5
Jedidiah,5.7e-5
Jeromy,5.7e-5
Uriah,5.7e-5
Darion,5.7e-5
Davin,5.7e-5
Jade,5.7e-5
Kolby,5.7e-5
Valentin,5.7e-5
Denny,5.6e-5
Silas,5.6e-5
Waylon,5.6e-5
Brandin,5.6e-5
Danielle,5.6e-5
Jacoby,5.6e-5
Kelby,5.6e-5
Kendal,5.6e-5
Louie,5.6e-5
Rashaad,5.6e-5
Jamarcus,5.5e-5
Theron,5.5e-5
Brandt,5.5e-5
Denis,5.5e-5
Elvin,5.5e-5
Ezequiel,5.5e-5
Marlin,5.5e-5
Axel,5.4e-5
Horace,5.4e-5
Kiara,5.4e-5
Malachi,5.4e-5
Quinten,5.4e-5
Tiffany,5.4e-5
Khalil,5.4e-5
Anderson,5.3e-5
Cade,5.3e-5
Erwin,5.3e-5
Najee,5.3e-5
Schuyler,5.3e-5
Willard,5.3e-5
Channing,5.3e-5
Edmond,5.3e-5
Edwardo,5.3e-5
Emerson,5.3e-5
Ladarius,5.3e-5
Maria,5.3e-5
Simeon,5.3e-5
Vince,5.3e-5
Cleveland,5.3e-5
Darron,5.3e-5
Francesco,5.3e-5
Coby,5.2e-5
Garrison,5.2e-5
Armand,5.2e-5
Stetson,5.2e-5
Tad,5.2e-5
Yosef,5.2e-5
Cristobal,5.1e-5
Jeremey,5.1e-5
Kalvin,5.1e-5
Keven,5.1e-5
Malcom,5.1e-5
Nicole,5.1e-5
Peyton,5.1e-5
Trevon,5.1e-5
Dimitri,5.1e-5
Dirk,5.1e-5
Jeremie,5.1e-5
Joshuah,5.1e-5
Rachel,5.1e-5
Brain,5e-5
Chadd,5e-5
Martell,5e-5
Ridge,5e-5
