name,percent
Jessica,0.022634
Ashley,0.02219
Brittany,0.017795
Amanda,0.016751
Samantha,0.012599
Sarah,0.01257
Stephanie,0.012108
Jennifer,0.010822
Elizabeth,0.010102
Lauren,0.009986
Megan,0.009864
Emily,0.009424
Nicole,0.008744
Kayla,0.008541
Amber,0.007726
Rachel,0.007642
Courtney,0.00749
Danielle,0.006983
Heather,0.006924
Melissa,0.006816
Rebecca,0.006657
Michelle,0.006531
Tiffany,0.00641
Chelsea,0.006225
Christina,0.005808
Katherine,0.005657
Alyssa,0.005487
Jasmine,0.005373
Laura,0.005311
Hannah,0.005005
Kimberly,0.004965
Kelsey,0.004625
Victoria,0.004433
Sara,0.004367
Mary,0.00421
Erica,0.00419
Alexandra,0.00414
Amy,0.004119
Crystal,0.004003
Andrea,0.003998
Kelly,0.003962
Kristen,0.003932
Erin,0.003889
Brittney,0.003619
Anna,0.003544
Taylor,0.003532
Maria,0.003492
Allison,0.003474
Cassandra,0.003434
Caitlin,0.003422
Lindsey,0.003303
Angela,0.003245
Alicia,0.003169
Jamie,0.003168
Katie,0.003164
Vanessa,0.00312
Kathryn,0.003092
Morgan,0.002944
Jordan,0.0029
Whitney,0.002875
Brianna,0.002767
Christine,0.002763
Natalie,0.002745
Lisa,0.002602
Kristin,0.002583
Alexis,0.00256
Jacqueline,0.002555
Shannon,0.002526
Lindsay,0.002455
Brooke,0.00243
Catherine,0.002382
Olivia,0.002251
April,0.002226
Erika,0.002224
Katelyn,0.002184
Monica,0.002167
Kristina,0.00214
Kaitlyn,0.0021
Paige,0.002003
Molly,0.001931
Jenna,0.001928
Leah,0.001911
Julia,0.001904
Bianca,0.001863
Tara,0.001861
Melanie,0.001857
Marissa,0.001854
Cynthia,0.001848
Holly,0.001837
Abigail,0.001811
Meghan,0.001799
Kathleen,0.001788
Julie,0.00178
Ariel,0.001755
Alexandria,0.001755
Veronica,0.001748
Patricia,0.001743
Diana,0.001726
Gabrielle,0.001725
Shelby,0.001713
Kaitlin,0.001691
Margaret,0.001641
Brandi,0.001626
Krystal,0.001601
Natasha,0.001592
Casey,0.001589
Bethany,0.001575
Haley,0.001558
Briana,0.001494
Kara,0.00148
Rachael,0.001476
Miranda,0.001441
Breanna,0.001437
Dana,0.001428
Leslie,0.001378
Caroline,0.001372
Kendra,0.001358
Sabrina,0.001326
Angelica,0.001323
Karen,0.00132
Felicia,0.001315
Jillian,0.001305
Brenda,0.001281
Ana,0.001268
Desiree,0.001254
Meagan,0.001233
Katrina,0.001206
Chelsey,0.001192
Valerie,0.001182
Emma,0.001171
Nancy,0.001158
Monique,0.001151
Alison,0.00115
Sandra,0.001142
Alisha,0.001141
Britney,0.001118
Brandy,0.001102
Joanna,0.001086
Gina,0.001076
Grace,0.001065
Sierra,0.001056
Candace,0.001055
Jaclyn,0.00105
Adriana,0.001046
Krista,0.001044
Alexa,0.001038
Candice,0.001031
Lacey,9.97e-4
Rebekah,9.94e-4
Sydney,9.87e-4
Nichole,9.7e-4
Denise,9.51e-4
Dominique,9.47e-4
Ashlee,9.46e-4
Anne,9.38e-4
Yesenia,9.36e-4
Kirsten,9.09e-4
Deanna,9.03e-4
Claire,9e-4
Colleen,8.8e-4
Audrey,8.74e-4
Mallory,8.69e-4
Carly,8.65e-4
Tabitha,8.58e-4
Cristina,8.58e-4
Raven,8.57e-4
Priscilla,8.54e-4
Stacey,8.45e-4
Carolyn,8.34e-4
Carrie,8.32e-4
Kiara,8.23e-4
Susan,8.17e-4
Stacy,8.14e-4
Angel,8.09e-4
Linda,8.08e-4
Mercedes,8.06e-4
Autumn,8.04e-4
Ashleigh,7.91e-4
Kylie,7.86e-4
Teresa,7.85e-4
Kelli,7.81e-4
Gabriela,7.79e-4
Caitlyn,7.72e-4
Renee,7.66e-4
Cindy,7.65e-4
Arielle,7.64e-4
Ebony,7.63e-4
Justine,7.62e-4
Karina,7.59e-4
Meredith,7.58e-4
Bridget,7.52e-4
Hillary,7.42e-4
Daisy,7.4e-4
Amelia,7.36e-4
Mayra,7.31e-4
Theresa,7.31e-4
Madeline,7.26e-4
Claudia,7.24e-4
Sasha,7.24e-4
Heidi,7.14e-4
Robin,6.87e-4
Destiny,6.86e-4
Madison,6.85e-4
Savannah,6.83e-4
Lydia,6.81e-4
Wendy,6.8e-4
Barbara,6.73e-4
Melinda,6.73e-4
Tamara,6.71e-4
Ellen,6.7e-4
Alejandra,6.69e-4
Chloe,6.67e-4
Marie,6.53e-4
Jenny,6.52e-4
Virginia,6.51e-4
Kasey,6.48e-4
Jocelyn,6.42e-4
Carmen,6.41e-4
Jade,6.39e-4
Evelyn,6.33e-4
Jacquelyn,6.32e-4
Abby,6.3e-4
Janet,6.23e-4
Tracy,6.16e-4
Cortney,6.14e-4
Martha,6.13e-4
Bailey,6.13e-4
Ariana,6.11e-4
Cassie,6.1e-4
Brittani,5.94e-4
Jasmin,5.93e-4
Hilary,5.92e-4
Adrienne,5.9e-4
Kaylee,5.9e-4
Cara,5.9e-4
Allyson,5.85e-4
Pamela,5.83e-4
Kristine,5.82e-4
Raquel,5.8e-4
Tina,5.75e-4
Gloria,5.74e-4
Rosa,5.72e-4
Camille,5.7e-4
Michele,5.68e-4
Tiara,5.66e-4
Tasha,5.62e-4
Mackenzie,5.61e-4
Kristy,5.53e-4
Shawna,5.48e-4
Ann,5.47e-4
Sophia,5.47e-4
Tanya,5.45e-4
Latoya,5.44e-4
Jessie,5.43e-4
Marisa,5.41e-4
Kari,5.4e-4
Carissa,5.38e-4
Janelle,5.38e-4
Mariah,5.37e-4
Nina,5.36e-4
Angelina,5.35e-4
Deborah,5.33e-4
Carla,5.31e-4
Kellie,5.3e-4
Elise,5.22e-4
Hope,5.14e-4
Hayley,5.12e-4
Cierra,5.08e-4
Kristi,5.07e-4
Kate,5.03e-4
Summer,4.97e-4
Aimee,4.96e-4
Chelsie,4.94e-4
Sharon,4.92e-4
Toni,4.9e-4
Karla,4.86e-4
Alissa,4.85e-4
Devon,4.85e-4
Misty,4.85e-4
Jeanette,4.82e-4
Regina,4.82e-4
Nikki,4.8e-4
Tatiana,4.76e-4
Miriam,4.75e-4
Esther,4.74e-4
Christy,4.74e-4
Charlotte,4.67e-4
Maggie,4.66e-4
Stefanie,4.66e-4
Tessa,4.65e-4
Ruby,4.64e-4
Gabriella,4.6e-4
Hailey,4.6e-4
Ciara,4.59e-4
Callie,4.58e-4
Faith,4.58e-4
Paula,4.58e-4
Aubrey,4.56e-4
Asia,4.5e-4
Naomi,4.49e-4
Jazmine,4.47e-4
Jazmin,4.43e-4
Carolina,4.42e-4
Tia,4.42e-4
Ruth,4.41e-4
Trisha,4.41e-4
Rose,4.38e-4
Kelley,4.32e-4
Robyn,4.32e-4
Jaime,4.29e-4
Michaela,4.27e-4
Kassandra,4.25e-4
Karissa,4.24e-4
Sonia,4.22e-4
Melody,4.2e-4
Christian,4.2e-4
Devin,4.19e-4
Donna,4.19e-4
Helen,4.19e-4
Brianne,4.18e-4
Kelsie,4.18e-4
Clarissa,4.16e-4
Lori,4.15e-4
Marina,4.15e-4
Adrianna,4.14e-4
Cecilia,4.13e-4
Shaniqua,4.1e-4
Guadalupe,4.08e-4
Cheyenne,4.05e-4
Jill,4.05e-4
Rachelle,4.05e-4
Ashton,4.05e-4
Annie,3.99e-4
Sylvia,3.99e-4
Taryn,3.93e-4
Roxanne,3.91e-4
Shayla,3.89e-4
Randi,3.87e-4
Isabel,3.82e-4
Leticia,3.8e-4
Mia,3.8e-4
Hanna,3.8e-4
Eva,3.79e-4
Katlyn,3.79e-4
Jane,3.76e-4
Alice,3.74e-4
Elisabeth,3.74e-4
Simone,3.74e-4
Shana,3.71e-4
Carol,3.71e-4
Frances,3.7e-4
Tierra,3.68e-4
Elena,3.68e-4
Antoinette,3.67e-4
Lacy,3.67e-4
Ericka,3.64e-4
Brittni,3.63e-4
Latasha,3.61e-4
Alyson,3.61e-4
Dawn,3.61e-4
Yvette,3.61e-4
Chantel,3.59e-4
Diane,3.56e-4
Shauna,3.56e-4
Tonya,3.54e-4
Lillian,3.52e-4
Liliana,3.51e-4
Meaghan,3.51e-4
Alana,3.51e-4
Suzanne,3.48e-4
Yvonne,3.46e-4
Christa,3.44e-4
Chasity,3.42e-4
Johanna,3.41e-4
Joy,3.4e-4
Kristie,3.39e-4
Rochelle,3.39e-4
Katelynn,3.38e-4
Sandy,3.38e-4
Bonnie,3.37e-4
Daniela,3.36e-4
Lorena,3.36e-4
Anastasia,3.35e-4
Lyndsey,3.35e-4
Irene,3.33e-4
Alma,3.32e-4
Tanisha,3.32e-4
Keri,3.3e-4
Leanna,3.29e-4
Marlene,3.26e-4
Yolanda,3.26e-4
Beth,3.23e-4
Blanca,3.22e-4
Charlene,3.22e-4
Maribel,3.22e-4
Nadia,3.21e-4
Keisha,3.2e-4
Celeste,3.17e-4
Maya,3.17e-4
Marisol,3.16e-4
Katharine,3.15e-4
Kourtney,3.15e-4
Larissa,3.14e-4
Anita,3.13e-4
Corinne,3.13e-4
Kendall,3.13e-4
Casandra,3.12e-4
Shaina,3.11e-4
Elaine,3.07e-4
Alysha,3.07e-4
Arianna,3.06e-4
Shayna,3.05e-4
Sheila,3.04e-4
Kayleigh,3.01e-4
Cheryl,3e-4
Tabatha,2.99e-4
Iris,2.95e-4
Brenna,2.95e-4
Chanel,2.94e-4
Stacie,2.94e-4
Elisa,2.93e-4
Kylee,2.93e-4
Mindy,2.93e-4
Tiana,2.93e-4
Esmeralda,2.92e-4
Dorothy,2.9e-4
Kyla,2.9e-4
Juliana,2.9e-4
Diamond,2.88e-4
Shanna,2.87e-4
Nora,2.85e-4
Marilyn,2.84e-4
Kierra,2.83e-4
Infant,2.82e-4
Kaila,2.81e-4
Josephine,2.8e-4
Christie,2.79e-4
Kerri,2.79e-4
Staci,2.78e-4
Bridgette,2.77e-4
Alaina,2.77e-4
Stephany,2.75e-4
Ciera,2.73e-4
Kali,2.72e-4
Julianne,2.71e-4
Jalisa,2.7e-4
Kerry,2.69e-4
Vivian,2.68e-4
Sally,2.68e-4
Tammy,2.67e-4
Lucy,2.67e-4
Precious,2.66e-4
Debra,2.65e-4
Judith,2.64e-4
Sadie,2.63e-4
Tiffani,2.63e-4
Kirstie,2.62e-4
Charity,2.61e-4
Alisa,2.59e-4
Margarita,2.59e-4
Eileen,2.58e-4
Krystle,2.58e-4
Mollie,2.57e-4
Noelle,2.57e-4
Francesca,2.57e-4
Tori,2.57e-4
Mandy,2.56e-4
Cassidy,2.54e-4
Leigh,2.54e-4
Sheena,2.54e-4
Patrice,2.54e-4
Alanna,2.53e-4
Beatriz,2.53e-4
Jodi,2.52e-4
Traci,2.52e-4
Ashlie,2.5e-4
Janice,2.5e-4
Joyce,2.49e-4
Natalia,2.49e-4
Desirae,2.47e-4
Jordyn,2.47e-4
Abbey,2.47e-4
Connie,2.46e-4
Darlene,2.46e-4
Genevieve,2.44e-4
India,2.44e-4
Maritza,2.44e-4
Blair,2.43e-4
Tania,2.43e-4
Mckenzie,2.42e-4
Tracey,2.42e-4
Britany,2.41e-4
Latisha,2.41e-4
Norma,2.41e-4
Tricia,2.4e-4
Kelsi,2.4e-4
Maureen,2.39e-4
Breanne,2.37e-4
Shantel,2.36e-4
Angelia,2.35e-4
Daniella,2.35e-4
Janae,2.35e-4
Kathy,2.33e-4
Zoe,2.33e-4
Serena,2.32e-4
Constance,2.31e-4
Jaimie,2.31e-4
Mariana,2.31e-4
Shirley,2.3e-4
Rosemary,2.29e-4
Nicolette,2.29e-4
Sonya,2.29e-4
Katy,2.28e-4
Annette,2.28e-4
Lea,2.26e-4
Loren,2.26e-4
Clara,2.25e-4
Kacie,2.24e-4
Kristyn,2.24e-4
Cristal,2.23e-4
Jami,2.23e-4
Alycia,2.22e-4
Beverly,2.22e-4
Jackie,2.22e-4
Lena,2.2e-4
Ryan,2.2e-4
Elyse,2.19e-4
Kira,2.19e-4
Juanita,2.19e-4
Gladys,2.18e-4
Kaleigh,2.18e-4
Laurel,2.18e-4
Isamar,2.17e-4
Leanne,2.17e-4
Tyler,2.17e-4
Ashly,2.16e-4
Justina,2.16e-4
Lara,2.15e-4
Mara,2.15e-4
Jacklyn,2.14e-4
Lesley,2.14e-4
Paris,2.14e-4
Kala,2.13e-4
Carina,2.11e-4
Jana,2.11e-4
Breana,2.11e-4
Rita,2.11e-4
Rocio,2.11e-4
Whitley,2.1e-4
Cayla,2.09e-4
Brandie,2.09e-4
Brittanie,2.09e-4
Chantal,2.09e-4
Terri,2.07e-4
Susana,2.07e-4
Eliza,2.06e-4
Araceli,2.06e-4
Alexia,2.05e-4
Edith,2.05e-4
Ashlyn,2.05e-4
Joanne,2.04e-4
Jena,2.03e-4
Skylar,2.03e-4
Kirstin,2.01e-4
Shelly,2.01e-4
Kiera,2.01e-4
Katelin,2e-4
Aisha,1.99e-4
Paulina,1.99e-4
Kyra,1.98e-4
Sade,1.98e-4
Betty,1.96e-4
Tamika,1.96e-4
Tess,1.96e-4
Cecily,1.96e-4
Judy,1.96e-4
Maegan,1.96e-4
Madeleine,1.95e-4
Allie,1.95e-4
Lucia,1.94e-4
Sherry,1.94e-4
Lynn,1.94e-4
Maricela,1.93e-4
Lily,1.93e-4
Angie,1.92e-4
Jennie,1.92e-4
Lakeisha,1.91e-4
Emilee,1.91e-4
Celia,1.9e-4
Genesis,1.9e-4
Brittny,1.89e-4
Noemi,1.89e-4
Dianna,1.88e-4
Keshia,1.88e-4
Jayme,1.86e-4
Dakota,1.85e-4
Maranda,1.85e-4
Eleanor,1.84e-4
Savanna,1.84e-4
Jessika,1.84e-4
Kaley,1.84e-4
Adrian,1.83e-4
Kailey,1.83e-4
Luz,1.83e-4
Rhonda,1.82e-4
Sophie,1.82e-4
Talia,1.81e-4
Britni,1.8e-4
Jerrica,1.8e-4
Silvia,1.8e-4
Hollie,1.8e-4
Logan,1.79e-4
Shante,1.79e-4
Kenya,1.79e-4
Christin,1.78e-4
Emilie,1.78e-4
Marisela,1.78e-4
Octavia,1.78e-4
Josie,1.77e-4
Kiersten,1.77e-4
Kaci,1.76e-4
Fatima,1.76e-4
Jenifer,1.75e-4
Belinda,1.74e-4
Lizette,1.74e-4
Gretchen,1.73e-4
Katlin,1.73e-4
Kristian,1.73e-4
Lizbeth,1.73e-4
Bryanna,1.73e-4
Janette,1.73e-4
Terra,1.73e-4
Yadira,1.73e-4
Angelique,1.72e-4
Ashely,1.72e-4
Perla,1.72e-4
Racheal,1.72e-4
Bobbie,1.71e-4
Danica,1.71e-4
Dayna,1.71e-4
Macy,1.71e-4
Lacie,1.71e-4
Sofia,1.7e-4
Alysia,1.7e-4
Corina,1.7e-4
Elisha,1.7e-4
Maura,1.7e-4
Jesse,1.69e-4
Laurie,1.68e-4
Alexandrea,1.67e-4
Christen,1.67e-4
Kacey,1.67e-4
Stevie,1.67e-4
Kaitlynn,1.66e-4
Lorraine,1.66e-4
Jaleesa,1.65e-4
Clare,1.65e-4
Julianna,1.65e-4
Antonia,1.64e-4
Janine,1.64e-4
Nikita,1.64e-4
Nathalie,1.62e-4
Yessenia,1.59e-4
Paola,1.59e-4
Alina,1.58e-4
Viviana,1.58e-4
Kimberley,1.57e-4
Janie,1.57e-4
Devan,1.56e-4
Kasandra,1.56e-4
Rhiannon,1.56e-4
Audra,1.55e-4
Corey,1.55e-4
Janessa,1.55e-4
Cameron,1.54e-4
Kortney,1.54e-4
Kaylyn,1.53e-4
Yasmin,1.53e-4
Alecia,1.53e-4
Gwendolyn,1.53e-4
Valeria,1.52e-4
Arlene,1.52e-4
Irma,1.52e-4
Joann,1.52e-4
Abbie,1.52e-4
Roxana,1.52e-4
Ali,1.51e-4
Brittaney,1.51e-4
Skye,1.5e-4
Kristal,1.5e-4
Shanae,1.5e-4
Tiffanie,1.5e-4
Leann,1.49e-4
Nadine,1.49e-4
Alesha,1.49e-4
Chrystal,1.49e-4
Eden,1.49e-4
Amie,1.48e-4
Domonique,1.47e-4
Lauryn,1.47e-4
Myra,1.47e-4
Latifah,1.46e-4
Celina,1.46e-4
Giselle,1.46e-4
Cori,1.45e-4
Shelley,1.45e-4
Krysta,1.44e-4
Tayler,1.44e-4
Allyssa,1.44e-4
Kimberlee,1.44e-4
Mikayla,1.44e-4
Tianna,1.44e-4
Brittnee,1.43e-4
Lyndsay,1.43e-4
Aurora,1.43e-4
Kanisha,1.43e-4
Georgia,1.42e-4
Kaylin,1.42e-4
Beatrice,1.41e-4
Janay,1.41e-4
Ashli,1.41e-4
Britny,1.41e-4
Chantelle,1.41e-4
Shanice,1.41e-4
Rebeca,1.4e-4
Reyna,1.4e-4
Shanika,1.4e-4
Cassondra,1.4e-4
Griselda,1.39e-4
Jerica,1.39e-4
Athena,1.39e-4
Iesha,1.39e-4
Madelyn,1.39e-4
Rubi,1.39e-4
Bernadette,1.38e-4
Porsha,1.38e-4
Skyler,1.38e-4
Ingrid,1.37e-4
Betsy,1.37e-4
Iliana,1.37e-4
Stefani,1.37e-4
Chandra,1.36e-4
Elissa,1.36e-4
Debbie,1.36e-4
Trista,1.36e-4
Anabel,1.35e-4
Deja,1.35e-4
Kassie,1.35e-4
Latrice,1.35e-4
Michael,1.35e-4
Dina,1.34e-4
Kandice,1.34e-4
Kiley,1.34e-4
Kandace,1.34e-4
Krystina,1.34e-4
Martika,1.33e-4
Pauline,1.33e-4
Kiana,1.33e-4
Marcella,1.33e-4
Princess,1.33e-4
Carley,1.32e-4
Chelsi,1.32e-4
Joan,1.32e-4
Daphne,1.31e-4
Selina,1.31e-4
Tiera,1.31e-4
Bobbi,1.3e-4
Keely,1.3e-4
Lora,1.3e-4
Ivy,1.3e-4
Jeannette,1.3e-4
Jean,1.29e-4
Mikaela,1.29e-4
Felisha,1.29e-4
Hallie,1.29e-4
Melisa,1.29e-4
Breann,1.28e-4
Julissa,1.28e-4
Kelsea,1.28e-4
Selena,1.28e-4
Kathrine,1.27e-4
Darcy,1.26e-4
Adrianne,1.25e-4
Laci,1.25e-4
Monika,1.25e-4
Olga,1.25e-4
Phylicia,1.25e-4
Kim,1.25e-4
Marquita,1.24e-4
Noel,1.24e-4
Jaqueline,1.24e-4
Joelle,1.24e-4
Kori,1.24e-4
Mai,1.23e-4
Eboni,1.23e-4
Jolene,1.23e-4
Latonya,1.22e-4
Liana,1.22e-4
Makayla,1.22e-4
Moriah,1.22e-4
Alex,1.22e-4
Avery,1.22e-4
Leandra,1.22e-4
Maira,1.22e-4
Marla,1.22e-4
Kaylie,1.21e-4
Kaela,1.21e-4
Lana,1.2e-4
Delia,1.2e-4
Tanesha,1.2e-4
Micaela,1.19e-4
Juana,1.18e-4
Leeann,1.18e-4
Elaina,1.18e-4
Elsa,1.18e-4
Valencia,1.18e-4
Alyse,1.17e-4
Ayla,1.17e-4
Charmaine,1.17e-4
Lynette,1.16e-4
Mariela,1.16e-4
Symone,1.16e-4
Gillian,1.16e-4
Laquita,1.16e-4
Rikki,1.16e-4
Riley,1.16e-4
Kyle,1.15e-4
Melina,1.15e-4
Sonja,1.15e-4
Alessandra,1.15e-4
Christiana,1.15e-4
Martina,1.15e-4
Tyesha,1.15e-4
Billie,1.14e-4
Jamila,1.14e-4
Janna,1.14e-4
Nikole,1.14e-4
Teri,1.14e-4
Bridgett,1.14e-4
Krysten,1.14e-4
Tameka,1.14e-4
Brittnie,1.14e-4
Deidra,1.14e-4
Portia,1.14e-4
Destinee,1.13e-4
Kaycee,1.13e-4
Cecelia,1.13e-4
Fabiola,1.13e-4
Geneva,1.13e-4
Ivana,1.13e-4
Kalyn,1.13e-4
Susanna,1.13e-4
Aileen,1.12e-4
Cora,1.12e-4
Doris,1.12e-4
Heaven,1.12e-4
Cody,1.12e-4
Ella,1.12e-4
Ivette,1.12e-4
Kia,1.12e-4
Shea,1.12e-4
Becky,1.11e-4
Baby,1.11e-4
Gianna,1.11e-4
Janell,1.11e-4
Nia,1.11e-4
Cherie,1.1e-4
Lucero,1.1e-4
Brook,1.1e-4
Andria,1.09e-4
Jodie,1.09e-4
Phoebe,1.09e-4
Alexander,1.09e-4
Jaimee,1.09e-4
Magen,1.09e-4
Mandi,1.08e-4
Corrine,1.08e-4
Kati,1.08e-4
Kenisha,1.08e-4
Samatha,1.08e-4
Dara,1.07e-4
Sarai,1.07e-4
Shelbi,1.07e-4
Danika,1.07e-4
Deana,1.07e-4
Demetria,1.07e-4
Shakira,1.07e-4
Marjorie,1.06e-4
Karly,1.06e-4
Liza,1.06e-4
Tera,1.06e-4
Lashonda,1.05e-4
Chaya,1.05e-4
Holli,1.05e-4
Isabella,1.05e-4
Lakeshia,1.04e-4
Lissette,1.04e-4
Maryann,1.04e-4
Richelle,1.04e-4
Roxanna,1.04e-4
Alysa,1.04e-4
Joana,1.04e-4
Marcia,1.04e-4
Dulce,1.03e-4
Gabriel,1.03e-4
Katheryn,1.03e-4
Micah,1.03e-4
Catrina,1.03e-4
Dominque,1.03e-4
Jessenia,1.03e-4
Lourdes,1.03e-4
Brooklyn,1.02e-4
Cathy,1.02e-4
Nataly,1.02e-4
Chastity,1.02e-4
Jessi,1.02e-4
Trina,1.01e-4
Fallon,1.01e-4
Magdalena,1.01e-4
Shanell,1.01e-4
Sherri,1.01e-4
Sidney,1.01e-4
Anjelica,1e-4
Carlie,1e-4
Chanelle,1e-4
Karli,1e-4
Eunice,1e-4
Tracie,1e-4
Imani,9.9e-5
Jesica,9.9e-5
Kalie,9.9e-5
Krystin,9.9e-5
Loretta,9.9e-5
Mari,9.9e-5
Edna,9.9e-5
Marian,9.9e-5
Alannah,9.8e-5
Blake,9.8e-5
Bree,9.8e-5
Roberta,9.8e-5
Aja,9.8e-5
Fiona,9.8e-5
Kallie,9.8e-5
Shari,9.8e-5
Lisette,9.7e-5
Candy,9.7e-5
Danyelle,9.7e-5
Geraldine,9.7e-5
Helena,9.7e-5
Vicky,9.7e-5
Kanesha,9.6e-5
Lia,9.6e-5
Ava,9.6e-5
Laken,9.6e-5
Lee,9.6e-5
Catalina,9.5e-5
Kacy,9.5e-5
Kristan,9.5e-5
Cari,9.5e-5
Haleigh,9.5e-5
Jeanne,9.5e-5
Jesenia,9.5e-5
Mariel,9.5e-5
Marsha,9.5e-5
Janel,9.5e-5
Deidre,9.4e-5
Dena,9.4e-5
Luisa,9.4e-5
Marlena,9.4e-5
Cory,9.4e-5
Dora,9.4e-5
Eryn,9.4e-5
Lizeth,9.4e-5
Danae,9.3e-5
Georgina,9.3e-5
Graciela,9.3e-5
Shamika,9.3e-5
Tosha,9.3e-5
Annmarie,9.3e-5
Wanda,9.3e-5
Marianne,9.2e-5
Christopher,9.2e-5
Elyssa,9.2e-5
Emilia,9.2e-5
Jody,9.2e-5
Kimber,9.2e-5
Renae,9.1e-5
Shameka,9.1e-5
Deirdre,9.1e-5
Linsey,9.1e-5
Lynsey,9.1e-5
Shantell,9e-5
Cherish,9e-5
Tarah,9e-5
Asha,8.9e-5
Hali,8.9e-5
Malinda,8.9e-5
Jada,8.9e-5
Leila,8.9e-5
Louise,8.9e-5
