name,percent
Michael,0.025914
Christopher,0.020289
Matthew,0.017991
Joshua,0.017263
Andrew,0.01455
Brandon,0.014119
Daniel,0.013878
Tyler,0.013731
James,0.013586
David,0.013534
Joseph,0.013289
Nicholas,0.013232
Ryan,0.012878
John,0.012498
Jacob,0.012221
Zachary,0.011824
Robert,0.011483
Justin,0.011259
Anthony,0.011041
William,0.010995
Jonathan,0.010199
Kyle,0.009875
Alexander,0.009559
Cody,0.009473
Kevin,0.009362
Eric,0.007691
Thomas,0.007286
Dylan,0.007178
Steven,0.00717
Aaron,0.006908
Brian,0.00672
Jordan,0.006687
Benjamin,0.006403
Timothy,0.00613
Christian,0.005693
Adam,0.005674
Jose,0.005626
Austin,0.005459
Patrick,0.005434
Richard,0.0054
Samuel,0.005392
Sean,0.005275
Charles,0.004989
Nathan,0.004835
Stephen,0.004436
Jason,0.004402
Jeremy,0.00431
Travis,0.004239
Mark,0.004168
Jesse,0.004081
Jeffrey,0.004037
Taylor,0.003926
Cameron,0.003506
Alex,0.003504
Paul,0.003334
Juan,0.00331
Bryan,0.003257
Dustin,0.00324
Kenneth,0.003211
Gregory,0.003097
Scott,0.003074
Derek,0.003
Trevor,0.002951
Luis,0.002938
Corey,0.002927
Evan,0.002883
Jared,0.002794
Ian,0.002636
Carlos,0.002539
Edward,0.002492
Shawn,0.002458
Bradley,0.002429
Dillon,0.002412
Caleb,0.002402
Devin,0.00237
Ethan,0.002339
Shane,0.00231
Jesus,0.002292
Nathaniel,0.002234
Connor,0.002196
Peter,0.002188
Marcus,0.002164
Cory,0.002115
Blake,0.002095
Antonio,0.002069
Gabriel,0.002065
Victor,0.002046
Garrett,0.002036
Logan,0.002013
Miguel,0.001987
Mitchell,0.001965
Vincent,0.001955
Luke,0.001936
Seth,0.001863
George,0.001856
Adrian,0.00184
Brett,0.001823
Erik,0.001819
Spencer,0.001761
Joel,0.001744
Tanner,0.001737
Keith,0.00173
Dakota,0.001721
Raymond,0.001705
Casey,0.001703
Lucas,0.001612
Phillip,0.001607
Chad,0.0016
Jorge,0.00157
Donald,0.001558
Wesley,0.001543
Ronald,0.001535
Alejandro,0.001512
Angel,0.001452
Chase,0.001439
Ricardo,0.001439
Martin,0.001398
Francisco,0.001397
Jake,0.001397
Derrick,0.00139
Dalton,0.001385
Johnathan,0.001381
Devon,0.001322
Isaac,0.001319
Frank,0.001313
Douglas,0.001253
Colin,0.001252
Mario,0.001252
Alan,0.001241
Oscar,0.001231
Manuel,0.00123
Eduardo,0.001219
Julian,0.001215
Colton,0.001214
Hunter,0.001211
Jonathon,0.001178
Dominic,0.001164
Philip,0.001159
Andre,0.001139
Gary,0.001139
Henry,0.001108
Curtis,0.001105
Cole,0.001102
Omar,0.001096
Brendan,0.001096
Troy,0.001091
Xavier,0.00107
Mason,0.00105
Edgar,0.001048
Dennis,0.001032
Ivan,0.001015
Javier,0.001014
Johnny,9.95e-4
Craig,9.86e-4
Jack,9.86e-4
Hector,9.61e-4
Sergio,9.6e-4
Randy,9.58e-4
Roberto,9.57e-4
Brent,9.33e-4
Jeremiah,9.25e-4
Tevin,9.23e-4
Tony,9.18e-4
Darius,9.17e-4
Grant,9.12e-4
Allen,9.1e-4
Clayton,9.1e-4
Levi,9.03e-4
Maxwell,8.94e-4
Fernando,8.93e-4
Max,8.93e-4
Alec,8.9e-4
Larry,8.87e-4
Mathew,8.73e-4
Bryce,8.72e-4
Jeffery,8.69e-4
Edwin,8.61e-4
Ruben,8.59e-4
Nicolas,8.57e-4
Dominique,8.52e-4
Carl,8.48e-4
Drew,8.48e-4
Jerry,8.42e-4
Zachery,8.34e-4
Russell,8.16e-4
Andres,8.14e-4
Collin,7.98e-4
Pedro,7.94e-4
Kristopher,7.87e-4
Danny,7.73e-4
Ricky,7.72e-4
Lawrence,7.7e-4
Louis,7.7e-4
Calvin,7.7e-4
Cesar,7.63e-4
Terry,7.6e-4
Marco,7.51e-4
Colby,7.51e-4
Devante,7.46e-4
Jimmy,7.42e-4
Julio,7.34e-4
Preston,7.28e-4
Elijah,7.24e-4
Lance,7.19e-4
Albert,7.14e-4
Malcolm,7.13e-4
Micheal,7.08e-4
Raul,7.07e-4
Rafael,7.06e-4
Rodney,7.04e-4
Clinton,6.99e-4
Isaiah,6.9e-4
Marc,6.89e-4
Roger,6.86e-4
Jaime,6.81e-4
Todd,6.79e-4
Walter,6.77e-4
Noah,6.73e-4
Arthur,6.73e-4
Bobby,6.62e-4
Joe,6.61e-4
Erick,6.55e-4
Jackson,0.00064899999999999995
Emmanuel,6.47e-4
Alberto,6.44e-4
Devonte,6.32e-4
Darren,6.31e-4
Gerardo,6.18e-4
Sebastian,6.16e-4
Billy,6.12e-4
Terrance,6.08e-4
Ross,6.08e-4
Armando,6.06e-4
Reginald,5.87e-4
Randall,5.87e-4
Jay,5.81e-4
Willie,5.79e-4
Trenton,5.74e-4
Brady,5.74e-4
Jon,5.71e-4
Micah,5.7e-4
Jamal,5.7e-4
Donovan,5.62e-4
Gerald,5.6e-4
Marvin,5.57e-4
Maurice,5.56e-4
Nolan,5.55e-4
Hayden,5.52e-4
Jamie,5.52e-4
Ramon,5.51e-4
Andy,5.49e-4
Branden,5.48e-4
Kody,5.46e-4
Abraham,5.44e-4
Lee,5.39e-4
Parker,5.32e-4
Trent,5.24e-4
Skyler,5.24e-4
Eddie,5.2e-4
Theodore,5.19e-4
Bryant,5.17e-4
Damian,5.17e-4
Marcos,5.14e-4
Riley,5.1e-4
Desmond,5.09e-4
Gavin,5.08e-4
Nickolas,5.08e-4
Arturo,5.05e-4
Trey,5.05e-4
Terrence,5.03e-4
Enrique,5.02e-4
Cristian,5e-4
Jessie,5e-4
Alfredo,4.99e-4
Deandre,4.95e-4
Frederick,4.95e-4
Landon,4.95e-4
Zackary,4.91e-4
Johnathon,4.88e-4
Kaleb,4.87e-4
Demetrius,4.87e-4
Harrison,4.86e-4
Miles,4.85e-4
Damon,4.79e-4
Josue,4.73e-4
Roy,4.71e-4
Morgan,4.71e-4
Shaun,4.71e-4
Tyrone,4.64e-4
Conor,4.41e-4
Bruce,4.39e-4
Salvador,4.38e-4
Darrell,4.37e-4
Marquis,4.36e-4
Wayne,4.36e-4
Conner,4.35e-4
Israel,4.31e-4
Jerome,4.27e-4
Dallas,4.27e-4
Giovanni,4.25e-4
Diego,4.23e-4
Tommy,4.22e-4
Steve,4.21e-4
Marshall,4.2e-4
Zachariah,4.17e-4
Brock,4.16e-4
Gustavo,4.16e-4
Damien,4.12e-4
Ronnie,4.11e-4
Terrell,4.05e-4
Franklin,4.04e-4
Ernesto,4.03e-4
Geoffrey,4.03e-4
Byron,4.01e-4
Dean,3.99e-4
Forrest,3.96e-4
Dominick,3.91e-4
Francis,3.82e-4
Nelson,3.81e-4
Kelvin,3.8e-4
Darryl,3.8e-4
Kendall,3.75e-4
Neil,3.75e-4
Josiah,3.72e-4
Melvin,3.71e-4
Zackery,3.71e-4
Leonard,3.7e-4
Rene,3.69e-4
Chance,3.68e-4
Denzel,3.66e-4
Alexis,3.65e-4
Pablo,3.64e-4
Angelo,3.64e-4
Lorenzo,3.63e-4
Gage,3.61e-4
Karl,3.52e-4
Ernest,3.44e-4
Eugene,3.4e-4
Fabian,3.39e-4
Dale,3.35e-4
Elias,3.32e-4
Glenn,3.31e-4
Stanley,3.31e-4
Kurt,3.3e-4
Ty,3.3e-4
Felix,3.29e-4
Wade,3.27e-4
Simon,3.25e-4
Eli,3.25e-4
Jermaine,3.25e-4
Kendrick,3.23e-4
Dwayne,3.22e-4
Quinton,3.2e-4
Tyrell,3.19e-4
Harold,3.17e-4
Orlando,3.16e-4
Warren,3.15e-4
Carson,3.14e-4
Oliver,3.14e-4
Dante,3.14e-4
Guillermo,3.12e-4
Keenan,3.1e-4
Brendon,3.09e-4
Quentin,3.09e-4
Emanuel,3.08e-4
Harry,3.07e-4
Wyatt,3.06e-4
Brennan,3.06e-4
Alvin,3.01e-4
Abel,3e-4
Roman,2.97e-4
Tristan,2.97e-4
Weston,2.97e-4
Zane,2.96e-4
Saul,2.94e-4
Stefan,2.92e-4
Jalen,2.92e-4
Gilbert,2.91e-4
Hugo,2.91e-4
Sheldon,2.9e-4
Leonardo,2.87e-4
Ismael,2.86e-4
Rodolfo,2.84e-4
Allan,2.84e-4
Emilio,2.84e-4
Jarrod,2.83e-4
Rudy,2.82e-4
Leon,2.81e-4
Esteban,2.8e-4
Myles,2.78e-4
Ashton,2.78e-4
Beau,2.78e-4
Corbin,2.78e-4
Ray,2.78e-4
Malik,2.77e-4
Clint,2.76e-4
Devan,2.76e-4
Elliott,2.75e-4
Kameron,2.75e-4
Sam,2.74e-4
Graham,2.73e-4
Joey,2.73e-4
Alfred,2.72e-4
Elliot,2.68e-4
Jordon,2.68e-4
Coty,2.66e-4
Harley,2.65e-4
Cedric,2.64e-4
Chandler,2.63e-4
Dane,2.63e-4
Mackenzie,2.61e-4
Braden,2.59e-4
Lewis,2.59e-4
Felipe,2.58e-4
Rashad,2.57e-4
Clifford,2.57e-4
Kelly,2.55e-4
Bernard,2.54e-4
Darnell,2.54e-4
Alfonso,2.53e-4
Tylor,2.53e-4
Donte,2.53e-4
Gilberto,2.53e-4
Moises,2.52e-4
Drake,2.51e-4
Shaquille,2.5e-4
Stuart,2.47e-4
Tre,2.47e-4
Clarence,2.47e-4
Kirk,2.46e-4
Roderick,2.44e-4
Wilson,2.44e-4
Brenden,2.43e-4
Noel,2.43e-4
Rogelio,2.43e-4
Stephan,2.42e-4
Kenny,2.4e-4
Blaine,2.4e-4
Sterling,2.4e-4
Jarred,2.39e-4
Ralph,2.38e-4
Tucker,2.37e-4
Garret,2.37e-4
Deshawn,2.37e-4
Lamar,2.37e-4
Antoine,2.36e-4
Jarrett,2.36e-4
Kristian,2.36e-4
Davon,2.34e-4
Carter,2.32e-4
Quinn,2.32e-4
Julius,2.32e-4
Charlie,2.31e-4
Keegan,2.31e-4
Reid,2.3e-4
Ramiro,2.29e-4
Lukas,2.28e-4
Earl,2.27e-4
Barry,2.26e-4
Kurtis,2.25e-4
Brad,2.25e-4
Avery,2.24e-4
Skylar,2.23e-4
Leo,2.23e-4
Shannon,2.22e-4
Howard,2.21e-4
Bret,2.2e-4
Rodrigo,2.2e-4
Demarcus,2.19e-4
Kory,2.19e-4
Chris,2.18e-4
Ariel,2.17e-4
Shelby,2.16e-4
Dexter,2.16e-4
Marlon,2.16e-4
Owen,2.16e-4
Ali,2.11e-4
Nikolas,2.11e-4
Tyree,2.09e-4
Carlton,2.08e-4
Jakob,2.08e-4
Terence,2.08e-4
Tomas,2.07e-4
Clay,2.06e-4
Jaron,2.04e-4
Derick,2.04e-4
Kyler,2.04e-4
Daryl,2.01e-4
Courtney,2e-4
Jarvis,2e-4
Davonte,1.97e-4
Jayson,1.96e-4
Leroy,1.96e-4
Jamar,1.95e-4
Dwight,1.95e-4
Mauricio,1.94e-4
Nathanael,1.94e-4
Adan,1.94e-4
Javon,1.94e-4
Rolando,1.92e-4
Norman,1.92e-4
Dimitri,1.91e-4
Kasey,1.91e-4
Gordon,1.91e-4
Quincy,1.9e-4
Alonzo,1.9e-4
Fredrick,1.89e-4
Neal,1.89e-4
Raheem,1.88e-4
Bryson,1.88e-4
Chaz,1.87e-4
Isiah,1.87e-4
Davis,1.87e-4
Markus,1.85e-4
Trevon,1.85e-4
Nigel,1.84e-4
Santiago,1.84e-4
Sidney,1.84e-4
Perry,1.83e-4
Humberto,1.81e-4
Efrain,1.8e-4
Keaton,1.78e-4
Deonte,1.77e-4
Freddy,1.77e-4
Dorian,1.76e-4
Glen,1.76e-4
Kent,1.75e-4
Deon,1.75e-4
Dion,1.75e-4
Reed,1.75e-4
Korey,1.74e-4
Tyson,1.74e-4
Jean,1.73e-4
Deangelo,1.72e-4
Roland,1.71e-4
Ben,1.7e-4
Noe,1.7e-4
Clifton,1.69e-4
Dillion,1.69e-4
Lonnie,1.69e-4
Brenton,1.68e-4
Cornelius,1.68e-4
Irvin,1.68e-4
Mike,1.67e-4
Heath,1.67e-4
Cooper,1.66e-4
Darian,1.66e-4
Kareem,1.65e-4
Lloyd,1.64e-4
Marquise,1.64e-4
Jace,1.63e-4
Lamont,1.63e-4
Dillan,1.63e-4
Shayne,1.63e-4
Aron,1.6e-4
Frankie,1.6e-4
Marcel,1.6e-4
Salvatore,1.6e-4
Baby,1.59e-4
Griffin,1.57e-4
Milton,1.57e-4
Akeem,1.55e-4
Duane,1.55e-4
Rickey,1.55e-4
Infant,1.54e-4
Darrin,1.54e-4
Kristofer,1.54e-4
Vernon,1.54e-4
Devonta,1.53e-4
Leonel,1.52e-4
Moses,1.52e-4
Colten,1.51e-4
Fred,1.51e-4
Vicente,1.5e-4
Rick,1.49e-4
Alvaro,1.48e-4
Arnold,1.48e-4
Raphael,1.48e-4
Damion,1.47e-4
Kadeem,1.47e-4
Ahmad,1.47e-4
Quintin,1.47e-4
Brice,1.46e-4
Jamel,1.46e-4
Jaquan,1.46e-4
Mohammad,1.46e-4
Dashawn,1.46e-4
Herbert,1.46e-4
Uriel,1.45e-4
Darrius,1.44e-4
Tracy,1.44e-4
Cortez,1.44e-4
Liam,1.44e-4
Everett,1.43e-4
Robin,1.43e-4
Sawyer,1.43e-4
Lane,1.41e-4
Nestor,1.41e-4
Rigoberto,1.41e-4
Cullen,1.4e-4
Darin,1.4e-4
Don,1.4e-4
Pierre,1.4e-4
Deven,1.39e-4
Reynaldo,1.39e-4
Daquan,1.39e-4
Mitchel,1.38e-4
Toby,1.38e-4
Kerry,1.37e-4
Antwan,1.36e-4
Maximilian,1.35e-4
Brody,1.35e-4
Ignacio,1.35e-4
Nico,1.35e-4
Guy,1.34e-4
Darien,1.34e-4
Nathanial,1.34e-4
Agustin,1.34e-4
Freddie,1.33e-4
Grayson,1.33e-4
Winston,1.33e-4
Bo,1.32e-4
Clark,1.32e-4
Conrad,1.32e-4
Paris,1.31e-4
Rory,1.3e-4
Dana,1.29e-4
Bradford,1.29e-4
Sammy,1.29e-4
Gerard,1.28e-4
Joaquin,1.28e-4
Johnnie,1.28e-4
Aidan,1.27e-4
Addison,1.25e-4
Jimmie,1.25e-4
Ezekiel,1.24e-4
Gino,1.24e-4
Payton,1.24e-4
Austen,1.24e-4
Brandyn,1.24e-4
Donnie,1.24e-4
Duncan,1.24e-4
Dylon,1.23e-4
Jovan,1.22e-4
Solomon,1.22e-4
Loren,1.22e-4
Irving,1.21e-4
Amir,1.21e-4
Braxton,1.21e-4
Coleman,1.21e-4
Issac,1.21e-4
Will,1.21e-4
Blair,1.2e-4
Gene,1.2e-4
Jamison,1.2e-4
Osvaldo,1.2e-4
Thaddeus,1.19e-4
Brandan,1.19e-4
Garth,1.19e-4
Khalil,1.19e-4
Guadalupe,1.18e-4
Dewayne,1.18e-4
Stephon,1.17e-4
Reuben,1.16e-4
German,1.16e-4
Ladarius,1.16e-4
Lester,1.16e-4
Jasper,1.15e-4
Arron,1.15e-4
Travon,1.15e-4
Bennett,1.14e-4
Brooks,1.14e-4
Dominque,1.13e-4
Vance,1.13e-4
Adolfo,1.12e-4
Rico,1.12e-4
Ryne,1.12e-4
Mohammed,1.12e-4
Stewart,1.11e-4
Myron,1.11e-4
Codey,1.1e-4
Dandre,1.1e-4
Jamaal,1.09e-4
Javonte,1.09e-4
Elmer,1.08e-4
Estevan,1.08e-4
Tate,1.08e-4
Jerrod,1.08e-4
Nick,1.08e-4
Rashawn,1.08e-4
Colt,1.07e-4
Edgardo,1.07e-4
Holden,1.07e-4
Jonah,1.07e-4
Anton,1.06e-4
Leland,1.05e-4
Jeff,1.05e-4
Trever,1.05e-4
Herman,1.04e-4
Leslie,1.03e-4
Reece,1.03e-4
Jackie,1.03e-4
Zechariah,1.03e-4
Donavan,1.02e-4
Chadwick,1.02e-4
Kolby,1.01e-4
Bradly,1.01e-4
Devontae,1.01e-4
Octavio,1.01e-4
Aubrey,1e-4
Jefferson,1e-4
Codie,1e-4
Jairo,1e-4
Zakary,1e-4
Dan,9.9e-5
Tory,9.9e-5
Heriberto,9.9e-5
Rex,9.9e-5
Aric,9.8e-5
Jameson,9.8e-5
Benny,9.7e-5
Jaleel,9.7e-5
Donnell,9.7e-5
Ahmed,9.6e-5
Chester,9.6e-5
Pierce,9.6e-5
Antwon,9.6e-5
Jacoby,9.6e-5
Cyrus,9.5e-5
Erich,9.5e-5
Ervin,9.5e-5
Hakeem,9.5e-5
Clyde,9.5e-5
Gonzalo,9.5e-5
Jabari,9.4e-5
Mohamed,9.4e-5
Royce,9.4e-5
Walker,9.4e-5
Benito,9.3e-5
Floyd,9.3e-5
Jim,9.3e-5
Kirby,9.3e-5
Cecil,9.2e-5
Jamil,9.2e-5
Sage,9.2e-5
Gunnar,9.1e-5
Lionel,9.1e-5
Darion,9.1e-5
Elvis,9.1e-5
Houston,9.1e-5
Deion,9e-5
Rocky,9e-5
Santos,9e-5
Sonny,9e-5
Jarod,9e-5
Jessy,9e-5
Lyle,9e-5
Rhett,9e-5
Ted,9e-5
Ulises,9e-5
Vaughn,9e-5
Bronson,8.9e-5
Peyton,8.9e-5
Wendell,8.9e-5
Cristopher,8.9e-5
Ellis,8.9e-5
Malcom,8.9e-5
Scotty,8.8e-5
Alton,8.7e-5
Bryon,8.7e-5
Jerrell,8.7e-5
Rakeem,8.7e-5
Keon,8.7e-5
Demarco,8.6e-5
Brennen,8.6e-5
Jade,8.6e-5
Josh,8.6e-5
Martez,8.6e-5
Junior,8.5e-5
Madison,8.5e-5
Demario,8.5e-5
Demetri,8.5e-5
Isaias,8.5e-5
Malachi,8.5e-5
Shea,8.5e-5
Wilfredo,8.5e-5
Amos,8.4e-5
Ezequiel,8.4e-5
Randolph,8.4e-5
Jamarcus,8.3e-5
Kegan,8.3e-5
Ezra,8.3e-5
Sherman,8.3e-5
Brayden,8.2e-5
Greg,8.2e-5
Erin,8.2e-5
Kellen,8.2e-5
Reese,8.2e-5
Hans,8.1e-5
Harvey,8.1e-5
Raymundo,8.1e-5
Cruz,8.1e-5
Davante,8.1e-5
Emmett,8.1e-5
Hernan,8.1e-5
Kelsey,8.1e-5
Ashley,8e-5
Dyllan,8e-5
Grady,8e-5
Garry,8e-5
Marquez,8e-5
Misael,8e-5
Moshe,8e-5
August,7.9e-5
Dontae,7.9e-5
Eddy,7.9e-5
Rusty,7.9e-5
Silas,7.9e-5
Camron,7.8e-5
Forest,7.8e-5
Justice,7.8e-5
Trae,7.8e-5
Bernardo,7.8e-5
Dionte,7.8e-5
Efren,7.8e-5
Josef,7.8e-5
Cade,7.7e-5
Gregorio,7.7e-5
Tobias,7.7e-5
Alonso,7.7e-5
Hugh,7.7e-5
Spenser,7.7e-5
Denzell,7.6e-5
Mickey,7.6e-5
Titus,7.6e-5
Aldo,7.6e-5
Kai,7.6e-5
Kolton,7.6e-5
Deonta,7.5e-5
Fidel,7.5e-5
Talon,7.5e-5
Unknown,7.5e-5
Antony,7.4e-5
Ari,7.4e-5
Asa,7.4e-5
Daron,7.4e-5
Davin,7.4e-5
Lincoln,7.4e-5
Tyron,7.4e-5
Mikel,7.4e-5
Otis,7.4e-5
Anderson,7.3e-5
Davion,7.3e-5
Dondre,7.3e-5
Kelby,7.3e-5
Robbie,7.3e-5
Codi,7.3e-5
Hassan,7.3e-5
Randal,7.2e-5
Tayler,7.2e-5
Tom,7.2e-5
Ulysses,7.2e-5
Cale,7.2e-5
Stevie,7.2e-5
Rasheed,7.1e-5
Galen,7.1e-5
Jerald,7.1e-5
Morris,7.1e-5
Caden,7e-5
Julien,7e-5
Stacy,7e-5
Westley,7e-5
Dario,6.9e-5
Dequan,6.9e-5
Jess,6.9e-5
Shelton,6.9e-5
Timmy,6.9e-5
Camden,6.9e-5
Coby,6.9e-5
Edmund,6.9e-5
Rodrick,6.9e-5
Alexandro,6.8e-5
Dakotah,6.8e-5
Dusty,6.8e-5
Barrett,6.8e-5
Channing,6.8e-5
Claude,6.8e-5
Keven,6.8e-5
Nikko,6.7e-5
Niko,6.7e-5
Augustus,6.7e-5
Garrison,6.7e-5
Montel,6.7e-5
Storm,6.7e-5
Jacques,6.6e-5
Jody,6.6e-5
Wallace,6.6e-5
Bill,6.6e-5
Jonas,6.6e-5
Kevon,6.6e-5
Deante,6.5e-5
Domonique,6.5e-5
Elisha,6.5e-5
Broderick,6.5e-5
Derik,6.5e-5
Eliseo,6.5e-5
Jevon,6.5e-5
Luther,6.5e-5
Muhammad,6.5e-5
Axel,6.4e-5
Earnest,6.4e-5
Ron,6.4e-5
Waylon,6.4e-5
Carlo,6.4e-5
Kenton,6.4e-5
Andreas,6.3e-5
Cordell,6.3e-5
Davonta,6.3e-5
Dereck,6.3e-5
Garrick,6.3e-5
Jerod,6.3e-5
Marques,6.3e-5
Chaim,6.3e-5
Domingo,6.3e-5
Elvin,6.3e-5
Isidro,6.3e-5
Justen,6.3e-5
Najee,6.3e-5
Tariq,6.3e-5
Tavon,6.3e-5
Dalvin,6.2e-5
Garett,6.2e-5
Justyn,6.2e-5
Tyrel,6.2e-5
Tyshawn,6.2e-5
Brant,6.2e-5
Dejuan,6.2e-5
Kalen,6.2e-5
Marion,6.2e-5
Montrell,6.2e-5
Rocco,6.2e-5
Stetson,6.2e-5
Britton,6.2e-5
Darrel,6.2e-5
Giancarlo,6.2e-5
Jarrell,6.2e-5
Kwame,6.2e-5
Prince,6.2e-5
Laquan,6.1e-5
Deshaun,6.1e-5
Ira,6.1e-5
Maximillian,6.1e-5
Pete,6.1e-5
Teddy,6.1e-5
Trace,6.1e-5
Darwin,6e-5
Jerel,6e-5
Marty,6e-5
Remington,6e-5
Roosevelt,6e-5
Carey,6e-5
Juwan,6e-5
Lazaro,6e-5
Tyquan,6e-5
Willis,6e-5
Asher,5.9e-5
Cary,5.9e-5
Cedrick,5.9e-5
Deron,5.9e-5
Donta,5.9e-5
Kieran,5.9e-5
Laurence,5.9e-5
Samir,5.9e-5
Van,5.9e-5
Vince,5.9e-5
Dave,5.9e-5
Dejon,5.9e-5
Erwin,5.9e-5
Laron,5.9e-5
Abdul,5.8e-5
Alphonso,5.8e-5
Jered,5.8e-5
Quinten,5.8e-5
Dayton,5.8e-5
Marcelo,5.8e-5
Stacey,5.8e-5
Alexandre,5.7e-5
Armand,5.7e-5
Bailey,5.7e-5
Brannon,5.7e-5
Cassidy,5.7e-5
Denver,5.7e-5
Emerson,5.7e-5
Rudolph,5.7e-5
Theron,5.7e-5
Arnulfo,5.6e-5
Colter,5.6e-5
Coy,5.6e-5
Domenic,5.6e-5
Donavon,5.6e-5
