name,percent
Jessica,0.017753
Ashley,0.01769
Sarah,0.012289
Samantha,0.01201
Emily,0.011973
Brittany,0.011028
Taylor,0.010795
Amanda,0.010557
Elizabeth,0.008899
Stephanie,0.008719
Megan,0.008316
Lauren,0.008216
Nicole,0.008211
Rachel,0.008093
Jennifer,0.007988
Kayla,0.007842
Amber,0.007139
Danielle,0.006591
Victoria,0.006558
Courtney,0.006385
Hannah,0.006343
Rebecca,0.006242
Jasmine,0.006121
Kelsey,0.005772
Chelsea,0.005731
Alyssa,0.005596
Alexis,0.005496
Alexandra,0.005417
Katherine,0.005332
Melissa,0.005187
Michelle,0.005168
Brianna,0.004451
Tiffany,0.004354
Morgan,0.004349
Christina,0.004205
Shelby,0.004124
Heather,0.004113
Mary,0.004101
Kimberly,0.004042
Sara,0.004008
Allison,0.003922
Haley,0.003868
Laura,0.003677
Andrea,0.003672
Kaitlyn,0.003531
Maria,0.00353
Anna,0.003448
Erin,0.003408
Erica,0.003255
Olivia,0.003217
Kelly,0.003198
Brooke,0.003126
Shannon,0.003081
Katelyn,0.003035
Vanessa,0.002987
Lindsey,0.002965
Crystal,0.002958
Jordan,0.002957
Marissa,0.002856
Paige,0.002849
Kristen,0.002807
Natalie,0.002784
Katie,0.002758
Caitlin,0.002752
Cassandra,0.002752
Amy,0.002752
Abigail,0.002629
Kathryn,0.002582
Alexandria,0.002556
Briana,0.002478
Jenna,0.002477
Julia,0.002365
Angela,0.002319
Jacqueline,0.002296
Catherine,0.002267
Alicia,0.00225
Brittney,0.002245
Madison,0.002225
Jamie,0.002159
Mariah,0.002075
Emma,0.002074
Whitney,0.00207
Breanna,0.002043
Gabrielle,0.002036
Erika,0.002035
Monica,0.001983
Molly,0.001882
Lindsay,0.001861
Miranda,0.001817
Christine,0.001765
Sierra,0.00176
Leah,0.001732
Meghan,0.001726
Diana,0.001719
Cynthia,0.001717
Savannah,0.001697
Sabrina,0.001687
Angelica,0.001645
Kaitlin,0.001638
Lisa,0.001635
Bianca,0.001629
Margaret,0.001607
Veronica,0.001571
Kristina,0.00157
Caroline,0.001564
Sydney,0.001548
Alexa,0.001541
Holly,0.001539
Kristin,0.001518
Melanie,0.001515
Destiny,0.001493
April,0.001489
Mackenzie,0.001471
Brenda,0.001465
Bethany,0.001442
Karen,0.001425
Kathleen,0.001392
Rachael,0.001392
Julie,0.001389
Kassandra,0.001385
Ariel,0.001374
Dominique,0.001373
Grace,0.00137
Brandi,0.001367
Patricia,0.001352
Hayley,0.001328
Madeline,0.001324
Kendra,0.001322
Casey,0.00131
Hailey,0.001284
Kara,0.001282
Tara,0.001257
Desiree,0.001239
Gabriela,0.001221
Cheyenne,0.001205
Carly,0.0012
Ana,0.001198
Leslie,0.001164
Raven,0.00116
Natasha,0.001156
Alison,0.001137
Krystal,0.001124
Karina,0.001116
Valerie,0.001105
Chelsey,0.001094
Bailey,0.001083
Alejandra,0.001075
Rebekah,0.001069
Autumn,0.001057
Jade,0.001057
Adriana,0.001054
Tori,0.001044
Caitlyn,0.001037
Katrina,0.001035
Dana,0.00101
Nancy,0.001006
Jillian,0.001005
Chloe,9.94e-4
Felicia,9.9e-4
Audrey,9.88e-4
Deanna,9.84e-4
Jocelyn,9.77e-4
Meagan,9.77e-4
Ashlee,9.7e-4
Krista,9.63e-4
Claire,9.6e-4
Kaylee,9.57e-4
Sandra,9.55e-4
Monique,9.39e-4
Michaela,9.38e-4
Mercedes,9.02e-4
Marisa,8.76e-4
Alisha,8.72e-4
Gina,8.68e-4
Bria,8.62e-4
Cindy,8.33e-4
Joanna,8.31e-4
Angel,8.28e-4
Bridget,8.28e-4
Summer,8.21e-4
Mallory,8.13e-4
Priscilla,8.09e-4
Claudia,8.06e-4
Colleen,8.04e-4
Daisy,8.03e-4
Jasmin,7.88e-4
Cristina,7.86e-4
Kirsten,7.86e-4
Ashleigh,7.85e-4
Ariana,7.77e-4
Yesenia,7.76e-4
Diamond,7.74e-4
Kiara,7.73e-4
Lacey,7.72e-4
Brandy,7.71e-4
Sophia,7.61e-4
Jaclyn,7.6e-4
Anne,7.53e-4
Linda,7.53e-4
Carolyn,7.47e-4
Denise,7.4e-4
Jazmin,7.39e-4
Kylie,7.33e-4
Tabitha,7.33e-4
Ciara,7.28e-4
Lydia,7.18e-4
Cierra,7.13e-4
Gabriella,7.13e-4
Nichole,7.09e-4
Jazmine,6.92e-4
Allyson,6.83e-4
Evelyn,6.83e-4
Shanice,6.83e-4
Mayra,6.77e-4
Candace,6.64e-4
Ellen,6.62e-4
Kendall,6.45e-4
Tessa,6.39e-4
Wendy,6.38e-4
Guadalupe,6.36e-4
Daniela,6.35e-4
Rosa,6.35e-4
Meredith,6.35e-4
Amelia,6.33e-4
Mckenzie,6.29e-4
Teresa,6.26e-4
Kelli,6.24e-4
Tiara,6.22e-4
Raquel,6.21e-4
Kelsie,6.19e-4
Justine,6.1e-4
Kasey,6.1e-4
Zoe,6.06e-4
Karla,6.06e-4
Katelynn,6.05e-4
Susan,6.05e-4
Marina,6.02e-4
Tyler,6.01e-4
Britney,5.98e-4
Abby,5.97e-4
Ebony,5.92e-4
Theresa,5.88e-4
Heidi,5.79e-4
Naomi,5.78e-4
Faith,5.76e-4
Renee,5.75e-4
Asia,5.69e-4
Tanya,5.68e-4
Carrie,5.66e-4
Jessie,5.63e-4
Cara,5.61e-4
Jacquelyn,5.61e-4
Candice,5.59e-4
Carmen,5.53e-4
Alissa,5.5e-4
Tatiana,5.47e-4
Clarissa,5.45e-4
Isabel,5.45e-4
Janet,5.42e-4
Katlyn,5.42e-4
Hillary,5.4e-4
Aubrey,5.37e-4
Marie,5.35e-4
Virginia,5.29e-4
Martha,5.28e-4
Ruby,5.23e-4
Cassidy,5.21e-4
Jenny,5.16e-4
Tamara,5.16e-4
Nina,5.16e-4
Camille,5.14e-4
Maya,5.14e-4
Miriam,5.12e-4
Stacey,5.09e-4
Gloria,5.08e-4
Hanna,5.08e-4
Nikki,5.08e-4
Chelsie,5.06e-4
Cecilia,5.06e-4
Robin,5.05e-4
Maggie,5e-4
Janelle,4.98e-4
Melinda,4.98e-4
Elise,4.96e-4
Carissa,4.96e-4
Kellie,4.86e-4
Hope,4.85e-4
Stacy,4.85e-4
Cassie,4.83e-4
Tia,4.83e-4
Carolina,4.82e-4
Charlotte,4.79e-4
Adrienne,4.77e-4
Vivian,4.72e-4
Barbara,4.71e-4
Mikayla,4.71e-4
Toni,4.66e-4
Devon,4.65e-4
Angelina,4.59e-4
Jordyn,4.54e-4
Esther,4.52e-4
Valeria,4.49e-4
Carla,4.48e-4
Aimee,4.46e-4
Christian,4.45e-4
Tayler,4.42e-4
Helen,4.4e-4
Ashlyn,4.35e-4
Devin,4.35e-4
Callie,4.34e-4
Karissa,4.34e-4
Shawna,4.31e-4
Ann,4.31e-4
Sharon,4.31e-4
Tania,4.3e-4
Ruth,4.29e-4
Sasha,4.26e-4
Shayla,4.21e-4
Isabella,4.19e-4
Tierra,4.19e-4
Tiana,4.19e-4
Adrianna,4.14e-4
Elena,4.13e-4
Pamela,4.09e-4
Tina,4.08e-4
Sonia,4.07e-4
Nicolette,4.07e-4
Deborah,4.05e-4
Kristine,4.04e-4
Mia,4.03e-4
Ashton,4.03e-4
Liliana,4.01e-4
Logan,4.01e-4
Elisabeth,4e-4
Kate,3.99e-4
Savanna,3.96e-4
Anastasia,3.94e-4
Alana,3.92e-4
Makayla,3.85e-4
Annie,3.82e-4
Cortney,3.82e-4
Kierra,3.79e-4
Rose,3.77e-4
Regina,3.76e-4
Brenna,3.75e-4
Tracy,3.74e-4
Lillian,3.73e-4
Chandler,3.72e-4
Eva,3.72e-4
Brittani,3.72e-4
Celeste,3.72e-4
Arianna,3.71e-4
Melody,3.7e-4
Alexus,3.69e-4
Dakota,3.68e-4
Harley,3.65e-4
Taryn,3.62e-4
Michele,3.61e-4
Kiana,3.6e-4
Kari,3.6e-4
Chasity,3.58e-4
Brianne,3.57e-4
Thalia,3.55e-4
Alyson,3.54e-4
Esmeralda,3.54e-4
Kylee,3.54e-4
Alexia,3.51e-4
Trisha,3.5e-4
Kristy,3.49e-4
Jane,3.49e-4
Tasha,3.49e-4
Ciera,3.46e-4
Kenya,3.46e-4
Alice,3.46e-4
Sylvia,3.46e-4
Marisol,3.44e-4
Sadie,3.44e-4
Jeanette,3.44e-4
Robyn,3.44e-4
Leticia,3.4e-4
Christa,3.39e-4
Lorena,3.39e-4
Angelique,3.37e-4
Selena,3.37e-4
Madeleine,3.36e-4
India,3.35e-4
Randi,3.34e-4
Kira,3.33e-4
Jaime,3.32e-4
Katharine,3.32e-4
Kristi,3.32e-4
Kyra,3.29e-4
Frances,3.25e-4
Alma,3.24e-4
Breana,3.24e-4
Kyla,3.24e-4
Rachelle,3.21e-4
Francesca,3.2e-4
Paula,3.2e-4
Joy,3.19e-4
Macy,3.17e-4
Kayleigh,3.15e-4
Arielle,3.15e-4
Larissa,3.13e-4
Peyton,3.13e-4
Ericka,3.12e-4
Corinne,3.1e-4
Christy,3.09e-4
Marlene,3.09e-4
Tiffani,3.09e-4
Alaina,3.08e-4
Yvette,3.07e-4
Marilyn,3.06e-4
Shayna,3.06e-4
Anissa,3.05e-4
Misty,3.04e-4
Emilee,3.03e-4
Kali,3.03e-4
Chanel,3.02e-4
Kaitlynn,3.02e-4
Precious,3.02e-4
Josephine,3.01e-4
Kaila,3.01e-4
Johanna,3e-4
Carley,2.99e-4
Chantel,2.99e-4
Daniella,2.99e-4
Stefanie,2.99e-4
Donna,2.96e-4
Clara,2.95e-4
Genesis,2.95e-4
Giselle,2.95e-4
Maritza,2.95e-4
Tanisha,2.94e-4
Yolanda,2.93e-4
Kailey,2.9e-4
Kelley,2.89e-4
Nadia,2.89e-4
Paris,2.89e-4
Blanca,2.88e-4
Juliana,2.87e-4
Judith,2.86e-4
Meaghan,2.86e-4
Haylee,2.85e-4
Elaine,2.84e-4
Lori,2.83e-4
Simone,2.83e-4
Carina,2.83e-4
Sofia,2.83e-4
Yvonne,2.82e-4
Elisa,2.82e-4
Lily,2.81e-4
Riley,2.8e-4
Sophie,2.8e-4
Kelsi,2.78e-4
Serena,2.78e-4
Kaley,2.77e-4
Bryanna,2.77e-4
Jill,2.77e-4
Skylar,2.77e-4
Noelle,2.76e-4
Destinee,2.75e-4
Kourtney,2.75e-4
Sheila,2.75e-4
Imani,2.75e-4
Irene,2.75e-4
Desirae,2.74e-4
Diane,2.74e-4
Iris,2.74e-4
Brooklyn,2.73e-4
Makenzie,2.73e-4
Natalia,2.73e-4
Bridgette,2.73e-4
Sade,2.72e-4
Susana,2.72e-4
Lacy,2.71e-4
Allie,2.68e-4
Maribel,2.67e-4
Nora,2.67e-4
Darian,2.66e-4
Margarita,2.66e-4
Tess,2.66e-4
Lucy,2.66e-4
Payton,2.65e-4
Hallie,2.65e-4
Haleigh,2.64e-4
Shana,2.64e-4
Charity,2.61e-4
Rochelle,2.61e-4
Beatriz,2.6e-4
Kiera,2.6e-4
Yaritza,2.58e-4
Moriah,2.57e-4
Carol,2.56e-4
Mariana,2.56e-4
Abbey,2.55e-4
Alanna,2.54e-4
Dawn,2.52e-4
Selina,2.51e-4
Mollie,2.51e-4
Lyndsey,2.49e-4
Cristal,2.49e-4
Shaina,2.49e-4
Stephany,2.49e-4
Anita,2.48e-4
Cheyanne,2.48e-4
Sandy,2.48e-4
Celina,2.47e-4
Talia,2.47e-4
Alexandrea,2.45e-4
Alysha,2.44e-4
Julianne,2.44e-4
Kiersten,2.43e-4
Dorothy,2.42e-4
Perla,2.42e-4
Madelyn,2.41e-4
Casandra,2.39e-4
Hunter,2.39e-4
Yasmin,2.39e-4
Paulina,2.39e-4
Suzanne,2.38e-4
Nia,2.37e-4
Latisha,2.36e-4
Kaleigh,2.36e-4
Viviana,2.36e-4
Leanna,2.34e-4
Roxanne,2.34e-4
Emilie,2.31e-4
Avery,2.3e-4
Kelsea,2.3e-4
Dallas,2.28e-4
Janice,2.28e-4
Janae,2.28e-4
Norma,2.28e-4
Antoinette,2.27e-4
Breanne,2.26e-4
Kathy,2.26e-4
Katelin,2.25e-4
Sally,2.25e-4
Eleanor,2.25e-4
Bonnie,2.24e-4
Mikaela,2.24e-4
Maranda,2.23e-4
Khadijah,2.21e-4
Jacklyn,2.2e-4
Shaniqua,2.2e-4
Cayla,2.2e-4
Tonya,2.2e-4
Keri,2.19e-4
Araceli,2.19e-4
Genevieve,2.19e-4
Rocio,2.19e-4
Gianna,2.18e-4
Shauna,2.18e-4
Kacie,2.18e-4
Charlene,2.17e-4
Lucia,2.17e-4
Shelbi,2.17e-4
Karly,2.17e-4
Tianna,2.16e-4
Joyce,2.16e-4
Laurel,2.15e-4
Alex,2.15e-4
Ivy,2.13e-4
Kaylin,2.13e-4
Leanne,2.13e-4
Alisa,2.12e-4
Delaney,2.12e-4
Krysta,2.12e-4
Sidney,2.12e-4
Ashlie,2.12e-4
Fatima,2.12e-4
Kristie,2.11e-4
Carlie,2.1e-4
Juanita,2.09e-4
Edith,2.09e-4
Stacie,2.08e-4
Lena,2.08e-4
Lizbeth,2.06e-4
Beverly,2.06e-4
Lea,2.05e-4
Shanna,2.05e-4
Shantel,2.04e-4
Skyler,2.04e-4
Eileen,2.04e-4
Josie,2.04e-4
Eliza,2.03e-4
Paola,2.03e-4
Shirley,2.03e-4
Aisha,2.02e-4
Kaylyn,2.02e-4
Connie,2.01e-4
Keisha,2.01e-4
Katy,2.01e-4
Rosemary,1.99e-4
Yasmine,1.99e-4
Kasandra,1.99e-4
Julianna,1.98e-4
Katarina,1.98e-4
Latasha,1.98e-4
Noemi,1.97e-4
Jodi,1.95e-4
Katlin,1.95e-4
Iesha,1.95e-4
Sonya,1.93e-4
Kerri,1.92e-4
Latoya,1.92e-4
Yadira,1.92e-4
Jena,1.91e-4
Mckenna,1.91e-4
Cheryl,1.9e-4
Christie,1.9e-4
Mara,1.9e-4
Kerry,1.88e-4
Maegan,1.88e-4
Darlene,1.88e-4
Leigh,1.88e-4
Dulce,1.87e-4
Octavia,1.86e-4
Aurora,1.85e-4
Annette,1.84e-4
Hollie,1.84e-4
Demi,1.84e-4
Georgia,1.84e-4
Loren,1.84e-4
Alina,1.83e-4
Blair,1.83e-4
Brittni,1.83e-4
Tammy,1.83e-4
Debra,1.82e-4
Nathalie,1.81e-4
Luz,1.8e-4
Kalyn,1.8e-4
Mariela,1.8e-4
Melina,1.8e-4
Staci,1.79e-4
Karli,1.79e-4
Kala,1.78e-4
Kaylie,1.78e-4
Hailee,1.78e-4
Jalisa,1.78e-4
Ryan,1.78e-4
Ashly,1.77e-4
Jada,1.76e-4
Beth,1.76e-4
Kia,1.75e-4
Micaela,1.75e-4
Jaimie,1.75e-4
Hilary,1.74e-4
Shelbie,1.74e-4
Arlene,1.74e-4
Celia,1.73e-4
Brandie,1.73e-4
Karlee,1.73e-4
Rita,1.73e-4
Rebeca,1.72e-4
Tracey,1.72e-4
Brook,1.72e-4
Mandy,1.72e-4
Joanne,1.71e-4
Tabatha,1.71e-4
Jesse,1.7e-4
Justina,1.69e-4
Britany,1.68e-4
Cameron,1.67e-4
Karlie,1.67e-4
Mindy,1.67e-4
Adrian,1.66e-4
Clare,1.66e-4
Domonique,1.65e-4
Hali,1.65e-4
Racheal,1.65e-4
Silvia,1.65e-4
Halie,1.64e-4
Maureen,1.64e-4
Chante,1.64e-4
Kori,1.64e-4
Corina,1.63e-4
Jennie,1.63e-4
Stevie,1.63e-4
Gladys,1.62e-4
Jackie,1.62e-4
Layla,1.62e-4
Gretchen,1.62e-4
Eden,1.61e-4
Kiley,1.61e-4
Lesley,1.6e-4
Bobbie,1.59e-4
Yessenia,1.59e-4
Kadijah,1.59e-4
Lucero,1.59e-4
Skye,1.59e-4
Devan,1.58e-4
Maura,1.58e-4
Sherry,1.58e-4
Alycia,1.57e-4
Shelly,1.56e-4
Constance,1.55e-4
Griselda,1.55e-4
Reyna,1.55e-4
Angie,1.55e-4
Jana,1.55e-4
Kacey,1.55e-4
Jami,1.54e-4
Antonia,1.54e-4
Fabiola,1.54e-4
Marlee,1.54e-4
Rhiannon,1.53e-4
Ali,1.52e-4
Carli,1.52e-4
Janette,1.52e-4
Kirstin,1.52e-4
Kristyn,1.52e-4
Berenice,1.51e-4
Brittanie,1.51e-4
Deja,1.51e-4
Danica,1.51e-4
Lizette,1.51e-4
Patrice,1.51e-4
Alayna,1.5e-4
Baby,1.5e-4
Cora,1.5e-4
Carlee,1.49e-4
Kaci,1.49e-4
Alysia,1.48e-4
Belinda,1.48e-4
Betty,1.48e-4
Abbie,1.48e-4
Jessika,1.47e-4
Cori,1.47e-4
Ingrid,1.47e-4
Christen,1.46e-4
Roxana,1.46e-4
Tricia,1.46e-4
Halle,1.45e-4
Sarai,1.45e-4
Lexus,1.45e-4
Regan,1.45e-4
Ava,1.43e-4
Lacie,1.43e-4
Tiera,1.43e-4
Elaina,1.42e-4
Dianna,1.42e-4
Nadine,1.42e-4
Isabelle,1.41e-4
Micah,1.41e-4
Terri,1.41e-4
Ashlynn,1.41e-4
Jayme,1.41e-4
Lorraine,1.41e-4
Aileen,1.4e-4
Anjelica,1.4e-4
Karley,1.4e-4
Breann,1.39e-4
Kortney,1.39e-4
Lara,1.39e-4
Rikki,1.39e-4
Savanah,1.39e-4
Audra,1.39e-4
Elissa,1.38e-4
Janessa,1.38e-4
Janie,1.38e-4
Judy,1.38e-4
Athena,1.37e-4
Chantal,1.37e-4
Giovanna,1.37e-4
Maira,1.37e-4
Brea,1.36e-4
Heaven,1.36e-4
Magdalena,1.36e-4
Traci,1.36e-4
Chelsi,1.36e-4
Gwendolyn,1.36e-4
Tatyana,1.36e-4
Beatrice,1.35e-4
Devyn,1.35e-4
Ayana,1.35e-4
Terra,1.35e-4
Breonna,1.34e-4
Christiana,1.34e-4
Elyse,1.34e-4
Lynn,1.34e-4
Nikita,1.34e-4
Elisha,1.33e-4
Jenifer,1.33e-4
Corey,1.33e-4
Shakira,1.32e-4
Dayna,1.31e-4
Pauline,1.31e-4
Tyra,1.31e-4
Kirstie,1.3e-4
Dylan,1.3e-4
Alesha,1.29e-4
Christin,1.29e-4
Monika,1.29e-4
Ellie,1.29e-4
Ella,1.28e-4
Lauryn,1.28e-4
Salina,1.28e-4
Allyssa,1.28e-4
Princess,1.28e-4
Janine,1.27e-4
Shante,1.27e-4
Marlena,1.27e-4
Scarlett,1.27e-4
Bobbi,1.26e-4
Brionna,1.26e-4
Ayla,1.26e-4
Iliana,1.26e-4
Sheena,1.25e-4
Cecelia,1.25e-4
Joselyn,1.25e-4
Macey,1.25e-4
Marisela,1.25e-4
Essence,1.24e-4
Maricela,1.24e-4
Myra,1.24e-4
Rhonda,1.24e-4
Tiffanie,1.24e-4
Jaqueline,1.23e-4
Shea,1.23e-4
Juana,1.22e-4
Madalyn,1.22e-4
Bryana,1.22e-4
Keely,1.21e-4
Kimberlee,1.21e-4
Kristian,1.21e-4
Olga,1.21e-4
Eboni,1.21e-4
Jamila,1.21e-4
Stefani,1.21e-4
Destiney,1.2e-4
Gabriel,1.2e-4
Nikole,1.2e-4
Leandra,1.2e-4
Bridgett,1.19e-4
Jazmyn,1.19e-4
Kaela,1.19e-4
Melisa,1.19e-4
Ashely,1.19e-4
Betsy,1.18e-4
Brielle,1.18e-4
Helena,1.18e-4
Kaycee,1.18e-4
Kaylynn,1.18e-4
Kristal,1.18e-4
Liana,1.18e-4
Chaya,1.16e-4
Katerina,1.16e-4
Kelcie,1.16e-4
Martina,1.16e-4
Symone,1.16e-4
Lakeisha,1.15e-4
Yazmin,1.15e-4
Delia,1.15e-4
Dina,1.15e-4
Dominque,1.15e-4
Irma,1.15e-4
Kendal,1.14e-4
Kimberley,1.14e-4
Montana,1.14e-4
Amie,1.14e-4
Ayanna,1.14e-4
Chantelle,1.14e-4
Ivette,1.14e-4
Laken,1.14e-4
Marcella,1.14e-4
Itzel,1.13e-4
Joelle,1.13e-4
China,1.13e-4
Kassidy,1.13e-4
Myranda,1.13e-4
Shelley,1.13e-4
Coraima,1.12e-4
Julissa,1.12e-4
Michael,1.12e-4
Graciela,1.12e-4
Noel,1.12e-4
Tamika,1.12e-4
Ashanti,1.11e-4
Chastity,1.11e-4
Fallon,1.11e-4
Joann,1.11e-4
Kalie,1.11e-4
Marquita,1.11e-4
Catalina,1.11e-4
Felisha,1.11e-4
Jessenia,1.11e-4
Billie,1.1e-4
Lana,1.1e-4
Alecia,1.1e-4
Alysa,1.1e-4
Bernadette,1.1e-4
Shannen,1.1e-4
Darcy,1.09e-4
Joan,1.09e-4
Jodie,1.09e-4
Kailee,1.09e-4
Kandace,1.09e-4
Trinity,1.09e-4
Jessi,1.09e-4
Phoebe,1.09e-4
Selene,1.09e-4
Tyesha,1.09e-4
Ivonne,1.08e-4
Jean,1.08e-4
Kailyn,1.08e-4
Lyndsay,1.08e-4
Niki,1.08e-4
Estefania,1.07e-4
Leeann,1.07e-4
Sage,1.07e-4
Brittaney,1.07e-4
Daphne,1.07e-4
Geneva,1.06e-4
Lizeth,1.06e-4
Kathrine,1.06e-4
Porsha,1.06e-4
Aja,1.05e-4
Ashli,1.05e-4
Deidra,1.05e-4
Deidre,1.05e-4
Kassie,1.05e-4
Jolene,1.05e-4
Krystina,1.05e-4
Whitley,1.04e-4
Kalene,1.04e-4
Katlynn,1.04e-4
Lexi,1.04e-4
Asha,1.03e-4
Janel,1.03e-4
Jerrica,1.03e-4
Leann,1.03e-4
Mariel,1.03e-4
Jerica,1.02e-4
Kayley,1.02e-4
Mai,1.02e-4
Nakia,1.02e-4
Rubi,1.02e-4
Alessandra,1.02e-4
Destini,1.02e-4
Deyanira,1.02e-4
Emerald,1.02e-4
Eunice,1.02e-4
Laurie,1.02e-4
Lourdes,1.02e-4
Susanna,1.02e-4
Leila,1.01e-4
Maxine,1.01e-4
Reagan,1.01e-4
Yasmeen,1.01e-4
Dara,1.01e-4
Eryn,1.01e-4
Shyanne,1.01e-4
Stormy,1.01e-4
Viridiana,1.01e-4
Krystle,1e-4
Adrianne,1e-4
Britni,1e-4
Damaris,1e-4
Danyelle,1e-4
Elsa,1e-4
Kallie,1e-4
Kaylene,1e-4
Blake,9.9e-5
Crysta,9.9e-5
Infant,9.9e-5
Reina,9.9e-5
Demetria,9.8e-5
Fiona,9.8e-5
Alondra,9.7e-5
Anais,9.7e-5
Jeannette,9.7e-5
Kayli,9.7e-5
Latrice,9.7e-5
Marjorie,9.7e-5
Nataly,9.7e-5
Brittnee,9.6e-5
Elyssa,9.6e-5
Emilia,9.6e-5
Maryann,9.6e-5
Nayeli,9.6e-5
Carson,9.5e-5
Jasmyn,9.5e-5
Kinsey,9.5e-5
Marcia,9.5e-5
Aspen,9.5e-5
Charmaine,9.5e-5
Corrine,9.5e-5
Deandra,9.5e-5
Eliana,9.5e-5
Jasmyne,9.5e-5
Lynette,9.5e-5
Alena,9.4e-5
Austin,9.4e-5
Leilani,9.4e-5
Paloma,9.4e-5
Tanesha,9.4e-5
Eleni,9.4e-5
Hana,9.4e-5
