name,percent
Jessica,0.016485
Ashley,0.01554
Emily,0.012395
Samantha,0.011714
Sarah,0.011427
Taylor,0.010643
Brittany,0.0097
Amanda,0.009598
Elizabeth,0.008603
Megan,0.008511
Nicole,0.008221
Kayla,0.008156
Rachel,0.007944
Lauren,0.007777
Stephanie,0.007571
Hannah,0.007437
Jennifer,0.007186
Alexis,0.006693
Victoria,0.00651
Danielle,0.006391
Amber,0.006337
Courtney,0.00617
Jasmine,0.006009
Rebecca,0.005786
Morgan,0.005471
Alyssa,0.005442
Brianna,0.005398
Alexandra,0.005249
Kelsey,0.005007
Katherine,0.004921
Melissa,0.004515
Kimberly,0.00449
Michelle,0.004435
Allison,0.004183
Tiffany,0.004159
Haley,0.004006
Mary,0.003962
Chelsea,0.00396
Christina,0.003936
Shelby,0.003873
Anna,0.003857
Abigail,0.003715
Sara,0.003703
Heather,0.003613
Erin,0.003546
Laura,0.003515
Maria,0.003463
Kaitlyn,0.003433
Andrea,0.003321
Olivia,0.0033
Madison,0.003213
Jordan,0.003212
Marissa,0.003205
Brooke,0.003068
Kristen,0.003014
Natalie,0.002995
Erica,0.002915
Katelyn,0.00291
Vanessa,0.002845
Shannon,0.002828
Miranda,0.0028
Kelly,0.002795
Paige,0.002674
Jacqueline,0.002669
Crystal,0.002666
Cassandra,0.0025959999999999998
Gabrielle,0.002586
Briana,0.002567
Lindsey,0.002558
Katie,0.002545
Alexandria,0.002491
Sierra,0.002491
Julia,0.002484
Mariah,0.002439
Sydney,0.002432
Emma,0.002431
Amy,0.002408
Caitlin,0.002391
Kathryn,0.002367
Jenna,0.002358
Angela,0.002266
Savannah,0.002251
Alicia,0.002106
Breanna,0.002105
Catherine,0.002104
Destiny,0.002098
Jamie,0.002045
Monica,0.002006
Brittney,0.001989
Erika,0.00184
Whitney,0.00183
Madeline,0.001804
Kaitlin,0.001796
Caroline,0.00177
Alexa,0.001766
Molly,0.001766
Sabrina,0.001735
Diana,0.001728
Cheyenne,0.001696
Meghan,0.001657
Leah,0.001646
Mackenzie,0.00164
Grace,0.001629
Christine,0.001622
Cynthia,0.001621
Margaret,0.001595
Lindsay,0.00159
Angelica,0.001576
Michaela,0.001562
Veronica,0.001505
Bianca,0.001504
Holly,0.0015
Kristina,0.001475
Gabriela,0.001459
Kristin,0.001457
Bethany,0.00142
Autumn,0.001396
Casey,0.001381
Hailey,0.001379
Melanie,0.001375
Brenda,0.001361
Brandi,0.001352
Lisa,0.001316
Rachael,0.001311
Desiree,0.001308
Kendra,0.001301
April,0.001294
Karen,0.001276
Julie,0.00126
Kathleen,0.001246
Leslie,0.001231
Dominique,0.001227
Natasha,0.001221
Kara,0.00122
Patricia,0.001214
Hayley,0.001211
Bailey,0.001207
Carly,0.001193
Cassidy,0.001183
Karina,0.001162
Summer,0.001148
Tori,0.00114
Ana,0.001134
Ariel,0.001122
Tara,0.001122
Marisa,0.001121
Alejandra,0.001121
Nancy,0.001121
Claire,0.001116
Caitlyn,0.001115
Adriana,0.001112
Rebekah,0.001107
Alison,0.001089
Kaylee,0.001082
Chloe,0.001066
Raven,0.001065
Jocelyn,0.001058
Kylie,0.001048
Valerie,0.001029
Gabriella,0.001023
Jade,9.98e-4
Audrey,9.9e-4
Katrina,9.88e-4
Krystal,9.69e-4
Deanna,9.62e-4
Ariana,9.61e-4
Dana,9.26e-4
Mikayla,9.21e-4
Meagan,9.18e-4
Diamond,9.16e-4
Sandra,9.09e-4
Kassandra,9.05e-4
Jasmin,9.02e-4
Bridget,8.7e-4
Monique,8.68e-4
Angel,8.6e-4
Daisy,8.56e-4
Chelsey,8.5e-4
Kendall,8.46e-4
Ashlee,8.44e-4
Felicia,8.36e-4
Krista,8.35e-4
Joanna,8.32e-4
Khadijah,8.29e-4
Sophia,8.26e-4
Yesenia,8.25e-4
Mallory,8.24e-4
Lydia,8.16e-4
Mercedes,8.07e-4
Jazmin,7.92e-4
Jillian,7.92e-4
Mckenzie,7.9e-4
Kirsten,7.89e-4
Gina,7.82e-4
Jazmine,7.8e-4
Priscilla,7.73e-4
Cindy,7.72e-4
Makayla,7.72e-4
Claudia,7.71e-4
Alisha,7.69e-4
Evelyn,7.46e-4
Aaliyah,7.44e-4
Kiara,7.42e-4
Anne,7.34e-4
Cierra,7.27e-4
Ashleigh,7.25e-4
Colleen,7.25e-4
Ciara,7.18e-4
Lacey,7.17e-4
Allyson,7.16e-4
Tabitha,7.14e-4
Denise,7.14e-4
Abby,7.05e-4
Brandy,6.93e-4
Guadalupe,6.85e-4
Zoe,6.84e-4
Ellen,6.75e-4
Faith,6.71e-4
Marina,6.71e-4
Cristina,6.6e-4
Linda,6.57e-4
Isabella,6.53e-4
Nichole,6.47e-4
Jaclyn,6.46e-4
Karla,6.45e-4
Jessie,6.44e-4
Amelia,6.43e-4
Rosa,6.41e-4
Mayra,6.39e-4
Meredith,6.32e-4
Carolyn,6.3e-4
Maggie,6.28e-4
Hope,6.27e-4
Asia,6.22e-4
Naomi,6.11e-4
Clarissa,6.09e-4
Hanna,6.08e-4
Daniela,6.01e-4
Carmen,5.98e-4
Justine,5.96e-4
Tessa,5.94e-4
Tatiana,5.92e-4
Isabel,5.81e-4
Wendy,5.81e-4
Katlyn,5.81e-4
Maya,5.8e-4
Tamara,5.8e-4
Kasey,5.79e-4
Kiana,5.74e-4
Alexus,5.7e-4
Raquel,5.68e-4
Bria,5.66e-4
Aubrey,5.65e-4
Candace,5.64e-4
Teresa,5.64e-4
Ashlyn,5.61e-4
Tiara,5.6e-4
Kelsie,5.6e-4
Celeste,5.55e-4
Alissa,5.53e-4
Theresa,5.48e-4
Katelynn,5.47e-4
Britney,5.46e-4
Kelli,5.46e-4
Nina,5.43e-4
Tyler,5.42e-4
Renee,5.39e-4
Jacquelyn,5.38e-4
Carolina,5.36e-4
Genesis,5.34e-4
Ruby,5.28e-4
Cara,5.26e-4
Susan,5.25e-4
Heidi,5.21e-4
Carrie,5.2e-4
Miriam,5.2e-4
Jordyn,5.18e-4
Janet,5.17e-4
Brenna,5.15e-4
Ebony,5.09e-4
Jenny,5.05e-4
Arianna,5.03e-4
Gloria,5.02e-4
Toni,4.99e-4
Ashton,4.98e-4
Cecilia,4.96e-4
Camille,4.9e-4
Tiana,4.86e-4
Esther,4.85e-4
Charlotte,4.83e-4
Martha,4.81e-4
Candice,4.8e-4
Madeleine,4.74e-4
Virginia,4.74e-4
Aimee,4.73e-4
Tia,4.73e-4
Elena,4.73e-4
Savanna,4.73e-4
Vivian,4.71e-4
Selena,4.71e-4
Marie,4.69e-4
Angelina,4.69e-4
Imani,4.65e-4
Carissa,4.64e-4
Cassie,4.6e-4
Dakota,4.59e-4
Adrianna,4.56e-4
Alexia,4.52e-4
Lillian,4.51e-4
Logan,4.51e-4
Ruth,4.48e-4
Darian,4.45e-4
Janelle,4.45e-4
Mikaela,4.42e-4
Barbara,4.41e-4
Harley,4.41e-4
Mia,4.4e-4
Sharon,4.39e-4
Stacy,4.36e-4
Helen,4.35e-4
Sadie,4.33e-4
Nikki,4.32e-4
Kierra,4.3e-4
Anastasia,4.28e-4
Tayler,4.27e-4
Kellie,4.25e-4
Hunter,4.22e-4
Nicolette,4.21e-4
Stacey,4.19e-4
Shayla,4.16e-4
Tierra,4.16e-4
Elise,4.12e-4
Robin,4.1e-4
Alana,4.1e-4
Carla,4.1e-4
Liliana,4.1e-4
Annie,4.08e-4
Shawna,4.08e-4
Rose,4.05e-4
Valeria,4.05e-4
Ann,4.03e-4
Shanice,4.02e-4
Callie,3.97e-4
Devin,3.95e-4
Christian,3.95e-4
Karissa,3.95e-4
Eva,3.94e-4
Melinda,3.93e-4
Lorena,3.88e-4
Riley,3.88e-4
Pamela,3.87e-4
Kate,3.85e-4
Chelsie,3.84e-4
Paola,3.83e-4
Deborah,3.81e-4
Brianne,3.76e-4
Adrienne,3.75e-4
Aliyah,3.75e-4
Melody,3.75e-4
Elisabeth,3.74e-4
Tina,3.7e-4
Justice,3.69e-4
Sonia,3.68e-4
Larissa,3.67e-4
Francesca,3.64e-4
Kylee,3.64e-4
Marisol,3.63e-4
Jane,3.62e-4
Tanya,3.62e-4
Chasity,3.6e-4
Devon,3.6e-4
Alyson,3.59e-4
Tania,3.57e-4
Sasha,3.56e-4
Esmeralda,3.54e-4
Natalia,3.5e-4
Kenya,3.49e-4
Breana,3.48e-4
Kira,3.48e-4
Macy,3.42e-4
Regina,3.41e-4
Alaina,3.4e-4
Donna,3.4e-4
Mckenna,3.4e-4
Brooklyn,3.38e-4
Destinee,3.36e-4
Kristine,3.36e-4
Kali,3.34e-4
Leticia,3.32e-4
Lily,3.32e-4
Bryanna,3.32e-4
Josephine,3.32e-4
Randi,3.31e-4
Juliana,3.29e-4
Christy,3.27e-4
Tracy,3.27e-4
Kari,3.25e-4
Meaghan,3.25e-4
Precious,3.23e-4
Makenzie,3.22e-4
Kyla,3.21e-4
Paula,3.2e-4
Skylar,3.19e-4
Serena,3.18e-4
Kyra,3.17e-4
Maranda,3.16e-4
India,3.16e-4
Rachelle,3.15e-4
Selina,3.15e-4
Taryn,3.15e-4
Carley,3.1e-4
Frances,3.09e-4
Kaitlynn,3.09e-4
Emilee,3.09e-4
Sophie,3.09e-4
Tiffani,3.08e-4
Arielle,3.07e-4
Ciera,3.07e-4
Abbey,3.07e-4
Irene,3.07e-4
Shayna,3.06e-4
Alice,3.04e-4
Celina,3.04e-4
Cortney,3.04e-4
Kourtney,3.04e-4
Joy,3.03e-4
Sylvia,3.02e-4
Kristy,3.01e-4
Brittani,3e-4
Kailey,3e-4
Peyton,3e-4
Daniella,2.99e-4
Alma,2.98e-4
Clara,2.98e-4
Kaila,2.97e-4
Cheyanne,2.96e-4
Kayleigh,2.96e-4
Jaime,2.95e-4
Johanna,2.95e-4
Josie,2.94e-4
Tanisha,2.94e-4
Mariana,2.94e-4
Kristi,2.93e-4
Chandler,2.93e-4
Sidney,2.92e-4
Payton,2.92e-4
Elaine,2.91e-4
Maritza,2.91e-4
Robyn,2.91e-4
Allie,2.9e-4
Marlene,2.89e-4
Michele,2.89e-4
Anissa,2.89e-4
Carina,2.89e-4
Christa,2.89e-4
Madelyn,2.89e-4
Jeanette,2.86e-4
Kiera,2.86e-4
Angelique,2.83e-4
Marilyn,2.83e-4
Cristal,2.82e-4
Nadia,2.81e-4
Noelle,2.81e-4
Janae,2.8e-4
Yvette,2.79e-4
Haylee,2.79e-4
Katharine,2.78e-4
Micaela,2.77e-4
Tasha,2.77e-4
Trisha,2.76e-4
Ericka,2.75e-4
Lucy,2.75e-4
Talia,2.74e-4
Nora,2.72e-4
Lori,2.69e-4
Elisa,2.68e-4
Haleigh,2.68e-4
Katarina,2.68e-4
Yvonne,2.68e-4
Blanca,2.67e-4
Chantel,2.67e-4
Kaleigh,2.67e-4
Iris,2.66e-4
Avery,2.65e-4
Dalia,2.65e-4
Simone,2.63e-4
Margarita,2.62e-4
Jada,2.62e-4
Sofia,2.62e-4
Viviana,2.61e-4
Paris,2.61e-4
Corinne,2.6e-4
Carol,2.59e-4
Edith,2.59e-4
Lyndsey,2.59e-4
Maribel,2.57e-4
Desirae,2.56e-4
Moriah,2.56e-4
Kelley,2.55e-4
Stefanie,2.55e-4
Shaina,2.54e-4
Gianna,2.52e-4
Susana,2.52e-4
Alanna,2.52e-4
Stephany,2.52e-4
Tianna,2.52e-4
Casandra,2.51e-4
Judith,2.51e-4
Laurel,2.51e-4
Misty,2.51e-4
Kadijah,2.5e-4
Emilie,2.49e-4
Itzel,2.49e-4
Sandy,2.49e-4
Delaney,2.49e-4
Charity,2.47e-4
Ivy,2.47e-4
Kaley,2.47e-4
Kelsi,2.47e-4
Perla,2.47e-4
Kiersten,2.46e-4
Bridgette,2.44e-4
Tess,2.44e-4
Kennedy,2.42e-4
Lizbeth,2.42e-4
Alexandrea,2.4e-4
Dallas,2.4e-4
Hallie,2.39e-4
Yolanda,2.39e-4
Bonnie,2.39e-4
Chanel,2.39e-4
Jill,2.38e-4
Kaylin,2.37e-4
Kassidy,2.37e-4
Yasmin,2.36e-4
Kaylyn,2.36e-4
Julianna,2.34e-4
Kathy,2.33e-4
Mollie,2.33e-4
Diane,2.32e-4
Norma,2.32e-4
Alisa,2.3e-4
Lena,2.3e-4
Nia,2.3e-4
Rochelle,2.3e-4
Julianne,2.28e-4
Araceli,2.28e-4
Isabelle,2.27e-4
Dorothy,2.26e-4
Rocio,2.26e-4
Anita,2.25e-4
Leanna,2.25e-4
Breanne,2.25e-4
Beatriz,2.24e-4
Paulina,2.24e-4
Carlie,2.21e-4
Genevieve,2.21e-4
Lacy,2.21e-4
Karli,2.18e-4
Suzanne,2.17e-4
Alina,2.16e-4
Janice,2.15e-4
Sheila,2.14e-4
Alysha,2.11e-4
Halie,2.11e-4
Hillary,2.09e-4
Kelsea,2.09e-4
Keri,2.09e-4
Antoinette,2.08e-4
Charlene,2.08e-4
Kaylie,2.08e-4
Rosemary,2.06e-4
Cayla,2.05e-4
Fatima,2.05e-4
Katelin,2.05e-4
Karly,2.04e-4
Jacklyn,2.03e-4
Shana,2.03e-4
Ashlie,2.03e-4
Sally,2.03e-4
Alex,2.02e-4
Corina,2.01e-4
Dawn,2e-4
Eleanor,2e-4
Zhane,2e-4
Rhiannon,2e-4
Maegan,1.99e-4
Noemi,1.98e-4
Dulce,1.97e-4
Ashlynn,1.96e-4
Skyler,1.96e-4
Lexus,1.96e-4
Eliza,1.95e-4
Shirley,1.95e-4
Karlie,1.94e-4
Lea,1.94e-4
Lucia,1.94e-4
Shelbi,1.94e-4
Connie,1.93e-4
Roxanne,1.93e-4
Joyce,1.92e-4
Sade,1.92e-4
Tonya,1.92e-4
Juanita,1.91e-4
Savanah,1.91e-4
Mara,1.9e-4
Nathalie,1.9e-4
Beverly,1.89e-4
Eileen,1.89e-4
Kasandra,1.88e-4
Mckayla,1.88e-4
Regan,1.87e-4
Giselle,1.86e-4
Rikki,1.86e-4
Karlee,1.85e-4
Keisha,1.84e-4
Ryan,1.84e-4
Elaina,1.84e-4
Heaven,1.83e-4
Jesse,1.83e-4
Shantel,1.83e-4
Yadira,1.83e-4
Clare,1.82e-4
Reyna,1.82e-4
Aisha,1.81e-4
Kacie,1.81e-4
Abbie,1.8e-4
Kalyn,1.8e-4
Shanna,1.8e-4
Katy,1.79e-4
Bobbie,1.78e-4
Cameron,1.78e-4
Loren,1.78e-4
Kerri,1.77e-4
Brook,1.77e-4
Darlene,1.77e-4
Hailee,1.76e-4
Kori,1.76e-4
Georgia,1.75e-4
Thalia,1.75e-4
Kerry,1.75e-4
Rebeca,1.75e-4
Annette,1.74e-4
Angie,1.73e-4
Yasmine,1.73e-4
Luz,1.72e-4
Lucero,1.71e-4
Blair,1.7e-4
Latisha,1.7e-4
Montana,1.7e-4
Shauna,1.7e-4
Mariela,1.69e-4
Alayna,1.69e-4
Cora,1.69e-4
Tammy,1.68e-4
Leanne,1.68e-4
Tyra,1.68e-4
Jena,1.67e-4
Tabatha,1.67e-4
Carli,1.66e-4
Katlin,1.66e-4
Silvia,1.66e-4
Brittni,1.66e-4
Jodi,1.66e-4
Clarisa,1.65e-4
Darby,1.65e-4
Iesha,1.65e-4
Justina,1.64e-4
Rita,1.64e-4
Aurora,1.63e-4
Antonia,1.63e-4
Stacie,1.63e-4
Kala,1.62e-4
Ali,1.61e-4
Beth,1.61e-4
Demi,1.61e-4
Ayanna,1.6e-4
Christie,1.6e-4
Janessa,1.6e-4
Christen,1.59e-4
Cheryl,1.59e-4
Skye,1.59e-4
Bobbi,1.58e-4
Debra,1.58e-4
Sonya,1.58e-4
Kiley,1.58e-4
Stevie,1.57e-4
Ella,1.57e-4
Maureen,1.57e-4
Myranda,1.57e-4
Tatyana,1.56e-4
Celia,1.55e-4
Cori,1.55e-4
Denisha,1.55e-4
Jaqueline,1.55e-4
Octavia,1.55e-4
Eden,1.55e-4
Madalyn,1.55e-4
Lauryn,1.54e-4
Baby,1.54e-4
Jennie,1.54e-4
Halle,1.53e-4
Karley,1.53e-4
Reagan,1.53e-4
Arlene,1.52e-4
Maura,1.52e-4
Brandie,1.51e-4
Aspen,1.51e-4
Devan,1.5e-4
Kristian,1.5e-4
Fabiola,1.5e-4
Jayme,1.5e-4
Latasha,1.5e-4
Melina,1.49e-4
Racheal,1.49e-4
Christiana,1.48e-4
Domonique,1.48e-4
Gwendolyn,1.48e-4
Jenifer,1.48e-4
Micah,1.48e-4
Carlee,1.48e-4
Destiney,1.48e-4
Gladys,1.48e-4
Lara,1.48e-4
Lesley,1.48e-4
Helena,1.47e-4
Leigh,1.47e-4
Shea,1.47e-4
Mikala,1.47e-4
Ashly,1.46e-4
Janie,1.46e-4
Joanne,1.46e-4
Joselyn,1.46e-4
Sarai,1.46e-4
Shyanne,1.45e-4
Kristyn,1.45e-4
Shelly,1.45e-4
Yazmin,1.45e-4
Breonna,1.44e-4
Brionna,1.44e-4
Gretchen,1.44e-4
Kacey,1.44e-4
Shakira,1.44e-4
Daphne,1.43e-4
Destini,1.43e-4
Brittanie,1.43e-4
Hollie,1.42e-4
Krysta,1.42e-4
Yessenia,1.42e-4
Audra,1.42e-4
Ava,1.42e-4
Ayana,1.42e-4
Dayana,1.42e-4
Elyse,1.42e-4
Hali,1.42e-4
Mandy,1.41e-4
Betty,1.41e-4
Dianna,1.41e-4
Mindy,1.41e-4
Ingrid,1.4e-4
Lizette,1.4e-4
Kenia,1.39e-4
Kristie,1.38e-4
Maddison,1.38e-4
Shelbie,1.38e-4
Brielle,1.38e-4
Emerald,1.38e-4
Kendal,1.38e-4
Kortney,1.38e-4
Allyssa,1.37e-4
Berenice,1.37e-4
Kirstin,1.37e-4
Juana,1.36e-4
Jackie,1.35e-4
Maricela,1.35e-4
Danica,1.35e-4
Essence,1.35e-4
Jalisa,1.35e-4
Kianna,1.35e-4
Dayna,1.34e-4
Janette,1.34e-4
Magdalena,1.34e-4
Roxana,1.34e-4
Jaimie,1.33e-4
Jana,1.33e-4
Lynn,1.33e-4
Salina,1.33e-4
Trinity,1.33e-4
Gabriel,1.33e-4
Alesha,1.32e-4
Jessika,1.32e-4
Kaela,1.32e-4
Liana,1.32e-4
Shaniqua,1.32e-4
Joelle,1.32e-4
Terri,1.31e-4
Devyn,1.31e-4
Sage,1.3e-4
Staci,1.3e-4
Addison,1.29e-4
Ellie,1.29e-4
Graciela,1.29e-4
Terra,1.29e-4
Bryana,1.29e-4
Macey,1.29e-4
Katerina,1.28e-4
Tricia,1.28e-4
Zana,1.28e-4
Stormy,1.28e-4
Aileen,1.27e-4
Lacie,1.27e-4
Athena,1.27e-4
Belinda,1.27e-4
Elissa,1.27e-4
Kailyn,1.27e-4
Patrice,1.27e-4
Phoebe,1.27e-4
Ayla,1.26e-4
Celine,1.26e-4
Elisha,1.26e-4
Julissa,1.26e-4
Alysia,1.26e-4
Deja,1.26e-4
Kailee,1.26e-4
Nadine,1.26e-4
Traci,1.26e-4
Judy,1.25e-4
Maira,1.25e-4
Sherry,1.25e-4
Jessi,1.25e-4
Nataly,1.25e-4
Myra,1.24e-4
Olga,1.24e-4
Adrian,1.24e-4
Constance,1.23e-4
Kalie,1.23e-4
Alycia,1.23e-4
Billie,1.23e-4
Catalina,1.22e-4
Christin,1.22e-4
Lexi,1.22e-4
Martina,1.22e-4
Britany,1.21e-4
Griselda,1.21e-4
Marisela,1.21e-4
Marlena,1.21e-4
Ivette,1.21e-4
Kaycee,1.21e-4
Kayley,1.21e-4
Scarlett,1.21e-4
Kaci,1.2e-4
Alessandra,1.19e-4
Brea,1.19e-4
Breann,1.19e-4
Cecelia,1.19e-4
Jazmyn,1.19e-4
Irma,1.18e-4
Jami,1.18e-4
Kia,1.18e-4
Alysa,1.17e-4
Austin,1.17e-4
Chantal,1.17e-4
Asha,1.17e-4
Elsa,1.17e-4
Keely,1.17e-4
Tracey,1.17e-4
Kaylynn,1.16e-4
Pauline,1.16e-4
Ashanti,1.16e-4
Corey,1.16e-4
Kenzie,1.16e-4
Beatrice,1.15e-4
Bridgett,1.15e-4
Layla,1.15e-4
Noel,1.15e-4
Alecia,1.14e-4
Dina,1.14e-4
Kimberlee,1.14e-4
Leandra,1.14e-4
Sarina,1.14e-4
Iliana,1.13e-4
Janay,1.13e-4
Latoya,1.13e-4
Marlee,1.12e-4
Aja,1.11e-4
Ashely,1.11e-4
Bailee,1.11e-4
Melisa,1.11e-4
Anjelica,1.11e-4
Katlynn,1.11e-4
Kayli,1.11e-4
Sydnee,1.11e-4
Hana,1.1e-4
Haylie,1.1e-4
Nikole,1.1e-4
Nohely,1.1e-4
Yaritza,1.1e-4
Eboni,1.1e-4
Laken,1.1e-4
Lorraine,1.1e-4
Mai,1.09e-4
Marley,1.09e-4
Kimberley,1.09e-4
Makenna,1.09e-4
Emilia,1.08e-4
Tiffanie,1.08e-4
Damaris,1.08e-4
Fiona,1.08e-4
Jamila,1.08e-4
Princess,1.08e-4
Rylee,1.08e-4
Macie,1.07e-4
Marcella,1.07e-4
Vanesa,1.07e-4
Dylan,1.06e-4
Mariam,1.06e-4
Nikita,1.06e-4
Maxine,1.06e-4
Alena,1.05e-4
Chaya,1.05e-4
Jasmyn,1.05e-4
Joana,1.05e-4
Tyesha,1.05e-4
Aubree,1.05e-4
Carson,1.05e-4
Lyndsay,1.05e-4
Susanna,1.05e-4
Viridiana,1.04e-4
Eunice,1.04e-4
Giovanna,1.04e-4
Patience,1.04e-4
Katheryn,1.03e-4
Lourdes,1.03e-4
Monika,1.03e-4
Tiarra,1.03e-4
Yasmeen,1.03e-4
Chantelle,1.02e-4
Kristal,1.02e-4
Cydney,1.02e-4
Joann,1.02e-4
Mattie,1.02e-4
Ricki,1.02e-4
Aleah,1.01e-4
Amie,1.01e-4
Geneva,1.01e-4
Lexie,1.01e-4
Mariel,1.01e-4
Dominque,1.01e-4
Tanesha,1.01e-4
China,1e-4
Denisse,1e-4
Lissette,1e-4
Shyann,1e-4
Danyelle,1e-4
Drew,1e-4
Jerrica,1e-4
Leilani,1e-4
Paloma,1e-4
Rhonda,1e-4
Valentina,1e-4
Janine,9.9e-5
Laurie,9.9e-5
Leann,9.9e-5
Lizeth,9.9e-5
Blake,9.9e-5
Kinsey,9.9e-5
Kirstie,9.9e-5
Leeann,9.9e-5
Michael,9.9e-5
Porsha,9.9e-5
Janell,9.8e-5
Lana,9.8e-5
Malia,9.8e-5
Reina,9.8e-5
Valencia,9.8e-5
Andria,9.8e-5
Caitlynn,9.7e-5
Elyssa,9.7e-5
Janel,9.7e-5
Jodie,9.7e-5
Kathrine,9.7e-5
Tatum,9.7e-5
Tiera,9.7e-5
Adilene,9.7e-5
Annamarie,9.7e-5
Danika,9.7e-5
Darcy,9.7e-5
Jean,9.7e-5
Jessenia,9.7e-5
London,9.7e-5
Isis,9.6e-5
Kallie,9.6e-5
Marjorie,9.6e-5
Tatianna,9.6e-5
Betsy,9.5e-5
Eliana,9.5e-5
Fallon,9.5e-5
Lidia,9.5e-5
Lynette,9.5e-5
Mari,9.5e-5
