name,percent
Michael,0.020594
Matthew,0.016353
Christopher,0.016308
Jacob,0.015476
Joshua,0.015283
Nicholas,0.01451
Tyler,0.014503
Brandon,0.013382
Daniel,0.013271
Austin,0.012889
Andrew,0.012849
Joseph,0.012599
John,0.011545
Zachary,0.01151
Ryan,0.011489
David,0.011447
James,0.011304
Justin,0.010736
Anthony,0.010189
William,0.010022
Alexander,0.009674
Robert,0.009243
Jonathan,0.009024
Kyle,0.00834
Kevin,0.007887
Cody,0.007744
Thomas,0.007045
Christian,0.006866
Jordan,0.006749
Aaron,0.006605
Benjamin,0.006318
Eric,0.006206
Samuel,0.006168
Dylan,0.006016
Jose,0.005856
Brian,0.005467
Steven,0.005301
Adam,0.005214
Nathan,0.005125
Timothy,0.004865
Jason,0.004477
Richard,0.004366
Patrick,0.004315
Charles,0.004214
Sean,0.004061
Jesse,0.003723
Alex,0.003693
Jeremy,0.003525
Cameron,0.003498
Juan,0.003473
Logan,0.003459
Mark,0.003423
Hunter,0.00334
Caleb,0.003308
Connor,0.003293
Dakota,0.003272
Stephen,0.003258
Devin,0.003077
Luis,0.003067
Evan,0.003029
Trevor,0.00299
Dustin,0.002944
Jared,0.002926
Jeffrey,0.002849
Gabriel,0.002841
Travis,0.002788
Ian,0.002784
Carlos,0.002757
Taylor,0.002746
Bryan,0.002708
Paul,0.002693
Kenneth,0.002602
Nathaniel,0.002588
Corey,0.002476
Ethan,0.002455
Jesus,0.00244
Blake,0.002397
Bradley,0.002371
Mitchell,0.002355
Garrett,0.002344
Marcus,0.002309
Luke,0.002303
Derek,0.002215
Gregory,0.00221
Antonio,0.002158
Tanner,0.002149
Dalton,0.002085
Edward,0.002058
Peter,0.002045
Victor,0.002036
Scott,0.002032
Lucas,0.002031
Elijah,0.001978
Miguel,0.001965
Chase,0.001949
Adrian,0.001947
Seth,0.001947
Isaac,0.001928
Shawn,0.0019
Noah,0.001898
Angel,0.001859
Mason,0.001806
Shane,0.001806
Spencer,0.001801
Colton,0.001784
Brett,0.001775
Alejandro,0.001755
Jake,0.001744
Isaiah,0.001728
Jack,0.001713
Erik,0.001707
Alec,0.001702
Vincent,0.001651
Jorge,0.001641
George,0.001634
Grant,0.001594
Eduardo,0.001568
Cole,0.001566
Devon,0.001549
Joel,0.001542
Tristan,0.001537
Dillon,0.001509
Cory,0.001498
Raymond,0.001445
Francisco,0.001436
Ricardo,0.001427
Cristian,0.001415
Wyatt,0.001405
Wesley,0.001391
Oscar,0.001358
Malik,0.001347
Julian,0.001344
Brendan,0.001338
Casey,0.001309
Colin,0.001308
Henry,0.001253
Phillip,0.001249
Dominic,0.001247
Omar,0.001247
Troy,0.00123
Collin,0.001228
Keith,0.001222
Johnathan,0.001217
Chad,0.001212
Bryce,0.001205
Ronald,0.001193
Xavier,0.001192
Mario,0.00119
Martin,0.001189
Manuel,0.001176
Clayton,0.001173
Edgar,0.001154
Alan,0.00114
Donald,0.001122
Frank,0.001118
Javier,0.001117
Sergio,0.001116
Levi,0.001115
Derrick,0.001087
Drew,0.001084
Jackson,0.001074
Andre,0.001067
Jeremiah,0.001019
Nicolas,9.98e-4
Roberto,9.96e-4
Jonathon,9.81e-4
Douglas,9.69e-4
Ivan,9.68e-4
Darius,9.61e-4
Riley,9.54e-4
Andres,9.53e-4
Hayden,9.42e-4
Cesar,9.36e-4
Alexis,9.35e-4
Hector,9.33e-4
Fernando,9.31e-4
Chandler,9.23e-4
Maxwell,9.15e-4
Marco,8.78e-4
Philip,8.73e-4
Calvin,8.54e-4
Preston,8.52e-4
Curtis,8.5e-4
Ruben,8.44e-4
Dennis,8.39e-4
Edwin,8.38e-4
Johnny,8.37e-4
Brady,8.35e-4
Chance,8.12e-4
Gary,8.09e-4
Erick,8e-4
Mathew,7.97e-4
Brent,7.9e-4
Pedro,7.88e-4
Max,7.79e-4
Tony,7.73e-4
Allen,7.68e-4
Zachery,7.63e-4
Trenton,7.6e-4
Raul,7.52e-4
Jerry,7.51e-4
Randy,7.51e-4
Gage,7.46e-4
Rafael,7.26e-4
Conner,7.25e-4
Kaleb,7.14e-4
Sebastian,7.11e-4
Armando,7.09e-4
Colby,7.02e-4
Larry,6.99e-4
Jalen,6.95e-4
Micah,6.9e-4
Carl,6.87e-4
Dallas,6.84e-4
Jonah,6.82e-4
Parker,6.8e-4
Harrison,6.77e-4
Louis,6.76e-4
Craig,6.74e-4
Jimmy,6.74e-4
Damian,6.72e-4
Marc,6.64e-4
Skyler,6.64e-4
Emmanuel,6.63e-4
Albert,6.59e-4
Gerardo,6.59e-4
Jaime,6.47e-4
Diego,6.45e-4
Alberto,6.43e-4
Darren,6.42e-4
Trey,6.4e-4
Abraham,6.39e-4
Julio,6.38e-4
Jeffery,6.33e-4
Danny,6.26e-4
Morgan,6.25e-4
Ricky,6.11e-4
Landon,6.1e-4
Russell,6e-4
Liam,5.99e-4
Avery,5.94e-4
Gavin,5.94e-4
Zackary,5.94e-4
Kristopher,5.93e-4
Terry,5.85e-4
Lane,5.81e-4
Micheal,5.76e-4
Lawrence,5.72e-4
Marcos,5.69e-4
Deandre,5.68e-4
Khalil,5.56e-4
Trent,5.56e-4
Giovanni,5.55e-4
Arthur,5.52e-4
Rodney,5.47e-4
Andy,5.45e-4
Kody,5.43e-4
Lance,5.43e-4
Josue,5.42e-4
Donovan,5.35e-4
Joe,5.33e-4
Enrique,5.31e-4
Nolan,5.3e-4
Billy,5.3e-4
Walter,5.27e-4
Jamal,5.26e-4
Nickolas,5.24e-4
Ross,5.2e-4
Bobby,5.2e-4
Alfredo,5.19e-4
Todd,5.11e-4
Ramon,5.1e-4
Arturo,5.06e-4
Jay,5.03e-4
Jon,5.03e-4
Josiah,5.03e-4
Bailey,5.02e-4
Roger,4.98e-4
Ty,4.9e-4
Lorenzo,4.89e-4
Aidan,4.85e-4
Israel,4.84e-4
Damon,4.76e-4
Damien,4.75e-4
Theodore,4.75e-4
Carter,4.57e-4
Dominique,4.57e-4
Brennan,4.56e-4
Marquis,4.53e-4
Branden,4.53e-4
Gustavo,4.53e-4
Eddie,4.52e-4
Bryant,4.51e-4
Jessie,4.49e-4
Quentin,4.48e-4
Randall,4.47e-4
Carson,4.44e-4
Gerald,4.43e-4
Elias,4.42e-4
Malcolm,4.42e-4
Maurice,4.42e-4
Dominick,4.39e-4
Devonte,4.34e-4
Reginald,4.29e-4
Salvador,4.29e-4
Johnathon,4.27e-4
Quinton,4.27e-4
Forrest,4.27e-4
Demetrius,4.25e-4
Tommy,4.24e-4
Brock,4.23e-4
Conor,4.23e-4
Terrance,4.18e-4
Marvin,4.14e-4
Eli,4.13e-4
Frederick,4.13e-4
Willie,4.11e-4
Kyler,4.1e-4
Marshall,4.1e-4
Zackery,4.09e-4
Dante,4.07e-4
Braden,4.07e-4
Trevon,4.04e-4
Ashton,4.02e-4
Pablo,3.98e-4
Drake,3.96e-4
Jamie,3.95e-4
Miles,3.94e-4
Ernesto,3.86e-4
Lee,3.85e-4
Zachariah,3.85e-4
Zane,3.84e-4
Dean,3.82e-4
Steve,3.74e-4
Tevin,3.74e-4
Roy,3.62e-4
Devante,3.58e-4
Kendall,3.58e-4
Fabian,3.58e-4
Abel,3.57e-4
Tyrone,3.57e-4
Clay,3.56e-4
Ismael,3.56e-4
Saul,3.55e-4
Angelo,3.55e-4
Kelvin,3.54e-4
Shaun,3.53e-4
Tucker,3.53e-4
Brenden,3.5e-4
Rene,3.48e-4
Francis,3.47e-4
Owen,3.47e-4
Terrell,3.46e-4
Esteban,3.44e-4
Griffin,3.43e-4
Nelson,3.38e-4
Neil,3.37e-4
Wayne,3.34e-4
Keegan,3.33e-4
Desmond,3.32e-4
Ronnie,3.31e-4
Bruce,3.31e-4
Franklin,3.29e-4
Orlando,3.27e-4
Terrence,3.24e-4
Harley,3.23e-4
Melvin,3.21e-4
Marquise,3.2e-4
Roman,3.2e-4
Emilio,3.2e-4
Jerome,3.19e-4
Myles,3.18e-4
Simon,3.18e-4
Graham,3.15e-4
Cooper,3.14e-4
Kameron,3.13e-4
Darrell,3.13e-4
Emanuel,3.11e-4
Brendon,3.1e-4
Felix,3.1e-4
Keenan,3.1e-4
Guillermo,3.09e-4
Tristen,3.08e-4
Reid,3.06e-4
Rodrigo,3.01e-4
Quinn,3e-4
Daquan,2.99e-4
Weston,2.99e-4
Devan,2.98e-4
Justice,2.98e-4
Karl,2.98e-4
Byron,2.98e-4
Oliver,2.96e-4
Darian,2.96e-4
Brody,2.93e-4
Moises,2.91e-4
Kristian,2.9e-4
Mackenzie,2.88e-4
Cedric,2.85e-4
Kenny,2.85e-4
Leonardo,2.84e-4
Warren,2.83e-4
Dale,2.83e-4
Sam,2.83e-4
Kendrick,2.81e-4
Jakob,2.8e-4
Stanley,2.8e-4
Skylar,2.79e-4
Davis,2.78e-4
Jarrett,2.78e-4
Deion,2.78e-4
Corbin,2.76e-4
Felipe,2.75e-4
Reed,2.74e-4
Denzel,2.72e-4
Javon,2.71e-4
Bryson,2.7e-4
Jermaine,2.69e-4
Alvin,2.69e-4
Austen,2.69e-4
Rodolfo,2.69e-4
Allan,2.68e-4
Darryl,2.68e-4
Kurt,2.67e-4
Geoffrey,2.66e-4
Tyrell,2.66e-4
Lukas,2.65e-4
Grayson,2.64e-4
Eugene,2.64e-4
Glenn,2.63e-4
Stefan,2.63e-4
Braxton,2.62e-4
Hugo,2.62e-4
Leonard,2.62e-4
Wade,2.62e-4
Jordon,2.61e-4
Noel,2.59e-4
Tylor,2.59e-4
Beau,2.59e-4
Elliot,2.59e-4
Harold,2.58e-4
Deshawn,2.57e-4
Dane,2.57e-4
Keaton,2.56e-4
Ali,2.55e-4
Charlie,2.54e-4
Sterling,2.54e-4
Dwayne,2.53e-4
Joey,2.52e-4
Harry,2.52e-4
Jaquan,2.51e-4
Gilbert,2.49e-4
Leon,2.49e-4
Gilberto,2.46e-4
Ray,2.46e-4
Jarred,2.45e-4
Shaquille,2.45e-4
Ernest,2.45e-4
Sheldon,2.45e-4
Alfonso,2.44e-4
Isiah,2.43e-4
Nikolas,2.43e-4
Chris,2.41e-4
Rudy,2.41e-4
Ramiro,2.39e-4
Clinton,2.38e-4
Nathanael,2.37e-4
Rogelio,2.35e-4
Rashad,2.33e-4
Stephan,2.32e-4
Tyson,2.31e-4
Tomas,2.31e-4
Duncan,2.27e-4
Quincy,2.26e-4
Alonzo,2.26e-4
Damion,2.26e-4
Donte,2.25e-4
Mauricio,2.25e-4
Peyton,2.25e-4
Brayden,2.24e-4
Walker,2.24e-4
Alfred,2.23e-4
Deon,2.23e-4
Ariel,2.22e-4
Leo,2.22e-4
Jayson,2.21e-4
Deonte,2.21e-4
Marlon,2.21e-4
Rolando,2.19e-4
Davon,2.19e-4
Garret,2.18e-4
Sawyer,2.18e-4
Blaine,2.16e-4
Kurtis,2.16e-4
Elliott,2.15e-4
Bernard,2.14e-4
Demarcus,2.13e-4
Clarence,2.11e-4
Santiago,2.11e-4
Darien,2.11e-4
Tyree,2.11e-4
Ralph,2.06e-4
Wilson,2.04e-4
Julius,2.04e-4
Sidney,2.04e-4
Dorian,2.03e-4
Nigel,2.02e-4
Adan,2.01e-4
Cullen,1.99e-4
Jarrod,1.99e-4
Payton,1.99e-4
Brad,1.98e-4
Roderick,1.98e-4
Stuart,1.97e-4
Darnell,1.97e-4
Cade,1.96e-4
Noe,1.94e-4
Maximilian,1.94e-4
Quintin,1.94e-4
Bret,1.93e-4
Jaylen,1.92e-4
Lewis,1.89e-4
Colten,1.88e-4
Jace,1.87e-4
Shannon,1.87e-4
Efrain,1.86e-4
Triston,1.85e-4
Travon,1.83e-4
Mitchel,1.82e-4
Kory,1.82e-4
Humberto,1.81e-4
Malachi,1.79e-4
Kai,1.78e-4
Kelly,1.78e-4
Uriel,1.78e-4
Clifford,1.77e-4
Howard,1.77e-4
Keanu,1.77e-4
Stephon,1.77e-4
Fredrick,1.76e-4
Barry,1.76e-4
Gordon,1.76e-4
Deven,1.75e-4
Addison,1.74e-4
Markus,1.74e-4
Mohammad,1.73e-4
Ahmad,1.73e-4
Alvaro,1.71e-4
Tre,1.7e-4
Coleman,1.7e-4
Perry,1.7e-4
Amir,1.68e-4
Leroy,1.68e-4
Jaden,1.68e-4
Dexter,1.67e-4
Dion,1.67e-4
Shelby,1.67e-4
Baby,1.66e-4
Freddy,1.66e-4
Korey,1.66e-4
Derick,1.66e-4
Ezekiel,1.66e-4
Mike,1.65e-4
Anton,1.64e-4
Chaz,1.64e-4
Clint,1.64e-4
Carlton,1.63e-4
Vicente,1.62e-4
Earl,1.6e-4
Raheem,1.6e-4
Solomon,1.6e-4
Ben,1.59e-4
Issac,1.59e-4
Brice,1.58e-4
Gunnar,1.58e-4
Toby,1.57e-4
Adonis,1.57e-4
Aron,1.57e-4
Kirk,1.57e-4
Salvatore,1.56e-4
Dashawn,1.55e-4
Nathanial,1.55e-4
Daryl,1.54e-4
Joaquin,1.53e-4
Lamar,1.52e-4
Antoine,1.52e-4
Jaron,1.52e-4
Darion,1.5e-4
Dwight,1.5e-4
Raekwon,1.5e-4
Glen,1.5e-4
Jarvis,1.49e-4
Leonel,1.49e-4
Osvaldo,1.49e-4
Brenton,1.49e-4
Don,1.49e-4
Holden,1.49e-4
Mohammed,1.48e-4
Moses,1.46e-4
Heath,1.46e-4
Irvin,1.45e-4
Kareem,1.45e-4
Jean,1.44e-4
Terence,1.44e-4
Tristin,1.43e-4
Ezequiel,1.42e-4
Roland,1.42e-4
Clark,1.42e-4
Kasey,1.42e-4
Frankie,1.41e-4
Darrin,1.4e-4
Kade,1.4e-4
Conrad,1.39e-4
Kolton,1.39e-4
Dandre,1.39e-4
Rigoberto,1.39e-4
River,1.38e-4
Deangelo,1.37e-4
Norman,1.37e-4
Courtney,1.37e-4
Mohamed,1.37e-4
Tracy,1.36e-4
Reynaldo,1.35e-4
Lamont,1.35e-4
Dillan,1.34e-4
Madison,1.34e-4
Agustin,1.34e-4
Milton,1.34e-4
Darrius,1.33e-4
Kaden,1.33e-4
Kahlil,1.33e-4
Cordell,1.33e-4
Jamar,1.33e-4
Kolby,1.33e-4
Devyn,1.32e-4
Shayne,1.32e-4
Will,1.32e-4
Kieran,1.32e-4
Lonnie,1.32e-4
Houston,1.31e-4
Bennett,1.3e-4
Cornelius,1.3e-4
Ladarius,1.29e-4
Reece,1.29e-4
Adolfo,1.29e-4
Kane,1.29e-4
Everett,1.28e-4
Dimitri,1.28e-4
Ezra,1.28e-4
Neal,1.28e-4
Johnnie,1.27e-4
Brooks,1.27e-4
Lloyd,1.26e-4
Sage,1.26e-4
Marcel,1.26e-4
Nestor,1.26e-4
Raphael,1.25e-4
Rickey,1.25e-4
Brennen,1.24e-4
Duane,1.24e-4
Ignacio,1.24e-4
Clifton,1.24e-4
Rashawn,1.23e-4
August,1.23e-4
Dequan,1.23e-4
Hakeem,1.23e-4
Unknown,1.23e-4
Anfernee,1.22e-4
German,1.22e-4
Tate,1.22e-4
Coty,1.22e-4
Davonte,1.21e-4
Fred,1.21e-4
Guadalupe,1.21e-4
Infant,1.21e-4
Jameson,1.21e-4
Devonta,1.21e-4
Jairo,1.21e-4
Winston,1.2e-4
Jefferson,1.2e-4
Juwan,1.2e-4
Bernardo,1.19e-4
Rhett,1.19e-4
Ahmed,1.19e-4
Jayden,1.19e-4
Jasper,1.18e-4
Isaias,1.18e-4
Jaleel,1.18e-4
Jaylon,1.18e-4
Jonas,1.18e-4
Colt,1.17e-4
Aldo,1.17e-4
Arnold,1.17e-4
Cortez,1.17e-4
Vernon,1.16e-4
Santos,1.16e-4
Jovan,1.15e-4
Arron,1.14e-4
Kristofer,1.14e-4
Brandan,1.13e-4
Darin,1.13e-4
Kellen,1.13e-4
Cruz,1.13e-4
Jamel,1.13e-4
Kent,1.13e-4
Jamison,1.12e-4
Robin,1.12e-4
Dayton,1.11e-4
Marques,1.11e-4
Quinten,1.11e-4
Austyn,1.11e-4
Dusty,1.11e-4
Pierce,1.11e-4
Junior,1.1e-4
Alonso,1.1e-4
Layne,1.1e-4
Reuben,1.1e-4
Elvis,1.09e-4
Rasheed,1.09e-4
Octavio,1.09e-4
Tobias,1.09e-4
Davion,1.08e-4
Justus,1.08e-4
Keon,1.08e-4
Herbert,1.08e-4
Bradford,1.07e-4
Brandyn,1.07e-4
Caden,1.07e-4
Camden,1.07e-4
Gino,1.07e-4
Nick,1.07e-4
Rick,1.07e-4
Trever,1.07e-4
Darrion,1.06e-4
Reese,1.06e-4
Gerard,1.06e-4
Khalid,1.06e-4
Cristopher,1.05e-4
Dangelo,1.05e-4
Erin,1.05e-4
Estevan,1.05e-4
Aubrey,1.04e-4
Ulises,1.04e-4
Elmer,1.04e-4
Guy,1.04e-4
Hassan,1.03e-4
Moshe,1.03e-4
Kerry,1.03e-4
Forest,1.02e-4
Rory,1.02e-4
Dakotah,1.02e-4
Heriberto,1.02e-4
Marquez,1.02e-4
Paris,1.02e-4
Silas,1.02e-4
Gunner,1.01e-4
Raymundo,1.01e-4
Thaddeus,1.01e-4
Deondre,1.01e-4
Elisha,1e-4
Freddie,1e-4
Zechariah,1e-4
Dylon,9.9e-5
Codey,9.9e-5
Dewayne,9.9e-5
Trayvon,9.8e-5
Grady,9.8e-5
Javonte,9.8e-5
Antwan,9.7e-5
Jimmie,9.7e-5
Montana,9.7e-5
Aric,9.6e-5
Nico,9.6e-5
Zakary,9.6e-5
Royce,9.6e-5
Destin,9.5e-5
Lincoln,9.5e-5
Fidel,9.5e-5
Muhammad,9.5e-5
Benito,9.4e-5
Bradly,9.4e-5
Rocky,9.4e-5
Shea,9.3e-5
Dana,9.3e-5
Gonzalo,9.3e-5
Hernan,9.3e-5
Leslie,9.3e-5
Tavon,9.3e-5
Broderick,9.2e-5
Bronson,9.2e-5
Sonny,9.2e-5
Jade,9.2e-5
Benny,9.1e-5
Jaylin,9.1e-5
Josh,9.1e-5
Loren,9.1e-5
Draven,9.1e-5
Jamarcus,9.1e-5
Asa,9e-5
Donnie,9e-5
Sammy,9e-5
Jerrod,8.9e-5
Cyrus,8.8e-5
Dillion,8.8e-5
Auston,8.8e-5
Hugh,8.8e-5
Leland,8.7e-5
Lester,8.7e-5
Akeem,8.7e-5
Coby,8.7e-5
Gene,8.7e-5
Bo,8.6e-5
Emmett,8.6e-5
Herman,8.6e-5
Garrison,8.6e-5
Misael,8.6e-5
Shaquan,8.6e-5
Donavan,8.5e-5
Donnell,8.5e-5
Julien,8.5e-5
Talon,8.5e-5
Spenser,8.5e-5
Lionel,8.4e-5
Stewart,8.4e-5
Tyron,8.4e-5
Clyde,8.4e-5
Deshaun,8.4e-5
Efren,8.4e-5
Josef,8.4e-5
Orion,8.4e-5
Dan,8.3e-5
Markel,8.3e-5
Ellis,8.3e-5
Niko,8.3e-5
Ari,8.2e-5
Camron,8.2e-5
Irving,8.2e-5
Jabari,8.2e-5
Markell,8.2e-5
Storm,8.2e-5
Romello,8.2e-5
Stone,8.2e-5
Kelton,8.1e-5
Pierre,8.1e-5
Tyquan,8.1e-5
Vance,8.1e-5
Jackie,8.1e-5
Jarod,8.1e-5
Montel,8.1e-5
Randolph,8.1e-5
Tayler,8.1e-5
Dallin,8e-5
Jamil,8e-5
Trace,8e-5
Abram,8e-5
Anderson,8e-5
Kole,8e-5
Wendell,8e-5
Kennedy,7.9e-5
Barrett,7.9e-5
Jim,7.9e-5
Rico,7.9e-5
Augustus,7.8e-5
Chadwick,7.8e-5
Codie,7.8e-5
Denver,7.8e-5
Ibrahim,7.8e-5
Syed,7.8e-5
Tristian,7.8e-5
Dario,7.8e-5
Demarco,7.8e-5
Kelsey,7.8e-5
Kenton,7.8e-5
Rex,7.8e-5
Amos,7.7e-5
Erich,7.7e-5
Trae,7.7e-5
Devontae,7.7e-5
Eliseo,7.7e-5
Jeff,7.7e-5
Jorden,7.7e-5
Alexandro,7.6e-5
Andreas,7.6e-5
Antony,7.6e-5
Keven,7.6e-5
Myron,7.6e-5
Alton,7.6e-5
Galen,7.6e-5
Hans,7.6e-5
Jacoby,7.6e-5
Stetson,7.6e-5
Darrien,7.5e-5
Ted,7.5e-5
Jessy,7.5e-5
Dawson,7.4e-5
Edgardo,7.4e-5
Floyd,7.4e-5
Garett,7.4e-5
Jacques,7.4e-5
Jonatan,7.4e-5
Mikel,7.4e-5
Bryon,7.4e-5
Carlo,7.4e-5
Darrian,7.4e-5
Davin,7.4e-5
Dionte,7.4e-5
Domenic,7.4e-5
Genaro,7.4e-5
Kevon,7.4e-5
Maverick,7.4e-5
Maximillian,7.4e-5
Justen,7.3e-5
Tory,7.3e-5
Turner,7.3e-5
Cecil,7.3e-5
Cristobal,7.3e-5
Titus,7.3e-5
Axel,7.2e-5
Gregorio,7.2e-5
Armani,7.2e-5
Dakoda,7.2e-5
Easton,7.2e-5
Jamaal,7.2e-5
Justyn,7.2e-5
Lyle,7.1e-5
Ryder,7.1e-5
Treyvon,7.1e-5
Vaughn,7.1e-5
Alden,7.1e-5
Asher,7.1e-5
Chester,7.1e-5
Najee,7.1e-5
Daron,7e-5
Kalen,7e-5
Aiden,7e-5
Menachem,7e-5
Rashaad,7e-5
Rashaan,7e-5
Remington,7e-5
Ulysses,7e-5
Emerson,6.9e-5
Tyshawn,6.9e-5
Armand,6.9e-5
Francesco,6.9e-5
Kelby,6.9e-5
Marcelo,6.9e-5
Kegan,6.8e-5
Tariq,6.8e-5
Alexandre,6.8e-5
Blair,6.8e-5
Harvey,6.8e-5
Rohan,6.8e-5
Brannon,6.7e-5
Jess,6.7e-5
Killian,6.7e-5
Valentin,6.7e-5
Dondre,6.7e-5
Dontae,6.7e-5
Jevon,6.7e-5
Phoenix,6.7e-5
Tom,6.7e-5
Greyson,6.6e-5
Mikal,6.6e-5
Ervin,6.6e-5
Gideon,6.6e-5
Latrell,6.6e-5
Savon,6.6e-5
Alek,6.5e-5
Trevin,6.5e-5
Brennon,6.5e-5
Bryton,6.5e-5
Chaim,6.5e-5
Derik,6.5e-5
Nicklaus,6.5e-5
Rakeem,6.5e-5
Rocco,6.5e-5
Seamus,6.5e-5
Greg,6.4e-5
Kirby,6.4e-5
Rayshawn,6.4e-5
Shay,6.4e-5
Isai,6.4e-5
Kadeem,6.4e-5
Antwon,6.3e-5
Ron,6.3e-5
Rusty,6.3e-5
Abdul,6.3e-5
Branson,6.3e-5
Ishmael,6.3e-5
Isidro,6.3e-5
Jody,6.3e-5
Ken,6.3e-5
Ramsey,6.3e-5
Damarcus,6.2e-5
Eddy,6.2e-5
Laurence,6.2e-5
Hudson,6.2e-5
Mateo,6.2e-5
Dejuan,6.1e-5
Desean,6.1e-5
