name,percent
Jessica,0.014546
Ashley,0.013853
Emily,0.012695
Samantha,0.011269
Sarah,0.011117
Taylor,0.010638
Hannah,0.008854
Brittany,0.008581
Amanda,0.008508
Elizabeth,0.008422
Kayla,0.008376
Rachel,0.008347
Megan,0.008084
Alexis,0.007461
Lauren,0.007
Stephanie,0.00676
Courtney,0.006651
Jennifer,0.006605
Nicole,0.006391
Victoria,0.006381
Brianna,0.006183
Amber,0.005708
Morgan,0.005665
Danielle,0.005543
Jasmine,0.005353
Alexandra,0.00529
Alyssa,0.00526
Rebecca,0.00515
Madison,0.005092
Katherine,0.004679
Anna,0.004445
Haley,0.004271
Kelsey,0.004261
Allison,0.004232
Melissa,0.0041
Abigail,0.004071
Kimberly,0.004031
Shelby,0.003976
Olivia,0.003969
Mary,0.003857
Michelle,0.003851
Kaitlyn,0.003846
Sydney,0.003832
Maria,0.003636
Christina,0.003618
Tiffany,0.003609
Chelsea,0.003521
Sara,0.00348
Erin,0.003419
Jordan,0.003374
Natalie,0.003344
Brooke,0.003318
Marissa,0.003168
Heather,0.00314
Andrea,0.003129
Laura,0.003122
Miranda,0.003114
Paige,0.002985
Katelyn,0.002902
Sierra,0.00286
Gabrielle,0.002838
Julia,0.002814
Kelly,0.002811
Kristen,0.002811
Vanessa,0.002811
Destiny,0.002799
Emma,0.00262
Savannah,0.002552
Erica,0.002546
Jacqueline,0.002504
Alexandria,0.002491
Mariah,0.002484
Shannon,0.002466
Briana,0.0024
Breanna,0.002359
Amy,0.002358
Katie,0.00232
Cassandra,0.002318
Madeline,0.002306
Crystal,0.002285
Lindsey,0.002282
Caitlin,0.002281
Kathryn,0.002252
Jenna,0.002215
Angela,0.002145
Cheyenne,0.002129
Monica,0.002068
Mackenzie,0.002064
Alicia,0.002034
Catherine,0.002008
Selena,0.001992
Caroline,0.001977
Jamie,0.001963
Kaitlin,0.001876
Sabrina,0.001841
Bailey,0.001817
Grace,0.001805
Brittney,0.00176
Molly,0.00176
Alexa,0.001749
Angelica,0.001748
Erika,0.001711
Leah,0.001703
Margaret,0.001674
Diana,0.001646
Kylie,0.001642
Michaela,0.001606
Cassidy,0.001584
Karina,0.001554
Autumn,0.001553
Hailey,0.001543
Meghan,0.001542
Cynthia,0.001542
Christine,0.001464
Whitney,0.001447
Bethany,0.001429
Melanie,0.001377
Casey,0.001374
Brenda,0.001358
Rachael,0.001356
Veronica,0.001354
Carly,0.001344
Gabriela,0.001342
Brandi,0.001339
Lindsay,0.001334
Holly,0.001325
Kaylee,0.001311
Bianca,0.001303
Claire,0.001286
Kristina,0.001269
Kristin,0.00126
Desiree,0.00125
Kendra,0.001235
Hayley,0.001229
Ana,0.001228
Chloe,0.001213
Leslie,0.001204
Caitlyn,0.001198
Kathleen,0.001188
Dominique,0.001185
Julie,0.001185
Karen,0.001183
Gabriella,0.001169
Lisa,0.001165
Daisy,0.001157
Mikayla,0.001157
Marisa,0.001145
Jocelyn,0.00114
Valerie,0.001136
Patricia,0.001127
Ariel,0.001119
Kara,0.001118
Summer,0.001107
Natasha,0.001096
April,0.00108
Adriana,0.001076
Rebekah,0.001075
Tara,0.001054
Alejandra,0.001043
Nancy,0.00104
Tori,0.001037
Alison,0.001017
Ariana,0.001016
Makayla,9.95e-4
Mckenzie,9.42e-4
Jade,9.29e-4
Audrey,9.22e-4
Sophia,9.17e-4
Dana,9.15e-4
Raven,9.15e-4
Claudia,9.1e-4
Faith,9.09e-4
Lydia,9.07e-4
Isabella,9.05e-4
Angel,9.02e-4
Zoe,8.99e-4
Sandra,8.89e-4
Mallory,8.83e-4
Diamond,8.76e-4
Kirsten,8.75e-4
Monique,8.68e-4
Katrina,8.67e-4
Kassandra,8.37e-4
Jasmin,8.34e-4
Cierra,8.31e-4
Joanna,8.3e-4
Ciara,8.26e-4
Deanna,8.26e-4
Krystal,8.15e-4
Kendall,8.05e-4
Mercedes,8.03e-4
Kiana,7.98e-4
Hope,7.94e-4
Jazmin,7.89e-4
Brandy,7.85e-4
Evelyn,7.84e-4
Jillian,7.83e-4
Cindy,7.81e-4
Ashlee,7.8e-4
Yesenia,7.79e-4
Bridget,7.65e-4
Krista,7.65e-4
Meagan,7.61e-4
Kiara,7.55e-4
Deja,7.39e-4
Chelsey,7.33e-4
Gina,7.29e-4
Anne,7.21e-4
Abby,7.18e-4
Hanna,7.18e-4
Felicia,7.04e-4
Jazmine,6.99e-4
Ellen,6.83e-4
Naomi,6.81e-4
Priscilla,6.8e-4
Denise,6.79e-4
Isabel,6.76e-4
Asia,6.73e-4
Allyson,6.72e-4
Tabitha,6.71e-4
Alisha,6.65e-4
Tiara,6.65e-4
Katlyn,6.56e-4
Colleen,6.54e-4
Aaliyah,6.53e-4
Meredith,6.48e-4
Maya,6.45e-4
Katelynn,6.45e-4
Cristina,6.43e-4
Kennedy,6.43e-4
Linda,6.42e-4
Guadalupe,6.39e-4
Ashlyn,6.33e-4
Alexus,6.32e-4
Brenna,6.31e-4
Lacey,6.3e-4
Alondra,6.28e-4
Amelia,6.26e-4
Clarissa,6.24e-4
Ashleigh,6.2e-4
Karla,6.15e-4
Carolyn,6.11e-4
Tatiana,6.09e-4
Arianna,6.03e-4
Kasey,6.01e-4
Jada,6e-4
Jordyn,5.98e-4
Celeste,5.97e-4
Jessie,5.92e-4
Maggie,5.91e-4
Cecilia,5.87e-4
Dakota,5.86e-4
Tessa,5.83e-4
Marina,5.73e-4
Mia,5.73e-4
Jaclyn,5.68e-4
Raquel,5.59e-4
Tamara,5.57e-4
Mckenna,5.55e-4
Ruby,5.48e-4
Justice,5.45e-4
Teresa,5.44e-4
Aubrey,5.43e-4
Logan,5.42e-4
Wendy,5.41e-4
Imani,5.39e-4
Tiana,5.33e-4
Daniela,5.32e-4
Mayra,5.31e-4
Tia,5.28e-4
Carmen,5.23e-4
Rosa,5.21e-4
Savanna,5.21e-4
Alissa,5.21e-4
Kelsie,5.21e-4
Jacquelyn,5.19e-4
Camille,5.19e-4
Charlotte,5.19e-4
Carolina,5.15e-4
Nina,5.14e-4
Renee,5.14e-4
Madeleine,5.13e-4
Adrianna,5.12e-4
Jenny,5.09e-4
Riley,5.05e-4
Candace,5.04e-4
Sadie,5.03e-4
Heidi,5e-4
Miriam,4.99e-4
Justine,4.98e-4
Callie,4.96e-4
Elena,4.94e-4
Theresa,4.94e-4
Lillian,4.9e-4
Nichole,4.88e-4
Ashton,4.85e-4
Janet,4.83e-4
Kelli,4.81e-4
Annie,4.8e-4
Paola,4.79e-4
Tyler,4.77e-4
Alexia,4.76e-4
Ebony,4.72e-4
Angelina,4.72e-4
Martha,4.71e-4
Virginia,4.71e-4
Alana,4.69e-4
Esther,4.69e-4
Cara,4.68e-4
Carrie,4.66e-4
Gloria,4.66e-4
Kylee,4.63e-4
Devon,4.62e-4
Susan,4.61e-4
Sidney,4.6e-4
Kierra,4.57e-4
Valeria,4.51e-4
Vivian,4.51e-4
Lily,4.44e-4
Marie,4.43e-4
Destinee,4.42e-4
Shayla,4.41e-4
Ruth,4.4e-4
Mikaela,4.36e-4
Helen,4.35e-4
Serena,4.32e-4
Toni,4.29e-4
Delaney,4.27e-4
Carissa,4.26e-4
Sharon,4.24e-4
Aimee,4.2e-4
Liliana,4.18e-4
Genesis,4.15e-4
Britney,4.12e-4
Kellie,4.11e-4
Elise,4.1e-4
Rose,4.1e-4
Aliyah,4.09e-4
Janelle,4.05e-4
Hunter,4.04e-4
Bria,4.03e-4
Brooklyn,4.03e-4
Macy,4.01e-4
Carla,3.97e-4
Anastasia,3.95e-4
Kali,3.94e-4
Natalia,3.94e-4
Harley,3.92e-4
Eva,3.91e-4
Tierra,3.91e-4
Devin,3.89e-4
Chandler,3.88e-4
Ann,3.87e-4
Cheyanne,3.86e-4
Christian,3.84e-4
Tayler,3.84e-4
Barbara,3.83e-4
Robin,3.81e-4
Makenzie,3.79e-4
Cassie,3.78e-4
Josie,3.78e-4
Francesca,3.78e-4
Karissa,3.76e-4
Kate,3.73e-4
Madelyn,3.73e-4
Sasha,3.72e-4
Emilee,3.71e-4
Sonia,3.69e-4
Melody,3.69e-4
Juliana,3.67e-4
Selina,3.67e-4
Marisol,3.66e-4
Tatyana,3.66e-4
Bryanna,3.65e-4
Josephine,3.65e-4
Elisabeth,3.64e-4
Stacey,3.64e-4
Kaitlynn,3.64e-4
Baylee,3.63e-4
Sophie,3.61e-4
Nikki,3.61e-4
Arielle,3.59e-4
Carina,3.58e-4
Pamela,3.57e-4
Skylar,3.57e-4
Candice,3.56e-4
Darian,3.55e-4
Kira,3.55e-4
Stacy,3.55e-4
Nadia,3.54e-4
Kailey,3.52e-4
Nicolette,3.52e-4
Kyra,3.52e-4
Kenya,3.51e-4
Alaina,3.47e-4
Deborah,3.45e-4
Alyson,3.45e-4
Lorena,3.43e-4
Breana,3.41e-4
Clara,3.4e-4
Esmeralda,3.4e-4
Brianne,3.39e-4
Regina,3.38e-4
Haylee,3.37e-4
Adrienne,3.36e-4
Larissa,3.35e-4
Julianna,3.34e-4
Payton,3.32e-4
Melinda,3.3e-4
Kaila,3.29e-4
Tina,3.26e-4
Kyla,3.26e-4
Tanya,3.23e-4
Cortney,3.23e-4
Jane,3.22e-4
Precious,3.22e-4
Taryn,3.22e-4
Carley,3.22e-4
Mariana,3.22e-4
Gianna,3.21e-4
Tiffani,3.2e-4
Daniella,3.19e-4
Maranda,3.19e-4
Ivy,3.19e-4
Shawna,3.19e-4
Kassidy,3.17e-4
Chasity,3.16e-4
Irene,3.16e-4
Sofia,3.16e-4
Jaime,3.14e-4
Kayleigh,3.12e-4
India,3.11e-4
Chelsie,3.09e-4
Tianna,3.08e-4
Joy,3.08e-4
Peyton,3.06e-4
Sylvia,3.06e-4
Leticia,3.05e-4
Micaela,3.05e-4
Johanna,3.03e-4
Alma,3.02e-4
Alice,3.01e-4
Shania,3e-4
Ciera,2.99e-4
Lucy,2.99e-4
Marlene,2.99e-4
Edith,2.99e-4
Christy,2.98e-4
Marilyn,2.98e-4
Allie,2.96e-4
Frances,2.96e-4
Noelle,2.95e-4
Randi,2.94e-4
Shayna,2.92e-4
Kourtney,2.91e-4
Tracy,2.9e-4
Celina,2.89e-4
Haleigh,2.88e-4
Paula,2.88e-4
Abbey,2.86e-4
Elisa,2.85e-4
Kiersten,2.85e-4
Nora,2.83e-4
Simone,2.83e-4
Avery,2.82e-4
Elaine,2.81e-4
Kaylin,2.81e-4
Tania,2.81e-4
Angelique,2.79e-4
Kiera,2.79e-4
Brittani,2.74e-4
Alexandrea,2.73e-4
Mckayla,2.72e-4
Christa,2.71e-4
Cristal,2.71e-4
Meaghan,2.71e-4
Talia,2.7e-4
Maritza,2.7e-4
Kristine,2.69e-4
Moriah,2.69e-4
Yvette,2.69e-4
Kaleigh,2.68e-4
Viviana,2.68e-4
Kristy,2.67e-4
Maribel,2.67e-4
Blanca,2.65e-4
Eliza,2.64e-4
Isabelle,2.64e-4
Chantel,2.62e-4
Perla,2.62e-4
Essence,2.61e-4
Kelsi,2.61e-4
Robyn,2.61e-4
Thalia,2.6e-4
Nia,2.58e-4
Charity,2.57e-4
Lizbeth,2.57e-4
Donna,2.56e-4
Darby,2.56e-4
Iris,2.55e-4
Ericka,2.55e-4
Kari,2.55e-4
Alina,2.54e-4
Judith,2.54e-4
Yasmin,2.53e-4
Emilie,2.51e-4
Kaylie,2.51e-4
Shanice,2.51e-4
Alanna,2.51e-4
Kaley,2.49e-4
Rachelle,2.49e-4
Jeanette,2.49e-4
Dalia,2.48e-4
Paris,2.47e-4
Michele,2.46e-4
Janae,2.45e-4
Julianne,2.44e-4
Desirae,2.42e-4
Katharine,2.42e-4
Sandy,2.42e-4
Hallie,2.42e-4
Genevieve,2.41e-4
Corinne,2.41e-4
Tasha,2.41e-4
Carol,2.39e-4
Margarita,2.38e-4
Cayla,2.38e-4
Yvonne,2.38e-4
Norma,2.36e-4
Tyra,2.36e-4
Carlie,2.36e-4
Lexus,2.34e-4
Dallas,2.33e-4
Tanisha,2.33e-4
Katarina,2.32e-4
Breanne,2.31e-4
Kristi,2.3e-4
Skyler,2.3e-4
Alex,2.29e-4
Diane,2.29e-4
Khadijah,2.28e-4
Mollie,2.28e-4
Antonia,2.28e-4
Katelin,2.28e-4
Eleanor,2.27e-4
Kaylyn,2.27e-4
Tess,2.27e-4
Araceli,2.26e-4
Leanna,2.23e-4
Paulina,2.23e-4
Savanah,2.23e-4
Bridgette,2.22e-4
Casandra,2.21e-4
Kelley,2.19e-4
Beatriz,2.19e-4
Aisha,2.18e-4
Alisa,2.18e-4
Heaven,2.18e-4
Yolanda,2.17e-4
Trisha,2.16e-4
Lyndsey,2.15e-4
Misty,2.15e-4
Kathy,2.13e-4
Stephany,2.13e-4
Jill,2.13e-4
Noemi,2.13e-4
Laurel,2.12e-4
Susana,2.12e-4
Ashlynn,2.1e-4
Cameron,2.1e-4
Rosemary,2.1e-4
Stefanie,2.1e-4
Anita,2.08e-4
Madalyn,2.08e-4
Reagan,2.08e-4
Lena,2.07e-4
Reyna,2.07e-4
Regan,2.07e-4
Hailee,2.06e-4
Yasmine,2.06e-4
Lori,2.06e-4
Phoebe,2.06e-4
Sheila,2.06e-4
Bailee,2.05e-4
Yadira,2.04e-4
Bonnie,2.03e-4
Sally,2.02e-4
Clare,2.01e-4
Giselle,2.01e-4
Alysha,2e-4
Destini,2e-4
Fatima,2e-4
Maddison,1.99e-4
Lucia,1.98e-4
Karli,1.98e-4
Karly,1.97e-4
Anissa,1.96e-4
Dorothy,1.95e-4
Halie,1.95e-4
Kianna,1.95e-4
Sade,1.95e-4
Shaina,1.95e-4
Destiney,1.94e-4
Eileen,1.94e-4
Joyce,1.93e-4
Kacie,1.93e-4
Georgia,1.91e-4
Jesse,1.91e-4
Katlin,1.91e-4
Shana,1.91e-4
Antoinette,1.9e-4
Demi,1.9e-4
Janice,1.89e-4
Karlee,1.89e-4
Kiley,1.88e-4
Rocio,1.88e-4
Ellie,1.87e-4
Chanel,1.86e-4
Nathalie,1.86e-4
Rochelle,1.86e-4
Ryan,1.85e-4
Abbie,1.83e-4
Jocelyne,1.83e-4
Mara,1.82e-4
Myranda,1.82e-4
Rhiannon,1.82e-4
Jacklyn,1.82e-4
Micah,1.81e-4
Skye,1.81e-4
Karlie,1.8e-4
Sarai,1.8e-4
Suzanne,1.8e-4
Lyric,1.79e-4
Itzel,1.79e-4
Kasandra,1.79e-4
Shirley,1.79e-4
Elaina,1.78e-4
Helena,1.77e-4
Montana,1.77e-4
Roxanne,1.77e-4
Blair,1.76e-4
Kelsea,1.76e-4
Shelbi,1.76e-4
Shantel,1.75e-4
Ashlie,1.74e-4
Keri,1.74e-4
Annette,1.74e-4
Keisha,1.73e-4
Lea,1.73e-4
Alayna,1.72e-4
Brook,1.72e-4
Lacy,1.72e-4
Luz,1.71e-4
Melina,1.71e-4
Katy,1.71e-4
Berenice,1.7e-4
Jaqueline,1.7e-4
Aurora,1.69e-4
Eden,1.69e-4
Carli,1.69e-4
Mikala,1.68e-4
Trinity,1.68e-4
Aspen,1.68e-4
Jodi,1.67e-4
Shauna,1.67e-4
Fabiola,1.67e-4
Bobbie,1.66e-4
Dawn,1.66e-4
Celia,1.66e-4
Lizette,1.66e-4
Ayanna,1.65e-4
Iesha,1.65e-4
Juanita,1.65e-4
Corina,1.64e-4
Kerri,1.64e-4
Sydnee,1.64e-4
Addison,1.64e-4
Leanne,1.64e-4
Daisha,1.63e-4
Maegan,1.63e-4
Cora,1.63e-4
Kaelyn,1.63e-4
Makenna,1.63e-4
Hillary,1.62e-4
Rebeca,1.62e-4
Shyanne,1.62e-4
Angie,1.61e-4
Sonya,1.61e-4
Baby,1.6e-4
Charlene,1.6e-4
Kala,1.6e-4
Rylee,1.6e-4
Jayla,1.6e-4
Halle,1.59e-4
Silvia,1.58e-4
Chelsi,1.58e-4
Carlee,1.57e-4
Maura,1.57e-4
Connie,1.57e-4
Dulce,1.56e-4
Ella,1.56e-4
Jena,1.56e-4
Kaela,1.56e-4
Kori,1.56e-4
Arlene,1.55e-4
Christiana,1.55e-4
Kerry,1.55e-4
Athena,1.54e-4
Rita,1.54e-4
Devan,1.54e-4
Lexi,1.53e-4
Ali,1.52e-4
Elissa,1.51e-4
Jenifer,1.51e-4
Mariela,1.51e-4
Beverly,1.5e-4
Justina,1.5e-4
Sage,1.5e-4
Kailee,1.49e-4
Ashly,1.48e-4
Tristan,1.48e-4
Gladys,1.47e-4
Graciela,1.47e-4
Beth,1.47e-4
Breann,1.47e-4
Gretchen,1.47e-4
Lucero,1.47e-4
Shanna,1.46e-4
Drew,1.46e-4
Kacey,1.46e-4
Kirstin,1.46e-4
Shelbie,1.46e-4
Yessenia,1.46e-4
Breonna,1.45e-4
Chantal,1.45e-4
Macey,1.45e-4
Ava,1.45e-4
Ayana,1.45e-4
Kristyn,1.44e-4
Jessika,1.44e-4
Lesley,1.44e-4
Brionna,1.43e-4
Stevie,1.43e-4
Tammy,1.43e-4
Brielle,1.43e-4
Joanne,1.43e-4
Brandie,1.42e-4
Constance,1.42e-4
Cori,1.42e-4
Darlene,1.42e-4
Scarlett,1.42e-4
Tonya,1.42e-4
Jana,1.41e-4
Kalyn,1.41e-4
Rikki,1.41e-4
Tamera,1.4e-4
Octavia,1.4e-4
Bobbi,1.39e-4
Dayna,1.39e-4
Macie,1.39e-4
Nadine,1.39e-4
Krysta,1.39e-4
Hollie,1.38e-4
Racheal,1.38e-4
Dasia,1.38e-4
Janessa,1.38e-4
Jennie,1.38e-4
Judy,1.37e-4
Shakira,1.37e-4
Loren,1.36e-4
Tabatha,1.36e-4
Magdalena,1.35e-4
Debra,1.35e-4
Lara,1.35e-4
Shea,1.35e-4
Allyssa,1.34e-4
Maureen,1.34e-4
Aleah,1.33e-4
Cheryl,1.33e-4
Christie,1.33e-4
Emely,1.33e-4
Aubree,1.32e-4
Jayme,1.32e-4
Julissa,1.32e-4
Kristian,1.32e-4
Nataly,1.32e-4
Devyn,1.32e-4
Juana,1.32e-4
Fiona,1.31e-4
Ashli,1.31e-4
Brittni,1.31e-4
Christen,1.3e-4
Kallie,1.3e-4
Mandy,1.3e-4
Bryana,1.3e-4
Elyse,1.3e-4
Liana,1.3e-4
Alessandra,1.29e-4
Cecelia,1.29e-4
Janie,1.29e-4
Kaylynn,1.29e-4
Kortney,1.29e-4
Roxana,1.29e-4
Lexie,1.29e-4
Stacie,1.29e-4
Alena,1.28e-4
Kailyn,1.28e-4
Dianna,1.28e-4
Janay,1.28e-4
Joelle,1.28e-4
Latasha,1.28e-4
Eboni,1.27e-4
Kenia,1.27e-4
Ashanti,1.26e-4
Sydni,1.26e-4
Ayla,1.26e-4
Kristie,1.26e-4
Lauryn,1.26e-4
Denisha,1.25e-4
Joselyn,1.25e-4
Shelly,1.25e-4
Griselda,1.24e-4
Mindy,1.24e-4
Monika,1.24e-4
Ingrid,1.24e-4
Katlynn,1.24e-4
Yasmeen,1.24e-4
Jackie,1.23e-4
Kayli,1.23e-4
Kaycee,1.23e-4
Aileen,1.22e-4
Alycia,1.22e-4
Jalisa,1.22e-4
Latisha,1.22e-4
Betty,1.22e-4
Layla,1.22e-4
Alysia,1.21e-4
Danica,1.21e-4
Salina,1.21e-4
Viridiana,1.21e-4
Abbigail,1.21e-4
Aja,1.21e-4
Kendal,1.21e-4
Terra,1.21e-4
Audra,1.2e-4
Damaris,1.2e-4
Lacie,1.2e-4
Celine,1.2e-4
Gabriel,1.2e-4
Leigh,1.2e-4
Sarina,1.2e-4
Adrian,1.19e-4
Emerald,1.19e-4
Eryn,1.19e-4
Billie,1.19e-4
Brittanie,1.18e-4
Gwendolyn,1.18e-4
Hali,1.18e-4
Malia,1.18e-4
Karley,1.18e-4
Myra,1.18e-4
Daphne,1.17e-4
Miracle,1.17e-4
Noel,1.17e-4
Anjelica,1.16e-4
Elsa,1.16e-4
Infant,1.16e-4
Unknown,1.16e-4
Elisha,1.15e-4
Gillian,1.15e-4
Jazmyn,1.15e-4
Kaci,1.15e-4
Jessi,1.14e-4
Zoey,1.14e-4
Maricela,1.14e-4
Christin,1.13e-4
Delia,1.13e-4
Chaya,1.13e-4
Princess,1.13e-4
Asha,1.12e-4
Kalie,1.12e-4
Leila,1.12e-4
Lorraine,1.12e-4
Unique,1.12e-4
Alysa,1.11e-4
Terri,1.11e-4
Giovanna,1.11e-4
Haylie,1.11e-4
Iridian,1.11e-4
Laken,1.11e-4
Martina,1.11e-4
Emilia,1.1e-4
Esperanza,1.1e-4
Eunice,1.1e-4
Janette,1.1e-4
Alecia,1.1e-4
Kia,1.1e-4
Marley,1.1e-4
Mattie,1.1e-4
Pauline,1.1e-4
Stormy,1.1e-4
Ivette,1.09e-4
Jami,1.09e-4
Lynn,1.09e-4
Sommer,1.09e-4
Brooklynn,1.09e-4
Alesha,1.08e-4
Alia,1.08e-4
Patience,1.08e-4
Tristen,1.08e-4
Keanna,1.08e-4
Lilly,1.08e-4
Alivia,1.07e-4
Britany,1.07e-4
Corey,1.07e-4
Kayley,1.07e-4
Tiera,1.07e-4
Anika,1.07e-4
Domonique,1.07e-4
Iliana,1.07e-4
Keely,1.07e-4
Kristal,1.07e-4
Lana,1.07e-4
Carson,1.06e-4
Maira,1.06e-4
Blake,1.06e-4
Daija,1.06e-4
Fallon,1.06e-4
Hana,1.06e-4
Jodie,1.06e-4
Sherry,1.06e-4
Zhane,1.06e-4
Celena,1.05e-4
Cydney,1.05e-4
Katerina,1.05e-4
Reina,1.05e-4
Sydnie,1.05e-4
Flor,1.05e-4
Lia,1.05e-4
Yazmin,1.05e-4
Patrice,1.04e-4
Quinn,1.04e-4
Catalina,1.04e-4
Isis,1.04e-4
Leandra,1.04e-4
Marisela,1.04e-4
Susanna,1.04e-4
Tracey,1.04e-4
Beatrice,1.03e-4
Mariam,1.03e-4
Melisa,1.03e-4
Fernanda,1.03e-4
Irma,1.03e-4
Kinsey,1.03e-4
Lizeth,1.03e-4
Marcella,1.03e-4
Salena,1.03e-4
Shyann,1.03e-4
Staci,1.03e-4
Tatianna,1.03e-4
Tiffanie,1.03e-4
Juliette,1.02e-4
Ricki,1.02e-4
Selene,1.02e-4
Chantelle,1.02e-4
Daja,1.02e-4
Lesly,1.02e-4
Marianna,1.02e-4
Annabelle,1.01e-4
Annika,1.01e-4
Kyleigh,1.01e-4
Sienna,1.01e-4
Valentina,1.01e-4
Annamarie,1.01e-4
Ciarra,1.01e-4
Jerrica,1.01e-4
Maryann,1.01e-4
Nayeli,1.01e-4
Dina,1e-4
Jaimie,1e-4
Jamila,1e-4
Maci,1e-4
Belinda,9.9e-5
Kenzie,9.9e-5
Kimberlee,9.9e-5
Corrina,9.9e-5
Katheryn,9.9e-5
Nikita,9.9e-5
Yajaira,9.9e-5
Amie,9.8e-5
Ashely,9.8e-5
Destany,9.8e-5
Geneva,9.8e-5
Kathrine,9.8e-5
Marlena,9.8e-5
Tiarra,9.8e-5
Astrid,9.8e-5
Danyelle,9.8e-5
Luisa,9.8e-5
Mari,9.8e-5
