name,percent
Michael,0.018805
Jacob,0.0171
Matthew,0.015782
Christopher,0.014645
Joshua,0.01416
Nicholas,0.013654
Brandon,0.012614
Andrew,0.012612
Austin,0.012577
Tyler,0.012463
Daniel,0.011976
Joseph,0.011806
Zachary,0.010983
David,0.010945999999999999
John,0.010703
Ryan,0.010281
James,0.010219
Anthony,0.01003
William,0.010016
Justin,0.009387
Jonathan,0.00928
Alexander,0.008569
Robert,0.008166
Kyle,0.007974
Christian,0.007541
Jordan,0.007393
Samuel,0.007119
Kevin,0.006657
Benjamin,0.006636
Dylan,0.006497
Thomas,0.006456
Jose,0.005972
Aaron,0.005588
Nathan,0.005228
Eric,0.005168
Cody,0.005154
Brian,0.004874
Noah,0.004638
Adam,0.004409
Steven,0.004388
Jason,0.00438
Logan,0.004317
Timothy,0.004259
Hunter,0.004211
Cameron,0.004115
Ethan,0.00391
Caleb,0.003892
Sean,0.003879
Charles,0.003835
Patrick,0.00375
Richard,0.003627
Connor,0.003577
Luis,0.003569
Juan,0.003562
Alex,0.003433
Jared,0.003347
Gabriel,0.003205
Mark,0.003088
Devin,0.003028
Evan,0.003008
Isaiah,0.003005
Trevor,0.003004
Jesse,0.002961
Jeremy,0.002907
Nathaniel,0.00289
Dakota,0.002836
Carlos,0.002732
Stephen,0.002709
Bryan,0.002628
Ian,0.002608
Jesus,0.002586
Cole,0.002584
Isaac,0.002573
Elijah,0.002547
Antonio,0.002539
Jack,0.002496
Chase,0.002486
Luke,0.00248
Paul,0.002376
Blake,0.002368
Travis,0.002346
Tanner,0.002342
Kenneth,0.002332
Jeffrey,0.002296
Garrett,0.002275
Angel,0.002261
Taylor,0.00217
Dustin,0.002141
Mason,0.002137
Dalton,0.002123
Miguel,0.00212
Tristan,0.0021
Marcus,0.002093
Bradley,0.002066
Adrian,0.002061
Mitchell,0.002037
Seth,0.002025
Lucas,0.00202
Alejandro,0.002002
Edward,0.001958
Jake,0.001923
Peter,0.001915
Gregory,0.001905
Spencer,0.001886
Victor,0.001855
Derek,0.001838
Brendan,0.001814
Colton,0.001804
Shawn,0.001726
Corey,0.001711
Malik,0.001693
Bryce,0.001679
Scott,0.001674
Grant,0.001661
Shane,0.001661
Brett,0.001637
Jorge,0.001619
Vincent,0.0016
Devon,0.001596
Alexis,0.001594
George,0.001591
Collin,0.001582
Alec,0.001572
Jackson,0.001566
Colin,0.001552
Joel,0.001497
Oscar,0.001487
Dominic,0.001466
Jeremiah,0.001465
Ricardo,0.001465
Julian,0.001457
Dillon,0.001447
Francisco,0.001433
Erik,0.001432
Riley,0.001419
Gavin,0.001381
Wyatt,0.001375
Raymond,0.001346
Henry,0.001321
Eduardo,0.001314
Xavier,0.001297
Johnathan,0.001276
Nicolas,0.001216
Wesley,0.00118
Cristian,0.001167
Manuel,0.001163
Clayton,0.001162
Maxwell,0.00116
Fernando,0.00116
Parker,0.00115
Bailey,0.001149
Mario,0.001149
Javier,0.001147
Omar,0.001145
Martin,0.001115
Andres,0.001103
Levi,0.001101
Alan,0.00109
Brady,0.001083
Ivan,0.001078
Edgar,0.001059
Liam,0.001057
Casey,0.001051
Ronald,0.001051
Cory,0.001044
Phillip,0.001044
Hayden,0.001036
Frank,0.001012
Keith,0.001002
Troy,0.001002
Drew,9.97e-4
Sergio,9.94e-4
Donald,9.87e-4
Chad,9.78e-4
Roberto,9.73e-4
Marco,9.63e-4
Darius,9.46e-4
Preston,9.46e-4
Hector,9.37e-4
Jonathon,9.23e-4
Harrison,9.13e-4
Trenton,9.06e-4
Andre,9.01e-4
Chandler,8.99e-4
Kaleb,8.97e-4
Diego,8.93e-4
Derrick,8.92e-4
Cesar,8.91e-4
Sebastian,8.85e-4
Conner,8.65e-4
Chance,8.58e-4
Calvin,8.54e-4
Gage,8.52e-4
Max,8.51e-4
Philip,8.32e-4
Jonah,8.12e-4
Erick,8.09e-4
Edwin,8.03e-4
Ruben,7.99e-4
Dante,7.96e-4
Douglas,7.94e-4
Micah,7.86e-4
Landon,7.74e-4
Carter,7.72e-4
Armando,7.57e-4
Damian,7.55e-4
Pedro,7.51e-4
Curtis,7.49e-4
Dennis,7.45e-4
Emmanuel,7.38e-4
Johnny,7.32e-4
Jerry,7.28e-4
Donovan,7.25e-4
Mathew,7.18e-4
Gerardo,7.16e-4
Abraham,7.14e-4
Andy,7.04e-4
Raul,7.03e-4
Allen,7.01e-4
Jakob,6.95e-4
Skyler,6.95e-4
Aidan,6.92e-4
Josiah,6.9e-4
Owen,6.83e-4
Griffin,6.82e-4
Randy,6.82e-4
Rafael,6.81e-4
Colby,6.8e-4
Ty,6.8e-4
Enrique,6.75e-4
Marc,6.69e-4
Gary,6.65e-4
Marcos,6.62e-4
Zachery,6.62e-4
Nolan,6.57e-4
Louis,6.55e-4
Trey,6.47e-4
Julio,6.45e-4
Giovanni,6.41e-4
Alberto,6.37e-4
Brent,6.28e-4
Tony,6.25e-4
Larry,6.21e-4
Jimmy,6.16e-4
Trent,6.15e-4
Jaime,6.05e-4
Zackary,6.03e-4
Dallas,5.92e-4
Albert,5.88e-4
Avery,5.86e-4
Israel,5.84e-4
Josue,5.78e-4
Danny,5.69e-4
Peyton,5.62e-4
Brenden,5.55e-4
Kristopher,5.54e-4
Craig,5.5e-4
Russell,5.5e-4
Dominick,5.49e-4
Carl,5.48e-4
Nickolas,5.43e-4
Jeffery,5.41e-4
Tristen,5.4e-4
Ricky,5.39e-4
Micheal,5.35e-4
Morgan,5.32e-4
Braden,5.26e-4
Carson,5.24e-4
Terry,5.24e-4
Saul,5.23e-4
Zane,5.22e-4
Elias,5.18e-4
Walter,5.14e-4
Darren,5.11e-4
Deandre,5.1e-4
Jalen,5.07e-4
Joe,5.07e-4
Arturo,5.03e-4
Alfredo,5e-4
Tommy,4.99e-4
Rodney,4.98e-4
Quentin,4.97e-4
Kody,4.94e-4
Damon,4.93e-4
Lawrence,4.93e-4
Drake,4.88e-4
Arthur,4.87e-4
Brennan,4.84e-4
Lane,4.84e-4
Ashton,4.83e-4
Theodore,4.79e-4
Jay,4.74e-4
Brock,4.73e-4
Ramon,4.73e-4
Lorenzo,4.73e-4
Miles,4.73e-4
Lance,4.59e-4
Gustavo,4.59e-4
Bobby,4.57e-4
Quinn,4.55e-4
Damien,4.54e-4
Tucker,4.52e-4
Bryant,4.49e-4
Jarrett,4.45e-4
Branden,4.45e-4
Pablo,4.45e-4
Angelo,4.44e-4
Desmond,4.43e-4
Fabian,4.3e-4
Kyler,4.28e-4
Marvin,4.26e-4
Trevon,4.25e-4
Eli,4.24e-4
Todd,4.21e-4
Cooper,4.2e-4
Quinton,4.2e-4
Jamal,4.18e-4
Jon,4.16e-4
Eddie,4.15e-4
Maurice,4.14e-4
Conor,4.14e-4
Emilio,4.08e-4
Billy,4.08e-4
Salvador,4.08e-4
Keegan,4.03e-4
Dean,4.02e-4
Roger,4.02e-4
Justice,4.02e-4
Marquis,4.02e-4
Ernesto,3.99e-4
Ross,3.99e-4
Brendon,3.94e-4
Braxton,3.92e-4
Simon,3.9e-4
Gerald,3.87e-4
Willie,3.87e-4
Kameron,3.87e-4
Malcolm,3.84e-4
Randall,3.82e-4
Reginald,3.82e-4
Zackery,3.81e-4
Jessie,3.77e-4
Myles,3.77e-4
Roy,3.74e-4
Bryson,3.71e-4
Isiah,3.71e-4
Jarod,3.7e-4
Marshall,3.7e-4
Roman,3.69e-4
Johnathon,3.68e-4
Brayden,3.62e-4
Nikolas,3.6e-4
Abel,3.59e-4
Keenan,3.59e-4
Terrance,3.57e-4
Frederick,3.56e-4
Leonardo,3.54e-4
Zachariah,3.54e-4
Kendall,3.52e-4
Esteban,3.5e-4
Terrell,3.45e-4
Brody,3.43e-4
Payton,3.43e-4
Tyrone,3.4e-4
Demetrius,3.4e-4
Keaton,3.38e-4
Oliver,3.34e-4
Triston,3.34e-4
Grayson,3.3e-4
Ismael,3.3e-4
Skylar,3.29e-4
Jamie,3.28e-4
Dominique,3.27e-4
Emanuel,3.27e-4
Davis,3.23e-4
Felix,3.23e-4
Duncan,3.23e-4
Orlando,3.23e-4
Clay,3.22e-4
Juwan,3.21e-4
Rene,3.21e-4
Guillermo,3.16e-4
Bruce,3.16e-4
Shaun,3.15e-4
Francis,3.14e-4
Steve,3.14e-4
Nelson,3.1e-4
Kristian,3.08e-4
Moises,3.08e-4
Lee,3.07e-4
Byron,3.04e-4
Lukas,3.04e-4
Kelvin,3e-4
Darian,2.99e-4
Tyrell,2.98e-4
Javon,2.97e-4
Donte,2.95e-4
Ali,2.95e-4
Franklin,2.95e-4
Weston,2.93e-4
Terrence,2.91e-4
Khalil,2.89e-4
Melvin,2.88e-4
Marquise,2.88e-4
Cedric,2.87e-4
Jace,2.85e-4
Devan,2.84e-4
Warren,2.84e-4
Harley,2.83e-4
Jordon,2.83e-4
Deshawn,2.82e-4
Kendrick,2.82e-4
Devonte,2.81e-4
Jayson,2.81e-4
Darrell,2.79e-4
Kenny,2.79e-4
Tyson,2.79e-4
Graham,2.78e-4
Wade,2.78e-4
Ronnie,2.75e-4
Tristin,2.75e-4
Corbin,2.74e-4
Noel,2.72e-4
Jarrod,2.69e-4
Walker,2.69e-4
Jerome,2.68e-4
Alvin,2.68e-4
Chris,2.66e-4
Hugo,2.65e-4
Stanley,2.63e-4
Jaquan,2.63e-4
Neil,2.63e-4
Felipe,2.62e-4
Nathanael,2.62e-4
Daquan,2.59e-4
Rodrigo,2.58e-4
Wayne,2.58e-4
Eugene,2.57e-4
Rodolfo,2.55e-4
Jermaine,2.54e-4
Alfonso,2.53e-4
Dane,2.53e-4
Tyree,2.53e-4
Malachi,2.53e-4
Reed,2.53e-4
Stefan,2.52e-4
Dale,2.52e-4
Santiago,2.49e-4
Austen,2.44e-4
Jarred,2.44e-4
Darryl,2.44e-4
Reid,2.43e-4
Allan,2.43e-4
Blaine,2.42e-4
Devante,2.42e-4
Jaden,2.42e-4
Karl,2.41e-4
Sam,2.41e-4
Cade,2.4e-4
Marlon,2.4e-4
Ernest,2.39e-4
Garret,2.39e-4
Rudy,2.37e-4
Rogelio,2.36e-4
Charlie,2.35e-4
Beau,2.34e-4
Ezekiel,2.33e-4
Elliot,2.32e-4
Colten,2.32e-4
Glenn,2.3e-4
Maximilian,2.3e-4
Ramiro,2.29e-4
Leo,2.28e-4
Tomas,2.28e-4
Leonard,2.28e-4
Sheldon,2.27e-4
Gilberto,2.26e-4
Holden,2.26e-4
Jaylen,2.26e-4
Alonzo,2.25e-4
Harry,2.25e-4
Gilbert,2.24e-4
Damion,2.24e-4
Ariel,2.21e-4
Julius,2.21e-4
Ray,2.21e-4
Joey,2.2e-4
Kurt,2.19e-4
Tylor,2.19e-4
Leon,2.18e-4
Harold,2.17e-4
Noe,2.17e-4
Davon,2.16e-4
Mauricio,2.14e-4
Sterling,2.14e-4
Clinton,2.11e-4
Coleman,2.11e-4
Trace,2.11e-4
Dwayne,2.09e-4
Issac,2.08e-4
Sage,2.08e-4
Solomon,2.08e-4
Amir,2.07e-4
Tevin,2.04e-4
Stephon,2.03e-4
Cullen,2.03e-4
Quintin,2.03e-4
Adan,2.02e-4
Rolando,2.02e-4
Elliott,2.02e-4
Stephan,2e-4
Mohammad,1.99e-4
Kaden,1.97e-4
Bennett,1.96e-4
Dorian,1.96e-4
Deven,1.96e-4
Moses,1.96e-4
Osvaldo,1.96e-4
River,1.95e-4
Sawyer,1.95e-4
Brad,1.94e-4
Deonte,1.94e-4
Jayden,1.94e-4
Sidney,1.92e-4
Denzel,1.91e-4
Quincy,1.91e-4
Mackenzie,1.9e-4
Wilson,1.9e-4
Uriel,1.9e-4
Alfred,1.89e-4
Humberto,1.88e-4
Ahmad,1.88e-4
Brice,1.88e-4
Geoffrey,1.88e-4
Deangelo,1.86e-4
Nigel,1.86e-4
Forrest,1.85e-4
Lewis,1.85e-4
Demarcus,1.84e-4
Ben,1.83e-4
Efrain,1.83e-4
Mohammed,1.83e-4
Rashad,1.83e-4
Vicente,1.83e-4
Ralph,1.82e-4
Antoine,1.82e-4
Clarence,1.8e-4
Addison,1.8e-4
Dangelo,1.8e-4
Roderick,1.79e-4
Darnell,1.78e-4
Ezra,1.75e-4
Jonas,1.75e-4
Kobe,1.75e-4
Jaylon,1.75e-4
Gunnar,1.74e-4
Mohamed,1.73e-4
Tate,1.73e-4
Darien,1.72e-4
Toby,1.72e-4
Mateo,1.71e-4
Nathanial,1.7e-4
Alvaro,1.68e-4
Dashawn,1.68e-4
Mike,1.67e-4
Derick,1.66e-4
Ezequiel,1.66e-4
Markus,1.65e-4
Kade,1.65e-4
Jaron,1.64e-4
Caden,1.63e-4
Howard,1.62e-4
Clifford,1.62e-4
Brennen,1.61e-4
Lamar,1.61e-4
Deon,1.61e-4
Kai,1.61e-4
Kurtis,1.6e-4
Bernard,1.6e-4
Cordell,1.59e-4
Kirk,1.59e-4
Barry,1.58e-4
Perry,1.58e-4
Joaquin,1.56e-4
Kory,1.56e-4
Dandre,1.55e-4
Pierce,1.54e-4
Leroy,1.53e-4
Stuart,1.53e-4
Aron,1.52e-4
Deion,1.52e-4
Leonel,1.52e-4
Kolton,1.5e-4
Mitchel,1.49e-4
Everett,1.49e-4
Shannon,1.49e-4
Travon,1.49e-4
Irvin,1.48e-4
Agustin,1.48e-4
Freddy,1.47e-4
Kareem,1.47e-4
Reece,1.47e-4
Camden,1.46e-4
Daryl,1.46e-4
Dexter,1.46e-4
Rhett,1.46e-4
Norman,1.46e-4
Aldo,1.45e-4
Darion,1.45e-4
Ahmed,1.44e-4
Gordon,1.44e-4
Dillan,1.44e-4
Tristian,1.44e-4
Bret,1.42e-4
Dion,1.42e-4
Kelly,1.42e-4
Kasey,1.41e-4
Raekwon,1.41e-4
Adolfo,1.4e-4
Conrad,1.4e-4
Dayton,1.4e-4
Earl,1.39e-4
Fredrick,1.39e-4
Stone,1.39e-4
Brenton,1.38e-4
Cyrus,1.38e-4
Devyn,1.38e-4
Kolby,1.37e-4
Salvatore,1.37e-4
Jasper,1.37e-4
Carlton,1.35e-4
Frankie,1.34e-4
Madison,1.34e-4
Will,1.34e-4
Jarvis,1.33e-4
Moshe,1.33e-4
Romeo,1.33e-4
Aiden,1.32e-4
Armani,1.3e-4
Tobias,1.3e-4
Heath,1.3e-4
Kane,1.3e-4
Kieran,1.3e-4
Jamar,1.29e-4
Raphael,1.29e-4
August,1.29e-4
Hassan,1.28e-4
Roland,1.27e-4
Isaias,1.27e-4
Brooks,1.26e-4
Shayne,1.26e-4
Tre,1.26e-4
Houston,1.26e-4
Rigoberto,1.26e-4
Davion,1.25e-4
German,1.25e-4
Guadalupe,1.25e-4
Jaylin,1.25e-4
Marcel,1.25e-4
Jean,1.25e-4
Keshawn,1.24e-4
Milton,1.24e-4
Chaz,1.24e-4
Dimitri,1.24e-4
Clark,1.23e-4
Jamison,1.23e-4
Arnold,1.22e-4
Courtney,1.22e-4
Dwight,1.22e-4
Neal,1.22e-4
Austyn,1.22e-4
Darrius,1.22e-4
Colt,1.21e-4
Cristopher,1.21e-4
Jameson,1.21e-4
Reese,1.21e-4
Baby,1.2e-4
Gianni,1.2e-4
Rory,1.2e-4
Kent,1.2e-4
Donavan,1.19e-4
Darin,1.18e-4
Jefferson,1.18e-4
Justus,1.18e-4
Clint,1.18e-4
Glen,1.18e-4
Darrin,1.17e-4
Ignacio,1.17e-4
Reynaldo,1.17e-4
Elisha,1.17e-4
Tracy,1.17e-4
Vernon,1.16e-4
Layne,1.15e-4
Ulises,1.15e-4
Cruz,1.15e-4
Talon,1.15e-4
Estevan,1.14e-4
Gino,1.14e-4
Jovan,1.14e-4
Lloyd,1.14e-4
Braeden,1.14e-4
Silas,1.14e-4
Hakeem,1.13e-4
Lamont,1.13e-4
Quinten,1.13e-4
Raheem,1.12e-4
Rickey,1.12e-4
Hudson,1.12e-4
Jairo,1.12e-4
Cornelius,1.11e-4
Korey,1.11e-4
Lonnie,1.11e-4
Misael,1.11e-4
Clifton,1.11e-4
Fred,1.11e-4
Anton,1.1e-4
Elmer,1.1e-4
Coby,1.1e-4
Marquez,1.09e-4
Muhammad,1.09e-4
Santos,1.09e-4
Dylon,1.08e-4
Thaddeus,1.08e-4
Trever,1.08e-4
Cortez,1.07e-4
Elvis,1.07e-4
Jaret,1.07e-4
Kristofer,1.07e-4
Junior,1.07e-4
Tariq,1.07e-4
Asher,1.06e-4
Gunner,1.05e-4
Keon,1.05e-4
Dawson,1.05e-4
Infant,1.04e-4
Antwan,1.04e-4
Camron,1.04e-4
Winston,1.03e-4
Jaleel,1.03e-4
Bradly,1.02e-4
Duane,1.02e-4
Hugh,1.02e-4
Gonzalo,1.01e-4
Kole,1.01e-4
Ladarius,1.01e-4
Freddie,1.01e-4
Jamel,1.01e-4
Nestor,1.01e-4
Davonte,1e-4
Emmett,1e-4
Shelby,1e-4
Octavio,9.9e-5
Remington,9.9e-5
Asa,9.9e-5
Darrion,9.9e-5
Johnnie,9.9e-5
Aubrey,9.8e-5
Koby,9.8e-5
Nash,9.8e-5
Ellis,9.8e-5
Herbert,9.8e-5
Jackie,9.8e-5
Orion,9.8e-5
Sammy,9.8e-5
Zakary,9.8e-5
Don,9.7e-5
Easton,9.7e-5
Keanu,9.7e-5
Keyshawn,9.7e-5
Rashawn,9.7e-5
Alonso,9.7e-5
Jimmie,9.7e-5
Tyquan,9.7e-5
Zechariah,9.7e-5
Bernardo,9.6e-5
Garrison,9.6e-5
Gerard,9.5e-5
Ibrahim,9.5e-5
Raymundo,9.5e-5
Rick,9.5e-5
Antony,9.5e-5
Brandan,9.5e-5
Kellen,9.5e-5
Maverick,9.5e-5
Nasir,9.5e-5
Adonis,9.4e-5
Josh,9.4e-5
Julien,9.4e-5
Kerry,9.4e-5
Dontae,9.4e-5
Guy,9.4e-5
Reuben,9.4e-5
Dallin,9.3e-5
Jabari,9.3e-5
Kelton,9.3e-5
Kennedy,9.3e-5
Destin,9.2e-5
Dillion,9.2e-5
Pierre,9.2e-5
Alexandro,9.2e-5
Brayan,9.2e-5
Dequan,9.2e-5
Donnie,9.2e-5
Jorden,9.2e-5
Josef,9.2e-5
Shamar,9.2e-5
Domenic,9.1e-5
Marques,9.1e-5
Reilly,9.1e-5
Ari,9.1e-5
Fidel,9.1e-5
Montana,9.1e-5
Ryder,9.1e-5
Myron,9e-5
Shea,9e-5
Anderson,9e-5
Justyn,9e-5
Davin,8.9e-5
Dusty,8.9e-5
Trystan,8.9e-5
Bradford,8.9e-5
Paris,8.9e-5
Auston,8.8e-5
Benito,8.8e-5
Heriberto,8.8e-5
Javonte,8.8e-5
Deshaun,8.8e-5
Garett,8.8e-5
Maximillian,8.8e-5
Robin,8.8e-5
Vance,8.8e-5
Brandyn,8.7e-5
Braydon,8.7e-5
Jamarcus,8.7e-5
Rohan,8.7e-5
Chaim,8.7e-5
Dewayne,8.7e-5
Terence,8.6e-5
Anfernee,8.6e-5
Greyson,8.6e-5
Axel,8.5e-5
Demarco,8.5e-5
Turner,8.5e-5
Rylan,8.5e-5
Aric,8.4e-5
Deondre,8.4e-5
Jaylan,8.4e-5
Kevon,8.4e-5
Leland,8.4e-5
Loren,8.4e-5
Valentin,8.4e-5
Benny,8.3e-5
Jerrod,8.3e-5
Keven,8.3e-5
Dominik,8.3e-5
Reagan,8.3e-5
Dan,8.2e-5
Gene,8.2e-5
Hernan,8.2e-5
Jaxon,8.2e-5
Seamus,8.2e-5
Bronson,8.2e-5
Carlo,8.1e-5
Deontae,8.1e-5
Denver,8.1e-5
Abram,8e-5
Dejuan,8e-5
Efren,8e-5
Herman,8e-5
Lester,8e-5
Branson,8e-5
Donnell,8e-5
Edgardo,8e-5
Giovanny,8e-5
Mikel,8e-5
Andreas,7.9e-5
Armand,7.9e-5
Draven,7.9e-5
Leslie,7.9e-5
Nico,7.9e-5
Tyron,7.9e-5
Tyshawn,7.9e-5
Ronaldo,7.9e-5
Titus,7.9e-5
Devonta,7.8e-5
Grady,7.8e-5
Jacques,7.8e-5
Lincoln,7.8e-5
Markel,7.8e-5
Nicklaus,7.8e-5
Syed,7.8e-5
Dario,7.8e-5
Deante,7.8e-5
Jerod,7.8e-5
Ulysses,7.8e-5
Abdul,7.7e-5
Arron,7.7e-5
Eliseo,7.7e-5
Sonny,7.7e-5
Bo,7.7e-5
Dakotah,7.7e-5
Ishmael,7.6e-5
Rex,7.6e-5
Dana,7.6e-5
Jamil,7.6e-5
Tayler,7.6e-5
Brennon,7.5e-5
Coleton,7.5e-5
Gregorio,7.5e-5
Khalid,7.5e-5
Amari,7.5e-5
Broderick,7.5e-5
Harvey,7.5e-5
Jarett,7.5e-5
Phoenix,7.5e-5
Tarik,7.5e-5
Vaughn,7.5e-5
Edmund,7.4e-5
Rasheed,7.4e-5
Alton,7.4e-5
Chauncey,7.4e-5
Coty,7.4e-5
Cristobal,7.4e-5
Erich,7.4e-5
Keyon,7.4e-5
Niko,7.4e-5
Amos,7.3e-5
Barrett,7.3e-5
Eddy,7.3e-5
Samir,7.3e-5
Isidro,7.3e-5
Kahlil,7.3e-5
Nick,7.3e-5
Brant,7.2e-5
Floyd,7.2e-5
Kenton,7.2e-5
Killian,7.2e-5
Paxton,7.2e-5
Alden,7.2e-5
Coy,7.2e-5
Jade,7.2e-5
Landen,7.2e-5
Menachem,7.2e-5
Rico,7.2e-5
Rocky,7.2e-5
Shaquan,7.2e-5
Codey,7.1e-5
Raven,7.1e-5
Simeon,7.1e-5
Cain,7.1e-5
Darrian,7.1e-5
Hans,7.1e-5
Isai,7.1e-5
Jacoby,7.1e-5
Jamari,7e-5
Jovani,7e-5
Jovanny,7e-5
Keandre,7e-5
Darrien,6.9e-5
Kalvin,6.9e-5
Storm,6.9e-5
Augustus,6.9e-5
Clyde,6.9e-5
Jessy,6.9e-5
Blaise,6.8e-5
Darwin,6.8e-5
Devontae,6.8e-5
Kenan,6.8e-5
Markell,6.8e-5
Mickey,6.8e-5
Marcelo,6.8e-5
Samson,6.8e-5
Cecil,6.7e-5
Kenyon,6.7e-5
Ramsey,6.7e-5
Waylon,6.7e-5
Bryon,6.7e-5
Ervin,6.7e-5
Jayce,6.7e-5
Jeff,6.7e-5
Kordell,6.7e-5
Cale,6.6e-5
Donavon,6.6e-5
Jajuan,6.6e-5
Omari,6.6e-5
Royce,6.6e-5
Eliezer,6.6e-5
Jaren,6.6e-5
Treyvon,6.6e-5
Uriah,6.6e-5
Emiliano,6.5e-5
Giancarlo,6.5e-5
Irving,6.5e-5
Jim,6.5e-5
Marion,6.5e-5
Ryley,6.5e-5
Trae,6.5e-5
Daulton,6.5e-5
Nikhil,6.5e-5
Jude,6.4e-5
