name,percent
Emily,0.013489
Jessica,0.011031
Ashley,0.01095
Sarah,0.010834
Hannah,0.010786
Samantha,0.010572
Taylor,0.010224
Alexis,0.008999
Elizabeth,0.008068
Madison,0.007961
Megan,0.007464
Kayla,0.007277
Rachel,0.007219
Lauren,0.00694
Alyssa,0.006627
Amanda,0.006409
Brianna,0.006294
Jennifer,0.006203
Victoria,0.006178
Brittany,0.006042
Nicole,0.00563
Morgan,0.005421
Stephanie,0.005124
Jasmine,0.005073
Abigail,0.005044
Rebecca,0.005036
Olivia,0.004967
Courtney,0.004736
Amber,0.004671
Alexandra,0.004586
Haley,0.004551
Katherine,0.004464
Anna,0.004365
Danielle,0.00421
Sydney,0.004209
Emma,0.004048
Julia,0.003847
Maria,0.003834
Allison,0.003813
Jordan,0.003757
Kaitlyn,0.003672
Destiny,0.003525
Shelby,0.00351
Brooke,0.003498
Melissa,0.003497
Mary,0.003467
Savannah,0.003447
Natalie,0.003427
Kimberly,0.003239
Sara,0.003223
Gabrielle,0.003115
Erin,0.003112
Sabrina,0.003047
Vanessa,0.003037
Michelle,0.002981
Sierra,0.002979
Kelsey,0.002921
Andrea,0.002833
Madeline,0.002785
Marissa,0.002776
Tiffany,0.002736
Christina,0.002715
Katelyn,0.002702
Paige,0.002637
Bailey,0.002633
Laura,0.002539
Mariah,0.002517
Cheyenne,0.002495
Grace,0.002431
Miranda,0.002406
Mackenzie,0.002353
Briana,0.002346
Chelsea,0.002338
Breanna,0.002328
Caroline,0.002327
Jenna,0.002318
Jacqueline,0.002247
Alexandria,0.002223
Monica,0.002213
Hailey,0.002172
Cassandra,0.002148
Kristen,0.002141
Kelly,0.00213
Erica,0.002092
Shannon,0.002051
Kathryn,0.002028
Caitlin,0.002024
Katie,0.002007
Alicia,0.001981
Heather,0.001975
Autumn,0.00196
Amy,0.001933
Angela,0.001911
Sophia,0.001907
Lindsey,0.001907
Catherine,0.001883
Diana,0.001877
Molly,0.001807
Crystal,0.001799
Michaela,0.001781
Angelica,0.001771
Makayla,0.001752
Jamie,0.001699
Leah,0.001679
Cassidy,0.001647
Alexa,0.00162
Kaylee,0.001602
Claire,0.001591
Chloe,0.00158
Margaret,0.001552
Erika,0.001519
Mikayla,0.001506
Meghan,0.001504
Isabella,0.001499
Leslie,0.001478
Kylie,0.001438
Cynthia,0.001422
Dominique,0.001399
Kaitlin,0.001398
Gabriela,0.001377
Bethany,0.001373
Jocelyn,0.001372
Gabriella,0.001369
Faith,0.001349
Adriana,0.001337
Veronica,0.001332
Melanie,0.001321
Jade,0.001306
Mia,0.001306
Brittney,0.001301
Summer,0.0013
Karina,0.001243
Caitlyn,0.00124
Zoe,0.001238
Bianca,0.001238
Hayley,0.001233
Carly,0.001224
Ariana,0.001216
Ana,0.001213
Daisy,0.001207
Isabel,0.001183
Valerie,0.001165
Karen,0.001164
Ariel,0.001159
Angel,0.001159
Casey,0.00115
Desiree,0.001146
Brenda,0.001133
Lindsay,0.001094
Mckenzie,0.001084
Holly,0.001077
Rebekah,0.001076
Kendra,0.001075
Rachael,0.001068
Audrey,0.001052
Adrianna,0.001051
Selena,0.001047
Whitney,0.001028
Christine,0.001015
Lydia,0.001006
Kara,0.001
Alejandra,9.99e-4
Kristina,9.78e-4
Julie,9.76e-4
Jada,9.73e-4
Jillian,9.68e-4
Claudia,9.62e-4
Alondra,9.62e-4
Raven,9.34e-4
Patricia,9.33e-4
Hope,9.27e-4
Tara,9.26e-4
Alison,9.25e-4
Kristin,9.18e-4
Kathleen,9.13e-4
Aaliyah,9.11e-4
Arianna,8.94e-4
Hanna,8.9e-4
Dana,8.83e-4
Cierra,8.79e-4
Diamond,8.79e-4
Alexus,8.78e-4
Maya,8.77e-4
Riley,8.74e-4
Kirsten,8.56e-4
Kennedy,8.51e-4
Jasmin,8.41e-4
April,8.39e-4
Natasha,8.35e-4
Mallory,8.33e-4
Evelyn,8.24e-4
Abby,8.2e-4
Kendall,8.17e-4
Lisa,8.1e-4
Asia,8.03e-4
Nancy,7.96e-4
Naomi,7.94e-4
Kiana,7.89e-4
Brandi,7.78e-4
Marisa,7.74e-4
Karla,7.7e-4
Sandra,7.6e-4
Kyra,7.56e-4
Jordyn,7.53e-4
Jazmin,7.48e-4
Cindy,7.44e-4
Katrina,7.39e-4
Tori,7.39e-4
Joanna,7.38e-4
Guadalupe,7.37e-4
Ciara,7.34e-4
Kassandra,7.33e-4
Jazmine,7.31e-4
Esmeralda,7.3e-4
Lillian,7.3e-4
Deja,7.29e-4
Ashlyn,7.17e-4
Tessa,7.11e-4
Julissa,7.1e-4
Lily,7.1e-4
Anne,7.05e-4
Deanna,7.04e-4
Daniela,7.02e-4
Allyson,7e-4
Payton,7e-4
Mckenna,6.97e-4
Brooklyn,6.95e-4
Amelia,6.89e-4
Peyton,6.84e-4
Yesenia,6.83e-4
Madeleine,6.81e-4
Ashlee,6.75e-4
Meagan,6.74e-4
Nina,6.73e-4
Bridget,6.72e-4
Katelynn,6.72e-4
Monique,6.67e-4
Kiara,6.62e-4
Celeste,6.56e-4
Tatiana,6.53e-4
Mercedes,6.52e-4
Katlyn,6.46e-4
Alissa,6.41e-4
Tabitha,6.37e-4
Serena,6.31e-4
Savanna,6.27e-4
Krystal,6.23e-4
Imani,6.21e-4
Sofia,6.2e-4
Dakota,6.15e-4
Isabelle,6.1e-4
Madelyn,6.08e-4
Kylee,6.05e-4
Priscilla,6.05e-4
Gina,6.03e-4
Genesis,6.02e-4
Aubrey,5.95e-4
Delaney,5.87e-4
Alexia,5.86e-4
Kyla,5.86e-4
Brandy,5.83e-4
Meredith,5.8e-4
Chelsey,5.76e-4
Ashleigh,5.75e-4
Clarissa,5.71e-4
Linda,5.71e-4
Sophie,5.67e-4
Krista,5.65e-4
Angelina,5.65e-4
Teresa,5.65e-4
Denise,5.63e-4
Carolina,5.61e-4
Mikaela,5.61e-4
Logan,5.59e-4
Sadie,5.59e-4
Carolyn,5.56e-4
Maggie,5.52e-4
Elise,5.48e-4
Shayla,5.45e-4
Alana,5.44e-4
Ruby,5.43e-4
Brenna,5.43e-4
Raquel,5.36e-4
Carmen,5.31e-4
Sidney,5.28e-4
Camille,5.27e-4
Colleen,5.26e-4
Makenzie,5.21e-4
Alisha,5.19e-4
Lacey,5.18e-4
Tia,5.16e-4
Justine,5.15e-4
Marina,5.13e-4
Ashton,5.12e-4
Elena,5.09e-4
Baylee,5.07e-4
Valeria,5.06e-4
Rosa,5.06e-4
Julianna,5.05e-4
Cecilia,5.04e-4
Charlotte,5e-4
Skylar,5e-4
Tiara,4.99e-4
Anastasia,4.96e-4
Cristina,4.96e-4
Destinee,4.95e-4
Kasey,4.95e-4
Natalia,4.95e-4
Renee,4.95e-4
Juliana,4.93e-4
Avery,4.91e-4
Giselle,4.91e-4
Tiana,4.91e-4
Tamara,4.89e-4
Miriam,4.89e-4
Callie,4.85e-4
Cheyanne,4.85e-4
Annie,4.81e-4
Esther,4.79e-4
Wendy,4.75e-4
Vivian,4.75e-4
Aliyah,4.7e-4
Kate,4.68e-4
Kira,4.68e-4
Bryanna,4.64e-4
Heidi,4.63e-4
Jenny,4.58e-4
Elisabeth,4.53e-4
Gloria,4.52e-4
Shania,4.51e-4
Kelsie,4.5e-4
Nadia,4.49e-4
Jacquelyn,4.47e-4
Theresa,4.47e-4
Cameron,4.45e-4
Ruth,4.45e-4
Jessie,4.43e-4
Martha,4.41e-4
Emilee,4.4e-4
Tyra,4.39e-4
Kierra,4.33e-4
Liliana,4.29e-4
Cara,4.28e-4
Helen,4.26e-4
Marisol,4.26e-4
Ellen,4.24e-4
Kali,4.19e-4
Felicia,4.19e-4
Susan,4.15e-4
Kailey,4.14e-4
Mayra,4.14e-4
Marie,4.12e-4
Josephine,4.11e-4
Macy,4.09e-4
Haylee,4.08e-4
Virginia,4.07e-4
Jaclyn,4.05e-4
Francesca,4.04e-4
Gianna,4.04e-4
Pamela,4.02e-4
Kassidy,4.01e-4
Eva,4.01e-4
Tyler,3.98e-4
Janet,3.97e-4
Sharon,3.96e-4
Kaitlynn,3.95e-4
Josie,3.94e-4
Carrie,3.9e-4
Cassie,3.87e-4
Melody,3.86e-4
Hunter,3.82e-4
Carla,3.8e-4
Toni,3.8e-4
Ebony,3.78e-4
Noelle,3.78e-4
Nia,3.76e-4
Nichole,3.74e-4
Harley,3.67e-4
Lucy,3.66e-4
Carley,3.64e-4
Reagan,3.64e-4
Kayleigh,3.62e-4
Ivy,3.6e-4
Yasmine,3.59e-4
Justice,3.56e-4
Barbara,3.52e-4
Kelli,3.51e-4
Arielle,3.51e-4
Tierra,3.51e-4
Tayler,3.5e-4
Rose,3.5e-4
Lorena,3.49e-4
Mckayla,3.49e-4
Allie,3.48e-4
Carissa,3.45e-4
Gillian,3.45e-4
Talia,3.45e-4
Janelle,3.43e-4
Larissa,3.43e-4
Paola,3.43e-4
Taryn,3.42e-4
Mariana,3.41e-4
Jane,3.39e-4
Sonia,3.39e-4
Abbey,3.38e-4
Bailee,3.37e-4
Alaina,3.36e-4
Precious,3.34e-4
Aimee,3.34e-4
Clara,3.34e-4
Daniella,3.33e-4
Deborah,3.33e-4
Skyler,3.32e-4
Alyson,3.31e-4
Lesley,3.28e-4
Ann,3.28e-4
Breana,3.28e-4
Candace,3.28e-4
Rylee,3.28e-4
Sasha,3.27e-4
Christian,3.26e-4
Britney,3.25e-4
Johanna,3.21e-4
Yulissa,3.2e-4
Devin,3.17e-4
India,3.16e-4
Angelique,3.15e-4
Yasmin,3.15e-4
Makenna,3.15e-4
Robin,3.12e-4
Kaylin,3.11e-4
Irene,3.1e-4
Karissa,3.08e-4
Kellie,3.07e-4
Tatyana,3.07e-4
Kiera,3.06e-4
Devon,3.06e-4
Kaila,3.04e-4
Joy,3.04e-4
Alice,3.03e-4
Tamia,3.03e-4
Haleigh,3.02e-4
Regina,3.02e-4
Darian,3e-4
Bria,2.99e-4
Eliza,2.99e-4
Mireya,2.98e-4
Marilyn,2.97e-4
Nikki,2.96e-4
Regan,2.95e-4
Elisa,2.95e-4
Madalyn,2.95e-4
Nora,2.95e-4
Skye,2.92e-4
Keely,2.91e-4
Shayna,2.89e-4
Kiersten,2.88e-4
Simone,2.88e-4
Kourtney,2.88e-4
Adrienne,2.87e-4
Leticia,2.85e-4
Jayla,2.84e-4
Micaela,2.84e-4
Kaleigh,2.82e-4
Eleanor,2.81e-4
Tianna,2.81e-4
Janae,2.8e-4
Ciera,2.8e-4
Lexus,2.8e-4
Brianne,2.79e-4
Stacy,2.79e-4
Chasity,2.79e-4
Alma,2.78e-4
Heaven,2.78e-4
Addison,2.78e-4
Alina,2.77e-4
Frances,2.77e-4
Emilie,2.75e-4
Tania,2.75e-4
Nicolette,2.74e-4
Kaylie,2.73e-4
Shyanne,2.73e-4
Paulina,2.72e-4
Ayanna,2.7e-4
Antonia,2.69e-4
Sylvia,2.69e-4
Stacey,2.67e-4
Kaley,2.66e-4
Paula,2.64e-4
Annika,2.63e-4
Maribel,2.63e-4
Moriah,2.63e-4
Tina,2.63e-4
Kelsi,2.62e-4
Alanna,2.62e-4
Maddison,2.62e-4
Lauryn,2.61e-4
Robyn,2.61e-4
Savanah,2.61e-4
Ella,2.59e-4
Fatima,2.59e-4
Carlie,2.57e-4
Paris,2.57e-4
Judith,2.57e-4
Cristal,2.54e-4
Iris,2.52e-4
Hailee,2.51e-4
Luz,2.51e-4
Perla,2.51e-4
Laurel,2.48e-4
Ashlynn,2.47e-4
Tanya,2.47e-4
Maritza,2.46e-4
Margarita,2.45e-4
Charity,2.43e-4
Shawna,2.43e-4
Julianne,2.42e-4
Mariela,2.42e-4
Kaylyn,2.42e-4
Melinda,2.42e-4
Sage,2.41e-4
Fiona,2.41e-4
Montana,2.4e-4
Leanna,2.4e-4
Lizbeth,2.38e-4
Kenya,2.37e-4
Elaine,2.36e-4
Carina,2.35e-4
Georgia,2.35e-4
Tess,2.35e-4
Marlene,2.34e-4
Meaghan,2.34e-4
Blanca,2.34e-4
Clare,2.34e-4
Hallie,2.33e-4
Celine,2.32e-4
Aileen,2.31e-4
Halie,2.31e-4
Lena,2.31e-4
Thalia,2.31e-4
Tiffani,2.31e-4
Essence,2.31e-4
Casandra,2.29e-4
Trinity,2.29e-4
Candice,2.26e-4
Tatum,2.25e-4
Aurora,2.25e-4
Ellie,2.25e-4
Noemi,2.24e-4
Viviana,2.24e-4
Alexandrea,2.24e-4
Edith,2.24e-4
Donna,2.21e-4
Jaime,2.21e-4
Cayla,2.2e-4
Miracle,2.2e-4
Chantel,2.2e-4
Genevieve,2.2e-4
Phoebe,2.19e-4
Christa,2.19e-4
Lyndsey,2.19e-4
Maranda,2.19e-4
Mollie,2.19e-4
Chandler,2.18e-4
Karli,2.18e-4
Kiley,2.18e-4
Reyna,2.17e-4
Mara,2.16e-4
Randi,2.16e-4
Kari,2.14e-4
Katharine,2.13e-4
Zoey,2.13e-4
Anita,2.13e-4
Katelin,2.12e-4
Christy,2.11e-4
Ericka,2.11e-4
Shaina,2.11e-4
Kailee,2.1e-4
Lesly,2.1e-4
Darby,2.1e-4
Desirae,2.1e-4
Cortney,2.09e-4
Nikita,2.09e-4
Chelsie,2.08e-4
Jailene,2.08e-4
Yvette,2.08e-4
Aspen,2.08e-4
Kacie,2.05e-4
Karlee,2.05e-4
Jeanette,2.04e-4
Kathy,2.04e-4
Alisa,2.03e-4
Abbie,2.02e-4
Jocelyne,2.02e-4
Brooklynn,2.01e-4
Shakira,2e-4
Eileen,1.99e-4
Chanel,1.98e-4
Destiney,1.98e-4
Lucia,1.98e-4
Carlee,1.98e-4
Lyric,1.98e-4
Sarai,1.97e-4
Anahi,1.97e-4
Tracy,1.97e-4
Carol,1.96e-4
Araceli,1.96e-4
Kristine,1.96e-4
Diane,1.95e-4
Halle,1.95e-4
Katarina,1.94e-4
Lexi,1.94e-4
Destini,1.93e-4
Micah,1.93e-4
Lea,1.92e-4
Kianna,1.92e-4
Juliet,1.91e-4
Ava,1.9e-4
Beatriz,1.89e-4
Sandy,1.89e-4
Maura,1.89e-4
Reilly,1.89e-4
Ryan,1.89e-4
Celia,1.88e-4
Karlie,1.88e-4
Brittani,1.88e-4
Susana,1.88e-4
Yvonne,1.88e-4
Selina,1.87e-4
Karly,1.86e-4
Norma,1.86e-4
Yolanda,1.86e-4
Celina,1.86e-4
Stephany,1.86e-4
Aisha,1.85e-4
Angie,1.85e-4
Eden,1.84e-4
Trisha,1.83e-4
Corinne,1.82e-4
Aylin,1.82e-4
Yadira,1.82e-4
Bonnie,1.81e-4
Kasandra,1.81e-4
Rhiannon,1.81e-4
Sydnee,1.81e-4
Dallas,1.8e-4
Alayna,1.79e-4
Zaria,1.79e-4
Jaqueline,1.78e-4
Brielle,1.78e-4
Sienna,1.78e-4
Kristy,1.77e-4
Rachelle,1.77e-4
Anissa,1.77e-4
Rosemary,1.77e-4
Sally,1.77e-4
Kaela,1.75e-4
Loren,1.75e-4
Nathalie,1.75e-4
Maegan,1.75e-4
Shirley,1.75e-4
Emely,1.74e-4
Joyce,1.74e-4
Jewel,1.73e-4
Lilly,1.73e-4
Stefanie,1.72e-4
Maia,1.71e-4
Dulce,1.71e-4
Cora,1.7e-4
Misty,1.7e-4
Carli,1.7e-4
Michele,1.69e-4
Rocio,1.69e-4
Amari,1.69e-4
Alex,1.68e-4
Breanne,1.68e-4
Juliette,1.68e-4
Kristi,1.68e-4
Antoinette,1.67e-4
Dawn,1.67e-4
Arlene,1.66e-4
Athena,1.66e-4
Esperanza,1.66e-4
Kaelyn,1.66e-4
Dasia,1.65e-4
Jill,1.65e-4
Juanita,1.65e-4
Leann,1.65e-4
Bridgette,1.65e-4
Dorothy,1.64e-4
Gwendolyn,1.63e-4
Janice,1.63e-4
Abbigail,1.63e-4
Helena,1.63e-4
Katlin,1.63e-4
Macey,1.63e-4
Macie,1.63e-4
Shea,1.62e-4
Sheila,1.62e-4
Malia,1.61e-4
Jazlyn,1.61e-4
Aleah,1.6e-4
Kailyn,1.6e-4
Charlene,1.6e-4
Janessa,1.6e-4
Blair,1.59e-4
Lori,1.59e-4
Ali,1.59e-4
Isis,1.59e-4
Jacklyn,1.59e-4
Myranda,1.59e-4
Shyann,1.59e-4
Elaina,1.58e-4
Starr,1.58e-4
Itzel,1.58e-4
Mikala,1.58e-4
Elissa,1.57e-4
Lexie,1.57e-4
Madyson,1.57e-4
Jenifer,1.57e-4
Hana,1.56e-4
Kelley,1.56e-4
Sonya,1.56e-4
Yasmeen,1.55e-4
Hillary,1.54e-4
Allyssa,1.54e-4
Shelbie,1.54e-4
Bryana,1.53e-4
Jazmyn,1.53e-4
Julisa,1.53e-4
Kelsea,1.53e-4
Leanne,1.53e-4
Tanisha,1.53e-4
Christiana,1.53e-4
Annette,1.52e-4
Kaylynn,1.52e-4
Salma,1.52e-4
Demi,1.52e-4
Lizette,1.52e-4
Shauna,1.52e-4
Chyna,1.51e-4
Dalia,1.51e-4
Rebeca,1.51e-4
Brook,1.5e-4
Graciela,1.5e-4
Magdalena,1.5e-4
Lisette,1.5e-4
Nataly,1.49e-4
Sydnie,1.49e-4
Alycia,1.49e-4
Madisyn,1.49e-4
Gretchen,1.48e-4
Kerri,1.48e-4
Yessenia,1.48e-4
Kori,1.47e-4
Erykah,1.46e-4
Katy,1.46e-4
Shianne,1.46e-4
Anika,1.46e-4
Devyn,1.46e-4
Gisselle,1.46e-4
Lacy,1.45e-4
Shana,1.45e-4
Shelbi,1.45e-4
Leilani,1.44e-4
Xena,1.44e-4
Alessandra,1.44e-4
Alize,1.44e-4
Alysa,1.44e-4
Kallie,1.43e-4
Kerry,1.43e-4
Tasha,1.43e-4
Kacey,1.42e-4
Suzanne,1.42e-4
Jena,1.42e-4
Alysha,1.4e-4
Fabiola,1.4e-4
Joselyn,1.4e-4
Alysia,1.4e-4
Ashanti,1.4e-4
Brionna,1.4e-4
Sarina,1.39e-4
Eliana,1.39e-4
Kalyn,1.39e-4
Keri,1.39e-4
Roxanne,1.39e-4
Bobbie,1.38e-4
Gabriel,1.38e-4
Kyleigh,1.38e-4
Jesse,1.38e-4
Noel,1.38e-4
Rochelle,1.38e-4
Giovanna,1.37e-4
Raegan,1.37e-4
Tea,1.37e-4
Alivia,1.36e-4
Ashlie,1.36e-4
Breonna,1.36e-4
Marianna,1.36e-4
Silvia,1.36e-4
Alena,1.36e-4
Kayley,1.36e-4
Keisha,1.36e-4
Daija,1.35e-4
Daisha,1.35e-4
Jodi,1.35e-4
Melina,1.35e-4
Estrella,1.35e-4
Karley,1.35e-4
Jayda,1.34e-4
Mariam,1.34e-4
Kaci,1.34e-4
Nadine,1.34e-4
Haylie,1.33e-4
Kirstin,1.33e-4
Corina,1.33e-4
Kenzie,1.33e-4
Unique,1.33e-4
Amani,1.32e-4
Joelle,1.32e-4
Sydni,1.32e-4
Tamera,1.32e-4
Ayana,1.32e-4
Carson,1.32e-4
Madisen,1.32e-4
Shanice,1.32e-4
Tristan,1.32e-4
Dayna,1.31e-4
Drew,1.31e-4
Gladys,1.31e-4
Liana,1.31e-4
Octavia,1.31e-4
Darlene,1.3e-4
Dianna,1.3e-4
Elyse,1.3e-4
Joanne,1.3e-4
Beverly,1.29e-4
Christen,1.29e-4
Katlynn,1.29e-4
Monika,1.29e-4
Rylie,1.29e-4
Vanesa,1.29e-4
Daphne,1.28e-4
Ashly,1.27e-4
Domonique,1.27e-4
Elyssa,1.27e-4
Lara,1.27e-4
Annabelle,1.26e-4
Camryn,1.26e-4
Makala,1.26e-4
Mandy,1.26e-4
Rita,1.26e-4
Breann,1.25e-4
Sade,1.25e-4
Taya,1.25e-4
Beth,1.25e-4
Janie,1.25e-4
Princess,1.25e-4
Shanna,1.24e-4
Shantel,1.24e-4
Tammy,1.24e-4
Berenice,1.24e-4
Emilia,1.24e-4
Ingrid,1.24e-4
Kaylah,1.24e-4
Lucero,1.24e-4
Baby,1.23e-4
Eryn,1.23e-4
Kaycee,1.23e-4
Nayeli,1.23e-4
Ansley,1.23e-4
Kayli,1.23e-4
Damaris,1.22e-4
Cecelia,1.22e-4
Delia,1.22e-4
Kaylan,1.21e-4
Melisa,1.21e-4
Valentina,1.21e-4
Adrian,1.21e-4
Camila,1.21e-4
Hollie,1.21e-4
Jana,1.21e-4
Justina,1.21e-4
Chase,1.2e-4
Scarlett,1.2e-4
Tristen,1.2e-4
Caitlynn,1.2e-4
Catalina,1.19e-4
Estefania,1.19e-4
Aubree,1.18e-4
Bobbi,1.18e-4
Marley,1.18e-4
Annalise,1.18e-4
Jacey,1.18e-4
Jessika,1.18e-4
Mattie,1.18e-4
China,1.17e-4
Delilah,1.17e-4
Odalis,1.17e-4
Patience,1.17e-4
Alia,1.17e-4
Jazmyne,1.17e-4
Keeley,1.17e-4
Marcella,1.17e-4
Christie,1.16e-4
Tonya,1.16e-4
Annamarie,1.16e-4
Gracie,1.16e-4
Star,1.16e-4
Chaya,1.15e-4
Constance,1.15e-4
Janette,1.15e-4
Chantal,1.15e-4
Cydney,1.14e-4
Harmony,1.14e-4
Jayme,1.14e-4
Lia,1.14e-4
Martina,1.14e-4
Sheridan,1.14e-4
Jennie,1.14e-4
Mindy,1.13e-4
Paloma,1.13e-4
Shaylee,1.13e-4
Savana,1.13e-4
Stevie,1.13e-4
Armani,1.12e-4
Billie,1.12e-4
Daria,1.12e-4
Judy,1.12e-4
Kristian,1.12e-4
Connie,1.12e-4
Debra,1.12e-4
Emerald,1.12e-4
Kenia,1.12e-4
Kortney,1.12e-4
Leila,1.12e-4
Maureen,1.12e-4
Reina,1.12e-4
Chana,1.11e-4
Iliana,1.11e-4
Lilian,1.11e-4
Moesha,1.11e-4
Lourdes,1.11e-4
Madelynn,1.11e-4
Annmarie,1.1e-4
Audra,1.1e-4
Kendal,1.1e-4
Kala,1.1e-4
Maricela,1.1e-4
Tatianna,1.1e-4
Micayla,1.09e-4
Jami,1.09e-4
Maeve,1.09e-4
Aja,1.08e-4
Blake,1.08e-4
Ivana,1.08e-4
Jasmyn,1.08e-4
Juana,1.08e-4
Kalie,1.08e-4
Lacie,1.08e-4
Nautica,1.08e-4
Quinn,1.08e-4
Asha,1.07e-4
Ciarra,1.07e-4
Destany,1.07e-4
Hali,1.07e-4
Ryann,1.07e-4
Dayana,1.07e-4
Janay,1.07e-4
Tabatha,1.06e-4
Cali,1.05e-4
Jaden,1.05e-4
Marlena,1.05e-4
Myra,1.05e-4
Pauline,1.05e-4
Devan,1.05e-4
Dina,1.05e-4
Katerina,1.05e-4
Serenity,1.05e-4
Terri,1.05e-4
Ayla,1.04e-4
Elisha,1.04e-4
Lexis,1.04e-4
Susanna,1.04e-4
Alyssia,1.04e-4
Khadijah,1.04e-4
Yazmin,1.04e-4
Yulisa,1.04e-4
Baylie,1.03e-4
Racheal,1.03e-4
Samara,1.03e-4
Cheryl,1.03e-4
Elsa,1.03e-4
Marisela,1.03e-4
Mya,1.03e-4
Odalys,1.03e-4
Krysta,1.02e-4
Leandra,1.02e-4
Stormy,1.02e-4
Alecia,1.02e-4
