name,percent
Emily,0.013017
Hannah,0.011569
Madison,0.010017
Ashley,0.009027
Sarah,0.008865
Alexis,0.008837
Samantha,0.00866
Jessica,0.007876
Taylor,0.007564
Elizabeth,0.007561
Lauren,0.00711
Alyssa,0.006798
Kayla,0.006677
Abigail,0.006564
Brianna,0.006458
Olivia,0.006446
Emma,0.006287
Megan,0.005737
Grace,0.00566
Victoria,0.005477
Rachel,0.005345
Anna,0.005301
Sydney,0.005138
Destiny,0.004935
Morgan,0.004767
Jennifer,0.004706
Jasmine,0.004557
Haley,0.00455
Kaitlyn,0.004394
Julia,0.004393
Nicole,0.004292
Amanda,0.004287
Katherine,0.004065
Natalie,0.00406
Hailey,0.003925
Alexandra,0.003786
Savannah,0.003558
Chloe,0.003557
Rebecca,0.003536
Stephanie,0.003525
Maria,0.003432
Sophia,0.00329
Mackenzie,0.003185
Allison,0.003167
Isabella,0.00313
Amber,0.003099
Mary,0.003096
Danielle,0.003052
Gabrielle,0.002943
Jordan,0.002914
Brooke,0.002829
Michelle,0.00278
Sierra,0.002767
Katelyn,0.00276
Andrea,0.002746
Madeline,0.002694
Sara,0.002663
Kimberly,0.002628
Courtney,0.002627
Erin,0.0026
Brittany,0.002597
Vanessa,0.002574
Jacqueline,0.002533
Jenna,0.002531
Caroline,0.002518
Faith,0.002507
Makayla,0.002465
Bailey,0.002331
Paige,0.002311
Shelby,0.002286
Melissa,0.002271
Kaylee,0.002254
Christina,0.002166
Trinity,0.002146
Caitlin,0.002058
Mariah,0.002056
Autumn,0.002018
Marissa,0.002017
Angela,0.001916
Breanna,0.001916
Catherine,0.001904
Zoe,0.001897
Briana,0.001883
Jada,0.001879
Laura,0.00187
Claire,0.001861
Alexa,0.001842
Kelsey,0.00184
Kathryn,0.001825
Leslie,0.001815
Alexandria,0.001785
Sabrina,0.001736
Mia,0.001729
Isabel,0.001729
Molly,0.001705
Leah,0.0017
Katie,0.001694
Gabriella,0.001688
Cheyenne,0.001688
Cassandra,0.001656
Tiffany,0.001656
Erica,0.001616
Lindsey,0.001611
Kylie,0.001608
Diana,0.001588
Amy,0.001587
Cassidy,0.001586
Mikayla,0.001584
Ariana,0.001582
Margaret,0.001563
Kelly,0.001542
Miranda,0.001525
Maya,0.001513
Melanie,0.001488
Audrey,0.00144
Jade,0.001436
Gabriela,0.001427
Caitlyn,0.001423
Angel,0.001419
Jillian,0.001394
Alicia,0.001384
Jocelyn,0.001376
Erika,0.00137
Lily,0.001369
Heather,0.001347
Madelyn,0.001347
Adriana,0.001344
Arianna,0.001331
Lillian,0.001301
Kiara,0.001284
Riley,0.001281
Crystal,0.001278
Mckenzie,0.001268
Meghan,0.001262
Skylar,0.001255
Ana,0.001215
Britney,0.001205
Angelica,0.0012
Kennedy,0.001198
Chelsea,0.001194
Daisy,0.001186
Kristen,0.001182
Veronica,0.001181
Isabelle,0.001173
Summer,0.001172
Hope,0.001164
Brittney,0.001161
Lydia,0.001153
Hayley,0.001153
Evelyn,0.001114
Bethany,0.001099
Shannon,0.001093
Michaela,0.001089
Karen,0.001088
Jamie,0.001081
Daniela,0.001078
Angelina,0.001073
Kaitlin,0.00107
Karina,0.00107
Sophie,0.001055
Sofia,0.001049
Diamond,0.001042
Payton,0.001033
Cynthia,0.001022
Alexia,0.001013
Valerie,0.001011
Monica,9.99e-4
Peyton,9.87e-4
Carly,9.83e-4
Bianca,9.81e-4
Hanna,9.59e-4
Brenda,9.51e-4
Rebekah,9.49e-4
Alejandra,9.33e-4
Mya,9.2e-4
Avery,9.19e-4
Brooklyn,9.17e-4
Ashlyn,9.14e-4
Lindsay,9.02e-4
Ava,9e-4
Desiree,8.97e-4
Alondra,8.84e-4
Camryn,8.8e-4
Ariel,8.78e-4
Naomi,8.73e-4
Jordyn,8.68e-4
Kendra,8.68e-4
Mckenna,8.55e-4
Holly,8.48e-4
Julie,8.4e-4
Kendall,8.28e-4
Kara,8.27e-4
Jasmin,8.24e-4
Selena,8.23e-4
Esmeralda,8.22e-4
Amaya,8.19e-4
Kylee,8.16e-4
Maggie,8.09e-4
Makenzie,8.08e-4
Claudia,8.06e-4
Cameron,8e-4
Kyra,8e-4
Karla,7.94e-4
Kathleen,7.94e-4
Abby,7.85e-4
Delaney,7.72e-4
Amelia,7.67e-4
Casey,7.61e-4
Serena,7.54e-4
Savanna,7.53e-4
Aaliyah,7.5e-4
Giselle,7.46e-4
Mallory,7.36e-4
April,7.26e-4
Adrianna,7.25e-4
Raven,7.25e-4
Christine,7.24e-4
Kristina,7.19e-4
Asia,7.14e-4
Nina,7.14e-4
Natalia,7.14e-4
Valeria,7.12e-4
Aubrey,7.06e-4
Lauryn,7.06e-4
Kate,7e-4
Jazmin,6.97e-4
Patricia,6.97e-4
Rachael,6.96e-4
Katelynn,6.96e-4
Cierra,6.94e-4
Alison,6.92e-4
Macy,6.89e-4
Nancy,6.88e-4
Elena,6.84e-4
Kyla,6.83e-4
Katrina,6.78e-4
Jazmine,6.77e-4
Joanna,6.77e-4
Tara,6.71e-4
Gianna,6.67e-4
Juliana,6.62e-4
Fatima,6.6e-4
Allyson,6.58e-4
Gracie,6.58e-4
Sadie,6.57e-4
Guadalupe,6.57e-4
Genesis,6.53e-4
Yesenia,0.00064899999999999995
Julianna,6.45e-4
Skyler,6.44e-4
Alexus,6.43e-4
Tatiana,6.42e-4
Alana,6.41e-4
Elise,6.41e-4
Kirsten,6.39e-4
Nadia,6.37e-4
Sandra,6.35e-4
Dominique,6.33e-4
Haylee,6.32e-4
Ruby,6.32e-4
Jayla,6.31e-4
Tori,6.25e-4
Cindy,6.24e-4
Sidney,6.12e-4
Ella,6.1e-4
Tessa,6.07e-4
Carolina,6.04e-4
Jaqueline,6.01e-4
Camille,6.01e-4
Whitney,5.99e-4
Carmen,5.99e-4
Vivian,5.89e-4
Bridget,5.86e-4
Priscilla,5.86e-4
Celeste,5.85e-4
Kiana,5.84e-4
Makenna,5.84e-4
Alissa,5.79e-4
Madeleine,5.79e-4
Natasha,5.74e-4
Miriam,5.74e-4
Ciara,5.7e-4
Cecilia,5.69e-4
Kassandra,5.69e-4
Mercedes,5.69e-4
Reagan,5.68e-4
Aliyah,5.59e-4
Josephine,5.57e-4
Charlotte,5.54e-4
Rylee,5.52e-4
Shania,5.5e-4
Kira,5.48e-4
Meredith,5.47e-4
Eva,5.46e-4
Dakota,5.45e-4
Lisa,5.44e-4
Hallie,5.43e-4
Anne,5.42e-4
Rose,5.39e-4
Liliana,5.34e-4
Kristin,5.3e-4
Marisa,5.27e-4
Imani,5.27e-4
Kailey,5.27e-4
Deanna,5.26e-4
Annie,5.19e-4
Nia,5.18e-4
Carolyn,5.16e-4
Anastasia,5.13e-4
Brenna,5.13e-4
Dana,5.09e-4
Shayla,5.06e-4
Kassidy,5.05e-4
Ashlee,5.05e-4
Alaina,5.03e-4
Rosa,5.03e-4
Wendy,5.02e-4
Logan,5.01e-4
Tabitha,4.98e-4
Paola,4.97e-4
Callie,4.96e-4
Addison,4.92e-4
Lucy,4.91e-4
Gillian,4.89e-4
Clarissa,4.89e-4
Destinee,4.88e-4
Josie,4.86e-4
Denise,4.83e-4
Katlyn,4.83e-4
Esther,4.8e-4
Mariana,4.74e-4
Bryanna,4.73e-4
Emilee,4.67e-4
Georgia,4.66e-4
Deja,4.62e-4
Kamryn,4.62e-4
Ashleigh,4.6e-4
Cristina,4.56e-4
Baylee,4.54e-4
Heaven,4.53e-4
Raquel,4.52e-4
Monique,4.51e-4
Teresa,4.51e-4
Ruth,4.49e-4
Krystal,4.46e-4
Helen,4.46e-4
Tiana,4.45e-4
Cassie,4.44e-4
Kayleigh,4.44e-4
Marina,4.44e-4
Heidi,4.42e-4
Ivy,4.41e-4
Ashton,4.36e-4
Clara,4.34e-4
Meagan,4.31e-4
Gina,4.29e-4
Linda,4.24e-4
Gloria,4.21e-4
Jacquelyn,4.17e-4
Ellie,4.15e-4
Jenny,4.14e-4
Renee,4.13e-4
Daniella,4.1e-4
Lizbeth,4.1e-4
Anahi,4.08e-4
Virginia,4.07e-4
Gisselle,4.06e-4
Kaitlynn,4.02e-4
Julissa,4e-4
Cheyanne,3.99e-4
Lacey,3.97e-4
Haleigh,3.96e-4
Marie,3.93e-4
Eleanor,3.87e-4
Martha,3.85e-4
Kierra,3.83e-4
Tiara,3.83e-4
Talia,3.82e-4
Kaylie,3.81e-4
Mikaela,3.81e-4
Eliza,3.8e-4
Harley,3.78e-4
Jaden,3.77e-4
Madalyn,3.77e-4
Hailee,3.77e-4
Kasey,3.76e-4
Ashlynn,3.75e-4
Brandi,3.73e-4
Lesly,3.72e-4
Elisabeth,3.69e-4
Allie,3.68e-4
Viviana,3.68e-4
Cara,3.67e-4
Marisol,3.65e-4
India,3.62e-4
Litzy,3.61e-4
Tatyana,3.61e-4
Melody,3.61e-4
Jessie,3.6e-4
Brandy,3.6e-4
Alisha,3.59e-4
Hunter,3.58e-4
Noelle,3.56e-4
Carla,3.54e-4
Francesca,3.52e-4
Tia,3.52e-4
Layla,3.49e-4
Krista,3.49e-4
Zoey,3.47e-4
Carley,3.45e-4
Janet,3.44e-4
Carissa,3.44e-4
Iris,3.44e-4
Kaleigh,3.43e-4
Tyler,3.43e-4
Theresa,3.41e-4
Tamara,3.4e-4
Yasmine,3.39e-4
Tatum,3.38e-4
Susan,3.37e-4
Sharon,3.36e-4
Alice,3.35e-4
Yasmin,3.35e-4
Tamia,3.33e-4
Abbey,3.31e-4
Alayna,3.31e-4
Kali,3.31e-4
Bailee,3.3e-4
Lesley,3.3e-4
Lilly,3.3e-4
Mckayla,3.3e-4
Ayanna,3.29e-4
Serenity,3.28e-4
Karissa,3.26e-4
Jane,3.25e-4
Maddison,3.25e-4
Precious,3.24e-4
Jayda,3.24e-4
Kelsie,3.22e-4
Lexi,3.22e-4
Phoebe,3.22e-4
Halle,3.21e-4
Kiersten,3.2e-4
Kiera,3.19e-4
Annika,3.18e-4
Felicity,3.18e-4
Tyra,3.18e-4
Taryn,3.18e-4
Kaylin,3.17e-4
Ellen,3.16e-4
Kiley,3.15e-4
Jaclyn,3.08e-4
Rhiannon,3.07e-4
Madisyn,3.06e-4
Colleen,3.05e-4
Joy,3.04e-4
Pamela,3.04e-4
Tania,3.03e-4
Charity,3.03e-4
Fiona,3.02e-4
Alyson,3e-4
Kaila,3e-4
Annabelle,3e-4
Emely,3e-4
Alina,2.98e-4
Angelique,2.98e-4
Regan,2.97e-4
Irene,2.97e-4
Johanna,2.97e-4
Janae,2.96e-4
Janelle,2.96e-4
Madyson,2.95e-4
Justine,2.93e-4
Paris,2.93e-4
Chelsey,2.91e-4
Sasha,2.9e-4
Paulina,2.88e-4
Mayra,2.86e-4
Zaria,2.85e-4
Skye,2.84e-4
Brisa,2.82e-4
Cora,2.82e-4
Emilie,2.82e-4
Felicia,2.82e-4
Larissa,2.82e-4
Tianna,2.82e-4
Macie,2.81e-4
Aurora,2.79e-4
Sage,2.79e-4
Lucia,2.77e-4
Alma,2.74e-4
Chasity,2.74e-4
Ann,2.73e-4
Nichole,2.73e-4
Deborah,2.72e-4
Jayden,2.72e-4
Alanna,2.71e-4
Malia,2.71e-4
Angie,2.7e-4
Carlie,2.7e-4
Nora,2.7e-4
Kailee,2.69e-4
Carrie,2.68e-4
Elaina,2.68e-4
Sylvia,2.68e-4
Sonia,2.67e-4
Genevieve,2.62e-4
Kenya,2.62e-4
Piper,2.62e-4
Marilyn,2.61e-4
Amari,2.6e-4
Macey,2.6e-4
Marlene,2.6e-4
Tayler,2.57e-4
Barbara,2.56e-4
Julianne,2.56e-4
Brooklynn,2.56e-4
Lorena,2.55e-4
Perla,2.55e-4
Elisa,2.55e-4
Kaley,2.53e-4
Leilani,2.53e-4
Eden,2.53e-4
Miracle,2.52e-4
Devin,2.52e-4
Aileen,2.51e-4
Chyna,2.51e-4
Athena,2.49e-4
Esperanza,2.49e-4
Regina,2.49e-4
Adrienne,2.48e-4
Shyanne,2.46e-4
Luz,2.45e-4
Tierra,2.45e-4
Cristal,2.43e-4
Clare,2.42e-4
Eliana,2.42e-4
Kelli,2.42e-4
Eve,2.42e-4
Sydnee,2.42e-4
Madelynn,2.41e-4
Breana,2.41e-4
Melina,2.41e-4
Arielle,2.4e-4
Toni,2.39e-4
Corinne,2.39e-4
Justice,2.39e-4
Maia,2.38e-4
Tess,2.38e-4
Ciera,2.38e-4
Maritza,2.38e-4
Abbigail,2.37e-4
Ebony,2.37e-4
Lexie,2.36e-4
Isis,2.35e-4
Lena,2.35e-4
Aimee,2.35e-4
Leticia,2.35e-4
Sydni,2.35e-4
Sarai,2.33e-4
Halie,2.33e-4
Alivia,2.32e-4
Destiney,2.32e-4
Laurel,2.32e-4
Edith,2.31e-4
Carina,2.31e-4
Fernanda,2.31e-4
Amya,2.3e-4
Destini,2.29e-4
Aspen,2.28e-4
Nathalie,2.28e-4
Paula,2.28e-4
Tanya,2.28e-4
Frances,2.27e-4
Tina,2.27e-4
Christian,2.27e-4
Elaine,2.26e-4
Aniya,2.25e-4
Ryan,2.25e-4
Shayna,2.25e-4
Essence,2.24e-4
Mollie,2.24e-4
Simone,2.24e-4
Kyleigh,2.22e-4
Nikki,2.22e-4
Anya,2.2e-4
Reyna,2.2e-4
Kaylyn,2.19e-4
Nicolette,2.19e-4
Savanah,2.19e-4
Abbie,2.17e-4
Kailyn,2.16e-4
Montana,2.16e-4
Itzel,2.15e-4
Leila,2.14e-4
Cayla,2.13e-4
Stacy,2.12e-4
Araceli,2.12e-4
Robin,2.12e-4
Dulce,2.11e-4
Candace,2.11e-4
Noemi,2.11e-4
Aleah,2.1e-4
Ally,2.1e-4
Nayeli,2.1e-4
Mara,2.09e-4
Jewel,2.09e-4
Keely,2.09e-4
Alisa,2.08e-4
Karlee,2.08e-4
Micaela,2.08e-4
Desirae,2.08e-4
Antonia,2.07e-4
Brynn,2.07e-4
Jaelyn,2.07e-4
Judith,2.07e-4
Leanna,2.07e-4
Katelin,2.05e-4
Sienna,2.05e-4
Celia,2.05e-4
Raegan,2.05e-4
Yvette,2.04e-4
Juliet,2.02e-4
Emilia,2.02e-4
Anika,2.01e-4
Calista,2.01e-4
Eileen,2.01e-4
Kianna,2.01e-4
Carlee,2.01e-4
Thalia,2e-4
Rylie,1.99e-4
Daphne,1.99e-4
Kacie,1.98e-4
Karli,1.98e-4
Rosemary,1.98e-4
Ericka,1.97e-4
Lyndsey,1.97e-4
Hana,1.96e-4
Haylie,1.96e-4
Jadyn,1.96e-4
Madilyn,1.96e-4
Micah,1.96e-4
Laila,1.95e-4
Blanca,1.95e-4
Kayley,1.95e-4
Katarina,1.94e-4
Kellie,1.94e-4
Maribel,1.93e-4
Sandy,1.92e-4
Joselyn,1.91e-4
Kaelyn,1.9e-4
Madisen,1.9e-4
Kathy,1.89e-4
Margarita,1.89e-4
Carson,1.89e-4
Stella,1.89e-4
Juliette,1.87e-4
Devon,1.86e-4
Camila,1.86e-4
Donna,1.86e-4
Bria,1.85e-4
Helena,1.84e-4
Lea,1.84e-4
Jazlyn,1.84e-4
Jazmyn,1.83e-4
Skyla,1.83e-4
Christy,1.82e-4
Katharine,1.82e-4
Joyce,1.81e-4
Karlie,1.81e-4
Lexus,1.81e-4
Alessandra,1.8e-4
Delilah,1.8e-4
Moriah,1.8e-4
Salma,1.8e-4
Celine,1.79e-4
Lizeth,1.79e-4
Beatriz,1.79e-4
Brianne,1.78e-4
Kourtney,1.77e-4
Sydnie,1.77e-4
Stacey,1.76e-4
Mariam,1.75e-4
Robyn,1.75e-4
Hayden,1.75e-4
Janessa,1.74e-4
Kenzie,1.73e-4
Jalyn,1.72e-4
Meaghan,1.72e-4
Sheila,1.72e-4
Aisha,1.71e-4
Jaida,1.71e-4
Estrella,1.7e-4
Shawna,1.7e-4
Marley,1.69e-4
Melinda,1.69e-4
Ayana,1.69e-4
Karly,1.69e-4
Devyn,1.68e-4
Nataly,1.68e-4
Rosalinda,1.68e-4
Brielle,1.67e-4
Laney,1.67e-4
Loren,1.67e-4
Lizette,1.65e-4
Sally,1.65e-4
Lilian,1.65e-4
Rebeca,1.65e-4
Tracy,1.65e-4
Jenifer,1.64e-4
Chandler,1.64e-4
Valentina,1.63e-4
America,1.63e-4
Diane,1.63e-4
Abigayle,1.62e-4
Candice,1.62e-4
Susana,1.62e-4
Aliya,1.62e-4
Casandra,1.62e-4
Harmony,1.62e-4
Jacey,1.62e-4
Alena,1.61e-4
Aylin,1.61e-4
Shea,1.61e-4
Aniyah,1.61e-4
Carol,1.61e-4
Stephany,1.61e-4
Zoie,1.61e-4
Jackeline,1.6e-4
Alia,1.59e-4
Savana,1.59e-4
Damaris,1.59e-4
Gwendolyn,1.59e-4
Alexandrea,1.58e-4
Marian,1.58e-4
Anita,1.58e-4
Jaime,1.58e-4
Violet,1.57e-4
Jaiden,1.57e-4
Kristine,1.57e-4
Carli,1.56e-4
Dorothy,1.56e-4
Gretchen,1.56e-4
Janice,1.56e-4
Annette,1.55e-4
Mariela,1.55e-4
Amani,1.55e-4
Maura,1.55e-4
Bella,1.54e-4
Kaylynn,1.54e-4
Lila,1.54e-4
Armani,1.53e-4
Anissa,1.53e-4
Aubree,1.53e-4
Kelsi,1.53e-4
Greta,1.51e-4
Kaya,1.51e-4
Kayli,1.51e-4
Lillie,1.51e-4
Willow,1.51e-4
Ansley,1.51e-4
Lia,1.51e-4
Catalina,1.5e-4
Maci,1.5e-4
Shyann,1.5e-4
Alysa,1.49e-4
Celina,1.49e-4
Kasandra,1.49e-4
Quinn,1.49e-4
Jaquelin,1.49e-4
Cecelia,1.48e-4
Hailie,1.48e-4
Haven,1.48e-4
Kallie,1.48e-4
Maegan,1.48e-4
Maeve,1.48e-4
Mattie,1.48e-4
Rocio,1.48e-4
Yolanda,1.48e-4
Chaya,1.48e-4
Christa,1.47e-4
Gabriel,1.47e-4
Noelia,1.47e-4
Kari,1.47e-4
Kaylah,1.47e-4
Nya,1.47e-4
Jeanette,1.46e-4
Kennedi,1.46e-4
Nyah,1.46e-4
Presley,1.46e-4
Yadira,1.46e-4
Marianna,1.46e-4
Reilly,1.46e-4
Shaina,1.46e-4
Elissa,1.45e-4
Alize,1.44e-4
Arlene,1.44e-4
Amara,1.43e-4
Izabella,1.43e-4
Lyric,1.43e-4
Aiyana,1.43e-4
Christiana,1.43e-4
Allyssa,1.42e-4
Drew,1.42e-4
Rachelle,1.42e-4
Adeline,1.42e-4
Jacklyn,1.41e-4
Jesse,1.41e-4
Liana,1.41e-4
Citlalli,1.4e-4
Giovanna,1.4e-4
Selina,1.4e-4
Brook,1.39e-4
Graciela,1.39e-4
Princess,1.39e-4
Cali,1.39e-4
Elyse,1.39e-4
Berenice,1.38e-4
Chanel,1.38e-4
Iliana,1.38e-4
Jolie,1.38e-4
Caitlynn,1.37e-4
Annalise,1.37e-4
Cortney,1.37e-4
Darlene,1.37e-4
Sarina,1.37e-4
Dasia,1.36e-4
London,1.36e-4
Yvonne,1.36e-4
Karley,1.35e-4
Myah,1.35e-4
Shaylee,1.35e-4
Amira,1.34e-4
Kristy,1.34e-4
Ryleigh,1.34e-4
Dariana,1.34e-4
Juanita,1.34e-4
Teagan,1.33e-4
Kiarra,1.33e-4
Ryann,1.33e-4
Yamilet,1.33e-4
Alexys,1.32e-4
Kacey,1.32e-4
Shakira,1.32e-4
Sheridan,1.32e-4
Dianna,1.31e-4
Baby,1.31e-4
Lara,1.31e-4
Isabela,1.3e-4
Reina,1.3e-4
Shirley,1.3e-4
Jaycee,1.29e-4
Silvia,1.29e-4
Tatianna,1.29e-4
Eryn,1.29e-4
Ingrid,1.29e-4
Keara,1.29e-4
Randi,1.29e-4
Reanna,1.29e-4
Kalyn,1.28e-4
Lisette,1.28e-4
Monserrat,1.28e-4
Lori,1.28e-4
Abril,1.27e-4
Ivana,1.27e-4
Maranda,1.27e-4
Parker,1.27e-4
Darby,1.27e-4
Darian,1.27e-4
Jasmyn,1.27e-4
Jaylin,1.27e-4
Kaela,1.27e-4
Katia,1.27e-4
Ayla,1.26e-4
Bridgette,1.26e-4
Hillary,1.26e-4
Kinsey,1.26e-4
Yazmin,1.26e-4
Elyssa,1.26e-4
Caleigh,1.25e-4
Dayana,1.25e-4
Nikita,1.25e-4
Rita,1.25e-4
Asha,1.25e-4
Chantel,1.25e-4
Reese,1.25e-4
Stefanie,1.25e-4
Nadine,1.24e-4
Samara,1.24e-4
Unique,1.24e-4
Michele,1.24e-4
Sonya,1.24e-4
Hazel,1.23e-4
Patience,1.23e-4
Cielo,1.23e-4
Mireya,1.23e-4
Paloma,1.23e-4
Aryanna,1.22e-4
Magdalena,1.22e-4
Anaya,1.22e-4
Dallas,1.22e-4
Arely,1.21e-4
Joelle,1.21e-4
Kaia,1.21e-4
Misty,1.21e-4
Norma,1.21e-4
Taya,1.21e-4
Trisha,1.21e-4
Deasia,1.2e-4
Elsa,1.2e-4
Alysha,1.2e-4
Aracely,1.2e-4
Bryana,1.2e-4
Dawn,1.2e-4
Joana,1.2e-4
Brionna,1.19e-4
Alex,1.19e-4
Katerina,1.18e-4
Ali,1.18e-4
Bonnie,1.18e-4
Hadley,1.18e-4
Martina,1.18e-4
Maryam,1.18e-4
Jazmyne,1.17e-4
Shaniya,1.17e-4
Alycia,1.17e-4
Dejah,1.16e-4
Emmalee,1.16e-4
Estefania,1.16e-4
Jakayla,1.16e-4
Nyasia,1.16e-4
Anjali,1.15e-4
Daisha,1.15e-4
Lilliana,1.15e-4
Myra,1.15e-4
Amiya,1.15e-4
Belen,1.15e-4
Jana,1.15e-4
Saige,1.14e-4
Aja,1.14e-4
Scarlett,1.14e-4
Annabel,1.13e-4
Joanne,1.13e-4
Aliza,1.13e-4
Ashly,1.13e-4
Cydney,1.13e-4
Destany,1.13e-4
Gia,1.13e-4
Keira,1.13e-4
Roxanne,1.13e-4
Fabiola,1.12e-4
Kaci,1.12e-4
Abagail,1.11e-4
Abigale,1.11e-4
Janiya,1.11e-4
Odalys,1.11e-4
Aria,1.11e-4
Daija,1.11e-4
Delia,1.11e-4
Kameron,1.1e-4
Katy,1.1e-4
Lourdes,1.1e-4
Raina,1.1e-4
Ashtyn,1.1e-4
Dayna,1.1e-4
Emerald,1.1e-4
Kirstin,1.1e-4
Marlee,1.1e-4
Neha,1.1e-4
Antoinette,1.09e-4
Beatrice,1.09e-4
Blair,1.09e-4
Kori,1.09e-4
Annamarie,1.09e-4
Breonna,1.09e-4
Luisa,1.09e-4
Rhianna,1.09e-4
Yasmeen,1.09e-4
Yessenia,1.09e-4
Breanne,1.08e-4
Laisha,1.08e-4
Leann,1.08e-4
Amina,1.08e-4
Jailyn,1.08e-4
Jayde,1.08e-4
Jena,1.08e-4
Jill,1.08e-4
Katlynn,1.08e-4
Kaylan,1.08e-4
Kenna,1.07e-4
Rayna,1.07e-4
Iyana,1.07e-4
Keeley,1.07e-4
Kenia,1.07e-4
Maiya,1.07e-4
Mandy,1.07e-4
Melisa,1.07e-4
Sky,1.07e-4
Adrian,1.06e-4
Marlen,1.06e-4
