name,percent
Emily,0.012665
Madison,0.011197
Hannah,0.010463
Ashley,0.008353
Alexis,0.008285
Sarah,0.008024
Samantha,0.008016
Abigail,0.007479
Elizabeth,0.007461
Olivia,0.007061
Jessica,0.00703
Taylor,0.006918
Emma,0.006721
Alyssa,0.006704
Lauren,0.00646
Grace,0.006104
Kayla,0.006004
Brianna,0.005948
Anna,0.005337
Megan,0.005204
Victoria,0.005142
Destiny,0.00492
Sydney,0.004871
Rachel,0.004813
Jasmine,0.004522
Jennifer,0.004506
Julia,0.004465
Isabella,0.004461
Morgan,0.004413
Chloe,0.00413
Kaitlyn,0.004123
Natalie,0.004068
Hailey,0.004059
Haley,0.004046
Katherine,0.003979
Nicole,0.003946
Sophia,0.003618
Alexandra,0.003558
Amanda,0.003518
Mackenzie,0.003506
Maria,0.003452
Savannah,0.003403
Stephanie,0.003339
Allison,0.003138
Jenna,0.003104
Rebecca,0.002963
Jordan,0.002932
Andrea,0.002902
Mary,0.002887
Gabrielle,0.00283
Amber,0.002815
Katelyn,0.00275
Faith,0.002729
Makayla,0.002685
Sierra,0.002645
Madeline,0.002639
Brooke,0.002635
Sara,0.002599
Michelle,0.00254
Erin,0.002505
Kimberly,0.002466
Caroline,0.002457
Danielle,0.002421
Vanessa,0.00236
Zoe,0.002346
Kaylee,0.002333
Trinity,0.002263
Shelby,0.002206
Bailey,0.002193
Jacqueline,0.002181
Paige,0.00216
Autumn,0.002115
Courtney,0.002109
Melissa,0.002095
Jada,0.002014
Mia,0.001978
Angela,0.001977
Alexa,0.00197
Marissa,0.001947
Christina,0.001887
Catherine,0.001883
Claire,0.00184
Leslie,0.001825
Gabriella,0.001823
Mariah,0.001807
Laura,0.001793
Leah,0.001774
Isabel,0.001764
Caitlin,0.001747
Alexandria,0.00173
Molly,0.001725
Ariana,0.001707
Breanna,0.0017
Angelina,0.001699
Aaliyah,0.001694
Kylie,0.001694
Kathryn,0.001681
Jade,0.001657
Kelsey,0.001649
Katie,0.001646
Briana,0.001635
Diana,0.001615
Lily,0.001612
Angel,0.001555
Lindsey,0.001542
Riley,0.001538
Cassidy,0.001532
Arianna,0.001523
Mikayla,0.001522
Maya,0.00152
Lillian,0.001491
Audrey,0.00149
Isabelle,0.001488
Amy,0.001482
Brittany,0.001479
Sabrina,0.001476
Melanie,0.001472
Margaret,0.001463
Cheyenne,0.001449
Jillian,0.001438
Madelyn,0.001438
Cassandra,0.001431
Jocelyn,0.001429
Kelly,0.001422
Gabriela,0.00138
Evelyn,0.001361
Tiffany,0.001356
Miranda,0.001355
Erica,0.001347
Alicia,0.001341
Adriana,0.001334
Caitlyn,0.001282
Ava,0.001282
Ana,0.001269
Mckenzie,0.001247
Angelica,0.001231
Crystal,0.001226
Kennedy,0.001217
Daisy,0.001197
Lydia,0.001187
Skylar,0.001184
Summer,0.001167
Alexia,0.001158
Kiara,0.001157
Sofia,0.001156
Heather,0.001147
Erika,0.001127
Karen,0.001107
Mya,0.001104
Hope,0.001099
Sophie,0.001098
Avery,0.001077
Chelsea,0.001069
Veronica,0.001054
Juliana,0.001048
Bianca,0.001046
Ashlyn,0.001026
Bethany,0.001023
Meghan,0.001023
Daniela,0.001019
Natalia,0.001013
Kristen,0.001006
Abby,0.001003
Payton,0.001003
Valerie,0.001001
Karina,9.91e-4
Jamie,9.83e-4
Diamond,9.82e-4
Cynthia,9.71e-4
Gracie,9.66e-4
Shannon,9.64e-4
Brooklyn,9.62e-4
Jordyn,9.52e-4
Peyton,9.52e-4
Nayeli,9.32e-4
Carly,9.27e-4
Alondra,9.24e-4
Michaela,9.23e-4
Kaitlin,9.19e-4
Maggie,9.18e-4
Naomi,9.18e-4
Monica,9.05e-4
Hayley,9.04e-4
Julianna,8.97e-4
Gianna,8.92e-4
Hanna,8.88e-4
Jasmin,8.88e-4
Brenda,8.77e-4
Rebekah,8.72e-4
Desiree,8.69e-4
Alejandra,8.68e-4
Ella,8.67e-4
Karla,8.58e-4
Mckenna,8.56e-4
Kylee,8.46e-4
Makenzie,8.39e-4
Ariel,8.36e-4
Britney,8.28e-4
Amelia,8.26e-4
Kate,8.22e-4
Esmeralda,8.2e-4
Camryn,8.07e-4
Valeria,8.04e-4
Jazmin,8e-4
Delaney,8e-4
Joanna,7.85e-4
Kyra,7.74e-4
Kendall,7.7e-4
Aubrey,7.61e-4
Lindsay,7.59e-4
Claudia,7.56e-4
Kendra,7.55e-4
Adrianna,7.53e-4
Selena,7.48e-4
Sadie,7.47e-4
Kara,7.45e-4
Jazmine,7.41e-4
Giselle,7.38e-4
Holly,7.37e-4
Reagan,7.31e-4
Brittney,7.29e-4
Jayla,7.19e-4
Genesis,7.15e-4
Nancy,7.15e-4
Julie,7.14e-4
Aliyah,7.12e-4
Fatima,7.09e-4
Elena,7.03e-4
Charlotte,6.96e-4
Savanna,6.96e-4
Cierra,6.93e-4
Ruby,6.88e-4
Alison,6.87e-4
Raven,6.85e-4
Guadalupe,6.79e-4
Mallory,6.76e-4
Elise,6.75e-4
Kathleen,6.75e-4
Nadia,6.73e-4
Rylee,6.72e-4
Cameron,6.66e-4
Macy,6.63e-4
Nina,6.58e-4
Rachael,6.57e-4
April,6.56e-4
Serena,6.55e-4
Kyla,6.54e-4
Katelynn,6.52e-4
Casey,0.00064899999999999995
Kristina,6.45e-4
Katrina,6.43e-4
Asia,6.41e-4
Wendy,6.34e-4
Tatiana,6.32e-4
Christine,6.29e-4
Haylee,6.25e-4
Alana,6.22e-4
Cindy,6.21e-4
Camille,6.2e-4
Kirsten,6.18e-4
Allyson,6.17e-4
Patricia,6.17e-4
Makenna,6.14e-4
Carolina,6.09e-4
Sandra,6.09e-4
Nevaeh,6.04e-4
Carmen,5.92e-4
Yesenia,5.92e-4
Cecilia,5.88e-4
Addison,5.87e-4
Mariana,5.87e-4
Eva,5.85e-4
Tara,5.85e-4
Bridget,5.83e-4
Josephine,5.82e-4
Skyler,5.78e-4
Liliana,5.76e-4
Tori,5.71e-4
Priscilla,5.68e-4
Alexus,5.65e-4
Madeleine,5.65e-4
Josie,5.57e-4
Alissa,5.54e-4
Mercedes,5.54e-4
Celeste,5.53e-4
Elisabeth,5.52e-4
Kira,5.52e-4
Kailey,5.5e-4
Lauryn,5.47e-4
Melody,5.45e-4
Natasha,5.45e-4
Heaven,5.37e-4
Miriam,5.37e-4
Amaya,5.33e-4
Sidney,5.32e-4
Shayla,5.31e-4
Denise,5.3e-4
Imani,5.3e-4
India,5.3e-4
Esther,5.29e-4
Kassandra,5.29e-4
Jaden,5.28e-4
Tessa,5.28e-4
Dominique,5.26e-4
Logan,5.26e-4
Lucy,5.25e-4
Paola,5.25e-4
Anastasia,5.19e-4
Rose,5.19e-4
Nia,5.18e-4
Anne,5.16e-4
Anahi,5.14e-4
Vivian,5.14e-4
Alaina,5.08e-4
Ciara,5.08e-4
Kamryn,5.04e-4
Marisa,4.97e-4
Bryanna,4.96e-4
Annie,4.92e-4
Kristin,4.86e-4
Brenna,4.85e-4
Kayleigh,4.85e-4
Meredith,4.82e-4
Clarissa,4.8e-4
Kiana,4.79e-4
Clara,4.79e-4
Layla,4.79e-4
Dana,4.77e-4
Dakota,4.76e-4
Ruth,4.7e-4
Rosa,4.7e-4
Kassidy,4.69e-4
Callie,4.64e-4
Emilee,4.63e-4
Marina,4.61e-4
Ashleigh,4.59e-4
Cristina,4.59e-4
Julissa,4.58e-4
Lisa,4.58e-4
Ellie,4.58e-4
Tabitha,4.56e-4
Whitney,4.54e-4
Hallie,4.51e-4
Helen,4.47e-4
Ashlee,4.44e-4
Carolyn,4.37e-4
Gillian,4.37e-4
Tiana,4.37e-4
Annabelle,4.34e-4
Deja,4.31e-4
Raquel,4.29e-4
Katlyn,4.28e-4
Deanna,4.25e-4
Ivy,4.23e-4
Linda,4.21e-4
Heidi,4.19e-4
Teresa,4.19e-4
Tamia,4.18e-4
Eleanor,4.18e-4
Ashlynn,4.17e-4
Ashton,4.16e-4
Destinee,4.16e-4
Harley,4.15e-4
Zoey,4.15e-4
Annika,4.15e-4
Jayden,4.09e-4
Jenny,4.09e-4
Kaitlynn,4.09e-4
Jaqueline,4.08e-4
Eliza,4.07e-4
Lesly,4.05e-4
Monique,4.03e-4
Krystal,4.02e-4
Lizbeth,4.02e-4
Baylee,4e-4
Madalyn,3.97e-4
Daniella,3.95e-4
Talia,3.95e-4
Lilly,3.95e-4
Serenity,3.95e-4
Gisselle,3.94e-4
Allie,3.91e-4
Shania,3.85e-4
Hailee,3.83e-4
Renee,3.81e-4
Phoebe,3.8e-4
Virginia,3.8e-4
Yasmin,3.8e-4
Gina,3.78e-4
Regan,3.77e-4
Precious,3.76e-4
Georgia,3.75e-4
Martha,3.74e-4
Haleigh,3.74e-4
Eden,3.73e-4
Angie,3.71e-4
Iris,3.71e-4
Kaylie,3.71e-4
Kaleigh,3.68e-4
Ayanna,3.67e-4
Francesca,3.66e-4
Alayna,3.64e-4
Marie,3.64e-4
Cheyanne,3.62e-4
Gloria,3.62e-4
Meagan,3.6e-4
Jayda,3.59e-4
Marisol,3.59e-4
Emely,3.58e-4
Carissa,3.57e-4
Piper,3.56e-4
Janet,3.52e-4
Tatum,3.52e-4
Fiona,3.51e-4
Lacey,3.51e-4
Abbey,3.47e-4
Alisha,3.45e-4
Aurora,3.45e-4
Johanna,3.42e-4
Yasmine,3.42e-4
Carla,3.4e-4
Tia,3.39e-4
Jane,3.39e-4
Sasha,3.35e-4
Jacquelyn,3.34e-4
Dulce,3.33e-4
Madisyn,3.32e-4
Paulina,3.28e-4
Kiley,3.25e-4
Lexi,3.25e-4
Mckayla,3.25e-4
Tania,3.25e-4
Kierra,3.24e-4
Mikaela,3.23e-4
Noelle,3.23e-4
Halle,3.23e-4
Viviana,3.22e-4
Colleen,3.22e-4
Alice,3.19e-4
Hunter,3.18e-4
Madyson,3.17e-4
Taryn,3.17e-4
Emilie,3.16e-4
Kaylin,3.16e-4
Tamara,3.15e-4
Susan,3.15e-4
Krista,3.14e-4
Cassie,3.13e-4
Justice,3.13e-4
Nora,3.13e-4
Macie,3.12e-4
Kasey,3.11e-4
Laila,3.09e-4
Jessie,3.08e-4
Alyson,3.07e-4
Carley,3.07e-4
Ellen,3.07e-4
Cara,3.05e-4
Cora,3.05e-4
Brandi,3.04e-4
Skye,3.04e-4
Theresa,3.03e-4
Amari,3.02e-4
Kiera,3.02e-4
Daphne,3.02e-4
Jadyn,3.02e-4
Tiara,3.02e-4
Kali,2.99e-4
Leilani,2.99e-4
Bailee,2.99e-4
Sage,2.97e-4
Angelique,2.97e-4
Janelle,2.97e-4
Sharon,2.96e-4
Malia,2.96e-4
Alivia,2.95e-4
Brandy,2.95e-4
Genevieve,2.94e-4
Maddison,2.94e-4
Joy,2.93e-4
Ainsley,2.92e-4
Jaclyn,2.92e-4
Itzel,2.92e-4
Pamela,2.92e-4
Charity,2.9e-4
Alina,2.9e-4
Kiersten,2.89e-4
Mayra,2.88e-4
Melina,2.88e-4
Tyler,2.88e-4
Irene,2.86e-4
Leila,2.85e-4
Eliana,2.84e-4
Macey,2.84e-4
Elisa,2.82e-4
Rhiannon,2.8e-4
Aniya,2.79e-4
Athena,2.79e-4
Aileen,2.78e-4
Karissa,2.78e-4
Lucia,2.78e-4
Marilyn,2.78e-4
Felicity,2.76e-4
Nyah,2.76e-4
Abbigail,2.75e-4
Alanna,2.75e-4
Sonia,2.74e-4
Paris,2.73e-4
Larissa,2.7e-4
Perla,2.7e-4
Elaina,2.67e-4
Abbie,2.65e-4
Brisa,2.65e-4
Kelsie,2.65e-4
Miracle,2.65e-4
Alma,2.64e-4
Luz,2.61e-4
Brooklynn,2.6e-4
Carlie,2.6e-4
America,2.59e-4
Zaria,2.58e-4
Kyleigh,2.57e-4
Lesley,2.57e-4
Anya,2.57e-4
Chasity,2.56e-4
Kaila,2.56e-4
Kaley,2.56e-4
Sylvia,2.56e-4
Ann,2.55e-4
Simone,2.55e-4
Maritza,2.55e-4
Kailee,2.54e-4
Eve,2.53e-4
Rylie,2.52e-4
Tatyana,2.52e-4
Madelynn,2.52e-4
Nathalie,2.51e-4
Izabella,2.5e-4
Janae,2.5e-4
Aniyah,2.48e-4
Chelsey,2.48e-4
Deborah,2.46e-4
Marlene,2.46e-4
Isis,2.45e-4
Justine,2.44e-4
Barbara,2.43e-4
Sarai,2.43e-4
Araceli,2.42e-4
Lexie,2.42e-4
Raegan,2.42e-4
Tianna,2.42e-4
Cristal,2.41e-4
Felicia,2.4e-4
Noemi,2.4e-4
Nichole,2.38e-4
Aspen,2.36e-4
Julianne,2.36e-4
Kenya,2.36e-4
Lena,2.35e-4
Ryan,2.35e-4
Clare,2.33e-4
Jaelyn,2.33e-4
Juliet,2.33e-4
Leticia,2.33e-4
Lorena,2.32e-4
Shyanne,2.32e-4
Anika,2.31e-4
Esperanza,2.3e-4
Regina,2.3e-4
Jaiden,2.29e-4
Arielle,2.28e-4
Aimee,2.27e-4
Kelli,2.26e-4
Judith,2.26e-4
Madilyn,2.25e-4
Jaida,2.24e-4
Camila,2.23e-4
Sydnee,2.23e-4
Reyna,2.22e-4
Ciera,2.22e-4
Tyra,2.22e-4
Zoie,2.22e-4
Tayler,2.21e-4
Destiney,2.21e-4
Corinne,2.19e-4
Jazlyn,2.18e-4
Toni,2.18e-4
Carrie,2.17e-4
Nataly,2.17e-4
Frances,2.16e-4
Juliette,2.16e-4
Amya,2.15e-4
Edith,2.15e-4
Celia,2.14e-4
Litzy,2.14e-4
Marley,2.14e-4
Mollie,2.14e-4
Stella,2.13e-4
Cayla,2.12e-4
Fernanda,2.11e-4
Paula,2.11e-4
Jewel,2.11e-4
Stacy,2.11e-4
Maia,2.1e-4
Carina,2.1e-4
Helena,2.1e-4
Antonia,2.09e-4
Tanya,2.09e-4
Bella,2.08e-4
Citlalli,2.08e-4
Joselyn,2.08e-4
Devin,2.07e-4
Kaya,2.07e-4
Elaine,2.06e-4
Laney,2.06e-4
Nya,2.06e-4
Breana,2.06e-4
Emilia,2.05e-4
Skyla,2.05e-4
Karlee,2.05e-4
Eileen,2.04e-4
Mara,2.04e-4
Blanca,2.04e-4
Christian,2.02e-4
Laurel,2.02e-4
Micah,2.02e-4
Sydni,2.02e-4
Valentina,2.02e-4
Kailyn,2.01e-4
Keely,2.01e-4
Leanna,2.01e-4
Mariela,2.01e-4
Destini,2.01e-4
Savanah,2.01e-4
Adrienne,2e-4
Giovanna,2e-4
Halie,2e-4
Chyna,1.99e-4
Rosemary,1.99e-4
Lila,1.99e-4
Tess,1.99e-4
Tina,1.99e-4
Yvette,1.99e-4
Kaylyn,1.98e-4
Aleah,1.98e-4
Haven,1.98e-4
Maci,1.98e-4
Nicolette,1.97e-4
Tierra,1.97e-4
Desirae,1.96e-4
Hana,1.96e-4
Brynn,1.95e-4
Thalia,1.95e-4
Ayana,1.95e-4
Jolie,1.95e-4
Alisa,1.94e-4
Ally,1.93e-4
Sheila,1.93e-4
Stephany,1.93e-4
Aracely,1.92e-4
Ebony,1.92e-4
Kaelyn,1.92e-4
Violet,1.92e-4
Delilah,1.92e-4
Willow,1.92e-4
Kianna,1.91e-4
Damaris,1.91e-4
Katelin,1.9e-4
Kayley,1.9e-4
Brielle,1.89e-4
Estefania,1.89e-4
Montana,1.89e-4
Gwendolyn,1.88e-4
Maura,1.88e-4
Micaela,1.87e-4
Aisha,1.87e-4
Joyce,1.86e-4
Ryleigh,1.86e-4
Karlie,1.86e-4
Mariam,1.85e-4
Hayden,1.85e-4
Salma,1.84e-4
Harmony,1.84e-4
Kasandra,1.84e-4
Lea,1.84e-4
Shayna,1.84e-4
Carlee,1.83e-4
Shyann,1.83e-4
Katarina,1.83e-4
Margarita,1.82e-4
Jazmyn,1.82e-4
Karli,1.82e-4
Lilian,1.82e-4
Madisen,1.82e-4
Yuliana,1.82e-4
Calista,1.81e-4
Robin,1.81e-4
Joana,1.8e-4
Donna,1.79e-4
Beyonce,1.78e-4
Monserrat,1.78e-4
Annette,1.78e-4
Bria,1.78e-4
Carson,1.78e-4
Janessa,1.77e-4
Estrella,1.76e-4
Sienna,1.76e-4
Alessandra,1.76e-4
Alena,1.75e-4
Abigayle,1.74e-4
Haylie,1.74e-4
Yadira,1.74e-4
Aliya,1.73e-4
Stacey,1.73e-4
Casandra,1.73e-4
Lyndsey,1.72e-4
Mattie,1.72e-4
Amani,1.71e-4
Janiya,1.71e-4
Kathy,1.71e-4
Beatriz,1.7e-4
Candace,1.7e-4
Lara,1.7e-4
Brianne,1.69e-4
Maribel,1.69e-4
Nikki,1.69e-4
Katharine,1.69e-4
Lizette,1.69e-4
Noelia,1.68e-4
Kacie,1.68e-4
Nayely,1.67e-4
Anaya,1.66e-4
Ingrid,1.66e-4
Ericka,1.65e-4
Shea,1.65e-4
Alysa,1.64e-4
Ansley,1.64e-4
Reilly,1.64e-4
Karly,1.63e-4
Lillie,1.63e-4
Essence,1.63e-4
Isabela,1.63e-4
Kennedi,1.63e-4
Sandy,1.63e-4
Adeline,1.62e-4
Aria,1.62e-4
Teagan,1.62e-4
Johana,1.62e-4
Aubree,1.61e-4
Hazel,1.61e-4
Kaylynn,1.61e-4
Kourtney,1.61e-4
Liberty,1.61e-4
Aylin,1.6e-4
Gia,1.6e-4
Maeve,1.6e-4
Parker,1.6e-4
Alexandrea,1.59e-4
Dorothy,1.59e-4
Hailie,1.59e-4
Jalyn,1.59e-4
Moriah,1.59e-4
Lia,1.58e-4
Cecelia,1.58e-4
Gretchen,1.58e-4
Jenifer,1.57e-4
Kenzie,1.57e-4
Shawna,1.57e-4
Catalina,1.56e-4
Berenice,1.56e-4
Lexus,1.56e-4
Devyn,1.55e-4
Nallely,1.55e-4
Quinn,1.55e-4
Shaniya,1.55e-4
Sheridan,1.54e-4
Sydnie,1.54e-4
Yazmin,1.54e-4
Shirley,1.54e-4
Annalise,1.53e-4
Armani,1.53e-4
Elissa,1.53e-4
Reese,1.53e-4
Ayla,1.52e-4
Christy,1.52e-4
Melinda,1.52e-4
Anissa,1.51e-4
Candice,1.51e-4
Kaylah,1.51e-4
Sally,1.51e-4
Rachelle,1.51e-4
Sade,1.51e-4
Susana,1.51e-4
Anita,1.5e-4
Carli,1.5e-4
Tracy,1.5e-4
Jaime,1.5e-4
Myah,1.5e-4
Kaiya,1.49e-4
Alize,1.49e-4
Devon,1.49e-4
Kellie,1.49e-4
Robyn,1.49e-4
Aiyana,1.48e-4
Arely,1.48e-4
Meaghan,1.48e-4
Elyse,1.48e-4
Meadow,1.48e-4
Presley,1.48e-4
Chaya,1.47e-4
Dasia,1.47e-4
Kelsi,1.47e-4
Jacey,1.46e-4
Shaylee,1.46e-4
Savana,1.46e-4
Rebeca,1.45e-4
Amira,1.45e-4
Nyasia,1.45e-4
Makaila,1.44e-4
Dayana,1.43e-4
Lizeth,1.43e-4
Reina,1.43e-4
Celine,1.43e-4
Kenia,1.43e-4
Ashanti,1.42e-4
Dalia,1.42e-4
Lyric,1.42e-4
Greta,1.41e-4
Loren,1.41e-4
Arlene,1.41e-4
Sarina,1.41e-4
Carol,1.4e-4
Jasmyn,1.4e-4
Graciela,1.39e-4
Christa,1.39e-4
Jeanette,1.39e-4
Alexys,1.38e-4
Raina,1.38e-4
Iyana,1.38e-4
Janice,1.38e-4
Unique,1.38e-4
Alia,1.37e-4
Allyssa,1.37e-4
Paloma,1.37e-4
Aryanna,1.37e-4
Kya,1.37e-4
London,1.37e-4
Rita,1.37e-4
Christiana,1.36e-4
Jaycee,1.36e-4
Shakira,1.36e-4
Kallie,1.36e-4
Aliza,1.35e-4
Jacklyn,1.35e-4
Jakayla,1.35e-4
Magdalena,1.35e-4
Annabel,1.34e-4
Hadley,1.34e-4
Dianna,1.34e-4
Karley,1.34e-4
Michele,1.34e-4
Norma,1.34e-4
Darlene,1.33e-4
Drew,1.33e-4
Iliana,1.33e-4
Jaylin,1.33e-4
Kayli,1.33e-4
Kinsey,1.33e-4
Amara,1.33e-4
Kaela,1.33e-4
Nyla,1.33e-4
Princess,1.33e-4
Ximena,1.33e-4
Lourdes,1.32e-4
Mireya,1.32e-4
Jimena,1.32e-4
Katia,1.32e-4
Kristine,1.32e-4
Maegan,1.32e-4
Samara,1.32e-4
Silvia,1.32e-4
Abril,1.31e-4
Diane,1.31e-4
Selina,1.31e-4
Daisha,1.31e-4
Cielo,1.3e-4
Hillary,1.3e-4
Juanita,1.3e-4
Rayna,1.3e-4
Cali,1.3e-4
Kacey,1.3e-4
Kaia,1.29e-4
Reanna,1.29e-4
Bonnie,1.29e-4
Fabiola,1.29e-4
Melany,1.29e-4
Kari,1.28e-4
Liana,1.28e-4
Yessenia,1.28e-4
Jena,1.27e-4
Baby,1.27e-4
Brook,1.27e-4
Bryana,1.26e-4
Emmalee,1.26e-4
Ireland,1.26e-4
Jackeline,1.26e-4
Stefanie,1.26e-4
Ashtyn,1.26e-4
Jamya,1.26e-4
Marianna,1.26e-4
Eryn,1.25e-4
Roxana,1.25e-4
Taina,1.25e-4
Aubrie,1.25e-4
Frida,1.25e-4
Lilliana,1.25e-4
Abigale,1.24e-4
Elsa,1.24e-4
Yolanda,1.24e-4
Abagail,1.23e-4
Elyssa,1.23e-4
Kaliyah,1.23e-4
Caitlynn,1.22e-4
Patience,1.22e-4
Chandler,1.21e-4
Kalyn,1.21e-4
Maranda,1.21e-4
Chantel,1.21e-4
Deasia,1.21e-4
Kenna,1.21e-4
Ashly,1.2e-4
Chanel,1.2e-4
Gabriel,1.2e-4
Jaquelin,1.2e-4
Mikaila,1.2e-4
Caleigh,1.2e-4
Ryann,1.2e-4
Saige,1.19e-4
Scarlett,1.19e-4
Taliyah,1.19e-4
Taniya,1.19e-4
Jana,1.18e-4
Lana,1.18e-4
Odalys,1.18e-4
Penelope,1.18e-4
Bridgette,1.18e-4
Jazmyne,1.18e-4
Joelle,1.18e-4
Journey,1.18e-4
Mandy,1.18e-4
Myra,1.18e-4
Celina,1.17e-4
Rocio,1.17e-4
Ivette,1.17e-4
Lori,1.17e-4
Citlali,1.16e-4
Marlee,1.16e-4
Kaci,1.16e-4
Lisette,1.15e-4
Chana,1.15e-4
Camilla,1.14e-4
Jailyn,1.14e-4
Taya,1.14e-4
Yajaira,1.14e-4
Annabella,1.14e-4
Emerald,1.14e-4
Alycia,1.13e-4
Dafne,1.13e-4
Mira,1.13e-4
Anjali,1.12e-4
Hayleigh,1.12e-4
Sky,1.12e-4
Sarahi,1.12e-4
Yoselin,1.12e-4
Areli,1.11e-4
Jayde,1.11e-4
Keara,1.11e-4
Madalynn,1.11e-4
Nadine,1.11e-4
Priscila,1.11e-4
Alex,1.11e-4
Miah,1.11e-4
Tatianna,1.11e-4
Audra,1.1e-4
Katy,1.1e-4
Brionna,1.1e-4
Darby,1.1e-4
Jaidyn,1.1e-4
Keila,1.1e-4
Natalya,1.1e-4
Vanesa,1.1e-4
Beatrice,1.09e-4
Jaylynn,1.09e-4
Melisa,1.09e-4
Randi,1.09e-4
Miya,1.09e-4
Rianna,1.09e-4
Sheyla,1.09e-4
Aryana,1.08e-4
Belen,1.08e-4
