name,percent
Jacob,0.014792
Michael,0.013669
Joshua,0.012581
Matthew,0.01218
Ethan,0.010709
Andrew,0.010658
Joseph,0.010592
Christopher,0.010542
Nicholas,0.01036
Daniel,0.010313
William,0.009741
Anthony,0.009477
David,0.009026
Tyler,0.008849
Alexander,0.008575
Ryan,0.008552
John,0.008443
James,0.008205
Zachary,0.008052
Brandon,0.007883
Jonathan,0.007504
Justin,0.007216
Dylan,0.007177
Christian,0.007061
Samuel,0.00704
Austin,0.007039
Benjamin,0.006524
Nathan,0.006402
Logan,0.006282
Jose,0.006229
Noah,0.005842
Gabriel,0.005837
Kevin,0.005834
Robert,0.005821
Caleb,0.005646
Thomas,0.005466
Jordan,0.005392
Hunter,0.005367
Cameron,0.005009
Kyle,0.004875
Elijah,0.004865
Jason,0.004818
Jack,0.004359
Aaron,0.004356
Isaiah,0.004333
Luke,0.004211
Connor,0.004075
Isaac,0.004017
Angel,0.003965
Jackson,0.003948
Brian,0.003915
Eric,0.003839
Mason,0.003817
Juan,0.003788
Adam,0.003751
Evan,0.003579
Luis,0.00357
Charles,0.003489
Sean,0.003405
Aidan,0.003369
Gavin,0.003366
Nathaniel,0.003296
Alex,0.003295
Bryan,0.003205
Carlos,0.00319
Jesus,0.003083
Ian,0.00308
Steven,0.003011
Cole,0.002925
Timothy,0.002911
Cody,0.002873
Seth,0.002776
Adrian,0.002749
Devin,0.002632
Lucas,0.002605
Blake,0.002594
Richard,0.002573
Julian,0.00253
Patrick,0.002495
Sebastian,0.002487
Trevor,0.002452
Chase,0.002354
Dominic,0.002349
Jared,0.002342
Antonio,0.002288
Jeremiah,0.002281
Xavier,0.002252
Jaden,0.00225
Miguel,0.002249
Jesse,0.002145
Garrett,0.002111
Alejandro,0.00211
Mark,0.002044
Owen,0.00203
Jeremy,0.002018
Hayden,0.002006
Bryce,0.00197
Diego,0.001927
Riley,0.001917
Victor,0.001904
Jayden,0.001866
Jake,0.001837
Tristan,0.001803
Kenneth,0.001775
Carson,0.001743
Marcus,0.001713
Carter,0.001686
Dakota,0.001685
Jorge,0.001675
Spencer,0.00167
Tanner,0.001669
Kaleb,0.001667
Liam,0.001636
Stephen,0.001618
Henry,0.001609
Colin,0.001606
Dalton,0.001591
Paul,0.001574
Edward,0.001568
Wyatt,0.001567
Oscar,0.001566
Joel,0.001542
Vincent,0.001542
Brendan,0.001522
Colby,0.00151
Parker,0.0015
Grant,0.00149
Colton,0.001475
Maxwell,0.001472
Shane,0.001469
George,0.001458
Jeffrey,0.001454
Eduardo,0.001432
Peter,0.001385
Aiden,0.001371
Ivan,0.001362
Nicolas,0.001361
Brayden,0.00136
Derek,0.00135
Gage,0.001331
Francisco,0.001326
Landon,0.001319
Ricardo,0.001312
Travis,0.001306
Cristian,0.001301
Jalen,0.001301
Brady,0.001287
Collin,0.001286
Bradley,0.001281
Alan,0.001269
Omar,0.001269
Shawn,0.001267
Caden,0.00126
Josiah,0.00124
Preston,0.001219
Erik,0.001192
Andres,0.00118
Javier,0.00118
Fernando,0.001173
Devon,0.001159
Alexis,0.001152
Cesar,0.001145
Damian,0.001135
Manuel,0.001125
Max,0.001123
Jonah,0.00112
Levi,0.001113
Braden,0.00111
Gregory,0.001103
Johnathan,0.001095
Mario,0.001094
Nolan,0.001082
Micah,0.001076
Kaden,0.001074
Edgar,0.001064
Mitchell,0.001052
Raymond,0.00105
Clayton,0.001046
Edwin,0.001039
Trenton,0.001025
Corey,0.00102
Erick,9.94e-4
Wesley,9.93e-4
Emmanuel,9.83e-4
Scott,9.82e-4
Marco,9.79e-4
Sergio,9.79e-4
Roberto,9.65e-4
Dustin,9.59e-4
Taylor,9.52e-4
Donovan,9.51e-4
Martin,9.48e-4
Dawson,9.46e-4
Hector,9.39e-4
Cooper,9.35e-4
Conner,9.33e-4
Eli,9.29e-4
Brett,9.04e-4
Harrison,9.04e-4
Ashton,8.98e-4
Dillon,8.95e-4
Giovanni,8.91e-4
Jakob,8.89e-4
Abraham,8.69e-4
Peyton,8.55e-4
Alec,8.47e-4
Cade,8.31e-4
Andy,8.3e-4
Andre,8.22e-4
Malachi,8.08e-4
Malik,8.03e-4
Damien,8e-4
Trey,7.8e-4
Ty,7.79e-4
Jaylen,7.74e-4
Frank,7.69e-4
Drew,7.62e-4
Elias,7.61e-4
Ruben,7.61e-4
Josue,7.59e-4
Calvin,7.56e-4
Zane,7.55e-4
Skyler,7.54e-4
Dominick,7.53e-4
Pedro,7.53e-4
Phillip,7.49e-4
Ronald,7.36e-4
Griffin,7.13e-4
Bryson,7.11e-4
Leonardo,7.08e-4
Trent,7.04e-4
Chance,7.02e-4
Rafael,7.02e-4
Gerardo,6.99e-4
Derrick,6.97e-4
Johnny,6.93e-4
Darius,6.88e-4
Chandler,6.87e-4
Miles,6.86e-4
Raul,6.81e-4
Casey,6.78e-4
Simon,6.76e-4
Armando,6.75e-4
Kobe,6.75e-4
Avery,6.72e-4
Allen,6.66e-4
Marcos,6.44e-4
Keith,6.42e-4
Troy,6.3e-4
Enrique,6.3e-4
Israel,6.29e-4
Donald,6.24e-4
Keegan,6.22e-4
Zackary,6.18e-4
Payton,6.17e-4
Julio,6.16e-4
Dante,6.14e-4
Jaime,6.12e-4
Brenden,6.01e-4
Kameron,5.98e-4
Lance,5.97e-4
Alberto,5.95e-4
Philip,5.81e-4
Brock,5.76e-4
Gustavo,5.7e-4
Drake,5.67e-4
Jimmy,5.66e-4
Oliver,5.65e-4
Jonathon,5.62e-4
Danny,5.61e-4
Fabian,5.57e-4
Louis,5.52e-4
Brennan,5.43e-4
Mathew,5.43e-4
Cory,5.42e-4
Kai,5.36e-4
Kyler,5.36e-4
Angelo,5.26e-4
Brody,5.24e-4
Dennis,5.24e-4
Jace,5.19e-4
Marc,5.17e-4
Tony,5.16e-4
Gary,5.05e-4
Camden,5.04e-4
Jerry,5.02e-4
Roman,5.02e-4
Arturo,5e-4
Saul,4.98e-4
Damon,4.97e-4
Curtis,4.96e-4
Corbin,4.94e-4
Randy,4.93e-4
Emanuel,4.91e-4
Pablo,4.9e-4
Tucker,4.84e-4
Lorenzo,4.77e-4
Albert,4.76e-4
Lane,4.75e-4
Theodore,4.72e-4
Myles,4.7e-4
Darren,4.69e-4
Alfredo,4.64e-4
Bryant,4.61e-4
Douglas,4.6e-4
Larry,4.6e-4
Tyson,4.52e-4
Chad,4.5e-4
Grayson,4.5e-4
Jaxon,4.45e-4
Joe,4.44e-4
Quinn,4.43e-4
Maximus,4.42e-4
Axel,4.42e-4
Tristen,4.37e-4
Melvin,4.35e-4
Nickolas,4.31e-4
Lukas,4.3e-4
Ali,4.2e-4
Ramon,4.2e-4
Santiago,4.18e-4
Ayden,4.17e-4
Ernesto,4.13e-4
Zachery,4.13e-4
Bailey,4.12e-4
Maximilian,4.12e-4
Arthur,4.09e-4
Russell,4.06e-4
Kristopher,4.06e-4
Braxton,4.05e-4
Jayson,4.03e-4
Walter,4.03e-4
Justice,4.01e-4
Zion,4.01e-4
Jay,3.98e-4
Esteban,3.96e-4
Moises,3.96e-4
Emilio,3.95e-4
Ismael,3.92e-4
Leo,3.91e-4
Dallas,3.89e-4
Tommy,3.88e-4
Ricky,3.87e-4
Salvador,3.87e-4
Marvin,3.85e-4
Lawrence,3.84e-4
Ezekiel,3.83e-4
Micheal,3.83e-4
Camron,3.8e-4
Carl,3.79e-4
Reece,3.78e-4
Quentin,3.77e-4
Mauricio,3.76e-4
Abel,3.75e-4
Mateo,3.7e-4
Brayan,3.68e-4
Jaheim,3.64e-4
Isiah,3.62e-4
Nikolas,3.6e-4
Amir,3.6e-4
Braeden,3.59e-4
Jeffery,3.54e-4
Brent,3.52e-4
Jamal,3.51e-4
Deandre,3.5e-4
Jon,3.49e-4
Kade,3.48e-4
Marshall,3.48e-4
Branden,3.46e-4
Hugo,3.46e-4
Rodney,3.46e-4
Dean,3.45e-4
Orlando,3.43e-4
Morgan,3.43e-4
Jaiden,3.41e-4
Cayden,3.39e-4
Jarrett,3.39e-4
Maurice,3.37e-4
Craig,3.33e-4
Terry,3.33e-4
Chris,3.32e-4
Weston,3.32e-4
Eddie,3.3e-4
Skylar,3.3e-4
Kolby,3.28e-4
Roger,3.28e-4
Reese,3.27e-4
Conor,3.27e-4
Jaylin,3.26e-4
Keaton,3.25e-4
Davis,3.22e-4
Kody,3.22e-4
Rodrigo,3.22e-4
Trevon,3.21e-4
Felix,3.2e-4
Kelvin,3.19e-4
Zachariah,3.18e-4
Jessie,3.15e-4
Jaylon,3.13e-4
Bobby,3.12e-4
Brendon,3.11e-4
Shaun,3.07e-4
Javon,3.04e-4
Guillermo,3.03e-4
Julius,3.03e-4
Ahmad,3.03e-4
Walker,3.01e-4
Aldo,3e-4
Quinton,3e-4
Zackery,3e-4
Graham,2.99e-4
Nelson,2.98e-4
Holden,2.98e-4
Issac,2.98e-4
Johnathon,2.95e-4
Jadon,2.93e-4
Charlie,2.9e-4
Clay,2.89e-4
Osvaldo,2.88e-4
Dorian,2.84e-4
Rene,2.84e-4
Demetrius,2.83e-4
Khalil,2.82e-4
Reginald,2.82e-4
Billy,2.82e-4
Desmond,2.82e-4
Malcolm,2.82e-4
Frederick,2.81e-4
Nasir,2.81e-4
Quincy,2.81e-4
Silas,2.81e-4
Damion,2.8e-4
Harley,2.79e-4
Blaine,2.79e-4
Davion,2.77e-4
Elliot,2.76e-4
Willie,2.76e-4
Jonas,2.73e-4
Roy,2.73e-4
Declan,2.72e-4
Ezra,2.72e-4
Terrance,2.71e-4
Sam,2.7e-4
Adan,2.69e-4
Bennett,2.69e-4
Gerald,2.68e-4
Reid,2.67e-4
Kenny,2.67e-4
Jermaine,2.66e-4
Noel,2.65e-4
Uriel,2.65e-4
Felipe,2.63e-4
Steve,2.63e-4
Tyrese,2.63e-4
Nathanael,2.6e-4
Tate,2.59e-4
Dane,2.58e-4
Kristian,2.58e-4
Emiliano,2.55e-4
Alvin,2.54e-4
Solomon,2.54e-4
Kendall,2.54e-4
Tomas,2.53e-4
Noe,2.51e-4
Triston,2.5e-4
Aden,2.47e-4
Bruce,2.47e-4
Wilson,2.46e-4
Todd,2.46e-4
Cyrus,2.45e-4
Franklin,2.45e-4
Moses,2.45e-4
Amari,2.44e-4
Terrell,2.44e-4
Rylan,2.42e-4
Toby,2.42e-4
Landen,2.41e-4
Allan,2.4e-4
Rogelio,2.36e-4
Darian,2.36e-4
Hudson,2.34e-4
Cedric,2.33e-4
Jasper,2.32e-4
Asher,2.31e-4
Jaquan,2.31e-4
Byron,2.29e-4
Duncan,2.29e-4
Stanley,2.29e-4
Tristin,2.29e-4
Jerome,2.28e-4
Kendrick,2.27e-4
Leon,2.27e-4
Alfonso,2.27e-4
Reed,2.27e-4
Dale,2.26e-4
Joaquin,2.25e-4
Francis,2.24e-4
Sawyer,2.24e-4
Coby,2.24e-4
Dayton,2.24e-4
Marquis,2.21e-4
Kayden,2.2e-4
Mohamed,2.19e-4
Rodolfo,2.19e-4
Beau,2.19e-4
Ramiro,2.19e-4
Tyrone,2.19e-4
Ahmed,2.17e-4
Joey,2.17e-4
Johan,2.17e-4
Marlon,2.17e-4
Deven,2.16e-4
Ariel,2.14e-4
Randall,2.14e-4
Devan,2.14e-4
Braydon,2.12e-4
Lee,2.12e-4
Pierce,2.12e-4
Rohan,2.12e-4
Trace,2.12e-4
Harry,2.11e-4
Gilberto,2.1e-4
Alonzo,2.1e-4
Jaydon,2.08e-4
Luca,2.08e-4
Kaiden,2.07e-4
Warren,2.06e-4
Jamie,2.06e-4
Jude,2.05e-4
Ross,2.05e-4
Mohammad,2.05e-4
Tobias,2.05e-4
Zander,2.04e-4
Omarion,2.03e-4
Elliott,2.02e-4
Rolando,2.02e-4
Tyrell,2.02e-4
Wayne,2.02e-4
Wade,2.01e-4
Easton,2e-4
Jayce,1.98e-4
Leonel,1.97e-4
Ulises,1.97e-4
Mekhi,1.97e-4
Xander,1.97e-4
Darrell,1.96e-4
Ben,1.96e-4
Eugene,1.96e-4
Will,1.95e-4
Addison,1.94e-4
Ronnie,1.94e-4
Isaias,1.94e-4
Coleman,1.93e-4
Jarod,1.93e-4
Jordon,1.93e-4
Kieran,1.93e-4
Vicente,1.93e-4
Gunnar,1.93e-4
Terrence,1.92e-4
Deshawn,1.92e-4
Ezequiel,1.92e-4
Colten,1.91e-4
Leonard,1.91e-4
Izaiah,1.91e-4
Jamari,1.88e-4
Rudy,1.88e-4
Romeo,1.88e-4
Adolfo,1.87e-4
Kolton,1.87e-4
Mohammed,1.87e-4
Savion,1.86e-4
Garret,1.86e-4
Tyree,1.85e-4
Neil,1.84e-4
Sage,1.84e-4
Dominique,1.83e-4
Alvaro,1.83e-4
Dominik,1.83e-4
Koby,1.83e-4
Ray,1.81e-4
Jaxson,1.81e-4
Efrain,1.8e-4
Brennen,1.78e-4
Orion,1.78e-4
Jaron,1.77e-4
Harold,1.76e-4
Keenan,1.76e-4
Sterling,1.73e-4
Everett,1.72e-4
Ernest,1.71e-4
Gilbert,1.7e-4
Davon,1.69e-4
Humberto,1.69e-4
Lewis,1.68e-4
Mike,1.66e-4
Salvatore,1.66e-4
Rashad,1.65e-4
Agustin,1.64e-4
Titus,1.64e-4
Donte,1.63e-4
Elisha,1.63e-4
Jett,1.62e-4
Yahir,1.62e-4
Brice,1.61e-4
Darryl,1.61e-4
Dashawn,1.6e-4
Julien,1.6e-4
Karl,1.6e-4
Lincoln,1.59e-4
River,1.59e-4
Darien,1.58e-4
Kole,1.58e-4
Grady,1.58e-4
Dwayne,1.56e-4
Phoenix,1.56e-4
Glenn,1.55e-4
Jamar,1.55e-4
Cullen,1.54e-4
Jameson,1.54e-4
Kadin,1.54e-4
Alonso,1.53e-4
Jairo,1.53e-4
Keon,1.53e-4
Antoine,1.53e-4
Jair,1.53e-4
Kareem,1.53e-4
Elvis,1.52e-4
Quintin,1.52e-4
Ralph,1.51e-4
Davin,1.5e-4
Devonte,1.5e-4
Junior,1.5e-4
Moshe,1.5e-4
Cristopher,1.49e-4
Nathanial,1.49e-4
Gunner,1.48e-4
Roderick,1.48e-4
Ignacio,1.47e-4
Kane,1.47e-4
Cruz,1.46e-4
Freddy,1.46e-4
Keshawn,1.46e-4
Aron,1.45e-4
Jamison,1.44e-4
Irvin,1.44e-4
Justus,1.44e-4
Judah,1.43e-4
Talon,1.43e-4
Shamar,1.41e-4
Anton,1.41e-4
Jagger,1.4e-4
Markus,1.39e-4
Nehemiah,1.39e-4
Kamron,1.39e-4
Zechariah,1.38e-4
Alfred,1.38e-4
Derick,1.38e-4
Ibrahim,1.38e-4
Muhammad,1.38e-4
Garrison,1.37e-4
Marquise,1.37e-4
Stefan,1.37e-4
Anderson,1.36e-4
August,1.36e-4
Devyn,1.36e-4
Nigel,1.36e-4
Daquan,1.35e-4
Rhett,1.35e-4
Kurt,1.35e-4
Asa,1.34e-4
Reynaldo,1.34e-4
Heath,1.33e-4
Gordon,1.33e-4
Josh,1.33e-4
Keyshawn,1.33e-4
Sidney,1.32e-4
Donavan,1.31e-4
Karson,1.31e-4
Caiden,1.3e-4
Kellen,1.3e-4
Raphael,1.3e-4
Jarred,1.29e-4
Zakary,1.29e-4
Alijah,1.28e-4
Porter,1.28e-4
Sheldon,1.28e-4
Howard,1.28e-4
Rigoberto,1.28e-4
Layne,1.27e-4
Octavio,1.27e-4
Clarence,1.27e-4
Darnell,1.27e-4
Deon,1.27e-4
Jean,1.26e-4
Milton,1.25e-4
Misael,1.25e-4
Rory,1.25e-4
Dillan,1.24e-4
Emmett,1.24e-4
Jaylan,1.24e-4
Omari,1.24e-4
Brodie,1.23e-4
Jabari,1.23e-4
Demarcus,1.23e-4
Greyson,1.23e-4
Jefferson,1.23e-4
Kenyon,1.23e-4
Denzel,1.22e-4
Maximillian,1.22e-4
Alessandro,1.21e-4
Darion,1.21e-4
Gianni,1.21e-4
Ari,1.2e-4
Jaeden,1.2e-4
Nico,1.2e-4
Alexandro,1.2e-4
Dandre,1.2e-4
Keyon,1.2e-4
Amarion,1.19e-4
Draven,1.19e-4
Gael,1.19e-4
Kevon,1.19e-4
Ryder,1.19e-4
Isai,1.19e-4
Keagan,1.19e-4
Santos,1.19e-4
Clinton,1.18e-4
Gaven,1.18e-4
Gonzalo,1.17e-4
Lamar,1.17e-4
Camren,1.17e-4
Geoffrey,1.16e-4
Jarrod,1.16e-4
Brycen,1.15e-4
Korey,1.15e-4
Roland,1.15e-4
Brooks,1.14e-4
Dallin,1.14e-4
Tariq,1.14e-4
Dangelo,1.13e-4
Jahiem,1.13e-4
Shannon,1.13e-4
Conrad,1.12e-4
Frankie,1.12e-4
Cale,1.12e-4
Quinten,1.12e-4
Thaddeus,1.12e-4
Xzavier,1.12e-4
Brad,1.11e-4
Braiden,1.11e-4
Semaj,1.11e-4
Abdullah,1.11e-4
Waylon,1.11e-4
Austyn,1.1e-4
Baby,1.1e-4
Stephan,1.1e-4
Alexzander,1.1e-4
Bernard,1.1e-4
German,1.1e-4
Hamza,1.1e-4
Kelton,1.1e-4
Perry,1.09e-4
Rocco,1.09e-4
Sincere,1.09e-4
Giancarlo,1.09e-4
Hassan,1.09e-4
Jacoby,1.09e-4
Ronaldo,1.09e-4
Travon,1.09e-4
Emerson,1.08e-4
Guadalupe,1.08e-4
Reagan,1.08e-4
Armani,1.08e-4
Cael,1.08e-4
Elmer,1.08e-4
Jaren,1.07e-4
Joan,1.07e-4
Jovan,1.07e-4
Khalid,1.07e-4
Shea,1.07e-4
Antony,1.07e-4
Bruno,1.07e-4
Darin,1.07e-4
Gideon,1.07e-4
Tristian,1.06e-4
Darrius,1.06e-4
Deonte,1.06e-4
Dimitri,1.06e-4
Jamel,1.06e-4
Winston,1.06e-4
Blaze,1.05e-4
Javion,1.05e-4
Jorden,1.05e-4
Matteo,1.05e-4
Reuben,1.05e-4
Estevan,1.05e-4
Jovani,1.05e-4
Tre,1.05e-4
Maverick,1.04e-4
Seamus,1.04e-4
Blaise,1.04e-4
Finn,1.03e-4
Heriberto,1.03e-4
Isaak,1.03e-4
Keanu,1.03e-4
Clark,1.02e-4
Milo,1.02e-4
Jordy,1.01e-4
Destin,1.01e-4
Leroy,1.01e-4
Norman,1.01e-4
Chaz,1e-4
Sonny,1e-4
Ulysses,1e-4
Elian,1e-4
Korbin,1e-4
Dexter,9.9e-5
Rowan,9.9e-5
Austen,9.9e-5
Braedon,9.9e-5
Deangelo,9.9e-5
Reilly,9.9e-5
Ronan,9.8e-5
Trevion,9.8e-5
Justyn,9.8e-5
Treyton,9.8e-5
Stone,9.7e-5
Adrien,9.7e-5
Dion,9.7e-5
Fredrick,9.7e-5
Nick,9.7e-5
Sammy,9.7e-5
Yosef,9.7e-5
Brenton,9.6e-5
Earl,9.6e-5
Tylor,9.6e-5
Keven,9.6e-5
Kurtis,9.6e-5
Samir,9.6e-5
Abram,9.5e-5
Augustus,9.5e-5
Clifford,9.5e-5
Lawson,9.5e-5
Paxton,9.5e-5
Vance,9.5e-5
Dario,9.5e-5
Bernardo,9.5e-5
Jakobe,9.5e-5
Josef,9.5e-5
Kennedy,9.5e-5
Marcel,9.5e-5
Nestor,9.5e-5
Deshaun,9.4e-5
Forrest,9.4e-5
Nathen,9.4e-5
Tavion,9.4e-5
Barry,9.4e-5
Colt,9.4e-5
Kian,9.4e-5
Domenic,9.3e-5
Gavyn,9.3e-5
Shayne,9.3e-5
Benny,9.3e-5
Cornelius,9.3e-5
Hugh,9.3e-5
Aditya,9.2e-5
Adonis,9.2e-5
Bret,9.2e-5
Cordell,9.2e-5
Stuart,9.2e-5
Aryan,9.1e-5
Jadyn,9.1e-5
Kylan,9.1e-5
Lamont,9.1e-5
London,9.1e-5
Marcelo,9.1e-5
Nash,9.1e-5
Trever,9.1e-5
Fred,9e-5
Houston,9e-5
Irving,9e-5
Kelly,9e-5
Latrell,9e-5
Remington,9e-5
Oswaldo,8.9e-5
Tyshawn,8.9e-5
Efren,8.9e-5
Samson,8.9e-5
Chaim,8.8e-5
Jaheem,8.8e-5
Nikhil,8.8e-5
Zaire,8.8e-5
Glen,8.8e-5
Layton,8.8e-5
Pranav,8.8e-5
Arnold,8.7e-5
Daryl,8.7e-5
Malakai,8.7e-5
Fidel,8.7e-5
Javen,8.7e-5
Lisandro,8.7e-5
Alden,8.6e-5
Darwin,8.6e-5
Kale,8.6e-5
Santino,8.6e-5
Ellis,8.6e-5
Lonnie,8.6e-5
Stephon,8.6e-5
Adriel,8.5e-5
Dylon,8.5e-5
Ethen,8.5e-5
Raymundo,8.5e-5
Carlton,8.5e-5
Duane,8.5e-5
Giovanny,8.5e-5
Jan,8.5e-5
Gino,8.4e-5
Haden,8.4e-5
Marquez,8.4e-5
Rey,8.4e-5
Zain,8.4e-5
Barrett,8.4e-5
Luciano,8.4e-5
Mitchel,8.4e-5
Turner,8.4e-5
Vernon,8.4e-5
Zavier,8.4e-5
Gaige,8.3e-5
Guy,8.3e-5
Kasey,8.3e-5
Luc,8.3e-5
Maximo,8.3e-5
Rickey,8.3e-5
Rylee,8.3e-5
Vaughn,8.3e-5
Antwan,8.3e-5
Aubrey,8.3e-5
Cason,8.3e-5
Eliseo,8.3e-5
Jamil,8.3e-5
Rahul,8.3e-5
Darrin,8.2e-5
Darrion,8.2e-5
Mustafa,8.2e-5
Jamir,8.2e-5
Jevon,8.2e-5
Mikel,8.2e-5
Pierre,8.2e-5
Kent,8.1e-5
Maxim,8.1e-5
Neal,8.1e-5
Sabastian,8.1e-5
Syed,8.1e-5
Trystan,8.1e-5
Bilal,8.1e-5
Eddy,8.1e-5
Gannon,8.1e-5
Jaquez,8.1e-5
Kyree,8.1e-5
Arjun,8e-5
Jarvis,8e-5
Jovany,8e-5
Bradyn,8e-5
Carlo,8e-5
Dontae,8e-5
Jase,8e-5
Zayne,7.9e-5
Clifton,7.9e-5
Cortez,7.9e-5
Shemar,7.9e-5
Dwight,7.9e-5
Kory,7.9e-5
Devante,7.8e-5
Herbert,7.8e-5
Kirk,7.8e-5
Osbaldo,7.8e-5
Trevin,7.8e-5
Zack,7.8e-5
Freddie,7.8e-5
Garett,7.8e-5
Immanuel,7.8e-5
Jeff,7.8e-5
Kristofer,7.8e-5
Prince,7.8e-5
Ryley,7.8e-5
Bo,7.7e-5
Cristobal,7.7e-5
Eliezer,7.7e-5
Giovani,7.7e-5
Sullivan,7.7e-5
Lloyd,7.7e-5
Niko,7.7e-5
Raven,7.7e-5
Ean,7.6e-5
Jovanni,7.6e-5
Alton,7.6e-5
Amos,7.6e-5
Gerard,7.6e-5
Keandre,7.6e-5
Mariano,7.6e-5
