name,percent
Emily,0.012418
Emma,0.010721
Madison,0.010233
Olivia,0.007992
Hannah,0.007741
Abigail,0.007656
Isabella,0.007451
Ashley,0.007131
Samantha,0.006832
Elizabeth,0.006718
Alexis,0.006678
Sarah,0.00631
Grace,0.006216
Alyssa,0.006005
Sophia,0.005418
Lauren,0.004956
Brianna,0.004858
Kayla,0.004843
Natalie,0.004807
Anna,0.004717
Jessica,0.004697
Taylor,0.004616
Chloe,0.004329
Hailey,0.004301
Ava,0.004288
Jasmine,0.004204
Sydney,0.004154
Victoria,0.004103
Ella,0.004088
Mia,0.003672
Morgan,0.00362
Julia,0.003546
Kaitlyn,0.003465
Rachel,0.003422
Katherine,0.003343
Megan,0.003319
Alexandra,0.003287
Jennifer,0.003248
Destiny,0.00324
Allison,0.002916
Savannah,0.00288
Maria,0.002852
Nicole,0.002848
Haley,0.00284
Mackenzie,0.00284
Brooke,0.002834
Makayla,0.002805
Trinity,0.002794
Kylie,0.002758
Kaylee,0.002699
Paige,0.002697
Faith,0.002684
Lily,0.00268
Zoe,0.002659
Stephanie,0.002571
Jenna,0.002569
Andrea,0.002507
Riley,0.002473
Katelyn,0.002454
Angelina,0.002433
Kimberly,0.002403
Mary,0.002378
Madeline,0.002364
Leah,0.002354
Lillian,0.002346
Michelle,0.00234
Amanda,0.002319
Sara,0.002233
Sofia,0.002219
Rebecca,0.002207
Jordan,0.002204
Alexa,0.002203
Gabrielle,0.002191
Caroline,0.002171
Vanessa,0.002157
Gabriella,0.002106
Avery,0.002007
Marissa,0.001987
Ariana,0.00198
Audrey,0.001935
Jada,0.00193
Autumn,0.001911
Maya,0.001868
Evelyn,0.001867
Jocelyn,0.001858
Arianna,0.001825
Isabel,0.001805
Amber,0.001802
Melanie,0.001777
Diana,0.001765
Danielle,0.00175
Sierra,0.001742
Leslie,0.001736
Aaliyah,0.001726
Erin,0.001671
Amelia,0.001661
Molly,0.001659
Claire,0.001656
Melissa,0.001653
Bailey,0.001642
Brooklyn,0.001618
Katie,0.001583
Catherine,0.001576
Nevaeh,0.001575
Angela,0.001566
Amy,0.001544
Isabelle,0.001538
Jacqueline,0.001524
Jade,0.001514
Gabriela,0.0015
Madelyn,0.001491
Shelby,0.00148
Mariah,0.001474
Gracie,0.001458
Mya,0.001435
Kennedy,0.001432
Breanna,0.00143
Daniela,0.00141
Adriana,0.001403
Briana,0.001402
Courtney,0.001371
Kathryn,0.001363
Christina,0.001355
Gianna,0.001353
Alexandria,0.001317
Lydia,0.001297
Miranda,0.001292
Angel,0.001291
Laura,0.001263
Alicia,0.001248
Ashlyn,0.001219
Alexia,0.001213
Margaret,0.001209
Peyton,0.001187
Sophie,0.001185
Rylee,0.001179
Kendall,0.001172
Kelly,0.001169
Ana,0.001162
Summer,0.001158
Kylee,0.001138
Natalia,0.001137
Daisy,0.001126
Reagan,0.001125
Naomi,0.001124
Lindsey,0.001118
Kate,0.001102
Kelsey,0.001092
Sabrina,0.001085
Mckenzie,0.001083
Alondra,0.001082
Cheyenne,0.001082
Jillian,0.001081
Skylar,0.001077
Karen,0.001074
Mikayla,0.001069
Paris,0.001067
Ruby,0.00105
Payton,0.001031
Addison,0.001019
Caitlin,0.001017
Kyla,0.001011
Juliana,0.001008
Caitlyn,0.001008
Crystal,0.001008
Abby,0.001004
Layla,9.99e-4
Cassidy,9.96e-4
Delaney,9.93e-4
Charlotte,9.88e-4
Mariana,9.87e-4
Bianca,9.85e-4
Cassandra,9.8e-4
Valeria,9.71e-4
Tiffany,9.69e-4
Angelica,9.61e-4
Carly,9.55e-4
Alana,9.48e-4
Hope,9.48e-4
Valerie,9.44e-4
Giselle,9.35e-4
Jasmin,9.35e-4
Erica,9.29e-4
Genesis,9.22e-4
Jazmin,9.22e-4
Jordyn,9.09e-4
Mallory,9.08e-4
Kiara,9.07e-4
Ellie,9.02e-4
Aubrey,8.99e-4
Serenity,8.81e-4
Erika,8.77e-4
Veronica,8.76e-4
Chelsea,8.69e-4
Karla,8.68e-4
Sadie,8.66e-4
Karina,8.6e-4
Eva,8.57e-4
Jamie,8.55e-4
Julianna,8.34e-4
Brenda,8.23e-4
Mckenna,8.23e-4
Lucy,8.13e-4
Celeste,8.11e-4
Maggie,8.08e-4
Alejandra,8.07e-4
Bethany,8.06e-4
Zoey,8.04e-4
Amaya,8.03e-4
Adrianna,8e-4
Lilly,8e-4
Esmeralda,7.99e-4
Makenzie,7.95e-4
Elena,7.85e-4
Nadia,7.85e-4
Jayla,7.74e-4
Meghan,7.73e-4
Cadence,7.69e-4
Kyra,7.66e-4
Ariel,7.64e-4
Aliyah,7.57e-4
Cynthia,7.53e-4
Liliana,7.53e-4
Camryn,7.52e-4
Elise,7.5e-4
Monica,7.49e-4
Makenna,7.27e-4
Kailey,7.13e-4
Alison,7.11e-4
Hanna,7.07e-4
Vivian,7.07e-4
Lizbeth,7.06e-4
Macy,7.02e-4
Desiree,6.89e-4
Jayden,6.87e-4
Rebekah,6.86e-4
Allyson,6.78e-4
Haylee,6.78e-4
Carmen,6.75e-4
Brittany,6.71e-4
Lindsay,6.71e-4
Josephine,6.63e-4
Nina,6.55e-4
Heather,6.46e-4
Hayley,6.44e-4
Jazmine,6.44e-4
Asia,6.41e-4
Kara,6.37e-4
Jaden,6.36e-4
Laila,6.36e-4
Camille,6.34e-4
Cameron,6.33e-4
Joanna,6.3e-4
Carolina,6.29e-4
Katelynn,6.28e-4
Shannon,6.22e-4
Keira,6.17e-4
Selena,6.17e-4
Reese,6.16e-4
Bella,6.15e-4
Julie,6.15e-4
Aniya,6.11e-4
Kristen,6.05e-4
Raven,6.05e-4
Diamond,6.04e-4
Guadalupe,6.03e-4
Piper,6.02e-4
Alaina,5.99e-4
Heaven,5.98e-4
Claudia,5.96e-4
Kendra,5.96e-4
Fatima,5.95e-4
Savanna,5.94e-4
Miriam,5.9e-4
Kira,5.88e-4
Tessa,5.86e-4
Dakota,5.85e-4
Cecilia,5.84e-4
April,5.82e-4
Sandra,5.82e-4
Katrina,5.8e-4
Ashlee,5.78e-4
Michaela,5.77e-4
Clara,5.77e-4
Kayleigh,5.77e-4
Camila,5.72e-4
Ashlynn,5.72e-4
Anastasia,5.71e-4
Nancy,5.67e-4
Tatiana,5.59e-4
Stella,5.58e-4
Jadyn,5.56e-4
Holly,5.55e-4
Allie,5.48e-4
Kaitlin,5.46e-4
Aniyah,5.45e-4
Esther,5.41e-4
Kirsten,5.41e-4
Kamryn,5.35e-4
Annabelle,5.29e-4
Eleanor,5.27e-4
Alayna,5.27e-4
Serena,5.26e-4
Natasha,5.26e-4
Cindy,5.23e-4
Nora,5.18e-4
Wendy,5.16e-4
Bridget,5.14e-4
Kaylie,5.14e-4
Skyler,5.12e-4
Melody,5.05e-4
Julissa,5.05e-4
Emilee,5.04e-4
Eliana,5.01e-4
Emely,5e-4
Patricia,4.95e-4
Kathleen,4.94e-4
Rylie,4.94e-4
Eliza,4.92e-4
Lexi,4.9e-4
Aurora,4.89e-4
Ciara,4.84e-4
Tara,4.84e-4
Josie,4.84e-4
Daniella,4.82e-4
Annika,4.81e-4
Fiona,4.81e-4
Kristina,4.81e-4
Jayda,4.79e-4
Brenna,4.79e-4
Alivia,4.77e-4
Madeleine,4.74e-4
Talia,4.74e-4
Meredith,4.73e-4
Marisa,4.73e-4
Alissa,4.72e-4
Yasmin,4.71e-4
Yesenia,4.71e-4
Mercedes,4.7e-4
Eden,4.67e-4
Leilani,4.64e-4
Heidi,4.63e-4
Paola,4.63e-4
Kassandra,4.61e-4
Callie,4.59e-4
Brooklynn,4.57e-4
Priscilla,4.57e-4
Shayla,4.57e-4
Cierra,4.53e-4
Britney,4.52e-4
Ruth,4.48e-4
Logan,4.47e-4
Leila,4.44e-4
Denise,4.43e-4
Rose,4.42e-4
Nia,4.4e-4
Marina,4.4e-4
Brynn,4.37e-4
Itzel,4.36e-4
Sage,4.36e-4
Harley,4.35e-4
Perla,4.35e-4
Kiana,4.31e-4
Helen,4.27e-4
Samara,4.25e-4
Clarissa,4.23e-4
Georgia,4.23e-4
Sasha,4.19e-4
Janiya,4.19e-4
Rachael,4.18e-4
Tori,4.18e-4
Christine,4.17e-4
Kiley,4.17e-4
Sidney,4.14e-4
Tamia,4.14e-4
Iris,4.12e-4
Kaydence,4.12e-4
Kiera,4.11e-4
Angie,4.1e-4
Kyleigh,4.06e-4
Anahi,4.05e-4
Casey,4.05e-4
Tatum,4.04e-4
Shania,4.01e-4
Annie,4e-4
Halle,3.98e-4
Ivy,3.96e-4
Imani,3.96e-4
Kadence,3.96e-4
Lauryn,3.96e-4
Alina,3.92e-4
Bryanna,3.92e-4
Nayeli,3.92e-4
Hailee,3.91e-4
Izabella,3.85e-4
Marisol,3.85e-4
Ximena,3.83e-4
Anne,3.8e-4
Ainsley,3.8e-4
Skye,3.78e-4
Madalyn,3.77e-4
Kassidy,3.76e-4
Alice,3.75e-4
Genevieve,3.75e-4
Phoebe,3.72e-4
Lesly,3.71e-4
Madisyn,3.71e-4
Teresa,3.7e-4
Nyla,3.7e-4
Ryleigh,3.69e-4
Liberty,3.69e-4
Lucia,3.68e-4
Joselyn,3.68e-4
Paulina,3.66e-4
Maritza,3.65e-4
Ashleigh,3.63e-4
Rosa,3.63e-4
Carolyn,3.62e-4
Linda,3.61e-4
Regan,3.61e-4
Taryn,3.6e-4
Gloria,3.59e-4
Amya,3.55e-4
Lacey,3.54e-4
Francesca,3.53e-4
Alexus,3.52e-4
Dayanara,3.52e-4
Lisa,3.5e-4
Dana,3.49e-4
Jaiden,3.49e-4
Viviana,3.48e-4
Krystal,3.48e-4
Tiana,3.48e-4
Elisabeth,3.47e-4
Ryan,3.47e-4
Cora,3.47e-4
Hallie,3.46e-4
Kaylin,3.46e-4
Amari,3.46e-4
Virginia,3.46e-4
Cristina,3.45e-4
Isabela,3.44e-4
Raquel,3.42e-4
Tabitha,3.41e-4
Jenny,3.4e-4
Noelle,3.4e-4
Alisha,3.39e-4
Larissa,3.38e-4
Malia,3.37e-4
Whitney,3.35e-4
Deanna,3.34e-4
Janet,3.33e-4
Kaitlynn,3.32e-4
Madyson,3.28e-4
Emilie,3.27e-4
Kiersten,3.27e-4
Alyson,3.26e-4
Elaina,3.26e-4
Jane,3.25e-4
Dulce,3.23e-4
Monique,3.19e-4
Nataly,3.19e-4
Kaleigh,3.18e-4
Lana,3.18e-4
Jimena,3.17e-4
Tania,3.16e-4
Ayanna,3.14e-4
Anya,3.13e-4
Emilia,3.13e-4
Carla,3.12e-4
Alanna,3.1e-4
Carissa,3.1e-4
Sarai,3.09e-4
Macie,3.08e-4
Dylan,3.08e-4
Renee,3.08e-4
Simone,3.06e-4
Anika,3.05e-4
India,3.05e-4
America,3.03e-4
Valentina,3.03e-4
Joy,3.02e-4
Marlene,3.01e-4
Jessie,3e-4
Miracle,3e-4
Athena,2.98e-4
Brielle,2.97e-4
Lila,2.97e-4
Brittney,2.96e-4
Raegan,2.96e-4
Haleigh,2.96e-4
Elle,2.95e-4
Elisa,2.94e-4
Marie,2.94e-4
Ellen,2.94e-4
Justice,2.93e-4
Fernanda,2.93e-4
Baylee,2.92e-4
Laci,2.91e-4
Dominique,2.91e-4
Johanna,2.9e-4
Carlie,2.9e-4
Madilyn,2.89e-4
Martha,2.87e-4
Alessandra,2.87e-4
Jaelyn,2.85e-4
Yasmine,2.84e-4
Tia,2.84e-4
Cara,2.83e-4
Carley,2.82e-4
Aileen,2.81e-4
Anaya,2.81e-4
Kendal,2.8e-4
Maddison,2.8e-4
Jaqueline,2.76e-4
Marley,2.76e-4
Kristin,2.75e-4
Abbigail,2.75e-4
Kaley,2.75e-4
Lola,2.75e-4
Lena,2.74e-4
Destinee,2.73e-4
Teagan,2.72e-4
Janessa,2.7e-4
Litzy,2.7e-4
Lilian,2.69e-4
Scarlett,2.67e-4
Pamela,2.66e-4
Kailee,2.66e-4
Trista,2.65e-4
Ashanti,2.64e-4
Isis,2.64e-4
Kailyn,2.64e-4
Kierra,2.64e-4
Haylie,2.63e-4
Lexie,2.63e-4
Mckayla,2.63e-4
Kaya,2.62e-4
Irene,2.62e-4
Judith,2.62e-4
Laney,2.62e-4
Kali,2.61e-4
Krista,2.61e-4
Janelle,2.6e-4
Karissa,2.58e-4
Madelynn,2.58e-4
Araceli,2.57e-4
Aspen,2.56e-4
Willow,2.56e-4
Katlyn,2.56e-4
Susan,2.56e-4
Zoie,2.56e-4
Sonia,2.55e-4
Sharon,2.55e-4
Maci,2.54e-4
Gillian,2.54e-4
Helena,2.54e-4
Mikaela,2.54e-4
Sylvia,2.54e-4
Maia,2.53e-4
Precious,2.53e-4
Yadira,2.53e-4
Cristal,2.52e-4
Cheyanne,2.52e-4
Presley,2.52e-4
Abbey,2.5e-4
Kaelyn,2.49e-4
Charity,2.49e-4
Janiyah,2.49e-4
Tamara,2.49e-4
Abbie,2.48e-4
Lillie,2.46e-4
Marilyn,2.45e-4
Thalia,2.45e-4
Gina,2.44e-4
Tyler,2.43e-4
Harmony,2.43e-4
Sherlyn,2.42e-4
Janae,2.41e-4
Kasey,2.41e-4
Arely,2.4e-4
Hayden,2.4e-4
Karlee,2.39e-4
Mariela,2.39e-4
Melany,2.39e-4
Adeline,2.38e-4
Skyla,2.38e-4
Violet,2.38e-4
Norah,2.36e-4
Daphne,2.36e-4
Gwendolyn,2.35e-4
Ally,2.35e-4
Deja,2.35e-4
Gisselle,2.35e-4
Meagan,2.35e-4
Delilah,2.33e-4
Amani,2.33e-4
Shaniya,2.33e-4
Jaida,2.32e-4
Lorena,2.32e-4
Luz,2.32e-4
Mayra,2.31e-4
Angelique,2.29e-4
Noemi,2.29e-4
Macey,2.28e-4
Amara,2.27e-4
Estrella,2.27e-4
Sienna,2.25e-4
Alma,2.24e-4
Lesley,2.24e-4
Eve,2.23e-4
Roselyn,2.23e-4
Rubi,2.23e-4
Saniya,2.23e-4
Karlie,2.21e-4
Lea,2.21e-4
Lia,2.21e-4
Bailee,2.2e-4
Ingrid,2.2e-4
Jacquelyn,2.19e-4
Jolie,2.18e-4
Nathalie,2.18e-4
Rhiannon,2.17e-4
Charlize,2.17e-4
Lizeth,2.16e-4
Melina,2.15e-4
Dayana,2.15e-4
Reyna,2.15e-4
Tiara,2.15e-4
Carlee,2.14e-4
Kenya,2.14e-4
Stacy,2.14e-4
Tanya,2.14e-4
Julianne,2.13e-4
Kaila,2.13e-4
Kennedi,2.13e-4
Deborah,2.12e-4
Kelsie,2.12e-4
Mara,2.12e-4
Danna,2.12e-4
Frances,2.12e-4
Arielle,2.11e-4
Tess,2.11e-4
Emmalee,2.1e-4
Jamya,2.1e-4
Penelope,2.1e-4
Kenzie,2.1e-4
Regina,2.09e-4
Juliet,2.09e-4
Clare,2.08e-4
Amira,2.08e-4
Jazlyn,2.08e-4
Jazmyn,2.08e-4
Kaylynn,2.07e-4
Paula,2.07e-4
Aisha,2.06e-4
Brandy,2.06e-4
Lilliana,2.06e-4
Parker,2.06e-4
Aimee,2.05e-4
Elaine,2.05e-4
Ansley,2.05e-4
Barbara,2.05e-4
Cassie,2.04e-4
Ashton,2.04e-4
Brandi,2.04e-4
Jaylin,2.04e-4
Kayley,2.04e-4
London,2.04e-4
Haven,2.03e-4
Theresa,2.03e-4
Justine,2.02e-4
Zaria,2.02e-4
Jaclyn,2.02e-4
Juliette,2.02e-4
Celia,2.01e-4
Sanaa,2.01e-4
Sydnee,2.01e-4
Taliyah,2.01e-4
Alena,2.01e-4
Hazel,2.01e-4
Mariam,2.01e-4
Aria,2e-4
Ann,1.99e-4
Giovanna,1.99e-4
Edith,1.99e-4
Quinn,1.99e-4
Aiyana,1.98e-4
Kaylyn,1.97e-4
Hana,1.95e-4
Marianna,1.95e-4
Hadley,1.95e-4
Shyanne,1.94e-4
Karli,1.93e-4
Annette,1.93e-4
Aleah,1.91e-4
Cecelia,1.91e-4
Taniya,1.91e-4
Kaia,1.91e-4
Savanah,1.9e-4
Colleen,1.9e-4
Monserrat,1.9e-4
Tyra,1.9e-4
Yazmin,1.9e-4
Alisa,1.89e-4
Greta,1.88e-4
Kya,1.88e-4
Maeve,1.88e-4
Rowan,1.88e-4
Tatyana,1.87e-4
Felicity,1.87e-4
Tianna,1.86e-4
Jaidyn,1.85e-4
Ayla,1.84e-4
Damaris,1.84e-4
Lyric,1.84e-4
Aracely,1.84e-4
Breana,1.84e-4
Rosemary,1.84e-4
Ryann,1.84e-4
Hailie,1.83e-4
Liana,1.83e-4
Luna,1.83e-4
Adrienne,1.83e-4
Annabella,1.82e-4
Aubree,1.82e-4
Chasity,1.82e-4
Elyse,1.82e-4
Frida,1.81e-4
Ayana,1.8e-4
Carina,1.8e-4
Kaliyah,1.79e-4
Saige,1.79e-4
Amiya,1.78e-4
Lara,1.78e-4
Rebeca,1.78e-4
Eileen,1.77e-4
Maura,1.77e-4
Chelsey,1.76e-4
Laurel,1.76e-4
Nya,1.76e-4
Hunter,1.75e-4
Kayden,1.75e-4
Leticia,1.75e-4
Princess,1.75e-4
Corinne,1.74e-4
Tina,1.74e-4
Annalise,1.74e-4
Stephany,1.74e-4
Esperanza,1.73e-4
Brisa,1.73e-4
Chaya,1.73e-4
Gia,1.72e-4
Cali,1.72e-4
Toni,1.72e-4
Yareli,1.72e-4
Micah,1.71e-4
Jakayla,1.7e-4
Joyce,1.7e-4
Jaylynn,1.7e-4
Leanna,1.7e-4
Devin,1.69e-4
Aliya,1.69e-4
Catalina,1.69e-4
Karly,1.69e-4
Maribel,1.68e-4
Meadow,1.68e-4
Abigayle,1.67e-4
Jewel,1.67e-4
Jaylene,1.66e-4
Keely,1.66e-4
Evelin,1.66e-4
Nichole,1.66e-4
Shaylee,1.66e-4
Kayli,1.65e-4
Aliza,1.65e-4
Aryanna,1.65e-4
Mollie,1.65e-4
Cayla,1.64e-4
Donna,1.64e-4
Lizette,1.64e-4
Rayna,1.64e-4
Antonia,1.63e-4
Shea,1.63e-4
Kianna,1.63e-4
Myah,1.61e-4
Laisha,1.6e-4
Joslyn,1.6e-4
Katharine,1.6e-4
Shyann,1.6e-4
Jaliyah,1.59e-4
Tayler,1.59e-4
Yvette,1.59e-4
Lainey,1.59e-4
Mattie,1.59e-4
Campbell,1.58e-4
Celine,1.57e-4
Kenna,1.57e-4
Raina,1.57e-4
Sandy,1.57e-4
Shayna,1.57e-4
Jacey,1.56e-4
Sheila,1.56e-4
Iliana,1.55e-4
Kimora,1.55e-4
Magdalena,1.55e-4
Yoselin,1.55e-4
Taniyah,1.55e-4
Carrie,1.54e-4
Hillary,1.54e-4
Micaela,1.54e-4
Salma,1.54e-4
Jenifer,1.53e-4
Amiyah,1.53e-4
Candace,1.53e-4
Ebony,1.53e-4
Elsa,1.53e-4
Essence,1.53e-4
Jalyn,1.53e-4
Christian,1.51e-4
Marlee,1.51e-4
Alysa,1.5e-4
Amaris,1.5e-4
Dalia,1.49e-4
Halie,1.49e-4
Madalynn,1.49e-4
Libby,1.49e-4
Alia,1.48e-4
Ciera,1.48e-4
Makena,1.48e-4
Galilea,1.47e-4
Stacey,1.47e-4
Xiomara,1.47e-4
Marin,1.47e-4
Destiney,1.46e-4
Abril,1.46e-4
Desirae,1.46e-4
Reina,1.46e-4
Amelie,1.45e-4
Ashly,1.45e-4
Jasmyn,1.45e-4
Mandy,1.45e-4
Patience,1.45e-4
Susana,1.45e-4
Devon,1.44e-4
Joana,1.44e-4
Moriah,1.44e-4
Carol,1.44e-4
Paloma,1.44e-4
Annabel,1.43e-4
Giana,1.43e-4
Ada,1.43e-4
Katarina,1.43e-4
Nicolette,1.43e-4
Shreya,1.43e-4
Areli,1.42e-4
Dorothy,1.42e-4
Aubrie,1.42e-4
Graciela,1.42e-4
Isabell,1.42e-4
Rocio,1.42e-4
Janice,1.41e-4
Lucille,1.41e-4
Blanca,1.41e-4
Karley,1.41e-4
Ali,1.4e-4
Calista,1.4e-4
Fabiola,1.4e-4
Iyanna,1.4e-4
Kaiya,1.4e-4
Kathy,1.4e-4
Nikki,1.4e-4
Diya,1.4e-4
Madisen,1.4e-4
Yuliana,1.4e-4
Katelin,1.39e-4
Lacie,1.39e-4
Felicia,1.39e-4
Kaylah,1.39e-4
Phoenix,1.39e-4
Abigale,1.38e-4
Elissa,1.38e-4
Aryana,1.37e-4
Belen,1.37e-4
Mina,1.37e-4
Gretchen,1.37e-4
Harper,1.36e-4
Lina,1.36e-4
Treasure,1.36e-4
Aleena,1.36e-4
Elyssa,1.36e-4
Sarahi,1.36e-4
Iyana,1.35e-4
Lacy,1.35e-4
Saniyah,1.35e-4
Addyson,1.34e-4
Jaycee,1.34e-4
Savana,1.34e-4
Amina,1.34e-4
Devyn,1.34e-4
Anissa,1.33e-4
Emerson,1.33e-4
Mira,1.33e-4
Noelia,1.33e-4
Reilly,1.33e-4
Diane,1.33e-4
Kasandra,1.33e-4
Anita,1.32e-4
Keyla,1.32e-4
Rhea,1.32e-4
Bryn,1.32e-4
Camilla,1.32e-4
Jaylyn,1.32e-4
Karis,1.32e-4
Maleah,1.32e-4
Natalee,1.32e-4
Aylin,1.31e-4
Sally,1.31e-4
Gracelyn,1.31e-4
Kenia,1.31e-4
Alize,1.3e-4
Brianne,1.3e-4
Chana,1.3e-4
Chanel,1.3e-4
Christiana,1.3e-4
Jaylee,1.3e-4
Destini,1.29e-4
Lyndsey,1.29e-4
Maliyah,1.29e-4
Margarita,1.29e-4
Abagail,1.28e-4
Beatriz,1.28e-4
Kelli,1.28e-4
Nathaly,1.28e-4
Joelle,1.28e-4
Journey,1.28e-4
Jailyn,1.27e-4
Kallie,1.27e-4
Lilia,1.27e-4
Nyasia,1.27e-4
Astrid,1.27e-4
Jackeline,1.27e-4
Jaime,1.27e-4
Maren,1.27e-4
Maryam,1.27e-4
Miah,1.27e-4
Bria,1.26e-4
Livia,1.26e-4
Mireya,1.26e-4
Tracy,1.26e-4
Jayleen,1.26e-4
Janiah,1.25e-4
Melisa,1.25e-4
Sydnie,1.25e-4
Ashtyn,1.25e-4
Robin,1.25e-4
Citlali,1.24e-4
Gwyneth,1.24e-4
Jaylen,1.24e-4
Jana,1.24e-4
Jazmyne,1.24e-4
Tamya,1.24e-4
Lorelei,1.23e-4
Riya,1.23e-4
Taya,1.23e-4
Anabel,1.23e-4
Delia,1.23e-4
Robyn,1.23e-4
Sydni,1.23e-4
Zariah,1.23e-4
Kourtney,1.22e-4
Lexus,1.22e-4
Angeles,1.22e-4
Dasia,1.21e-4
Ericka,1.21e-4
Dania,1.21e-4
Dianna,1.21e-4
Roxana,1.21e-4
Kaci,1.2e-4
Kalyn,1.2e-4
Alex,1.2e-4
Arlene,1.2e-4
Averie,1.2e-4
Christa,1.2e-4
Yaritza,1.2e-4
Carli,1.19e-4
Shirley,1.19e-4
Drew,1.19e-4
Katy,1.19e-4
Selina,1.19e-4
Yessenia,1.19e-4
Jalynn,1.18e-4
Samira,1.18e-4
Makaila,1.18e-4
Montana,1.18e-4
Carson,1.17e-4
Darlene,1.17e-4
Estefania,1.17e-4
Heidy,1.17e-4
Miya,1.17e-4
