name,percent
Emily,0.011805
Emma,0.010033
Madison,0.009649
Abigail,0.00777
Olivia,0.007745
Isabella,0.007484
Hannah,0.007318
Samantha,0.006728
Ava,0.006716
Ashley,0.006548
Elizabeth,0.00627
Sophia,0.006255
Alexis,0.005897
Grace,0.005853
Sarah,0.005675
Alyssa,0.00537
Mia,0.005349
Natalie,0.005296
Chloe,0.004728
Brianna,0.004616
Lauren,0.004561
Anna,0.004485
Ella,0.004473
Taylor,0.00428
Kayla,0.004245
Hailey,0.004235
Jessica,0.003998
Victoria,0.003921
Jasmine,0.003873
Sydney,0.003644
Julia,0.003495
Destiny,0.003383
Morgan,0.003328
Kaitlyn,0.003215
Savannah,0.00319
Katherine,0.003152
Alexandra,0.003118
Rachel,0.003063
Lily,0.003001
Kaylee,0.002893
Megan,0.00289
Jennifer,0.002875
Angelina,0.002859
Makayla,0.00282
Allison,0.002781
Maria,0.002751
Brooke,0.002749
Trinity,0.002688
Faith,0.002586
Lillian,0.002571
Mackenzie,0.002565
Sofia,0.002547
Riley,0.00253
Haley,0.002524
Gabrielle,0.002475
Nicole,0.00246
Kylie,0.002449
Zoe,0.002446
Katelyn,0.002433
Paige,0.002422
Gabriella,0.002375
Jenna,0.002366
Kimberly,0.002344
Stephanie,0.002318
Andrea,0.002303
Alexa,0.002299
Avery,0.002296
Leah,0.002264
Nevaeh,0.002239
Madeline,0.002236
Evelyn,0.002214
Mary,0.002189
Maya,0.002184
Michelle,0.002126
Sara,0.002109
Jada,0.002101
Audrey,0.002042
Brooklyn,0.002036
Vanessa,0.002019
Amanda,0.002016
Rebecca,0.001967
Caroline,0.001962
Ariana,0.00196
Amelia,0.001929
Mariah,0.001892
Jordan,0.001822
Jocelyn,0.001816
Arianna,0.001811
Isabel,0.001781
Marissa,0.001772
Autumn,0.001771
Melanie,0.001726
Aaliyah,0.001703
Gracie,0.001663
Claire,0.001625
Isabelle,0.001617
Molly,0.001586
Mya,0.001578
Diana,0.001558
Katie,0.001556
Amber,0.001545
Danielle,0.001544
Leslie,0.001542
Melissa,0.00152
Sierra,0.001501
Addison,0.001491
Madelyn,0.00149
Bailey,0.001474
Catherine,0.001473
Gianna,0.001463
Amy,0.001453
Erin,0.001434
Jade,0.001426
Angela,0.001424
Gabriela,0.001414
Jacqueline,0.001413
Shelby,0.001399
Kennedy,0.001394
Lydia,0.001365
Alondra,0.001343
Adriana,0.001336
Daniela,0.001309
Natalia,0.001305
Breanna,0.0013
Kathryn,0.001269
Ashlyn,0.001254
Briana,0.001254
Rylee,0.001245
Eva,0.00122
Peyton,0.001216
Ruby,0.001215
Kendall,0.001213
Alexandria,0.001212
Christina,0.001208
Charlotte,0.001205
Sophie,0.001204
Valeria,0.001199
Reagan,0.001197
Kate,0.001187
Summer,0.001187
Naomi,0.001186
Mikayla,0.00118
Layla,0.001175
Angel,0.001172
Miranda,0.001163
Ana,0.001161
Laura,0.001158
Alicia,0.00115
Daisy,0.001145
Ciara,0.001143
Margaret,0.00114
Zoey,0.001119
Aubrey,0.001119
Skylar,0.001106
Genesis,0.001096
Kylee,0.001083
Courtney,0.001082
Payton,0.001078
Kiara,0.001061
Alexia,0.001047
Jillian,0.001045
Lindsey,0.001034
Mckenzie,0.001024
Karen,0.001019
Giselle,0.001016
Mariana,0.001016
Valerie,0.001004
Serenity,9.77e-4
Sabrina,9.75e-4
Alana,9.75e-4
Cheyenne,9.68e-4
Kelsey,9.68e-4
Lucy,9.67e-4
Sadie,9.63e-4
Kelly,9.62e-4
Juliana,9.61e-4
Bianca,9.5e-4
Nadia,9.48e-4
Kyra,9.44e-4
Jasmin,9.4e-4
Lilly,9.39e-4
Caitlyn,9.36e-4
Ellie,9.32e-4
Hope,9.32e-4
Cassandra,9.19e-4
Jazmin,9.18e-4
Crystal,9.15e-4
Jordyn,9.1e-4
Cassidy,9.04e-4
Delaney,9.03e-4
Liliana,8.85e-4
Angelica,8.81e-4
Caitlin,8.76e-4
Kyla,8.73e-4
Jayla,8.69e-4
Tiffany,8.69e-4
Adrianna,8.69e-4
Abby,8.65e-4
Carly,8.61e-4
Chelsea,8.54e-4
Camila,8.48e-4
Karla,8.46e-4
Makenzie,8.44e-4
Erica,8.43e-4
Paris,8.35e-4
Veronica,8.26e-4
Cadence,8.24e-4
Bella,8.19e-4
Brenda,8.19e-4
Mckenna,8.19e-4
Maggie,8.17e-4
Karina,8.04e-4
Esmeralda,7.98e-4
Erika,7.97e-4
Julianna,7.97e-4
Makenna,7.97e-4
Elena,7.9e-4
Jamie,7.88e-4
Mallory,7.83e-4
Alejandra,7.8e-4
Cynthia,7.75e-4
Ariel,7.73e-4
Vivian,7.7e-4
Jayden,7.5e-4
Amaya,7.47e-4
Dakota,7.43e-4
Bethany,7.39e-4
Elise,7.38e-4
Josephine,7.34e-4
Aniyah,7.3e-4
Haylee,7.3e-4
Keira,7.23e-4
Aliyah,7.2e-4
Laila,7.18e-4
Camryn,7.12e-4
Fatima,7.02e-4
Reese,6.98e-4
Annabelle,6.93e-4
Monica,6.93e-4
Lindsay,6.91e-4
Kira,6.84e-4
Selena,6.76e-4
Macy,6.75e-4
Hanna,6.62e-4
Heaven,6.55e-4
Katrina,6.53e-4
Clara,6.5e-4
Jadyn,6.48e-4
Jazmine,6.47e-4
Stella,6.46e-4
Kailey,6.42e-4
Nina,6.35e-4
Alaina,6.33e-4
Allie,6.31e-4
Rebekah,6.3e-4
Guadalupe,6.28e-4
Allyson,6.27e-4
Savanna,6.26e-4
Alison,6.2e-4
Piper,6.19e-4
Aniya,6.15e-4
Kendra,6.12e-4
Cameron,6.12e-4
Eleanor,6.11e-4
Hayley,6.09e-4
Kayleigh,6.08e-4
Carmen,6.05e-4
Kara,6.04e-4
Tessa,6.04e-4
Ashlee,6.02e-4
Meghan,6.02e-4
Celeste,5.92e-4
Kamryn,5.92e-4
Brooklynn,5.92e-4
Nora,5.9e-4
Lizbeth,5.88e-4
Brittany,5.86e-4
Julissa,5.86e-4
Cecilia,5.85e-4
Jaden,5.85e-4
Esther,5.83e-4
Julie,5.83e-4
Miriam,5.82e-4
Joanna,5.74e-4
Desiree,5.71e-4
Asia,5.69e-4
Michaela,5.68e-4
Alayna,5.67e-4
Alivia,5.63e-4
Camille,5.62e-4
Carolina,5.59e-4
Tatiana,5.55e-4
Anastasia,5.54e-4
Katelynn,5.47e-4
Ashlynn,5.47e-4
Estrella,5.45e-4
Kaylie,5.42e-4
Emely,5.32e-4
Sienna,5.3e-4
Heather,5.25e-4
Diamond,5.21e-4
April,5.18e-4
Eliana,5.18e-4
Shannon,5.18e-4
Eliza,5.16e-4
Ivy,5.15e-4
Paola,5.14e-4
Jayda,5.14e-4
Leila,5.14e-4
Holly,5.13e-4
Melody,5.12e-4
Natasha,5.07e-4
Claudia,5.05e-4
Daniella,5.04e-4
Skyler,5.03e-4
Josie,5.02e-4
Sandra,5e-4
Nancy,4.99e-4
Georgia,4.97e-4
Callie,4.95e-4
Kaitlin,4.94e-4
Kirsten,4.94e-4
Eden,4.93e-4
Heidi,4.88e-4
Cindy,4.86e-4
Kristen,4.84e-4
Annika,4.83e-4
Itzel,4.82e-4
Bridget,4.79e-4
Madeleine,4.78e-4
Yasmin,4.75e-4
Helen,4.75e-4
Rose,4.75e-4
Emilee,4.71e-4
Leilani,4.71e-4
Aurora,4.68e-4
Kiera,4.64e-4
Rylie,4.63e-4
Kathleen,4.61e-4
Marisol,4.57e-4
Tara,4.57e-4
Denise,4.53e-4
Tatum,4.52e-4
Kadence,4.5e-4
Dayanara,4.49e-4
Priscilla,4.46e-4
Kristina,4.45e-4
Ruth,4.45e-4
Ryleigh,4.44e-4
Raven,4.44e-4
Wendy,4.43e-4
Anahi,4.41e-4
Ximena,4.38e-4
Talia,4.37e-4
Brenna,4.36e-4
Iris,4.32e-4
Madalyn,4.32e-4
Patricia,4.32e-4
Kaydence,4.31e-4
Kassandra,4.29e-4
Sage,4.28e-4
Lexi,4.28e-4
Nyla,4.28e-4
Serena,4.28e-4
Perla,4.27e-4
Lucia,4.21e-4
Meredith,4.21e-4
Alissa,4.19e-4
Nayeli,4.17e-4
Sasha,4.17e-4
Violet,4.16e-4
Janiya,4.16e-4
Harley,4.15e-4
Lola,4.15e-4
Fiona,4.15e-4
Angie,4.13e-4
Annie,4.11e-4
Sidney,4.11e-4
Izabella,4.08e-4
Samara,4.06e-4
Madisyn,4.05e-4
Kiana,4.03e-4
Dulce,4.02e-4
Mercedes,4.02e-4
Kiley,4.01e-4
Jimena,4e-4
Litzy,4e-4
Shayla,4e-4
Alina,3.99e-4
Kyleigh,3.98e-4
Marisa,3.95e-4
Rachael,3.93e-4
Genevieve,3.92e-4
Fernanda,3.91e-4
Tori,3.91e-4
Dana,3.9e-4
Christine,3.9e-4
Harmony,3.88e-4
Paulina,3.88e-4
Yesenia,3.88e-4
Lesly,3.87e-4
Nia,3.85e-4
Lauryn,3.84e-4
Maritza,3.84e-4
Hailee,3.83e-4
Johanna,3.83e-4
Rosa,3.81e-4
Casey,3.8e-4
Joselyn,3.76e-4
Marina,3.75e-4
Logan,3.74e-4
Imani,3.74e-4
Cierra,3.73e-4
Alice,3.71e-4
Kaylin,3.71e-4
Hayden,3.68e-4
Linda,3.67e-4
Malia,3.65e-4
Clarissa,3.64e-4
Halle,3.63e-4
Brynn,3.63e-4
Kassidy,3.62e-4
Scarlett,3.62e-4
Skye,3.61e-4
Phoebe,3.6e-4
Viviana,3.56e-4
America,3.54e-4
Britney,3.53e-4
Gloria,3.53e-4
Francesca,3.53e-4
Krystal,3.53e-4
Rubi,3.53e-4
Amya,3.5e-4
Emilia,3.5e-4
Anne,3.49e-4
Lana,3.48e-4
Shania,3.48e-4
Lacey,3.44e-4
Elaina,3.42e-4
Ainsley,3.42e-4
Haylie,3.39e-4
Emerson,3.37e-4
Madyson,3.37e-4
Anya,3.36e-4
Virginia,3.36e-4
Bryanna,3.35e-4
Elisabeth,3.35e-4
Lila,3.35e-4
Maddison,3.35e-4
Kaleigh,3.33e-4
Ryan,3.33e-4
Cora,3.32e-4
Teresa,3.32e-4
Alessandra,3.29e-4
Taryn,3.29e-4
Macie,3.28e-4
Nataly,3.28e-4
Tiana,3.28e-4
Kiersten,3.27e-4
Athena,3.25e-4
Miracle,3.25e-4
Brielle,3.24e-4
Sarai,3.24e-4
Hallie,3.23e-4
Jaiden,3.23e-4
Regan,3.23e-4
Valentina,3.23e-4
Alyson,3.22e-4
Marley,3.22e-4
Whitney,3.22e-4
Noelle,3.21e-4
Jane,3.21e-4
Lilian,3.21e-4
Lena,3.2e-4
Raquel,3.2e-4
Kaitlynn,3.19e-4
Tania,3.19e-4
Deanna,3.15e-4
Janiyah,3.14e-4
Laney,3.13e-4
Teagan,3.13e-4
Amari,3.13e-4
Anaya,3.13e-4
Aileen,3.12e-4
Tabitha,3.1e-4
Carley,3.1e-4
Carolyn,3.09e-4
Ayanna,3.08e-4
Cristina,3.08e-4
Emilie,3.08e-4
Liberty,3.07e-4
Alisha,3.06e-4
Alanna,3.05e-4
Lisa,3.04e-4
Raegan,3.04e-4
Anika,3.02e-4
Jenny,3.02e-4
Madilyn,3.02e-4
India,3e-4
Baylee,3e-4
Jaelyn,3e-4
Abbigail,2.97e-4
Lillie,2.95e-4
Elle,2.94e-4
Yadira,2.93e-4
Martha,2.92e-4
Natalee,2.91e-4
Marie,2.9e-4
Carla,2.88e-4
Kailyn,2.88e-4
Tamia,2.87e-4
Presley,2.87e-4
Joy,2.86e-4
Mckayla,2.84e-4
Laci,2.84e-4
Hazel,2.83e-4
Janelle,2.82e-4
Ashleigh,2.79e-4
Destinee,2.79e-4
Haleigh,2.78e-4
Kaelyn,2.78e-4
Isis,2.77e-4
Maia,2.76e-4
Norah,2.75e-4
Jaqueline,2.74e-4
Kali,2.71e-4
Danna,2.7e-4
Sylvia,2.7e-4
Alexus,2.69e-4
Larissa,2.69e-4
Dominique,2.68e-4
Elisa,2.67e-4
Willow,2.67e-4
Isabela,2.66e-4
Kristin,2.66e-4
Melany,2.65e-4
London,2.65e-4
Marlene,2.65e-4
Macey,2.64e-4
Justice,2.64e-4
Carlie,2.62e-4
Helena,2.6e-4
Renee,2.6e-4
Yasmine,2.6e-4
Aspen,2.59e-4
Judith,2.59e-4
Precious,2.59e-4
Madelynn,2.59e-4
Brittney,2.58e-4
Cara,2.58e-4
Simone,2.57e-4
Adeline,2.57e-4
Daphne,2.57e-4
Tia,2.57e-4
Ellen,2.55e-4
Lia,2.55e-4
Monique,2.54e-4
Dayana,2.53e-4
Kaley,2.53e-4
Penelope,2.53e-4
Janet,2.52e-4
Marilyn,2.52e-4
Kierra,2.51e-4
Melina,2.51e-4
Gwendolyn,2.51e-4
Mikaela,2.51e-4
Skyla,2.51e-4
Jessie,2.5e-4
Nathalie,2.49e-4
Zoie,2.48e-4
Amara,2.47e-4
Aubree,2.47e-4
Jaida,2.46e-4
Maci,2.46e-4
Carissa,2.46e-4
Kailee,2.46e-4
Sharon,2.46e-4
Kenzie,2.45e-4
Lilliana,2.45e-4
Lorena,2.41e-4
Lexie,2.41e-4
Sonia,2.41e-4
Araceli,2.4e-4
Delilah,2.4e-4
Janessa,2.4e-4
Tiara,2.4e-4
Irene,2.39e-4
Juliet,2.39e-4
Krista,2.38e-4
Amira,2.37e-4
Kimora,2.37e-4
Luna,2.36e-4
Alma,2.35e-4
Maribel,2.34e-4
Gina,2.34e-4
Jazmyn,2.34e-4
Lea,2.34e-4
Regina,2.34e-4
Susan,2.34e-4
Kasey,2.33e-4
Karissa,2.33e-4
Luz,2.33e-4
Patience,2.33e-4
Reyna,2.33e-4
Shaniya,2.32e-4
Saniya,2.32e-4
Dylan,2.31e-4
Elaine,2.31e-4
Jaidyn,2.31e-4
Kenya,2.3e-4
Danica,2.29e-4
Arely,2.27e-4
Cristal,2.27e-4
Mariam,2.27e-4
Tess,2.27e-4
Carlee,2.26e-4
Janae,2.26e-4
Katlyn,2.26e-4
Jolie,2.25e-4
Pamela,2.24e-4
Abbey,2.23e-4
Cali,2.22e-4
Hadley,2.22e-4
Haven,2.22e-4
Kayden,2.22e-4
Arielle,2.21e-4
Abbie,2.2e-4
Kennedi,2.19e-4
Juliette,2.19e-4
Karlee,2.19e-4
Noemi,2.19e-4
Edith,2.18e-4
Mayra,2.18e-4
Monserrat,2.18e-4
Cheyanne,2.17e-4
Emmalee,2.16e-4
Tamara,2.16e-4
Theresa,2.16e-4
Kayley,2.15e-4
Jamya,2.15e-4
Kaya,2.15e-4
Ann,2.14e-4
Amani,2.13e-4
Jazlyn,2.13e-4
Damaris,2.12e-4
Ingrid,2.12e-4
Tyra,2.12e-4
Bailee,2.11e-4
Jaylin,2.11e-4
Stacy,2.11e-4
Yazmin,2.11e-4
Jacquelyn,2.09e-4
Ansley,2.08e-4
Deborah,2.08e-4
Ally,2.08e-4
Cecelia,2.08e-4
Charity,2.08e-4
Gillian,2.08e-4
Gisselle,2.08e-4
Kaylyn,2.07e-4
Annalise,2.07e-4
Catalina,2.07e-4
Eve,2.06e-4
Kendal,2.06e-4
Meagan,2.06e-4
Ayla,2.06e-4
Hana,2.06e-4
Paula,2.06e-4
Lizeth,2.05e-4
Mariela,2.05e-4
Angelique,2.05e-4
Mara,2.05e-4
Kaylynn,2.03e-4
Thalia,2.03e-4
Clare,2.03e-4
Lainey,2.03e-4
Celia,2.02e-4
Taniya,2.02e-4
Jaylynn,2.02e-4
Giovanna,2.01e-4
Savanah,2.01e-4
Quinn,2.01e-4
Greta,2e-4
Brisa,2e-4
Aimee,1.99e-4
Annabella,1.99e-4
Felicity,1.99e-4
Lyric,1.99e-4
Alena,1.98e-4
Kaia,1.98e-4
Karlie,1.98e-4
Tanya,1.97e-4
Karli,1.96e-4
Maeve,1.96e-4
Aliya,1.95e-4
Ashanti,1.95e-4
Ashly,1.95e-4
Evelin,1.95e-4
Jaclyn,1.94e-4
Iliana,1.94e-4
Roselyn,1.94e-4
Campbell,1.92e-4
Barbara,1.92e-4
Marianna,1.91e-4
Elyse,1.91e-4
Jakayla,1.91e-4
Aryanna,1.9e-4
Aylin,1.9e-4
Stephany,1.9e-4
Amiyah,1.9e-4
Parker,1.9e-4
Aria,1.89e-4
Liana,1.89e-4
Ayana,1.88e-4
Cassie,1.88e-4
Lesley,1.88e-4
Ryann,1.88e-4
Makena,1.88e-4
Eileen,1.87e-4
Brandy,1.87e-4
Sydnee,1.87e-4
Zaria,1.87e-4
Kaila,1.86e-4
Tianna,1.86e-4
Sherlyn,1.85e-4
Chaya,1.84e-4
Gia,1.84e-4
Aisha,1.83e-4
Joslyn,1.83e-4
Myah,1.83e-4
Adrienne,1.82e-4
Belinda,1.82e-4
Princess,1.82e-4
Aubrie,1.81e-4
Giana,1.81e-4
Aleah,1.81e-4
Aracely,1.81e-4
Aiyana,1.8e-4
Mollie,1.8e-4
Taliyah,1.8e-4
Carina,1.79e-4
Esperanza,1.78e-4
Harper,1.78e-4
Saige,1.78e-4
Trista,1.78e-4
Rhiannon,1.78e-4
Rosemary,1.77e-4
Salma,1.77e-4
Tyler,1.76e-4
Alisa,1.76e-4
Deja,1.75e-4
Addyson,1.75e-4
Tatyana,1.75e-4
Abigayle,1.74e-4
Frances,1.74e-4
Leanna,1.74e-4
Frida,1.74e-4
Julianne,1.73e-4
Kelsie,1.73e-4
Carol,1.73e-4
Elsa,1.72e-4
Gretchen,1.72e-4
Hailie,1.72e-4
Shea,1.72e-4
Rowan,1.72e-4
Miah,1.71e-4
Aliza,1.71e-4
Kaiya,1.71e-4
Amiya,1.7e-4
Shyanne,1.7e-4
Xiomara,1.7e-4
Annette,1.68e-4
Journey,1.68e-4
Colleen,1.68e-4
Mattie,1.67e-4
Annabel,1.67e-4
Yareli,1.67e-4
Ashton,1.65e-4
Gracelyn,1.64e-4
Laurel,1.64e-4
Libby,1.64e-4
Brandi,1.64e-4
Marlee,1.64e-4
Destini,1.63e-4
Desirae,1.63e-4
Tina,1.63e-4
Corinne,1.62e-4
Leticia,1.62e-4
Jacey,1.62e-4
Jaycee,1.62e-4
Jaylene,1.62e-4
Karly,1.62e-4
Saniyah,1.62e-4
Johana,1.61e-4
Arabella,1.61e-4
Chelsey,1.61e-4
Rebeca,1.6e-4
Ada,1.6e-4
Jaliyah,1.6e-4
Sarahi,1.6e-4
Lucille,1.59e-4
Joyce,1.59e-4
Mikalah,1.59e-4
Abril,1.58e-4
Justine,1.58e-4
Lorelei,1.58e-4
Chasity,1.58e-4
Ciera,1.58e-4
Kayli,1.58e-4
Lara,1.58e-4
Magdalena,1.58e-4
Dalia,1.57e-4
Emery,1.57e-4
Keely,1.57e-4
Madalynn,1.57e-4
Maura,1.57e-4
Karol,1.56e-4
Karley,1.56e-4
Raina,1.55e-4
Arleth,1.55e-4
Blanca,1.55e-4
Sanaa,1.54e-4
Toni,1.54e-4
Yahaira,1.53e-4
Amelie,1.53e-4
Kaylah,1.53e-4
Alize,1.52e-4
Jewel,1.52e-4
Kaylen,1.52e-4
Cayla,1.51e-4
Arlene,1.51e-4
Jaylee,1.51e-4
Antonia,1.5e-4
Donna,1.5e-4
Makaila,1.5e-4
Yvette,1.5e-4
Carrie,1.49e-4
Kaliyah,1.49e-4
Paloma,1.49e-4
Alysa,1.49e-4
Katharine,1.49e-4
Moriah,1.49e-4
Kianna,1.48e-4
Danika,1.47e-4
Jenifer,1.47e-4
Shaylee,1.47e-4
Shayna,1.47e-4
Breana,1.47e-4
Lacie,1.47e-4
Bria,1.46e-4
Karma,1.46e-4
Kenia,1.46e-4
Yaritza,1.46e-4
Meadow,1.46e-4
Micaela,1.46e-4
Rayna,1.46e-4
Abigale,1.45e-4
Aleena,1.45e-4
Micah,1.45e-4
Selina,1.45e-4
Stacey,1.45e-4
Kenna,1.45e-4
Lyla,1.45e-4
Maliyah,1.45e-4
Siena,1.45e-4
Jaelynn,1.44e-4
Nicolette,1.44e-4
Sandy,1.44e-4
Susana,1.44e-4
Yoselin,1.44e-4
Riya,1.44e-4
Camilla,1.43e-4
Devyn,1.43e-4
Lizette,1.43e-4
Savana,1.43e-4
Aryana,1.43e-4
Galilea,1.43e-4
Halie,1.43e-4
Iyana,1.42e-4
Abagail,1.42e-4
Sariah,1.42e-4
Amina,1.41e-4
Hillary,1.41e-4
Janiah,1.4e-4
Kallie,1.4e-4
Kya,1.4e-4
Phoenix,1.4e-4
Shirley,1.4e-4
Anabelle,1.4e-4
Kathy,1.4e-4
Keyla,1.4e-4
Naima,1.39e-4
Nichole,1.39e-4
Nyasia,1.39e-4
Isabell,1.38e-4
Mina,1.38e-4
Tayler,1.38e-4
Charlize,1.38e-4
Joana,1.38e-4
Miya,1.38e-4
Adelaide,1.37e-4
Graciela,1.37e-4
Jaylyn,1.37e-4
Jalyn,1.37e-4
Devin,1.36e-4
Flor,1.36e-4
Mira,1.36e-4
Shyann,1.36e-4
Nya,1.36e-4
Jasmyn,1.35e-4
Chanel,1.34e-4
Citlali,1.34e-4
Elissa,1.34e-4
Mireya,1.34e-4
Taniyah,1.34e-4
Yuliana,1.34e-4
Alani,1.33e-4
Anneliese,1.33e-4
Zara,1.33e-4
Elliana,1.33e-4
Elsie,1.33e-4
Margarita,1.33e-4
Candace,1.32e-4
Destiney,1.32e-4
Estefania,1.32e-4
Mandy,1.32e-4
Angeline,1.32e-4
Essence,1.31e-4
Maleah,1.31e-4
Maren,1.31e-4
Reina,1.31e-4
Jalynn,1.31e-4
Livia,1.31e-4
Areli,1.3e-4
Astrid,1.3e-4
Jailyn,1.3e-4
Nathaly,1.3e-4
Unique,1.3e-4
Zariah,1.3e-4
Celine,1.3e-4
Cloe,1.3e-4
Anais,1.29e-4
Kinsley,1.29e-4
Selah,1.29e-4
Shreya,1.29e-4
Delia,1.29e-4
Kasandra,1.29e-4
Chana,1.28e-4
Fabiola,1.28e-4
Karis,1.28e-4
Katarina,1.28e-4
Jolette,1.28e-4
Lacy,1.28e-4
Natalya,1.28e-4
Armani,1.27e-4
Brylee,1.27e-4
Charlie,1.27e-4
Diya,1.27e-4
Ebony,1.27e-4
Sky,1.27e-4
Tatianna,1.27e-4
Anjali,1.26e-4
Devon,1.26e-4
Jayleen,1.26e-4
Marin,1.26e-4
Myla,1.26e-4
Lucero,1.26e-4
Yuridia,1.26e-4
Jana,1.25e-4
Samira,1.25e-4
Alia,1.24e-4
Christiana,1.24e-4
Dania,1.24e-4
Drew,1.24e-4
Montserrat,1.24e-4
Nikki,1.24e-4
Roxana,1.24e-4
Valery,1.24e-4
Addie,1.24e-4
Denisse,1.24e-4
Hayleigh,1.24e-4
Kinsey,1.24e-4
Lina,1.24e-4
Amaris,1.23e-4
Katelin,1.23e-4
Averie,1.23e-4
Finley,1.23e-4
Belen,1.22e-4
Celina,1.22e-4
Elyssa,1.22e-4
Lilianna,1.22e-4
Silvia,1.22e-4
Felicia,1.21e-4
Iyanna,1.21e-4
Kaci,1.21e-4
Leyla,1.21e-4
Maryjane,1.21e-4
Zion,1.21e-4
Brianne,1.21e-4
Estefani,1.21e-4
