name,percent
Jacob,0.011331
Michael,0.010317
Joshua,0.010172
Ethan,0.00937
Matthew,0.009274
Daniel,0.009142
Christopher,0.009019
Andrew,0.009
Anthony,0.008856
William,0.008645
Joseph,0.008405
Alexander,0.00832
David,0.008027
Ryan,0.007501
Noah,0.007455
James,0.007404
Nicholas,0.007154
Tyler,0.007092
John,0.006918
Logan,0.006915
Christian,0.0066
Jonathan,0.00655
Nathan,0.006516
Benjamin,0.006282
Samuel,0.006215
Dylan,0.006012
Brandon,0.005786
Gabriel,0.005719
Elijah,0.005484
Angel,0.005298
Jose,0.005296
Aiden,0.005285
Zachary,0.005022
Caleb,0.005012
Jackson,0.004978
Jack,0.004955
Kevin,0.004925
Gavin,0.00479
Mason,0.004756
Isaiah,0.004755
Austin,0.004699
Evan,0.004629
Luke,0.004605
Aidan,0.004582
Justin,0.004551
Jordan,0.004524
Robert,0.004511
Isaac,0.004411
Jayden,0.004385
Landon,0.004374
Thomas,0.004337
Cameron,0.004034
Connor,0.003962
Hunter,0.00391
Jason,0.003852
Diego,0.003841
Aaron,0.003784
Owen,0.003738
Lucas,0.003716
Charles,0.003653
Juan,0.003626
Luis,0.003621
Adrian,0.003371
Julian,0.003102
Adam,0.003095
Bryan,0.003059
Alex,0.003045
Sean,0.003026
Nathaniel,0.003019
Carlos,0.002989
Jeremiah,0.002976
Brian,0.00297
Hayden,0.002952
Jesus,0.002948
Carter,0.00294
Sebastian,0.002869
Eric,0.002846
Xavier,0.002818
Brayden,0.002812
Ian,0.002809
Kyle,0.002809
Wyatt,0.002665
Chase,0.002623
Cole,0.002576
Dominic,0.002543
Tristan,0.00247
Carson,0.00229
Jaden,0.002255
Miguel,0.002237
Steven,0.002198
Caden,0.00218
Kaden,0.002166
Antonio,0.002143
Timothy,0.002139
Henry,0.002131
Alejandro,0.00208
Blake,0.002069
Liam,0.002061
Richard,0.002039
Devin,0.002027
Riley,0.002006
Jesse,0.00199
Seth,0.001973
Victor,0.001969
Cody,0.001871
Brady,0.001867
Jake,0.001839
Vincent,0.001839
Bryce,0.001817
Patrick,0.001801
Colin,0.001764
Marcus,0.001731
Cooper,0.001713
Preston,0.001696
Kaleb,0.001689
Parker,0.001676
Josiah,0.001659
Oscar,0.001645
Ayden,0.001643
Jorge,0.001608
Ashton,0.001594
Alan,0.001586
Joel,0.001572
Jeremy,0.001571
Trevor,0.00152
Eduardo,0.001518
Ivan,0.001512
Mark,0.001477
Kenneth,0.001477
Alexis,0.001464
Omar,0.00142
Cristian,0.001383
Paul,0.001379
Levi,0.001376
Colton,0.001371
Jared,0.001359
Eli,0.001358
Damian,0.001357
Garrett,0.001356
Nicolas,0.001342
Tanner,0.001311
Edward,0.001309
Braden,0.001306
Conner,0.001301
Nolan,0.001297
Micah,0.001292
Giovanni,0.00129
Brody,0.001288
Maxwell,0.001277
Malachi,0.001263
Fernando,0.001261
George,0.001234
Ricardo,0.001233
Grant,0.00123
Francisco,0.001228
Peyton,0.001225
Gage,0.001225
Edwin,0.001223
Derek,0.001208
Max,0.001207
Andres,0.001187
Javier,0.001186
Travis,0.001186
Stephen,0.001163
Manuel,0.001161
Emmanuel,0.001135
Peter,0.001132
Cesar,0.001129
Shawn,0.001126
Jonah,0.001099
Edgar,0.001093
Dakota,0.001075
Oliver,0.001074
Erick,0.001072
Hector,0.001062
Bryson,0.001058
Johnathan,0.00105
Mario,0.001048
Shane,0.001039
Jeffrey,0.001035
Collin,0.001014
Abraham,0.001007
Spencer,0.001
Leonardo,9.98e-4
Brendan,9.93e-4
Elias,9.84e-4
Jace,9.79e-4
Bradley,9.74e-4
Erik,9.71e-4
Wesley,9.59e-4
Jaylen,9.49e-4
Trenton,9.45e-4
Josue,9.38e-4
Raymond,9.29e-4
Sergio,9.08e-4
Damien,9.07e-4
Devon,9.04e-4
Donovan,8.98e-4
Miles,8.85e-4
Dalton,8.84e-4
Martin,8.83e-4
Israel,8.79e-4
Landen,8.74e-4
Andy,8.67e-4
Andre,8.54e-4
Marco,8.53e-4
Drew,8.5e-4
Gregory,8.37e-4
Roman,8.28e-4
Ty,8.21e-4
Avery,8.19e-4
Jaxon,8.17e-4
Cayden,8e-4
Jaiden,7.91e-4
Dominick,7.9e-4
Roberto,7.9e-4
Rafael,7.77e-4
Grayson,7.67e-4
Pedro,7.53e-4
Calvin,7.52e-4
Taylor,7.41e-4
Camden,7.41e-4
Dillon,7.35e-4
Braxton,7.32e-4
Clayton,7.29e-4
Keegan,7.28e-4
Jalen,7.27e-4
Ruben,7.26e-4
Troy,7.23e-4
Kayden,7.16e-4
Harrison,7.12e-4
Santiago,7.09e-4
Dawson,7.07e-4
Corey,6.96e-4
Maddox,6.87e-4
Leo,6.86e-4
Johnny,6.64e-4
Kai,6.61e-4
Julio,6.47e-4
Simon,6.45e-4
Drake,6.44e-4
Lukas,6.44e-4
Zane,6.43e-4
Kaiden,6.42e-4
Aden,6.41e-4
Frank,6.4e-4
Sawyer,6.35e-4
Marcos,6.33e-4
Ronald,6.28e-4
Hudson,6.26e-4
Trey,6.26e-4
Asher,6.25e-4
Scott,6.23e-4
Derrick,6.21e-4
Raul,6.19e-4
Griffin,6.18e-4
Ryder,6.14e-4
Dustin,6.07e-4
Rylan,6.07e-4
Brock,6e-4
Tucker,5.99e-4
Angelo,5.98e-4
Emanuel,5.98e-4
Armando,5.96e-4
Kyler,5.93e-4
Zion,5.92e-4
Gerardo,5.9e-4
Payton,5.9e-4
Ezekiel,5.86e-4
Skyler,5.84e-4
Fabian,5.81e-4
Chance,5.8e-4
Colby,5.8e-4
Mateo,5.8e-4
Mitchell,5.74e-4
Tyson,5.7e-4
Keith,5.69e-4
Darius,5.67e-4
Jaime,5.66e-4
Xander,5.66e-4
Enrique,5.64e-4
Quinn,5.63e-4
Kameron,5.59e-4
Allen,5.57e-4
Joaquin,5.57e-4
Cade,5.56e-4
Phillip,5.56e-4
Trent,5.53e-4
Malik,5.4e-4
Dante,5.4e-4
Corbin,5.39e-4
Pablo,5.37e-4
Jakob,5.28e-4
Brayan,5.25e-4
Axel,5.18e-4
Theodore,5.16e-4
Emilio,5.12e-4
Saul,5.11e-4
Brennan,5.1e-4
Lorenzo,5.06e-4
Lincoln,5.06e-4
Adan,5.02e-4
Donald,5.01e-4
Brett,4.95e-4
Zander,4.93e-4
Gustavo,4.93e-4
Danny,4.9e-4
Casey,4.89e-4
Talan,4.84e-4
Randy,4.79e-4
Myles,4.79e-4
Caiden,4.72e-4
Gael,4.69e-4
Dennis,4.68e-4
Alberto,4.64e-4
Brenden,4.62e-4
Mathew,4.6e-4
Jerry,4.59e-4
Zackary,4.56e-4
Lance,4.56e-4
Louis,4.56e-4
Julius,4.53e-4
Arturo,4.53e-4
Ismael,4.51e-4
Jimmy,4.51e-4
Amir,4.51e-4
Lane,4.5e-4
Tony,4.49e-4
Alec,4.48e-4
Jude,4.47e-4
Emiliano,4.44e-4
Esteban,4.43e-4
Braeden,4.41e-4
Alfredo,4.28e-4
Nickolas,4.27e-4
Tristen,4.27e-4
Charlie,4.25e-4
Abel,4.22e-4
Curtis,4.19e-4
Ezra,4.15e-4
Philip,4.15e-4
Leland,4.11e-4
Shaun,4.11e-4
Moises,4.1e-4
Camron,4.06e-4
Marvin,4.06e-4
Quentin,4.02e-4
Luca,3.98e-4
Gary,3.97e-4
Maximilian,3.96e-4
Jay,3.94e-4
Dallas,3.94e-4
Jayson,3.92e-4
Albert,3.92e-4
Orlando,3.89e-4
Jonas,3.88e-4
Walter,3.88e-4
Easton,3.86e-4
Chris,3.83e-4
Ali,3.78e-4
Darren,3.77e-4
Nehemiah,3.77e-4
Rodrigo,3.77e-4
Douglas,3.75e-4
Ramon,3.75e-4
Declan,3.74e-4
Morgan,3.74e-4
Bennett,3.73e-4
Elliot,3.71e-4
Hugo,3.7e-4
Mauricio,3.7e-4
Joe,3.68e-4
Chad,3.65e-4
Jonathon,3.65e-4
Silas,3.65e-4
Maximus,3.63e-4
Weston,3.63e-4
Ernesto,3.61e-4
Larry,3.61e-4
Arthur,3.6e-4
Cash,3.6e-4
Keaton,3.57e-4
Nikolas,3.57e-4
Damon,3.56e-4
Dean,3.56e-4
Holden,3.55e-4
Yahir,3.55e-4
Bryant,3.53e-4
Elliott,3.52e-4
Jaxson,3.5e-4
Salvador,3.5e-4
Eddie,3.48e-4
Dane,3.48e-4
Kristopher,3.48e-4
Maurice,3.48e-4
Ricky,3.47e-4
Braydon,3.46e-4
Felix,3.46e-4
Jadon,3.46e-4
Anderson,3.45e-4
Chandler,3.45e-4
Uriel,3.44e-4
Braylon,3.43e-4
Russell,3.37e-4
Davis,3.34e-4
Lawrence,3.32e-4
Isiah,3.31e-4
Marc,3.3e-4
Justice,3.27e-4
Issac,3.26e-4
Javon,3.25e-4
Tate,3.25e-4
Reece,3.18e-4
Walker,3.17e-4
Jaydon,3.16e-4
Cohen,3.16e-4
Micheal,3.16e-4
Marshall,3.15e-4
Zachariah,3.14e-4
Amari,3.12e-4
Reid,3.12e-4
Nasir,3.11e-4
Phoenix,3.07e-4
Rowan,3.07e-4
Jameson,3.06e-4
Melvin,3.05e-4
Talon,3e-4
Jayce,2.99e-4
Carl,2.99e-4
Cory,2.97e-4
Graham,2.97e-4
Reese,2.94e-4
Jeffery,2.93e-4
Kade,2.89e-4
Kelvin,2.89e-4
Skylar,2.88e-4
Demetrius,2.85e-4
Beau,2.84e-4
Franklin,2.84e-4
Guillermo,2.84e-4
Jamari,2.82e-4
Jaylin,2.82e-4
Mekhi,2.82e-4
Brodie,2.81e-4
Terry,2.8e-4
Moses,2.79e-4
Noel,2.77e-4
Nelson,2.76e-4
Rodney,2.76e-4
Everett,2.73e-4
Khalil,2.73e-4
Noe,2.73e-4
Deandre,2.73e-4
Jon,2.72e-4
Roger,2.71e-4
Roy,2.71e-4
Finn,2.7e-4
Jamarion,2.7e-4
Felipe,2.69e-4
Nathanael,2.69e-4
Izaiah,2.68e-4
Tommy,2.68e-4
Sam,2.67e-4
Desmond,2.66e-4
Terrance,2.65e-4
Dorian,2.64e-4
Leonel,2.64e-4
Kristian,2.63e-4
Mohamed,2.62e-4
Ariel,2.61e-4
Reed,2.59e-4
Branden,2.58e-4
Billy,2.57e-4
Grady,2.55e-4
Solomon,2.55e-4
Davion,2.54e-4
Jermaine,2.53e-4
Porter,2.53e-4
Quinton,2.53e-4
Frederick,2.52e-4
Tobias,2.51e-4
Bruce,2.51e-4
Jaylon,2.5e-4
Bobby,2.49e-4
Jessie,2.49e-4
Brent,2.48e-4
Triston,2.45e-4
Tomas,2.44e-4
Quincy,2.43e-4
Osvaldo,2.42e-4
Rocco,2.41e-4
Judah,2.41e-4
Zachery,2.4e-4
Kody,2.39e-4
Damion,2.39e-4
Rene,2.39e-4
Cristopher,2.38e-4
Cruz,2.38e-4
Conor,2.38e-4
Kenny,2.38e-4
Greyson,2.36e-4
Warren,2.36e-4
Brendon,2.35e-4
Jamal,2.35e-4
Leon,2.35e-4
Allan,2.34e-4
Gunnar,2.34e-4
Alvin,2.33e-4
Marlon,2.32e-4
Wilson,2.32e-4
Colten,2.31e-4
River,2.31e-4
Toby,2.31e-4
Deshawn,2.3e-4
Willie,2.3e-4
Cyrus,2.29e-4
Reginald,2.29e-4
Terrell,2.29e-4
Rogelio,2.28e-4
Rodolfo,2.27e-4
Byron,2.26e-4
Harley,2.25e-4
Rohan,2.24e-4
Kellen,2.23e-4
Ulises,2.23e-4
Ahmad,2.22e-4
Orion,2.21e-4
Isaias,2.19e-4
Trevon,2.19e-4
Kendrick,2.19e-4
Johan,2.18e-4
Jamison,2.17e-4
Will,2.17e-4
Emerson,2.15e-4
Joey,2.15e-4
Steve,2.15e-4
Trace,2.15e-4
Jett,2.14e-4
Dayton,2.14e-4
Johnathon,2.13e-4
Malcolm,2.13e-4
Terrence,2.13e-4
Kobe,2.12e-4
Ezequiel,2.12e-4
Gerald,2.12e-4
Waylon,2.12e-4
Craig,2.12e-4
Titus,2.11e-4
Oswaldo,2.11e-4
Alfonso,2.08e-4
Marquis,2.08e-4
Gilberto,2.08e-4
Pierce,2.07e-4
Wade,2.07e-4
Ben,2.07e-4
Karson,2.06e-4
Tristin,2.06e-4
Alonzo,2.06e-4
Francis,2.06e-4
Ray,2.06e-4
Jairo,2.04e-4
Kieran,2.04e-4
Addison,2.03e-4
Ahmed,2.03e-4
Jase,2.02e-4
Jasper,2.02e-4
Ramiro,2.02e-4
Ronnie,2.02e-4
Emmett,2.01e-4
Kendall,2.01e-4
Rolando,1.99e-4
Romeo,1.99e-4
Blaine,1.98e-4
Alvaro,1.98e-4
Tyrone,1.97e-4
Jerome,1.96e-4
Gideon,1.96e-4
Aydan,1.95e-4
Landyn,1.95e-4
Gunner,1.95e-4
Camren,1.94e-4
Adolfo,1.92e-4
Zackery,1.92e-4
Jamie,1.91e-4
Devan,1.91e-4
Aldo,1.9e-4
Alijah,1.9e-4
Ibrahim,1.9e-4
Cedric,1.9e-4
Julien,1.9e-4
Moshe,1.9e-4
Abram,1.9e-4
Harry,1.9e-4
Brycen,1.89e-4
Darrell,1.89e-4
Mohammad,1.89e-4
Brooks,1.88e-4
Darian,1.88e-4
Ronan,1.87e-4
Stanley,1.85e-4
Vicente,1.85e-4
Davin,1.84e-4
Braiden,1.83e-4
Davon,1.82e-4
Neil,1.81e-4
Jabari,1.8e-4
Keenan,1.8e-4
Maverick,1.8e-4
Deven,1.79e-4
Alessandro,1.78e-4
Alexzander,1.78e-4
Gianni,1.78e-4
Lee,1.78e-4
Dwayne,1.77e-4
Dominik,1.76e-4
August,1.76e-4
Misael,1.76e-4
Leonard,1.75e-4
Tyrese,1.75e-4
Xzavier,1.75e-4
Keagan,1.74e-4
Matteo,1.74e-4
Randall,1.73e-4
Asa,1.73e-4
Junior,1.73e-4
Aron,1.72e-4
Boston,1.71e-4
Ari,1.71e-4
Elisha,1.71e-4
Ryker,1.71e-4
Rudy,1.7e-4
Krish,1.7e-4
Antoine,1.69e-4
Mohammed,1.69e-4
Markus,1.69e-4
Kolton,1.67e-4
Muhammad,1.67e-4
London,1.67e-4
Bailey,1.66e-4
Kadin,1.66e-4
Sincere,1.66e-4
Alonso,1.64e-4
Freddy,1.64e-4
Jefferson,1.64e-4
Jamar,1.64e-4
Javion,1.63e-4
Wayne,1.63e-4
Damarion,1.63e-4
Harold,1.63e-4
Quintin,1.63e-4
Frankie,1.61e-4
Duncan,1.61e-4
Eugene,1.61e-4
Kole,1.61e-4
Todd,1.6e-4
Tyrell,1.6e-4
Rashad,1.59e-4
Agustin,1.59e-4
Jaquan,1.59e-4
Coleman,1.58e-4
Gilbert,1.58e-4
Jarrett,1.58e-4
Kamari,1.57e-4
Nico,1.57e-4
Octavio,1.56e-4
Efrain,1.56e-4
Kamron,1.56e-4
Kolby,1.56e-4
Irvin,1.55e-4
Jaeden,1.54e-4
Kasey,1.54e-4
Lamar,1.54e-4
Lawson,1.54e-4
Milo,1.54e-4
Yandel,1.54e-4
Zechariah,1.53e-4
Bradyn,1.52e-4
Jordy,1.52e-4
Lewis,1.52e-4
Raphael,1.51e-4
Davian,1.51e-4
Mike,1.51e-4
Rhett,1.51e-4
Ryland,1.5e-4
Sage,1.5e-4
Santino,1.5e-4
Aryan,1.49e-4
Deacon,1.49e-4
Draven,1.48e-4
Clark,1.47e-4
Dashawn,1.47e-4
Layne,1.47e-4
Jaylan,1.46e-4
Armani,1.46e-4
Brice,1.46e-4
Jovani,1.46e-4
Semaj,1.46e-4
Tyree,1.45e-4
Kenyon,1.44e-4
Giovanny,1.43e-4
Humberto,1.43e-4
Ignacio,1.43e-4
Luciano,1.43e-4
Yair,1.42e-4
Kane,1.42e-4
Kian,1.41e-4
Nigel,1.41e-4
Adriel,1.41e-4
Clay,1.41e-4
Gavyn,1.41e-4
Isai,1.4e-4
Darnell,1.39e-4
Kareem,1.38e-4
Josh,1.38e-4
Santos,1.37e-4
Anton,1.37e-4
Giancarlo,1.37e-4
Jean,1.37e-4
Layton,1.37e-4
Omari,1.37e-4
Arjun,1.36e-4
Donte,1.36e-4
Vance,1.36e-4
Ernest,1.36e-4
Nathanial,1.36e-4
Tristian,1.36e-4
Jair,1.35e-4
Malakai,1.35e-4
Omarion,1.35e-4
Brennen,1.34e-4
Roderick,1.34e-4
Demarcus,1.33e-4
Derick,1.33e-4
Justus,1.33e-4
Aydin,1.32e-4
Enzo,1.32e-4
Vaughn,1.32e-4
Cale,1.32e-4
Hamza,1.32e-4
Jordon,1.32e-4
Dale,1.31e-4
Nash,1.31e-4
Mathias,1.31e-4
Demarion,1.3e-4
Kylan,1.3e-4
Braedon,1.3e-4
Ross,1.29e-4
Cason,1.29e-4
Kason,1.29e-4
Adrien,1.28e-4
Devyn,1.28e-4
Kaeden,1.28e-4
Alfred,1.28e-4
Beckett,1.28e-4
Jadyn,1.28e-4
Jan,1.28e-4
Aedan,1.27e-4
Garret,1.27e-4
Hassan,1.27e-4
Braylen,1.26e-4
Ralph,1.26e-4
Dominique,1.25e-4
Jorden,1.25e-4
Barrett,1.25e-4
Elvis,1.25e-4
Kale,1.25e-4
Atticus,1.24e-4
Darryl,1.23e-4
Jamir,1.23e-4
Karl,1.23e-4
Keon,1.23e-4
Sterling,1.23e-4
Dillan,1.22e-4
Ellis,1.22e-4
Paxton,1.22e-4
Bo,1.22e-4
Darwin,1.21e-4
Heath,1.21e-4
Jovanni,1.21e-4
Ean,1.21e-4
Finnegan,1.2e-4
Remington,1.2e-4
Roland,1.2e-4
Ronaldo,1.2e-4
Amare,1.2e-4
Conrad,1.2e-4
Jordyn,1.2e-4
Rigoberto,1.2e-4
Cannon,1.19e-4
Carmine,1.19e-4
Cullen,1.19e-4
Reagan,1.19e-4
Giovani,1.19e-4
Bruno,1.18e-4
Kamden,1.18e-4
Deangelo,1.18e-4
Rylee,1.18e-4
Messiah,1.17e-4
Korbin,1.17e-4
Sidney,1.17e-4
Marques,1.16e-4
Matthias,1.16e-4
Shamar,1.16e-4
Nathen,1.16e-4
Jovanny,1.15e-4
Adonis,1.15e-4
Luka,1.15e-4
Malaki,1.15e-4
Rex,1.15e-4
Cristofer,1.14e-4
Donavan,1.14e-4
Salvatore,1.14e-4
Soren,1.14e-4
Alden,1.14e-4
Clarence,1.14e-4
Nick,1.14e-4
Lucian,1.14e-4
Zavier,1.14e-4
Aditya,1.13e-4
Antwan,1.13e-4
Coby,1.13e-4
Jaron,1.13e-4
Keshawn,1.13e-4
Matias,1.13e-4
Prince,1.13e-4
Zaire,1.13e-4
Antony,1.12e-4
Rory,1.12e-4
Augustus,1.12e-4
Samir,1.12e-4
Seamus,1.12e-4
Devonte,1.11e-4
Jovany,1.11e-4
Konnor,1.11e-4
Teagan,1.11e-4
Darien,1.11e-4
Howard,1.11e-4
Reynaldo,1.11e-4
Houston,1.1e-4
Sheldon,1.1e-4
Ace,1.1e-4
Clinton,1.1e-4
Jovan,1.09e-4
German,1.09e-4
Deon,1.08e-4
Estevan,1.08e-4
Kael,1.08e-4
Milton,1.08e-4
Karter,1.08e-4
Maxim,1.08e-4
Rey,1.08e-4
Bode,1.07e-4
Glenn,1.07e-4
Chaim,1.07e-4
Dangelo,1.07e-4
Deshaun,1.06e-4
Koen,1.06e-4
Marquise,1.06e-4
Vincenzo,1.06e-4
Leandro,1.06e-4
Makai,1.06e-4
Quinten,1.06e-4
Alexandro,1.05e-4
Eddy,1.05e-4
Haden,1.05e-4
Savion,1.05e-4
Yosef,1.05e-4
Zain,1.04e-4
Blaze,1.04e-4
Branson,1.04e-4
Darion,1.04e-4
Haiden,1.04e-4
Reuben,1.04e-4
Carmelo,1.03e-4
Konner,1.03e-4
Winston,1.03e-4
Zayden,1.03e-4
Broderick,1.02e-4
Dario,1.02e-4
Gauge,1.02e-4
Hezekiah,1.02e-4
Keyon,1.02e-4
Nikhil,1.02e-4
Santana,1.02e-4
Sonny,1.02e-4
Stefan,1.02e-4
Zakary,1.01e-4
Andreas,1.01e-4
Finley,1.01e-4
Samson,1.01e-4
Abdullah,1e-4
Gannon,9.9e-5
Landin,9.9e-5
Marcelo,9.9e-5
Garrison,9.9e-5
King,9.9e-5
Kyan,9.9e-5
Pranav,9.9e-5
Talen,9.9e-5
Elmer,9.8e-5
Fredrick,9.8e-5
Royce,9.8e-5
Tyshawn,9.8e-5
Gordon,9.8e-5
Brad,9.8e-5
Kasen,9.8e-5
Colt,9.7e-5
Van,9.7e-5
Chaz,9.7e-5
Yusuf,9.7e-5
Jacoby,9.6e-5
Keven,9.6e-5
Valentin,9.6e-5
Dexter,9.6e-5
Aidyn,9.5e-5
Jamarcus,9.4e-5
Kadyn,9.4e-5
Cael,9.4e-5
Gonzalo,9.4e-5
Guadalupe,9.4e-5
Jeramiah,9.4e-5
Maximo,9.4e-5
Gaige,9.3e-5
Rhys,9.3e-5
Franco,9.3e-5
Sullivan,9.3e-5
Austen,9.2e-5
Jerimiah,9.2e-5
Carlo,9.2e-5
Nestor,9.2e-5
Treyvon,9.2e-5
Cortez,9.2e-5
Jasiah,9.2e-5
Memphis,9.2e-5
Travon,9.2e-5
Arnav,9.1e-5
Camryn,9.1e-5
Cornelius,9.1e-5
Darrius,9.1e-5
Leroy,9.1e-5
Destin,9.1e-5
Sammy,9.1e-5
Zack,9.1e-5
Kingston,9e-5
Brenton,9e-5
Denzel,9e-5
Gaven,9e-5
Landan,9e-5
Case,8.9e-5
Simeon,8.9e-5
Zayne,8.9e-5
Bernard,8.9e-5
Edison,8.9e-5
Ethen,8.9e-5
Harper,8.9e-5
Keyshawn,8.9e-5
Marcel,8.9e-5
Truman,8.9e-5
Braulio,8.8e-5
Coen,8.8e-5
Jamel,8.8e-5
Javen,8.8e-5
Johnpaul,8.8e-5
Valentino,8.8e-5
Domenic,8.8e-5
Perry,8.8e-5
Trystan,8.8e-5
Benny,8.7e-5
Josef,8.7e-5
Stephan,8.7e-5
Stone,8.7e-5
Shannon,8.7e-5
Thaddeus,8.7e-5
Efren,8.7e-5
Kamren,8.7e-5
Lamont,8.7e-5
Niko,8.7e-5
Shea,8.7e-5
Yehuda,8.7e-5
Imanol,8.6e-5
Izayah,8.6e-5
Jaydin,8.6e-5
Joan,8.6e-5
Menachem,8.6e-5
Rocky,8.6e-5
Blaise,8.6e-5
Korey,8.6e-5
Mikel,8.6e-5
Anders,8.5e-5
Austyn,8.5e-5
Bernardo,8.5e-5
Earl,8.5e-5
Guy,8.5e-5
Jaheim,8.5e-5
Dion,8.5e-5
Pierre,8.5e-5
Dandre,8.4e-5
Elian,8.4e-5
Brogan,8.4e-5
Cristobal,8.4e-5
