name,percent
Jacob,0.010948
Michael,0.009911
Ethan,0.009511
Joshua,0.009309
Daniel,0.009135
Christopher,0.009077
Anthony,0.008856
William,0.008522
Matthew,0.008451
Andrew,0.008327
Alexander,0.008198
David,0.007903
Joseph,0.007813
Noah,0.007493
James,0.007194
Ryan,0.007103
Logan,0.00693
Jayden,0.006883
John,0.006517
Nicholas,0.006477
Tyler,0.006364
Christian,0.006343
Jonathan,0.006221
Nathan,0.006142
Samuel,0.006018
Benjamin,0.00599
Aiden,0.005924
Gabriel,0.005825
Dylan,0.005793
Elijah,0.005588
Brandon,0.005484
Gavin,0.005367
Jackson,0.005272
Angel,0.005143
Jose,0.005094
Caleb,0.004937
Mason,0.004867
Jack,0.004822
Kevin,0.004769
Evan,0.004657
Isaac,0.004633
Zachary,0.004612
Isaiah,0.00455
Justin,0.004534
Jordan,0.004534
Luke,0.00434
Robert,0.004229
Austin,0.004152
Landon,0.004114
Cameron,0.00406
Thomas,0.00403
Aaron,0.004029
Lucas,0.003958
Aidan,0.003807
Connor,0.003767
Owen,0.003736
Diego,0.0037200000000000002
Hunter,0.003711
Jason,0.003663
Luis,0.003641
Adrian,0.003498
Charles,0.003366
Juan,0.003356
Brayden,0.003264
Julian,0.003064
Adam,0.003063
Jeremiah,0.002981
Xavier,0.002966
Wyatt,0.002949
Carlos,0.002901
Sebastian,0.002839
Hayden,0.002838
Alex,0.002831
Ian,0.002827
Jaden,0.002822
Sean,0.002821
Jesus,0.002815
Bryan,0.002795
Chase,0.002782
Carter,0.002761
Brian,0.002748
Nathaniel,0.002733
Eric,0.002692
Cole,0.002581
Dominic,0.002446
Kyle,0.002418
Tristan,0.002409
Blake,0.00238
Liam,0.002322
Carson,0.002316
Henry,0.002313
Caden,0.002279
Brady,0.002244
Miguel,0.002216
Antonio,0.002094
Cooper,0.00209
Steven,0.002056
Kaden,0.002043
Timothy,0.001997
Richard,0.001996
Devin,0.001988
Ayden,0.001953
Alejandro,0.001938
Victor,0.001929
Brody,0.001909
Josiah,0.001902
Jesse,0.001854
Parker,0.001843
Riley,0.001795
Vincent,0.001789
Bryce,0.001777
Jake,0.001752
Kaleb,0.001722
Preston,0.001715
Seth,0.001699
Patrick,0.001684
Colton,0.001657
Marcus,0.001649
Colin,0.001635
Oscar,0.001607
Cody,0.001604
Jeremy,0.001547
Joel,0.001544
Ashton,0.001527
Peyton,0.001526
Micah,0.001488
Ivan,0.00148
Jorge,0.00148
Alan,0.00147
Eli,0.001459
Omar,0.001453
Levi,0.001441
Nolan,0.001436
Giovanni,0.001407
Kenneth,0.001401
Trevor,0.001379
Damian,0.001351
Mark,0.001341
Cristian,0.00132
Oliver,0.001315
Max,0.001301
Derek,0.001288
Eduardo,0.001288
Nicolas,0.00128
Edward,0.001271
Ricardo,0.001259
George,0.001248
Paul,0.001246
Francisco,0.001234
Gage,0.001232
Tanner,0.001232
Andres,0.001229
Maxwell,0.001228
Emmanuel,0.001225
Malachi,0.001222
Fernando,0.001217
Braden,0.001215
Alexis,0.001203
Conner,0.00119
Jared,0.001177
Grant,0.001163
Garrett,0.001157
Javier,0.001152
Leonardo,0.001144
Jonah,0.00113
Erick,0.001103
Cesar,0.001096
Edgar,0.001096
Manuel,0.001092
Travis,0.001087
Edwin,0.001085
Elias,0.001069
Spencer,0.001069
Stephen,0.001069
Shawn,0.001059
Cayden,0.001058
Trenton,0.001055
Peter,0.001054
Bryson,0.001049
Mario,0.001033
Josue,0.00103
Damien,0.001018
Hector,0.001012
Shane,0.001009
Collin,0.001006
Kayden,9.91e-4
Johnathan,9.69e-4
Abraham,9.68e-4
Miles,9.64e-4
Jaxon,9.62e-4
Jeffrey,9.6e-4
Jaiden,9.59e-4
Jaylen,9.42e-4
Bradley,9.39e-4
Wesley,9.32e-4
Sergio,9.24e-4
Donovan,9.22e-4
Erik,9.19e-4
Jace,9.18e-4
Santiago,8.91e-4
Landen,8.83e-4
Raymond,8.8e-4
Dakota,8.79e-4
Israel,8.73e-4
Brendan,8.71e-4
Hudson,8.59e-4
Roman,8.54e-4
Martin,8.49e-4
Marco,8.46e-4
Devon,8.4e-4
Grayson,8.37e-4
Drew,8.28e-4
Andre,8.27e-4
Andy,8.27e-4
Dalton,8.25e-4
Braxton,8.02e-4
Ryder,7.94e-4
Camden,7.91e-4
Roberto,7.9e-4
Kaiden,7.89e-4
Avery,7.85e-4
Keegan,7.72e-4
Gregory,7.59e-4
Harrison,7.49e-4
Lincoln,7.49e-4
Maddox,7.36e-4
Dominick,7.34e-4
Rafael,7.34e-4
Calvin,7.3e-4
Pedro,7.27e-4
Troy,7.25e-4
Zane,7.22e-4
Asher,7.11e-4
Dillon,7e-4
Lukas,7e-4
Zion,7e-4
Ty,6.92e-4
Leo,6.91e-4
Drake,6.88e-4
Sawyer,6.85e-4
Johnny,6.77e-4
Griffin,6.73e-4
Ruben,6.68e-4
Tucker,6.63e-4
Chance,6.62e-4
Corbin,6.62e-4
Clayton,6.53e-4
Ezekiel,0.00064899999999999995
Taylor,6.46e-4
Dawson,6.37e-4
Corey,6.33e-4
Fabian,6.32e-4
Kai,6.29e-4
Raul,6.29e-4
Marcos,6.28e-4
Emanuel,6.23e-4
Rylan,6.22e-4
Simon,6.09e-4
Gerardo,6.04e-4
Angelo,6.03e-4
Kameron,6.03e-4
Brock,6.02e-4
Frank,6e-4
Quinn,5.98e-4
Aden,5.94e-4
Julio,5.9e-4
Derrick,5.84e-4
Jalen,5.79e-4
Tyson,5.73e-4
Dante,5.7e-4
Dustin,5.69e-4
Skyler,5.68e-4
Malik,5.67e-4
Armando,5.64e-4
Emilio,5.64e-4
Scott,5.64e-4
Enrique,5.62e-4
Kyler,5.58e-4
Payton,5.58e-4
Xander,5.55e-4
Jaime,5.54e-4
Mateo,5.54e-4
Colby,5.5e-4
Caiden,5.46e-4
Brennan,5.46e-4
Trey,5.45e-4
Axel,5.41e-4
Allen,5.38e-4
Joaquin,5.34e-4
Trent,5.34e-4
Rodrigo,5.33e-4
Lorenzo,5.3e-4
Ronald,5.3e-4
Cade,5.3e-4
Gael,5.29e-4
Phillip,5.28e-4
Jude,5.23e-4
Keith,5.22e-4
Myles,5.15e-4
Gustavo,5.15e-4
Theodore,5.13e-4
Julius,5.05e-4
Jakob,5.02e-4
Mitchell,4.99e-4
Pablo,4.96e-4
Darius,4.9e-4
Adan,4.89e-4
Saul,4.85e-4
Danny,4.81e-4
Brayan,4.8e-4
Jaxson,4.78e-4
Luca,4.77e-4
Zander,4.76e-4
Alberto,4.71e-4
Maximilian,4.69e-4
Leland,4.63e-4
Lane,4.6e-4
Amir,4.57e-4
Brenden,4.53e-4
Tony,4.53e-4
Randy,4.52e-4
Maximus,4.5e-4
Donald,4.5e-4
Jerry,4.48e-4
Braeden,4.43e-4
Ismael,4.42e-4
Casey,4.42e-4
Arturo,4.4e-4
Cash,4.38e-4
Jonas,4.38e-4
Dennis,4.35e-4
Larry,4.34e-4
Brett,4.33e-4
Jimmy,4.33e-4
Emiliano,4.31e-4
Charlie,4.3e-4
Dane,4.29e-4
Zackary,4.29e-4
Curtis,4.29e-4
Ezra,4.28e-4
Grady,4.28e-4
Dallas,4.27e-4
Tristen,4.27e-4
Abel,4.25e-4
Louis,4.23e-4
Silas,4.23e-4
Anderson,4.19e-4
Mathew,4.18e-4
Declan,4.18e-4
Alfredo,4.11e-4
Chris,4.1e-4
Easton,4.1e-4
Dean,4.08e-4
Jayson,4.05e-4
Kingston,4.05e-4
Esteban,4.02e-4
Elliot,3.98e-4
Keaton,3.98e-4
Marvin,3.98e-4
Amari,3.97e-4
Darren,3.96e-4
Philip,3.96e-4
Alec,3.94e-4
Braydon,3.94e-4
Nehemiah,3.94e-4
Rowan,3.94e-4
Moises,3.9e-4
Orlando,3.89e-4
Weston,3.85e-4
Nickolas,3.79e-4
Albert,3.75e-4
Bennett,3.74e-4
Lance,3.72e-4
Ricky,3.72e-4
Arthur,3.7e-4
Braylon,3.69e-4
Quentin,3.68e-4
Walter,3.68e-4
Ramon,3.67e-4
Holden,3.66e-4
Felix,3.66e-4
Everett,3.64e-4
Graham,3.61e-4
Issac,3.59e-4
Mauricio,3.58e-4
Elliott,3.57e-4
Ali,3.54e-4
Finn,3.54e-4
Gary,3.52e-4
Jameson,3.51e-4
Cohen,3.5e-4
Camron,3.49e-4
Lawrence,3.48e-4
Shaun,3.47e-4
Davis,3.43e-4
Douglas,3.41e-4
Jay,3.36e-4
Uriel,3.36e-4
Hugo,3.35e-4
Justice,3.35e-4
Nikolas,3.35e-4
Yahir,3.34e-4
Ernesto,3.3e-4
Joe,3.3e-4
Morgan,3.29e-4
Salvador,3.26e-4
Bryant,3.22e-4
Tate,3.22e-4
Javon,3.22e-4
Russell,3.22e-4
Jonathon,3.2e-4
Maurice,3.2e-4
Jayce,3.2e-4
Jaydon,3.19e-4
Marshall,3.19e-4
Cory,3.19e-4
Eddie,3.19e-4
Greyson,3.16e-4
Kristopher,3.16e-4
Jamari,3.15e-4
Phoenix,3.13e-4
Beau,3.13e-4
Judah,3.11e-4
Reid,3.08e-4
Jadon,3.08e-4
Reece,3.07e-4
Desmond,3.06e-4
Chandler,3.05e-4
Damon,3.04e-4
Cruz,3.03e-4
Aldo,3.02e-4
Nasir,2.97e-4
Chad,2.96e-4
Kade,2.96e-4
Micheal,2.93e-4
Davion,2.92e-4
Talon,2.89e-4
Rodney,2.89e-4
Bruce,2.87e-4
Izaiah,2.87e-4
Noel,2.87e-4
Zachariah,2.87e-4
Noe,2.86e-4
Marc,2.84e-4
Rocco,2.84e-4
Melvin,2.83e-4
Carl,2.82e-4
Isiah,2.82e-4
Kelvin,2.81e-4
Mekhi,2.81e-4
Jamarion,2.79e-4
Reed,2.79e-4
Sam,2.77e-4
Guillermo,2.76e-4
Solomon,2.75e-4
Terry,2.75e-4
Deandre,2.72e-4
Reese,2.72e-4
Brodie,2.72e-4
Jaylin,2.72e-4
Walker,2.71e-4
Moses,2.69e-4
Nathanael,2.68e-4
Mohamed,2.68e-4
Cyrus,2.65e-4
Colten,2.65e-4
Jasper,2.65e-4
Roger,2.63e-4
Nelson,2.62e-4
Cristopher,2.61e-4
Franklin,2.61e-4
Kobe,2.59e-4
Terrance,2.57e-4
Porter,2.56e-4
Felipe,2.56e-4
Tobias,2.55e-4
Kristian,2.55e-4
Jermaine,2.54e-4
Skylar,2.54e-4
Quinton,2.52e-4
Branden,2.51e-4
Khalil,2.51e-4
Landyn,2.51e-4
Leonel,2.51e-4
Jeffery,2.5e-4
Osvaldo,2.5e-4
Pierce,2.47e-4
Tommy,2.46e-4
Billy,2.45e-4
Dorian,2.45e-4
Demetrius,2.44e-4
Leon,2.44e-4
Emerson,2.42e-4
Jon,2.42e-4
Quincy,2.42e-4
Roy,2.42e-4
Jessie,2.4e-4
Titus,2.4e-4
Conor,2.39e-4
Johan,2.39e-4
Romeo,2.38e-4
Gunner,2.38e-4
Jamison,2.37e-4
Kenny,2.36e-4
Bobby,2.36e-4
Ariel,2.36e-4
Isaias,2.36e-4
Kellen,2.35e-4
Terrell,2.35e-4
Brent,2.34e-4
Alvin,2.32e-4
Rohan,2.32e-4
Warren,2.31e-4
Dayton,2.31e-4
Rene,2.3e-4
Rogelio,2.29e-4
Allan,2.29e-4
Kody,2.28e-4
Waylon,2.27e-4
Alfonso,2.26e-4
Byron,2.24e-4
Trevon,2.24e-4
Keagan,2.22e-4
Reginald,2.22e-4
Ezequiel,2.21e-4
Tomas,2.21e-4
Wade,2.21e-4
Gideon,2.19e-4
Frederick,2.18e-4
Jamal,2.18e-4
Braiden,2.17e-4
Brendon,2.17e-4
Triston,2.17e-4
Jett,2.17e-4
Brooks,2.16e-4
Kendall,2.16e-4
Ryker,2.16e-4
Tristin,2.15e-4
Karson,2.15e-4
Milo,2.15e-4
Wilson,2.15e-4
Kendrick,2.14e-4
Craig,2.13e-4
Damion,2.13e-4
Orion,2.13e-4
Willie,2.12e-4
Alijah,2.12e-4
Gerald,2.12e-4
Joey,2.12e-4
Marlon,2.12e-4
Gunnar,2.11e-4
Ronan,2.1e-4
River,2.1e-4
Ari,2.09e-4
Ahmad,2.09e-4
Zachery,2.09e-4
Abram,2.08e-4
Jase,2.08e-4
Jaylon,2.08e-4
Ulises,2.07e-4
Blaine,2.07e-4
Paxton,2.06e-4
Toby,2.06e-4
Will,2.06e-4
Maverick,2.06e-4
Talan,2.06e-4
Malcolm,2.05e-4
Rolando,2.05e-4
Kieran,2.04e-4
Marquis,2.04e-4
Terrence,2.03e-4
Deshawn,2.03e-4
Emmett,2.03e-4
Ahmed,2.02e-4
Steve,2.02e-4
Darian,2.01e-4
Gianni,2.01e-4
Harry,2e-4
Jairo,2e-4
Brycen,1.99e-4
Davin,1.98e-4
Rashad,1.98e-4
Trace,1.98e-4
Ibrahim,1.97e-4
Moshe,1.97e-4
Kolton,1.97e-4
Julien,1.96e-4
Alonzo,1.95e-4
Ramiro,1.95e-4
Cedric,1.95e-4
Zayden,1.94e-4
Rodolfo,1.93e-4
Johnathon,1.92e-4
Colt,1.92e-4
Gilberto,1.92e-4
Jaeden,1.91e-4
Dominik,1.89e-4
Jefferson,1.89e-4
Kamari,1.89e-4
Vicente,1.89e-4
Camren,1.88e-4
Aydan,1.88e-4
Zackery,1.88e-4
Darrell,1.87e-4
Harley,1.87e-4
Jerome,1.86e-4
Tyrone,1.86e-4
August,1.86e-4
Alvaro,1.84e-4
Ben,1.84e-4
Aryan,1.84e-4
Devan,1.84e-4
Valentin,1.83e-4
Aron,1.82e-4
Junior,1.82e-4
Francis,1.81e-4
Javion,1.81e-4
Stanley,1.8e-4
Asa,1.79e-4
Ryland,1.79e-4
Sincere,1.78e-4
Matteo,1.78e-4
Jacoby,1.77e-4
Jabari,1.77e-4
Xzavier,1.77e-4
Boston,1.76e-4
Mohammad,1.76e-4
Alexzander,1.75e-4
Clark,1.74e-4
Deacon,1.74e-4
Kale,1.73e-4
Bradyn,1.73e-4
Efrain,1.72e-4
Kole,1.72e-4
Ray,1.72e-4
Ronnie,1.72e-4
Kane,1.72e-4
Lee,1.72e-4
Armani,1.72e-4
Davian,1.72e-4
Gavyn,1.71e-4
Kolby,1.71e-4
Korbin,1.71e-4
Adolfo,1.7e-4
Adriel,1.7e-4
Amare,1.7e-4
Damarion,1.7e-4
Omari,1.7e-4
Tyree,1.7e-4
Lawson,1.68e-4
Draven,1.68e-4
Tyrese,1.68e-4
Brennen,1.66e-4
Enzo,1.66e-4
Finnegan,1.66e-4
Alonso,1.65e-4
Barrett,1.64e-4
Elisha,1.64e-4
Jamie,1.64e-4
London,1.64e-4
Kadin,1.63e-4
Keenan,1.63e-4
Layne,1.63e-4
Beckett,1.63e-4
Dwayne,1.63e-4
Kason,1.62e-4
Zechariah,1.62e-4
Davon,1.62e-4
Kian,1.62e-4
Deven,1.62e-4
Leonard,1.62e-4
Bailey,1.61e-4
Elvis,1.61e-4
Misael,1.59e-4
Teagan,1.59e-4
Wayne,1.59e-4
Eugene,1.58e-4
Harold,1.58e-4
Quintin,1.58e-4
Antoine,1.57e-4
Nico,1.57e-4
Atticus,1.57e-4
Coleman,1.57e-4
Gilbert,1.57e-4
Krish,1.57e-4
Mohammed,1.57e-4
Giovani,1.56e-4
Frankie,1.55e-4
Markus,1.55e-4
Addison,1.54e-4
Derick,1.54e-4
Jorden,1.54e-4
Lamar,1.52e-4
Braylen,1.52e-4
Jadyn,1.52e-4
Freddy,1.51e-4
Isai,1.51e-4
Lewis,1.51e-4
Randall,1.51e-4
Raphael,1.51e-4
Rhett,1.51e-4
Kaeden,1.5e-4
Muhammad,1.5e-4
Santino,1.5e-4
Rudy,1.49e-4
Jaron,1.48e-4
Nash,1.48e-4
Alessandro,1.47e-4
Aydin,1.47e-4
Darnell,1.47e-4
Cale,1.47e-4
Giancarlo,1.47e-4
Kasey,1.47e-4
Malakai,1.47e-4
Todd,1.47e-4
Jarrett,1.46e-4
Sage,1.45e-4
King,1.45e-4
Messiah,1.45e-4
Vance,1.44e-4
Hamza,1.43e-4
Tristian,1.43e-4
Cason,1.43e-4
Irvin,1.43e-4
Arjun,1.42e-4
Brice,1.42e-4
Cannon,1.42e-4
Donte,1.42e-4
Josh,1.42e-4
Kareem,1.42e-4
Sullivan,1.42e-4
Agustin,1.41e-4
Giovanny,1.41e-4
Semaj,1.4e-4
Kamden,1.39e-4
Luciano,1.39e-4
Vaughn,1.38e-4
Neil,1.38e-4
Nigel,1.37e-4
Yandel,1.37e-4
Jordon,1.37e-4
Alfred,1.37e-4
Jamarcus,1.37e-4
Roland,1.37e-4
Kamron,1.36e-4
Jamar,1.35e-4
Justus,1.35e-4
Aditya,1.34e-4
Luka,1.34e-4
Soren,1.34e-4
Yair,1.33e-4
Seamus,1.33e-4
Mike,1.32e-4
Tyrell,1.32e-4
Jaydin,1.32e-4
Adonis,1.31e-4
Ean,1.31e-4
Ignacio,1.31e-4
Oswaldo,1.31e-4
Demarcus,1.31e-4
Jaquan,1.31e-4
Clinton,1.3e-4
Duncan,1.3e-4
Ernest,1.3e-4
Jovani,1.3e-4
Bo,1.3e-4
Cullen,1.3e-4
Humberto,1.29e-4
Jordyn,1.29e-4
Layton,1.29e-4
Darien,1.28e-4
Aedan,1.28e-4
Dale,1.28e-4
Jair,1.28e-4
Clay,1.27e-4
Lucian,1.27e-4
Mathias,1.27e-4
Ace,1.27e-4
Dashawn,1.26e-4
Kylan,1.26e-4
Malaki,1.26e-4
Gaige,1.25e-4
Yusuf,1.25e-4
Deon,1.25e-4
Alden,1.24e-4
Dominique,1.24e-4
Finley,1.23e-4
Santos,1.23e-4
Augustus,1.23e-4
Maxim,1.23e-4
Memphis,1.23e-4
Prince,1.23e-4
Marcelo,1.23e-4
Remington,1.23e-4
Chaim,1.22e-4
Kenyon,1.22e-4
Konner,1.22e-4
Matias,1.22e-4
Karter,1.21e-4
Sterling,1.21e-4
Zaire,1.21e-4
Madden,1.21e-4
Antony,1.2e-4
Rylee,1.2e-4
Darion,1.2e-4
Braedon,1.19e-4
Bruno,1.19e-4
Salvatore,1.19e-4
Hassan,1.19e-4
Nathanial,1.19e-4
Rhys,1.19e-4
Van,1.19e-4
Darwin,1.18e-4
Ellis,1.18e-4
Jax,1.18e-4
Kasen,1.18e-4
Nikhil,1.18e-4
Conrad,1.18e-4
Cristofer,1.18e-4
Glenn,1.18e-4
Matthias,1.18e-4
Yosef,1.18e-4
Aidyn,1.18e-4
Haiden,1.18e-4
Jeramiah,1.18e-4
Savion,1.18e-4
Keshawn,1.17e-4
Omarion,1.17e-4
Rory,1.17e-4
Dexter,1.17e-4
Ross,1.17e-4
Samir,1.17e-4
Houston,1.16e-4
Roderick,1.16e-4
Zavier,1.16e-4
Dillan,1.15e-4
Killian,1.15e-4
Jamir,1.15e-4
Demarion,1.14e-4
Keon,1.14e-4
Sidney,1.14e-4
Deangelo,1.14e-4
Jaylan,1.13e-4
Anton,1.13e-4
Jaidyn,1.13e-4
Adrien,1.12e-4
Clarence,1.12e-4
Devyn,1.12e-4
Marcel,1.12e-4
Antwan,1.12e-4
Dario,1.12e-4
Jovanni,1.12e-4
Reagan,1.11e-4
Slade,1.11e-4
Marques,1.11e-4
Darryl,1.1e-4
Octavio,1.1e-4
Jean,1.09e-4
Carmelo,1.09e-4
Elmer,1.09e-4
Howard,1.09e-4
Reynaldo,1.09e-4
Jasiah,1.08e-4
Karl,1.08e-4
Ralph,1.08e-4
Sonny,1.08e-4
Winston,1.08e-4
Jovan,1.08e-4
Leandro,1.08e-4
Quinten,1.08e-4
Rigoberto,1.08e-4
Zain,1.08e-4
Coby,1.07e-4
Rex,1.07e-4
Vincenzo,1.06e-4
Blaze,1.05e-4
Makai,1.05e-4
Broderick,1.04e-4
Elian,1.03e-4
Harper,1.03e-4
Kadyn,1.03e-4
Kellan,1.03e-4
Pranav,1.03e-4
Landin,1.03e-4
Royce,1.03e-4
Thaddeus,1.03e-4
Nathen,1.03e-4
Carlo,1.02e-4
Samson,1.02e-4
Abdullah,1.02e-4
Chaz,1.02e-4
Nick,1.02e-4
Stone,1.02e-4
Garrison,1.01e-4
Jaydan,1.01e-4
Lamont,1.01e-4
Gaven,1.01e-4
Milton,1.01e-4
Nery,1.01e-4
Zack,1e-4
Estevan,1e-4
Heath,1e-4
Keyon,1e-4
Alexandro,9.9e-5
Jarvis,9.9e-5
Rayan,9.9e-5
Donavan,9.9e-5
Branson,9.8e-5
Joan,9.8e-5
Reilly,9.8e-5
Dangelo,9.8e-5
Jovany,9.8e-5
Niko,9.8e-5
Camryn,9.8e-5
Cristobal,9.8e-5
Marquise,9.8e-5
Rey,9.8e-5
Cael,9.7e-5
German,9.7e-5
Izayah,9.7e-5
Maximo,9.7e-5
Rocky,9.7e-5
Dereon,9.7e-5
Elvin,9.7e-5
Carmine,9.6e-5
Dax,9.6e-5
Fisher,9.6e-5
Fredrick,9.6e-5
Hezekiah,9.6e-5
Mariano,9.6e-5
Reuben,9.6e-5
Ronaldo,9.6e-5
Stefan,9.6e-5
Amarion,9.6e-5
Case,9.6e-5
Kelton,9.6e-5
Konnor,9.6e-5
Simeon,9.6e-5
Yael,9.6e-5
Bernard,9.5e-5
Ethen,9.5e-5
Raiden,9.5e-5
Turner,9.5e-5
Garret,9.5e-5
Nestor,9.5e-5
Shamar,9.5e-5
Jovanny,9.4e-5
Eliezer,9.4e-5
Jayvon,9.4e-5
Nikolai,9.4e-5
Brad,9.3e-5
Haden,9.3e-5
Yurem,9.3e-5
Arnav,9.3e-5
Devonte,9.3e-5
Gonzalo,9.3e-5
Jaren,9.3e-5
Lyric,9.3e-5
Rishi,9.3e-5
Sheldon,9.3e-5
Eliseo,9.3e-5
Andreas,9.2e-5
Jamel,9.2e-5
Bernardo,9.2e-5
Cortez,9.2e-5
Emery,9.2e-5
Fletcher,9.2e-5
Truman,9.2e-5
Edison,9.1e-5
Efren,9.1e-5
Immanuel,9.1e-5
Jagger,9.1e-5
Kelan,9.1e-5
Keven,9.1e-5
Tegan,9.1e-5
Zayne,9.1e-5
Amos,9.1e-5
Cornelius,9.1e-5
Kamryn,9.1e-5
Javen,9e-5
Jayvion,9e-5
Ronin,9e-5
Tyshawn,9e-5
Hugh,9e-5
Menachem,9e-5
Adin,8.9e-5
Deshaun,8.9e-5
Gauge,8.9e-5
Talen,8.9e-5
Treyvon,8.9e-5
Vince,8.9e-5
Blaise,8.9e-5
Bentley,8.8e-5
Daxton,8.8e-5
Dimitri,8.8e-5
Gordon,8.8e-5
Leroy,8.8e-5
Maximillian,8.8e-5
Brenton,8.7e-5
Brogan,8.7e-5
