name,percent
Emily,0.009155
Isabella,0.009049
Emma,0.008688
Ava,0.00855
Madison,0.008489
Sophia,0.008053
Olivia,0.00784
Abigail,0.007318
Hannah,0.006279
Elizabeth,0.006158
Addison,0.005662
Samantha,0.005611
Ashley,0.005407
Alyssa,0.00533
Mia,0.005164
Chloe,0.005085
Natalie,0.004937
Sarah,0.004717
Alexis,0.004678
Grace,0.004605
Ella,0.004515
Brianna,0.004185
Hailey,0.003992
Taylor,0.003769
Anna,0.003721
Kayla,0.003585
Lily,0.003549
Lauren,0.003519
Victoria,0.003505
Savannah,0.003324
Nevaeh,0.003208
Jasmine,0.003193
Lillian,0.003099
Julia,0.002906
Sofia,0.002864
Kaylee,0.002855
Sydney,0.002854
Gabriella,0.002755
Katherine,0.002752
Alexa,0.002738
Destiny,0.002702
Jessica,0.002699
Morgan,0.002683
Kaitlyn,0.002627
Brooke,0.00261
Allison,0.002584
Makayla,0.002564
Avery,0.00255
Alexandra,0.002534
Jocelyn,0.002509
Audrey,0.002486
Riley,0.002468
Maria,0.002418
Kimberly,0.002417
Evelyn,0.002392
Zoe,0.002332
Brooklyn,0.002313
Angelina,0.002289
Rachel,0.002275
Andrea,0.002272
Madeline,0.002227
Maya,0.002225
Kylie,0.002205
Jennifer,0.002201
Mackenzie,0.002187
Claire,0.002186
Gabrielle,0.002149
Leah,0.002147
Aubrey,0.002136
Arianna,0.002118
Vanessa,0.002101
Trinity,0.002063
Ariana,0.002046
Faith,0.002029
Katelyn,0.002012
Amelia,0.001984
Haley,0.001983
Megan,0.00195
Isabelle,0.001942
Melanie,0.001896
Sara,0.001895
Sophie,0.001885
Aaliyah,0.00187
Bailey,0.001861
Layla,0.001845
Isabel,0.001827
Nicole,0.001824
Stephanie,0.001803
Paige,0.001791
Gianna,0.001757
Autumn,0.001753
Mariah,0.001746
Mary,0.001737
Michelle,0.001701
Jada,0.001686
Gracie,0.001643
Molly,0.001617
Valeria,0.001615
Caroline,0.001614
Jordan,0.001576
Mya,0.001572
Charlotte,0.001572
Jenna,0.001561
Madelyn,0.001523
Rebecca,0.001517
Diana,0.001507
Sadie,0.001501
Daniela,0.00146
Natalia,0.001454
Kennedy,0.001445
Amanda,0.001436
Zoey,0.001434
Jade,0.001431
Katie,0.001409
Adriana,0.001385
Ruby,0.001369
Eva,0.001368
Gabriela,0.001354
Amy,0.001337
Briana,0.001334
Peyton,0.001317
Naomi,0.001312
Danielle,0.00131
Lydia,0.001309
Angela,0.001301
Serenity,0.001287
Leslie,0.001275
Keira,0.001268
Camila,0.00126
Jacqueline,0.001247
Jayla,0.001242
Rylee,0.001242
Marissa,0.001238
Giselle,0.001231
Lucy,0.001215
Kate,0.001207
Melissa,0.00118
Genesis,0.001177
Jordyn,0.001176
Breanna,0.001176
Erin,0.001171
Catherine,0.001167
Alana,0.001161
Valerie,0.001148
Amber,0.001134
Lilly,0.001133
Cheyenne,0.00112
Laila,0.001119
Shelby,0.001114
Reese,0.001112
Liliana,0.001098
Angel,0.00108
Payton,0.001079
Miranda,0.001073
Ashlyn,0.001072
Reagan,0.001069
Kylee,0.001065
Summer,0.001063
Bella,0.00106
Juliana,0.001055
Mckenzie,0.001052
Ana,0.001049
Alexandria,0.001043
Kathryn,0.001042
Karen,0.001028
Kendall,0.001024
Daisy,0.001021
Sierra,9.95e-4
Sienna,9.83e-4
Adrianna,9.81e-4
Skylar,9.71e-4
Jayden,9.65e-4
Margaret,9.58e-4
Christina,9.5e-4
Ellie,9.5e-4
Bianca,9.36e-4
Mariana,9.35e-4
Alicia,9.19e-4
Alexia,9.18e-4
Makenzie,9.16e-4
Maggie,8.85e-4
Mikayla,8.76e-4
Alondra,8.69e-4
Laura,8.68e-4
Jazmin,8.67e-4
Jillian,8.45e-4
Julianna,8.42e-4
Ariel,8.4e-4
Kyra,8.33e-4
Tessa,8.29e-4
Esmeralda,8.26e-4
Alina,8.24e-4
Elena,8.22e-4
Brooklynn,8.22e-4
Hayden,8.2e-4
Annabelle,8.16e-4
Sabrina,8.16e-4
Nadia,8.12e-4
Cadence,8.09e-4
Amaya,8.03e-4
Kelsey,8.03e-4
Kendra,8.03e-4
Delaney,8e-4
Jasmin,7.97e-4
Aniyah,7.97e-4
Hope,7.93e-4
Alivia,7.81e-4
Cassidy,7.81e-4
Chelsea,7.75e-4
Vivian,7.74e-4
Kiara,7.66e-4
Tiffany,7.66e-4
Caitlyn,7.63e-4
Aliyah,7.6e-4
Camryn,7.57e-4
Karina,7.53e-4
Crystal,7.52e-4
Scarlett,7.5e-4
Karla,7.47e-4
Joselyn,7.46e-4
Abby,7.46e-4
Kelly,7.42e-4
Josephine,7.38e-4
Elise,7.37e-4
Mckenna,7.35e-4
Lindsey,7.34e-4
Clara,7.32e-4
Alaina,7.28e-4
Violet,7.25e-4
Caitlin,7.24e-4
Kyla,7.22e-4
Fatima,7.18e-4
Angelica,7.15e-4
Courtney,7.15e-4
Julissa,7.12e-4
Izabella,7.08e-4
Haylee,7.07e-4
Allie,7.03e-4
Dakota,7.03e-4
Piper,6.99e-4
Veronica,6.99e-4
Nora,6.97e-4
Makenna,6.92e-4
Stella,6.91e-4
Jazmine,6.78e-4
Savanna,6.69e-4
Mallory,6.67e-4
Kayleigh,6.61e-4
Eliana,6.61e-4
Jamie,6.59e-4
Leila,6.59e-4
Joanna,6.57e-4
Addyson,6.55e-4
Alejandra,6.5e-4
Erica,6.45e-4
Eden,6.44e-4
Ciara,6.43e-4
Callie,6.42e-4
Lila,6.42e-4
Cassandra,6.28e-4
Carly,6.25e-4
Jayda,6.15e-4
Heaven,6.12e-4
Dulce,6.08e-4
Erika,6.06e-4
Nina,6.02e-4
Eleanor,6.01e-4
Aniya,5.99e-4
Allyson,5.98e-4
Kira,5.98e-4
Lola,5.96e-4
Alayna,5.9e-4
Ashlynn,5.89e-4
Carmen,5.88e-4
Esther,5.87e-4
Cecilia,5.87e-4
Kamryn,5.86e-4
Cynthia,5.83e-4
Miley,5.83e-4
Brenda,5.82e-4
Macy,5.79e-4
Guadalupe,5.77e-4
Katelynn,5.69e-4
London,5.65e-4
Leilani,5.61e-4
Monica,5.6e-4
Kailey,5.59e-4
Alison,5.55e-4
Kara,5.54e-4
Daniella,5.53e-4
Madeleine,5.5e-4
Bethany,5.49e-4
Kiera,5.42e-4
Georgia,5.41e-4
Miriam,5.4e-4
Delilah,5.38e-4
Melody,5.38e-4
Lizbeth,5.37e-4
Kaylie,5.34e-4
Josie,5.33e-4
Ivy,5.32e-4
Ryleigh,5.32e-4
Heidi,5.31e-4
Julie,5.3e-4
Camille,5.28e-4
Danica,5.25e-4
Hayley,5.25e-4
Cameron,5.22e-4
Rebekah,5.19e-4
April,5.16e-4
Lucia,5.15e-4
Emerson,5.12e-4
Anastasia,5.06e-4
Harmony,5.06e-4
Aurora,5.05e-4
Lindsay,5.05e-4
Iris,5.04e-4
Jadyn,5.04e-4
Aubree,5e-4
Selena,4.94e-4
Tatiana,4.93e-4
Hanna,4.9e-4
Emely,4.86e-4
Asia,4.85e-4
Paola,4.84e-4
Kaydence,4.83e-4
Carolina,4.82e-4
Shayla,4.82e-4
Anahi,4.82e-4
Angie,4.8e-4
Desiree,4.8e-4
Alissa,4.76e-4
Eliza,4.74e-4
Lexi,4.73e-4
Jaden,4.69e-4
Tatum,4.69e-4
Kaelyn,4.68e-4
Phoebe,4.68e-4
Holly,4.63e-4
Presley,4.59e-4
Michaela,4.58e-4
Rylie,4.58e-4
Kyleigh,4.56e-4
Genevieve,4.55e-4
Meredith,4.52e-4
Ruth,4.51e-4
Alice,4.49e-4
Rose,4.42e-4
Helen,4.41e-4
Brynn,4.39e-4
Sasha,4.35e-4
Fiona,4.34e-4
Celeste,4.33e-4
Cora,4.32e-4
Brittany,4.31e-4
Bridget,4.3e-4
Diamond,4.3e-4
Yasmin,4.28e-4
Hazel,4.27e-4
Jaelyn,4.27e-4
Madyson,4.27e-4
Nancy,4.25e-4
Itzel,4.24e-4
Kimora,4.24e-4
Anya,4.22e-4
Janiya,4.2e-4
Brenna,4.2e-4
Lyla,4.19e-4
Kiley,4.18e-4
Ximena,4.18e-4
Denise,4.17e-4
Madalyn,4.17e-4
Meghan,4.15e-4
Skyler,4.13e-4
Alessandra,4.12e-4
Annika,4.12e-4
Nayeli,4.12e-4
Priscilla,4.12e-4
Maddison,4.11e-4
Kaylin,4.1e-4
Wendy,4.1e-4
Ayla,4.08e-4
Paris,4.07e-4
Madilyn,4.07e-4
Kadence,4.05e-4
Madisyn,4.02e-4
Natasha,4.01e-4
Imani,3.98e-4
Marley,3.98e-4
Talia,3.98e-4
Adeline,3.97e-4
Lacey,3.95e-4
Rachael,3.95e-4
Valentina,3.92e-4
Baylee,3.91e-4
Estrella,3.89e-4
Sarai,3.88e-4
Raegan,3.87e-4
Cindy,3.87e-4
Malia,3.87e-4
Nia,3.87e-4
Janelle,3.86e-4
Claudia,3.85e-4
Lana,3.84e-4
Perla,3.8e-4
Serena,3.8e-4
Sandra,3.78e-4
Teagan,3.77e-4
Penelope,3.76e-4
Marisol,3.75e-4
Brielle,3.75e-4
Heather,3.75e-4
Emilee,3.74e-4
Nataly,3.74e-4
Rihanna,3.74e-4
Lilliana,3.72e-4
Lilian,3.71e-4
Johanna,3.7e-4
Emilia,3.7e-4
Kaitlin,3.68e-4
Melany,3.68e-4
Kathleen,3.68e-4
Jane,3.67e-4
Annie,3.67e-4
Haylie,3.65e-4
Kristen,3.63e-4
Angelique,3.62e-4
Lesly,3.62e-4
Willow,3.62e-4
Elaina,3.6e-4
Jaiden,3.6e-4
Janiyah,3.59e-4
Jazlyn,3.56e-4
Ashlee,3.52e-4
Shannon,3.52e-4
Rosa,3.5e-4
Abril,3.49e-4
Kiana,3.49e-4
Harper,3.45e-4
Hailee,3.45e-4
Kirsten,3.44e-4
Patricia,3.43e-4
Athena,3.43e-4
Dana,3.42e-4
Nyla,3.41e-4
Kristina,3.4e-4
Macie,3.4e-4
Bryanna,3.38e-4
Gloria,3.37e-4
Rowan,3.37e-4
Lena,3.37e-4
Danika,3.36e-4
Luna,3.35e-4
Logan,3.34e-4
Ainsley,3.34e-4
Ryan,3.34e-4
Samara,3.33e-4
Miracle,3.32e-4
Evangeline,3.32e-4
America,3.31e-4
Casey,3.31e-4
Fernanda,3.31e-4
Marina,3.29e-4
Taryn,3.28e-4
Anaya,3.28e-4
Dayanara,3.28e-4
Alanna,3.27e-4
Norah,3.25e-4
Hadley,3.25e-4
Sage,3.23e-4
Madelynn,3.22e-4
Yesenia,3.22e-4
Yoselin,3.21e-4
Francesca,3.21e-4
Melina,3.2e-4
Elle,3.19e-4
Kassidy,3.19e-4
Skye,3.19e-4
Amari,3.19e-4
Tori,3.18e-4
Amya,3.18e-4
Lauryn,3.18e-4
Cheyanne,3.17e-4
Harley,3.17e-4
Lillie,3.17e-4
Viviana,3.17e-4
Kali,3.17e-4
Sidney,3.16e-4
Kailyn,3.15e-4
Cali,3.14e-4
Mercedes,3.12e-4
Paulina,3.12e-4
Linda,3.11e-4
Saniya,3.1e-4
Abbigail,3.09e-4
Kenzie,3.08e-4
Raquel,3.07e-4
Aileen,3.06e-4
Clarissa,3.06e-4
Kaitlynn,3.05e-4
Kassandra,3.05e-4
Noelle,3.05e-4
Lexie,3.02e-4
Isabela,3.01e-4
Aubrie,2.99e-4
Bailee,2.99e-4
Raven,2.98e-4
Kayden,2.97e-4
Jaqueline,2.97e-4
Elisabeth,2.93e-4
Jenny,2.92e-4
Krystal,2.92e-4
Anika,2.91e-4
Christine,2.9e-4
Halle,2.9e-4
Marisa,2.9e-4
Tania,2.89e-4
Juliet,2.87e-4
Anne,2.86e-4
Amira,2.85e-4
Joy,2.85e-4
Alyson,2.83e-4
Hallie,2.83e-4
Jimena,2.83e-4
Marilyn,2.83e-4
Tamia,2.81e-4
Maritza,2.8e-4
Simone,2.8e-4
Marlene,2.8e-4
Laney,2.79e-4
Lia,2.79e-4
Ayanna,2.78e-4
Sylvia,2.78e-4
Kenya,2.77e-4
Helena,2.76e-4
Jaida,2.75e-4
Cristina,2.75e-4
Cara,2.74e-4
Tara,2.74e-4
Carla,2.73e-4
Dayana,2.72e-4
Jaylynn,2.7e-4
Kaleigh,2.7e-4
Amiyah,2.7e-4
Virginia,2.7e-4
Regan,2.65e-4
Carley,2.64e-4
Teresa,2.64e-4
Deanna,2.63e-4
Lyric,2.63e-4
Alisha,2.62e-4
Arely,2.62e-4
Elisa,2.62e-4
Isis,2.62e-4
Tabitha,2.6e-4
Janessa,2.59e-4
Marie,2.59e-4
Kennedi,2.57e-4
Mylee,2.57e-4
Tiana,2.56e-4
Jaidyn,2.55e-4
Jaylin,2.55e-4
Britney,2.52e-4
Whitney,2.51e-4
Annabella,2.51e-4
Saniyah,2.5e-4
Aria,2.5e-4
Zoie,2.49e-4
Lilah,2.49e-4
Nathalie,2.49e-4
Lisa,2.48e-4
Shania,2.48e-4
Justice,2.47e-4
Zion,2.47e-4
Amara,2.47e-4
Emery,2.47e-4
Quinn,2.47e-4
Jolie,2.46e-4
Regina,2.46e-4
Martha,2.45e-4
Haven,2.44e-4
Daphne,2.43e-4
Pamela,2.43e-4
Ellen,2.42e-4
Jordin,2.42e-4
Kailee,2.42e-4
Emilie,2.41e-4
Juliette,2.41e-4
Larissa,2.4e-4
Yazmin,2.4e-4
Aylin,2.39e-4
Kiersten,2.39e-4
Parker,2.39e-4
Yadira,2.39e-4
Yareli,2.39e-4
Jaelynn,2.38e-4
Jaslene,2.37e-4
Precious,2.37e-4
Kaylynn,2.36e-4
Reyna,2.36e-4
Angeline,2.36e-4
Jessie,2.35e-4
Katrina,2.35e-4
Rhianna,2.35e-4
Zariah,2.35e-4
Luz,2.34e-4
Arielle,2.33e-4
Carolyn,2.33e-4
Kasey,2.33e-4
Maia,2.33e-4
Paisley,2.33e-4
Addisyn,2.32e-4
Aspen,2.32e-4
Myah,2.31e-4
Aryanna,2.3e-4
Aleena,2.3e-4
Carlie,2.29e-4
Eve,2.29e-4
Maeve,2.27e-4
Ingrid,2.27e-4
Mckayla,2.26e-4
Natalee,2.26e-4
Carissa,2.26e-4
Haleigh,2.25e-4
Sherlyn,2.25e-4
Alexus,2.25e-4
Shyanne,2.25e-4
Clare,2.24e-4
Belinda,2.24e-4
Destinee,2.23e-4
Skyla,2.23e-4
Barbara,2.22e-4
Abbie,2.21e-4
Aiyana,2.21e-4
Irene,2.21e-4
Kaia,2.2e-4
Liberty,2.2e-4
Giana,2.19e-4
Noemi,2.19e-4
Cherish,2.18e-4
Aleah,2.18e-4
Karlee,2.18e-4
Kaylyn,2.18e-4
Ada,2.17e-4
Sonia,2.17e-4
Susan,2.17e-4
Adyson,2.16e-4
Arabella,2.16e-4
Danna,2.16e-4
Gwendolyn,2.16e-4
Paula,2.16e-4
Amani,2.15e-4
Judith,2.15e-4
Iliana,2.14e-4
Patience,2.14e-4
Gia,2.13e-4
Macey,2.13e-4
Siena,2.13e-4
Brylee,2.13e-4
Janet,2.13e-4
Gisselle,2.12e-4
Karissa,2.12e-4
Mikaela,2.11e-4
Carlee,2.11e-4
Khloe,2.1e-4
Kierra,2.1e-4
Madalynn,2.09e-4
Jazmyn,2.08e-4
Lainey,2.08e-4
Sanaa,2.08e-4
Araceli,2.06e-4
Charity,2.06e-4
Jacquelyn,2.06e-4
Greta,2.06e-4
Annalise,2.05e-4
Corinne,2.05e-4
Alena,2.05e-4
Damaris,2.05e-4
Janae,2.04e-4
Lorelei,2.04e-4
Deja,2.04e-4
Lea,2.04e-4
Kaya,2.02e-4
Cristal,2.01e-4
Liana,2.01e-4
Shaniya,2.01e-4
India,2.01e-4
Yasmine,2.01e-4
Mariam,2e-4
Kaliyah,1.99e-4
Stacy,1.99e-4
Journey,1.99e-4
Kallie,1.98e-4
Aisha,1.98e-4
Dylan,1.98e-4
Joslyn,1.98e-4
Maci,1.98e-4
Jakayla,1.97e-4
Ally,1.97e-4
Ansley,1.97e-4
Brisa,1.97e-4
Tamara,1.97e-4
Zaria,1.97e-4
Felicity,1.96e-4
Mayra,1.96e-4
Savanah,1.96e-4
Audrina,1.95e-4
Kaley,1.95e-4
Sharon,1.95e-4
Alma,1.95e-4
Catalina,1.94e-4
Adelaide,1.94e-4
Renee,1.94e-4
Rubi,1.94e-4
Zara,1.93e-4
Elaine,1.93e-4
Phoenix,1.93e-4
Azul,1.92e-4
Chaya,1.92e-4
Cierra,1.92e-4
Elliana,1.92e-4
Scarlet,1.91e-4
Rosemary,1.91e-4
Evelin,1.9e-4
Jaliyah,1.9e-4
Lilyana,1.9e-4
Adison,1.89e-4
Edith,1.89e-4
Taliyah,1.89e-4
Camilla,1.89e-4
Kelsie,1.89e-4
Keely,1.88e-4
Eileen,1.88e-4
Aliya,1.87e-4
Jamya,1.87e-4
Anabelle,1.87e-4
Kaila,1.86e-4
Kamila,1.86e-4
Laci,1.86e-4
Sariah,1.86e-4
Campbell,1.86e-4
Marely,1.86e-4
Tia,1.86e-4
Tiara,1.86e-4
Elsa,1.85e-4
Amiya,1.85e-4
Ashleigh,1.85e-4
Giovanna,1.85e-4
Adrienne,1.84e-4
Elyse,1.84e-4
Leanna,1.84e-4
Mara,1.84e-4
Jaylene,1.83e-4
Joselin,1.83e-4
Marianna,1.83e-4
Kinsley,1.83e-4
Dominique,1.82e-4
Mila,1.82e-4
Tianna,1.82e-4
Amelie,1.82e-4
Lorena,1.82e-4
Maliyah,1.81e-4
Jaycee,1.8e-4
Lucille,1.8e-4
Meadow,1.8e-4
Karlie,1.79e-4
Aryana,1.79e-4
Ashly,1.79e-4
Theresa,1.79e-4
Jaylyn,1.79e-4
Monique,1.78e-4
Monserrat,1.77e-4
Jayleen,1.77e-4
Micah,1.77e-4
Deborah,1.76e-4
Mollie,1.76e-4
Maleah,1.76e-4
Hana,1.75e-4
Mariela,1.75e-4
Emmalee,1.75e-4
Cecelia,1.74e-4
Celia,1.74e-4
Charlie,1.74e-4
Leyla,1.74e-4
Taniya,1.74e-4
Ann,1.73e-4
Shiloh,1.73e-4
Yuliana,1.73e-4
Cassie,1.72e-4
Isabell,1.72e-4
Gillian,1.72e-4
Mattie,1.72e-4
Jewel,1.71e-4
Annabel,1.71e-4
Marlee,1.71e-4
Ryann,1.71e-4
Miah,1.7e-4
Nathaly,1.7e-4
Stephany,1.7e-4
Ayana,1.7e-4
Amina,1.69e-4
Madilynn,1.69e-4
Gracelyn,1.69e-4
Litzy,1.69e-4
Dahlia,1.68e-4
Shaylee,1.68e-4
Brittney,1.68e-4
Evie,1.68e-4
Gina,1.68e-4
Krista,1.68e-4
Tanya,1.68e-4
Braelyn,1.67e-4
Finley,1.67e-4
Kaiya,1.67e-4
Kristin,1.67e-4
Lesley,1.67e-4
Thalia,1.67e-4
Esperanza,1.66e-4
Jaylee,1.66e-4
Salma,1.66e-4
Shyla,1.66e-4
Abbey,1.65e-4
Saige,1.65e-4
Frances,1.65e-4
Frida,1.65e-4
Luciana,1.65e-4
Chelsey,1.64e-4
Hailie,1.64e-4
Averie,1.64e-4
Jaeda,1.64e-4
Aracely,1.63e-4
Princess,1.63e-4
Kenna,1.63e-4
Valery,1.62e-4
Aimee,1.61e-4
Aliza,1.61e-4
Joyce,1.61e-4
Xiomara,1.61e-4
Selah,1.61e-4
Jazlynn,1.61e-4
Londyn,1.61e-4
Julianne,1.6e-4
Kayley,1.6e-4
Giada,1.6e-4
Akira,1.59e-4
Meagan,1.59e-4
Shyann,1.59e-4
Adelyn,1.59e-4
Carina,1.59e-4
Kaylen,1.59e-4
Belen,1.57e-4
Jocelynn,1.57e-4
Sydnee,1.57e-4
Jacey,1.57e-4
Rayna,1.57e-4
Lilianna,1.56e-4
Paloma,1.56e-4
Shayna,1.56e-4
Lizeth,1.55e-4
Mylie,1.55e-4
Karma,1.54e-4
Keyla,1.54e-4
Kinley,1.54e-4
Magdalena,1.54e-4
Libby,1.53e-4
Marin,1.53e-4
Myla,1.53e-4
Lorelai,1.52e-4
Annette,1.52e-4
Chasity,1.51e-4
Jaylen,1.51e-4
Alisa,1.51e-4
Ireland,1.51e-4
Noelia,1.51e-4
Alani,1.51e-4
Kianna,1.51e-4
Moriah,1.51e-4
Tyler,1.51e-4
Adalyn,1.5e-4
Chanel,1.5e-4
Gretchen,1.5e-4
Miya,1.5e-4
Briley,1.49e-4
Abagail,1.49e-4
Abigayle,1.49e-4
Elsie,1.49e-4
Brandy,1.48e-4
Dania,1.48e-4
Taniyah,1.48e-4
Tess,1.48e-4
Charlize,1.47e-4
Janiah,1.47e-4
Bria,1.46e-4
Neveah,1.46e-4
Makaila,1.46e-4
Sarahi,1.46e-4
Beatrice,1.45e-4
Breana,1.45e-4
Aliana,1.45e-4
Galilea,1.45e-4
Karley,1.45e-4
Lilia,1.45e-4
Giuliana,1.44e-4
Anais,1.44e-4
Dalia,1.43e-4
Makena,1.43e-4
Maribel,1.43e-4
Naima,1.43e-4
Jalynn,1.43e-4
Nyasia,1.43e-4
Kendal,1.42e-4
Destini,1.41e-4
Mariyah,1.41e-4
Johana,1.41e-4
Areli,1.4e-4
Ashanti,1.4e-4
Yaretzi,1.4e-4
Azaria,1.4e-4
Dixie,1.4e-4
Justine,1.39e-4
Kathy,1.39e-4
Maryam,1.39e-4
Roselyn,1.39e-4
Shea,1.39e-4
Tatyana,1.39e-4
Zaniyah,1.38e-4
Maryjane,1.38e-4
Natalya,1.38e-4
Toni,1.37e-4
Desirae,1.36e-4
Devyn,1.36e-4
Karli,1.36e-4
Kenia,1.36e-4
Lara,1.36e-4
Mina,1.36e-4
Raina,1.36e-4
Selina,1.36e-4
Yuridia,1.36e-4
Essence,1.36e-4
Janice,1.36e-4
Kaylah,1.36e-4
Leia,1.36e-4
Montana,1.36e-4
Rhiannon,1.36e-4
Tyra,1.36e-4
Adamaris,1.35e-4
Laurel,1.35e-4
Rayne,1.35e-4
Reina,1.35e-4
Abigale,1.35e-4
Anabel,1.35e-4
Jaclyn,1.35e-4
Jasmyn,1.35e-4
Kinsey,1.35e-4
Lucero,1.35e-4
Rebeca,1.35e-4
Emmy,1.34e-4
Jaylah,1.34e-4
Shirley,1.34e-4
Blanca,1.34e-4
Hillary,1.34e-4
Yamilet,1.33e-4
Amaris,1.32e-4
Yaritza,1.32e-4
Alyvia,1.32e-4
Lina,1.32e-4
Jailyn,1.32e-4
Joseline,1.32e-4
Iyana,1.31e-4
Kelis,1.31e-4
Maren,1.31e-4
Flor,1.31e-4
Lillianna,1.31e-4
Cailyn,1.3e-4
Cloe,1.3e-4
Joana,1.3e-4
Katlyn,1.3e-4
Armani,1.3e-4
Graciela,1.3e-4
Mira,1.3e-4
Antonia,1.29e-4
Charlee,1.29e-4
Alannah,1.29e-4
Brandi,1.28e-4
Sky,1.28e-4
Allyssa,1.28e-4
Diya,1.28e-4
Hayleigh,1.28e-4
Leticia,1.28e-4
Sheila,1.28e-4
Delia,1.27e-4
Izabelle,1.27e-4
Kylah,1.27e-4
Olive,1.27e-4
Celine,1.27e-4
Hadassah,1.27e-4
Pearl,1.27e-4
Carrie,1.26e-4
Susana,1.26e-4
Alia,1.25e-4
