name,percent
Jacob,0.010355
Michael,0.009437
Ethan,0.009301
Joshua,0.008799
Daniel,0.008702
Alexander,0.008566
Anthony,0.008442
William,0.008438
Christopher,0.008268
Matthew,0.008061
Jayden,0.007877
Andrew,0.007694
Joseph,0.00757
David,0.007467
Noah,0.007262
Aiden,0.007165
James,0.006952
Ryan,0.006754
Logan,0.006372
John,0.006102
Nathan,0.006085
Elijah,0.006042
Christian,0.005985
Gabriel,0.005974
Benjamin,0.00593
Jonathan,0.005905
Tyler,0.005838
Samuel,0.005829
Nicholas,0.005752
Gavin,0.005414
Dylan,0.005379
Jackson,0.005344
Brandon,0.005273
Caleb,0.004848
Mason,0.004821
Angel,0.004755
Isaac,0.004582
Evan,0.004566
Jack,0.004547
Kevin,0.004513
Jose,0.004513
Isaiah,0.004424
Luke,0.004323
Landon,0.004305
Justin,0.0043
Lucas,0.004273
Zachary,0.004222
Jordan,0.00417
Robert,0.004042
Aaron,0.003916
Brayden,0.003876
Thomas,0.003828
Cameron,0.003809
Hunter,0.003698
Austin,0.003674
Adrian,0.00365
Connor,0.003599
Owen,0.003589
Aidan,0.003547
Jason,0.003521
Julian,0.003424
Wyatt,0.003367
Charles,0.003339
Luis,0.003284
Carter,0.003249
Juan,0.003231
Chase,0.00322
Diego,0.003024
Jeremiah,0.003008
Brody,0.002906
Xavier,0.002885
Adam,0.0028
Carlos,0.002789
Sebastian,0.002775
Liam,0.00274
Hayden,0.002729
Nathaniel,0.002679
Henry,0.002649
Jesus,0.002649
Ian,0.002632
Tristan,0.002601
Bryan,0.00254
Sean,0.0025
Cole,0.00248
Alex,0.002479
Eric,0.002474
Brian,0.002413
Jaden,0.002383
Carson,0.002361
Blake,0.002343
Ayden,0.002329
Cooper,0.002321
Dominic,0.002284
Brady,0.002225
Caden,0.002194
Josiah,0.002175
Kyle,0.002163
Colton,0.002092
Kaden,0.002069
Eli,0.002067
Miguel,0.002039
Antonio,0.00201
Parker,0.001986
Steven,0.001941
Alejandro,0.001916
Riley,0.001895
Richard,0.001869
Timothy,0.001864
Devin,0.001841
Jesse,0.001807
Victor,0.001744
Jake,0.001741
Joel,0.001722
Colin,0.001716
Kaleb,0.001703
Bryce,0.001682
Levi,0.001682
Oliver,0.001646
Oscar,0.001642
Vincent,0.00164
Ashton,0.001615
Cody,0.001611
Micah,0.001603
Preston,0.001594
Marcus,0.001547
Max,0.001545
Patrick,0.001525
Seth,0.001505
Jeremy,0.001495
Peyton,0.00148
Nolan,0.001452
Ivan,0.001433
Damian,0.001414
Maxwell,0.001403
Alan,0.001392
Kenneth,0.001366
Jonah,0.001361
Jorge,0.001361
Mark,0.001336
Giovanni,0.001335
Eduardo,0.001324
Grant,0.001317
Collin,0.001316
Gage,0.001314
Omar,0.001313
Emmanuel,0.001311
Trevor,0.0012979999999999999
Edward,0.001273
Ricardo,0.001269
Cristian,0.001247
Nicolas,0.001233
Kayden,0.001194
George,0.001174
Jaxon,0.001172
Paul,0.001171
Braden,0.001157
Elias,0.001157
Andres,0.001149
Derek,0.001146
Garrett,0.00113
Tanner,0.001118
Malachi,0.001118
Conner,0.001114
Fernando,0.001095
Cesar,0.001087
Javier,0.001085
Miles,0.001085
Jaiden,0.001078
Alexis,0.001078
Leonardo,0.001078
Santiago,0.001075
Francisco,0.001074
Cayden,0.001068
Shane,0.001057
Edwin,0.001042
Hudson,0.001034
Travis,0.001025
Bryson,0.001024
Erick,0.001024
Jace,0.001006
Hector,0.001001
Josue,9.95e-4
Peter,9.95e-4
Jaylen,9.9e-4
Mario,9.9e-4
Manuel,9.85e-4
Abraham,9.83e-4
Grayson,9.73e-4
Damien,9.69e-4
Kaiden,9.68e-4
Spencer,9.6e-4
Stephen,9.55e-4
Edgar,9.51e-4
Wesley,9.45e-4
Shawn,9.44e-4
Trenton,9.41e-4
Jared,9.39e-4
Jeffrey,9.18e-4
Landen,9.08e-4
Johnathan,9.02e-4
Bradley,9e-4
Braxton,8.93e-4
Ryder,8.89e-4
Camden,8.89e-4
Roman,8.85e-4
Asher,8.66e-4
Brendan,8.65e-4
Maddox,8.54e-4
Sergio,8.5e-4
Israel,8.4e-4
Andy,8.35e-4
Lincoln,8.35e-4
Erik,8.25e-4
Donovan,8.22e-4
Raymond,8.1e-4
Avery,8.05e-4
Rylan,8.02e-4
Dalton,8.01e-4
Harrison,7.97e-4
Andre,7.82e-4
Martin,7.81e-4
Keegan,7.71e-4
Marco,7.69e-4
Jude,7.67e-4
Sawyer,7.67e-4
Dakota,7.48e-4
Leo,7.45e-4
Calvin,7.44e-4
Kai,7.35e-4
Drake,7.32e-4
Troy,7.31e-4
Zion,7.31e-4
Clayton,7.26e-4
Roberto,7.25e-4
Zane,7.18e-4
Gregory,7.13e-4
Tucker,7.11e-4
Rafael,7.08e-4
Kingston,7.06e-4
Dominick,7.06e-4
Ezekiel,7.05e-4
Griffin,6.9e-4
Devon,6.89e-4
Drew,6.81e-4
Lukas,6.77e-4
Johnny,6.75e-4
Ty,6.54e-4
Pedro,6.51e-4
Tyson,6.47e-4
Caiden,6.46e-4
Mateo,6.4e-4
Braylon,6.37e-4
Cash,6.37e-4
Aden,6.36e-4
Chance,6.34e-4
Taylor,6.28e-4
Marcos,6.23e-4
Maximus,6.23e-4
Ruben,6.21e-4
Emanuel,6.19e-4
Simon,6.19e-4
Corbin,6.17e-4
Brennan,6.06e-4
Dillon,6.02e-4
Skyler,6.01e-4
Myles,5.99e-4
Xander,5.98e-4
Jaxson,5.95e-4
Dawson,5.93e-4
Kameron,5.9e-4
Kyler,5.83e-4
Axel,5.79e-4
Colby,5.78e-4
Jonas,5.73e-4
Joaquin,5.7e-4
Payton,5.68e-4
Brock,5.63e-4
Frank,5.61e-4
Enrique,5.59e-4
Quinn,5.57e-4
Emilio,5.56e-4
Malik,5.56e-4
Grady,5.52e-4
Angelo,5.5e-4
Julio,5.5e-4
Derrick,5.45e-4
Raul,5.44e-4
Fabian,5.43e-4
Corey,5.42e-4
Gerardo,5.42e-4
Dante,5.26e-4
Ezra,5.25e-4
Armando,5.24e-4
Allen,5.23e-4
Theodore,5.22e-4
Gael,5.17e-4
Amir,5.17e-4
Zander,5.16e-4
Adan,5.12e-4
Maximilian,5.11e-4
Randy,5.09e-4
Easton,5.07e-4
Dustin,5.06e-4
Luca,5.06e-4
Phillip,5.03e-4
Julius,5.01e-4
Charlie,5e-4
Ronald,4.97e-4
Jakob,4.95e-4
Cade,4.94e-4
Brett,4.94e-4
Trent,4.91e-4
Silas,4.9e-4
Keith,4.89e-4
Emiliano,4.87e-4
Trey,4.85e-4
Jalen,4.85e-4
Darius,4.83e-4
Lane,4.83e-4
Jerry,4.83e-4
Jaime,4.79e-4
Scott,4.72e-4
Graham,4.72e-4
Weston,4.71e-4
Braydon,4.69e-4
Anderson,4.69e-4
Rodrigo,4.68e-4
Pablo,4.64e-4
Saul,4.6e-4
Danny,4.6e-4
Donald,4.57e-4
Elliot,4.57e-4
Brayan,4.57e-4
Dallas,4.57e-4
Lorenzo,4.54e-4
Casey,4.49e-4
Mitchell,4.47e-4
Alberto,4.46e-4
Tristen,4.46e-4
Rowan,4.45e-4
Jayson,4.44e-4
Gustavo,4.43e-4
Aaden,4.42e-4
Amari,4.38e-4
Dean,4.37e-4
Braeden,4.35e-4
Declan,4.33e-4
Chris,4.33e-4
Ismael,4.31e-4
Dane,4.24e-4
Louis,4.15e-4
Arturo,4.13e-4
Brenden,4.12e-4
Felix,4.06e-4
Jimmy,4.06e-4
Cohen,4.04e-4
Tony,4.04e-4
Holden,4.02e-4
Reid,3.99e-4
Abel,3.98e-4
Bennett,3.98e-4
Zackary,3.97e-4
Arthur,3.96e-4
Nehemiah,3.95e-4
Ricky,3.92e-4
Esteban,3.91e-4
Cruz,3.88e-4
Finn,3.87e-4
Mauricio,3.82e-4
Dennis,3.81e-4
Keaton,3.81e-4
Albert,3.8e-4
Marvin,3.8e-4
Mathew,3.8e-4
Larry,3.8e-4
Moises,3.78e-4
Issac,3.73e-4
Philip,3.73e-4
Quentin,3.72e-4
Curtis,3.71e-4
Greyson,3.71e-4
Jameson,3.71e-4
Everett,3.7e-4
Jayce,3.69e-4
Darren,3.67e-4
Elliott,3.64e-4
Uriel,3.63e-4
Alfredo,3.62e-4
Hugo,3.58e-4
Alec,3.55e-4
Jamari,3.55e-4
Marshall,3.52e-4
Walter,3.51e-4
Judah,3.49e-4
Jay,3.47e-4
Lance,3.46e-4
Beau,3.45e-4
Ali,3.42e-4
Landyn,3.41e-4
Yahir,3.41e-4
Phoenix,3.4e-4
Nickolas,3.38e-4
Kobe,3.36e-4
Bryant,3.35e-4
Maurice,3.35e-4
Russell,3.35e-4
Leland,3.34e-4
Colten,3.34e-4
Reed,3.33e-4
Davis,3.33e-4
Joe,3.32e-4
Ernesto,3.32e-4
Desmond,3.31e-4
Kade,3.31e-4
Reece,3.3e-4
Morgan,3.28e-4
Ramon,3.28e-4
Rocco,3.25e-4
Orlando,3.21e-4
Ryker,3.21e-4
Brodie,3.19e-4
Paxton,3.18e-4
Jacoby,3.18e-4
Douglas,3.15e-4
Kristopher,3.15e-4
Gary,3.13e-4
Lawrence,3.11e-4
Izaiah,3.1e-4
Solomon,3.1e-4
Nikolas,3.09e-4
Mekhi,3.09e-4
Justice,3.08e-4
Tate,3.07e-4
Jaydon,3.05e-4
Salvador,3.05e-4
Shaun,3.05e-4
Alvin,3.01e-4
Eddie,3.01e-4
Kane,3.01e-4
Davion,2.99e-4
Zachariah,2.96e-4
Dorian,2.94e-4
Titus,2.93e-4
Kellen,2.92e-4
Camron,2.91e-4
Isiah,2.91e-4
Javon,2.89e-4
Nasir,2.89e-4
Milo,2.88e-4
Johan,2.85e-4
Byron,2.84e-4
Jasper,2.84e-4
Jonathon,2.82e-4
Chad,2.81e-4
Marc,2.81e-4
Kelvin,2.8e-4
Chandler,2.79e-4
Sam,2.79e-4
Cory,2.77e-4
Deandre,2.76e-4
River,2.76e-4
Reese,2.75e-4
Roger,2.73e-4
Quinton,2.73e-4
Talon,2.72e-4
Romeo,2.72e-4
Franklin,2.71e-4
Noel,2.7e-4
Alijah,2.7e-4
Guillermo,2.7e-4
Gunner,2.7e-4
Damon,2.69e-4
Jadon,2.69e-4
Emerson,2.68e-4
Micheal,2.68e-4
Bruce,2.67e-4
Terry,2.67e-4
Kolton,2.66e-4
Melvin,2.66e-4
Beckett,2.65e-4
Porter,2.64e-4
August,2.64e-4
Brycen,2.62e-4
Dayton,2.62e-4
Jamarion,2.62e-4
Leonel,2.61e-4
Karson,2.6e-4
Zayden,2.59e-4
Keagan,2.58e-4
Carl,2.57e-4
Khalil,2.57e-4
Cristopher,2.55e-4
Nelson,2.55e-4
Braiden,2.55e-4
Moses,2.54e-4
Isaias,2.53e-4
Roy,2.53e-4
Triston,2.52e-4
Walker,2.51e-4
Kale,2.51e-4
Jermaine,2.5e-4
Leon,2.5e-4
Rodney,2.5e-4
Kristian,2.5e-4
Mohamed,2.48e-4
Ronan,2.47e-4
Pierce,2.46e-4
Trace,2.46e-4
Warren,2.46e-4
Jeffery,2.45e-4
Maverick,2.45e-4
Cyrus,2.44e-4
Quincy,2.43e-4
Nathanael,2.42e-4
Skylar,2.42e-4
Tommy,2.42e-4
Conor,2.4e-4
Noe,2.4e-4
Ezequiel,2.4e-4
Demetrius,2.39e-4
Jaylin,2.39e-4
Kendrick,2.39e-4
Frederick,2.38e-4
Terrance,2.36e-4
Bobby,2.35e-4
Jamison,2.34e-4
Jon,2.34e-4
Rohan,2.32e-4
Jett,2.3e-4
Kieran,2.3e-4
Tobias,2.3e-4
Ari,2.29e-4
Colt,2.29e-4
Gideon,2.29e-4
Felipe,2.27e-4
Kenny,2.26e-4
Wilson,2.25e-4
Orion,2.24e-4
Kamari,2.23e-4
Gunnar,2.23e-4
Jessie,2.23e-4
Alonzo,2.22e-4
Gianni,2.22e-4
Omari,2.21e-4
Waylon,2.21e-4
Malcolm,2.2e-4
Emmett,2.2e-4
Abram,2.19e-4
Julien,2.19e-4
London,2.19e-4
Tomas,2.19e-4
Allan,2.19e-4
Terrell,2.19e-4
Matteo,2.18e-4
Tristin,2.18e-4
Jairo,2.17e-4
Reginald,2.15e-4
Brent,2.14e-4
Ahmad,2.13e-4
Yandel,2.13e-4
Rene,2.13e-4
Willie,2.12e-4
Boston,2.12e-4
Billy,2.11e-4
Marlon,2.11e-4
Trevon,2.11e-4
Aydan,2.1e-4
Jamal,2.1e-4
Aldo,2.09e-4
Ariel,2.08e-4
Cason,2.07e-4
Braylen,2.07e-4
Javion,2.07e-4
Joey,2.06e-4
Rogelio,2.06e-4
Ahmed,2.05e-4
Dominik,2.04e-4
Brendon,2.03e-4
Toby,2.03e-4
Kody,2.02e-4
Marquis,2.02e-4
Ulises,2.01e-4
Armani,2.01e-4
Adriel,1.99e-4
Alfonso,1.99e-4
Branden,1.98e-4
Will,1.98e-4
Craig,1.97e-4
Ibrahim,1.97e-4
Osvaldo,1.96e-4
Wade,1.96e-4
Harley,1.94e-4
Steve,1.94e-4
Davin,1.93e-4
Deshawn,1.93e-4
Kason,1.93e-4
Damion,1.92e-4
Jaylon,1.92e-4
Jefferson,1.92e-4
Aron,1.92e-4
Brooks,1.92e-4
Darian,1.92e-4
Gerald,1.92e-4
Rolando,1.92e-4
Terrence,1.91e-4
Enzo,1.9e-4
Kian,1.9e-4
Ryland,1.89e-4
Barrett,1.89e-4
Jaeden,1.88e-4
Ben,1.86e-4
Bradyn,1.86e-4
Giovani,1.86e-4
Blaine,1.85e-4
Madden,1.85e-4
Jerome,1.84e-4
Muhammad,1.84e-4
Ronnie,1.84e-4
Layne,1.83e-4
Kolby,1.83e-4
Leonard,1.83e-4
Vicente,1.82e-4
Cale,1.82e-4
Alessandro,1.81e-4
Zachery,1.81e-4
Gavyn,1.81e-4
Aydin,1.8e-4
Xzavier,1.8e-4
Malakai,1.79e-4
Raphael,1.78e-4
Cannon,1.77e-4
Rudy,1.77e-4
Asa,1.75e-4
Darrell,1.75e-4
Giancarlo,1.75e-4
Elisha,1.75e-4
Junior,1.75e-4
Zackery,1.75e-4
Alvaro,1.74e-4
Lewis,1.74e-4
Valentin,1.74e-4
Deacon,1.74e-4
Jase,1.74e-4
Harry,1.73e-4
Kendall,1.73e-4
Rashad,1.73e-4
Finnegan,1.72e-4
Mohammed,1.72e-4
Ramiro,1.72e-4
Cedric,1.71e-4
Brennen,1.71e-4
Santino,1.71e-4
Stanley,1.71e-4
Tyrone,1.71e-4
Chace,1.7e-4
Francis,1.69e-4
Johnathon,1.68e-4
Teagan,1.68e-4
Zechariah,1.68e-4
Alonso,1.67e-4
Kaeden,1.67e-4
Kamden,1.67e-4
Gilberto,1.67e-4
Ray,1.67e-4
Karter,1.66e-4
Luciano,1.66e-4
Nico,1.66e-4
Kole,1.66e-4
Aryan,1.65e-4
Draven,1.65e-4
Jamie,1.65e-4
Misael,1.65e-4
Lee,1.65e-4
Alexzander,1.64e-4
Camren,1.64e-4
Giovanny,1.64e-4
Amare,1.63e-4
Rhett,1.63e-4
Rhys,1.63e-4
Rodolfo,1.63e-4
Nash,1.62e-4
Markus,1.61e-4
Deven,1.6e-4
Mohammad,1.6e-4
Moshe,1.6e-4
Quintin,1.6e-4
Dwayne,1.59e-4
Memphis,1.59e-4
Atticus,1.59e-4
Davian,1.58e-4
Eugene,1.58e-4
Jax,1.57e-4
Antoine,1.57e-4
Wayne,1.56e-4
Randall,1.55e-4
Semaj,1.55e-4
Uriah,1.55e-4
Clark,1.55e-4
Aidyn,1.54e-4
Jorden,1.54e-4
Maxim,1.54e-4
Aditya,1.53e-4
Lawson,1.53e-4
Messiah,1.53e-4
Korbin,1.52e-4
Sullivan,1.52e-4
Freddy,1.51e-4
Demarcus,1.51e-4
Neil,1.51e-4
Brice,1.5e-4
King,1.5e-4
Davon,1.5e-4
Elvis,1.5e-4
Ace,1.49e-4
Dexter,1.49e-4
Heath,1.49e-4
Duncan,1.48e-4
Jamar,1.48e-4
Sincere,1.48e-4
Irvin,1.47e-4
Remington,1.47e-4
Kadin,1.47e-4
Soren,1.47e-4
Tyree,1.47e-4
Damarion,1.46e-4
Talan,1.46e-4
Adrien,1.45e-4
Gilbert,1.45e-4
Keenan,1.45e-4
Darnell,1.45e-4
Adolfo,1.44e-4
Tristian,1.44e-4
Derick,1.43e-4
Isai,1.43e-4
Rylee,1.43e-4
Gauge,1.42e-4
Harold,1.42e-4
Kareem,1.42e-4
Deangelo,1.41e-4
Agustin,1.4e-4
Coleman,1.4e-4
Zavier,1.4e-4
Lamar,1.4e-4
Emery,1.39e-4
Jaydin,1.39e-4
Devan,1.38e-4
Jordyn,1.38e-4
Mathias,1.38e-4
Prince,1.38e-4
Sage,1.38e-4
Seamus,1.38e-4
Jasiah,1.37e-4
Efrain,1.36e-4
Darryl,1.36e-4
Arjun,1.35e-4
Mike,1.35e-4
Roland,1.35e-4
Conrad,1.34e-4
Kamron,1.34e-4
Hamza,1.34e-4
Santos,1.34e-4
Frankie,1.33e-4
Dominique,1.33e-4
Marley,1.33e-4
Vance,1.33e-4
Dax,1.33e-4
Jamir,1.33e-4
Kylan,1.33e-4
Todd,1.33e-4
Maximo,1.32e-4
Jabari,1.32e-4
Matthias,1.32e-4
Haiden,1.31e-4
Luka,1.31e-4
Marcelo,1.31e-4
Keon,1.31e-4
Layton,1.31e-4
Tyrell,1.31e-4
Kash,1.3e-4
Raiden,1.3e-4
Cullen,1.29e-4
Donte,1.29e-4
Jovani,1.29e-4
Cordell,1.28e-4
Kasen,1.28e-4
Rory,1.28e-4
Alfred,1.27e-4
Darwin,1.27e-4
Ernest,1.27e-4
Bailey,1.27e-4
Gaige,1.27e-4
Hassan,1.27e-4
Jamarcus,1.27e-4
Killian,1.27e-4
Augustus,1.26e-4
Trevin,1.26e-4
Zain,1.26e-4
Ellis,1.26e-4
Rex,1.26e-4
Yusuf,1.26e-4
Bruno,1.25e-4
Jaidyn,1.25e-4
Justus,1.25e-4
Ronin,1.25e-4
Humberto,1.25e-4
Jaquan,1.25e-4
Josh,1.24e-4
Kasey,1.24e-4
Winston,1.24e-4
Dashawn,1.24e-4
Lucian,1.24e-4
Matias,1.24e-4
Sidney,1.24e-4
Ignacio,1.23e-4
Nigel,1.23e-4
Van,1.23e-4
Elian,1.23e-4
Finley,1.23e-4
Jaron,1.23e-4
Addison,1.22e-4
Aedan,1.22e-4
Braedon,1.22e-4
Jadyn,1.22e-4
Konner,1.22e-4
Zayne,1.22e-4
Franco,1.21e-4
Niko,1.21e-4
Savion,1.21e-4
Cristofer,1.21e-4
Deon,1.21e-4
Krish,1.2e-4
Anton,1.19e-4
Brogan,1.19e-4
Cael,1.19e-4
Coby,1.19e-4
Kymani,1.19e-4
Marcel,1.19e-4
Yair,1.19e-4
Dale,1.19e-4
Bo,1.19e-4
Jordon,1.19e-4
Samir,1.19e-4
Darien,1.18e-4
Zaire,1.17e-4
Ross,1.17e-4
Vaughn,1.17e-4
Devyn,1.16e-4
Kenyon,1.16e-4
Clay,1.16e-4
Dario,1.15e-4
Ishaan,1.15e-4
Jair,1.15e-4
Kael,1.15e-4
Adonis,1.14e-4
Jovanny,1.14e-4
Clinton,1.14e-4
Rey,1.14e-4
Chaim,1.13e-4
German,1.13e-4
Harper,1.13e-4
Nathen,1.13e-4
Rigoberto,1.13e-4
Sonny,1.13e-4
Glenn,1.13e-4
Octavio,1.13e-4
Blaze,1.13e-4
Keshawn,1.12e-4
Ralph,1.12e-4
Ean,1.12e-4
Nikhil,1.12e-4
Rayan,1.12e-4
Sterling,1.12e-4
Branson,1.11e-4
Jadiel,1.11e-4
Dillan,1.11e-4
Jeramiah,1.11e-4
Koen,1.11e-4
Konnor,1.11e-4
Antwan,1.1e-4
Houston,1.1e-4
Tyrese,1.1e-4
Dereon,1.09e-4
Leonidas,1.09e-4
Zack,1.09e-4
Fisher,1.08e-4
Jaydan,1.08e-4
Quinten,1.08e-4
Nick,1.08e-4
Urijah,1.08e-4
Darion,1.07e-4
Jovan,1.07e-4
Salvatore,1.07e-4
Beckham,1.07e-4
Jarrett,1.07e-4
Antony,1.06e-4
Eden,1.06e-4
Makai,1.06e-4
Zaiden,1.06e-4
Broderick,1.06e-4
Camryn,1.06e-4
Malaki,1.06e-4
Nikolai,1.06e-4
Howard,1.06e-4
Immanuel,1.05e-4
Demarion,1.05e-4
Valentino,1.05e-4
Jovanni,1.04e-4
Ayaan,1.04e-4
Ethen,1.04e-4
Leandro,1.03e-4
Royce,1.03e-4
Yael,1.03e-4
Yosef,1.03e-4
Jean,1.03e-4
Marquise,1.03e-4
Alden,1.02e-4
Leroy,1.02e-4
Gaven,1.02e-4
Jovany,1.02e-4
Tyshawn,1.02e-4
Aarav,1.01e-4
Kadyn,1.01e-4
Milton,1.01e-4
Zaid,1.01e-4
Kelton,1.01e-4
Tripp,1.01e-4
Kamren,1e-4
Slade,1e-4
Hezekiah,1e-4
Jakobe,1e-4
Nathanial,1e-4
Rishi,1e-4
Shamar,1e-4
Geovanni,9.9e-5
Pranav,9.9e-5
Roderick,9.9e-5
Bentley,9.9e-5
Clarence,9.9e-5
Lyric,9.9e-5
Bernard,9.9e-5
Carmelo,9.9e-5
Denzel,9.9e-5
Maximillian,9.9e-5
Reynaldo,9.9e-5
Cassius,9.8e-5
Gordon,9.8e-5
Reuben,9.8e-5
Samson,9.8e-5
Yadiel,9.8e-5
Jayvon,9.7e-5
Reilly,9.7e-5
Sheldon,9.7e-5
Abdullah,9.7e-5
Jagger,9.7e-5
Thaddeus,9.7e-5
Case,9.6e-5
Kyson,9.6e-5
Lamont,9.6e-5
Chaz,9.6e-5
Makhi,9.6e-5
Jan,9.5e-5
Marques,9.5e-5
Oswaldo,9.5e-5
Donavan,9.5e-5
Keyon,9.5e-5
Kyan,9.5e-5
Simeon,9.5e-5
Trystan,9.5e-5
Andreas,9.4e-5
Dangelo,9.4e-5
Landin,9.4e-5
Reagan,9.4e-5
Turner,9.4e-5
Arnav,9.4e-5
Brenton,9.4e-5
Callum,9.4e-5
Jayvion,9.4e-5
Bridger,9.3e-5
Sammy,9.3e-5
Deegan,9.3e-5
Jaylan,9.3e-5
Lennon,9.3e-5
Odin,9.3e-5
Abdiel,9.2e-5
Jerimiah,9.2e-5
Eliezer,9.2e-5
Bronson,9.1e-5
Cornelius,9.1e-5
Pierre,9.1e-5
Cortez,9.1e-5
Baron,9e-5
Carlo,9e-5
Carsen,9e-5
Fletcher,9e-5
Izayah,9e-5
Kolten,9e-5
Damari,8.9e-5
Hugh,8.9e-5
Jensen,8.9e-5
Yurem,8.9e-5
